customer_id,credit_score,risk_grade,external_active_loans,external_overdue_amount,bureau_pull_date
1001,661,MEDIUM,1,0,2025-01-01
1002,393,HIGH,3,0,2025-01-01
1003,677,LOW,4,0,2025-01-01
1004,315,HIGH,2,0,2025-01-01
1005,722,LOW,3,0,2025-01-01
1006,400,HIGH,2,0,2025-01-01
1007,704,LOW,1,0,2025-01-01
1008,631,MEDIUM,3,0,2025-01-01
1009,590,MEDIUM,3,0,2025-01-01
1010,475,HIGH,4,1500,2025-01-01
1011,349,HIGH,3,0,2025-01-01
1012,434,HIGH,1,1500,2025-01-01
1013,818,LOW,2,0,2025-01-01
1014,776,LOW,3,0,2025-01-01
1015,722,LOW,2,1500,2025-01-01
1016,500,HIGH,2,1500,2025-01-01
1017,484,HIGH,0,1500,2025-01-01
1018,717,LOW,0,0,2025-01-01
1019,323,HIGH,4,1500,2025-01-01
1020,621,MEDIUM,4,0,2025-01-01
1021,738,LOW,0,0,2025-01-01
1022,548,HIGH,2,0,2025-01-01
1023,581,MEDIUM,4,0,2025-01-01
1024,556,HIGH,3,0,2025-01-01
1025,668,MEDIUM,2,0,2025-01-01
1026,405,HIGH,4,0,2025-01-01
1027,782,LOW,4,0,2025-01-01
1028,786,LOW,1,0,2025-01-01
1029,592,MEDIUM,4,0,2025-01-01
1030,641,MEDIUM,1,0,2025-01-01
1031,360,HIGH,4,0,2025-01-01
1032,467,HIGH,2,1500,2025-01-01
1033,351,HIGH,2,0,2025-01-01
1034,448,HIGH,1,0,2025-01-01
1035,726,LOW,4,1500,2025-01-01
1036,593,MEDIUM,0,0,2025-01-01
1037,823,LOW,0,1500,2025-01-01
1038,379,HIGH,3,0,2025-01-01
1039,469,HIGH,1,0,2025-01-01
1040,680,LOW,2,1500,2025-01-01
1041,393,HIGH,1,500,2025-01-01
1042,432,HIGH,0,0,2025-01-01
1043,333,HIGH,3,0,2025-01-01
1044,692,LOW,1,0,2025-01-01
1045,559,HIGH,1,0,2025-01-01
1046,581,MEDIUM,2,0,2025-01-01
1047,437,HIGH,1,0,2025-01-01
1048,617,MEDIUM,4,500,2025-01-01
1049,417,HIGH,2,500,2025-01-01
1050,593,MEDIUM,1,500,2025-01-01
1051,848,LOW,1,1500,2025-01-01
1052,822,LOW,2,0,2025-01-01
1053,637,MEDIUM,2,0,2025-01-01
1054,474,HIGH,0,1500,2025-01-01
1055,362,HIGH,0,0,2025-01-01
1056,559,HIGH,2,0,2025-01-01
1057,360,HIGH,3,0,2025-01-01
1058,425,HIGH,4,0,2025-01-01
1059,836,LOW,1,1500,2025-01-01
1060,669,MEDIUM,2,0,2025-01-01
1061,834,LOW,0,0,2025-01-01
1062,725,LOW,1,1500,2025-01-01
1063,827,LOW,1,0,2025-01-01
1064,689,LOW,0,0,2025-01-01
1065,472,HIGH,1,0,2025-01-01
1066,508,HIGH,3,0,2025-01-01
1067,464,HIGH,0,0,2025-01-01
1068,454,HIGH,3,0,2025-01-01
1069,325,HIGH,3,0,2025-01-01
1070,763,LOW,4,0,2025-01-01
1071,576,HIGH,1,0,2025-01-01
1072,601,MEDIUM,3,0,2025-01-01
1073,431,HIGH,3,0,2025-01-01
1074,769,LOW,2,0,2025-01-01
1075,754,LOW,4,0,2025-01-01
1076,458,HIGH,4,0,2025-01-01
1077,465,HIGH,4,0,2025-01-01
1078,351,HIGH,1,0,2025-01-01
1079,506,HIGH,0,0,2025-01-01
1080,659,MEDIUM,1,1500,2025-01-01
1081,319,HIGH,1,0,2025-01-01
1082,592,MEDIUM,4,0,2025-01-01
1083,747,LOW,0,0,2025-01-01
1084,526,HIGH,0,1500,2025-01-01
1085,418,HIGH,4,500,2025-01-01
1086,451,HIGH,2,0,2025-01-01
1087,816,LOW,3,1500,2025-01-01
1088,671,LOW,0,1500,2025-01-01
1089,688,LOW,2,0,2025-01-01
1090,650,MEDIUM,4,0,2025-01-01
1091,430,HIGH,2,0,2025-01-01
1092,846,LOW,2,0,2025-01-01
1093,594,MEDIUM,0,500,2025-01-01
1094,581,MEDIUM,0,0,2025-01-01
1095,541,HIGH,2,0,2025-01-01
1096,344,HIGH,1,500,2025-01-01
1097,433,HIGH,2,0,2025-01-01
1098,531,HIGH,0,0,2025-01-01
1099,750,LOW,1,0,2025-01-01
1100,393,HIGH,1,500,2025-01-01
1101,384,HIGH,1,0,2025-01-01
1102,760,LOW,4,500,2025-01-01
1103,771,LOW,1,0,2025-01-01
1104,817,LOW,4,0,2025-01-01
1105,305,HIGH,4,1500,2025-01-01
1106,416,HIGH,2,0,2025-01-01
1107,758,LOW,0,0,2025-01-01
1108,471,HIGH,4,0,2025-01-01
1109,360,HIGH,3,0,2025-01-01
1110,395,HIGH,3,0,2025-01-01
1111,556,HIGH,0,0,2025-01-01
1112,546,HIGH,4,0,2025-01-01
1113,536,HIGH,2,0,2025-01-01
1114,620,MEDIUM,2,500,2025-01-01
1115,645,MEDIUM,3,0,2025-01-01
1116,464,HIGH,1,500,2025-01-01
1117,548,HIGH,3,0,2025-01-01
1118,509,HIGH,2,0,2025-01-01
1119,812,LOW,3,1500,2025-01-01
1120,728,LOW,1,0,2025-01-01
1121,556,HIGH,2,500,2025-01-01
1122,739,LOW,0,500,2025-01-01
1123,811,LOW,0,0,2025-01-01
1124,546,HIGH,1,0,2025-01-01
1125,481,HIGH,3,1500,2025-01-01
1126,319,HIGH,0,0,2025-01-01
1127,338,HIGH,0,0,2025-01-01
1128,708,LOW,0,500,2025-01-01
1129,382,HIGH,2,0,2025-01-01
1130,511,HIGH,2,0,2025-01-01
1131,684,LOW,1,0,2025-01-01
1132,392,HIGH,4,1500,2025-01-01
1133,406,HIGH,3,0,2025-01-01
1134,687,LOW,2,1500,2025-01-01
1135,410,HIGH,2,0,2025-01-01
1136,600,MEDIUM,3,0,2025-01-01
1137,636,MEDIUM,4,0,2025-01-01
1138,843,LOW,3,0,2025-01-01
1139,371,HIGH,2,1500,2025-01-01
1140,758,LOW,2,0,2025-01-01
1141,708,LOW,2,1500,2025-01-01
1142,527,HIGH,3,0,2025-01-01
1143,549,HIGH,4,0,2025-01-01
1144,776,LOW,2,1500,2025-01-01
1145,411,HIGH,1,500,2025-01-01
1146,584,MEDIUM,1,0,2025-01-01
1147,591,MEDIUM,4,0,2025-01-01
1148,416,HIGH,2,0,2025-01-01
1149,589,MEDIUM,0,500,2025-01-01
1150,362,HIGH,4,0,2025-01-01
1151,631,MEDIUM,2,0,2025-01-01
1152,833,LOW,0,500,2025-01-01
1153,768,LOW,1,1500,2025-01-01
1154,763,LOW,2,500,2025-01-01
1155,790,LOW,1,1500,2025-01-01
1156,424,HIGH,1,0,2025-01-01
1157,846,LOW,1,0,2025-01-01
1158,603,MEDIUM,1,0,2025-01-01
1159,774,LOW,1,0,2025-01-01
1160,317,HIGH,0,0,2025-01-01
1161,695,LOW,0,0,2025-01-01
1162,525,HIGH,0,500,2025-01-01
1163,497,HIGH,0,500,2025-01-01
1164,324,HIGH,0,0,2025-01-01
1165,784,LOW,1,0,2025-01-01
1166,784,LOW,1,0,2025-01-01
1167,535,HIGH,4,0,2025-01-01
1168,526,HIGH,1,0,2025-01-01
1169,764,LOW,1,0,2025-01-01
1170,338,HIGH,2,0,2025-01-01
1171,493,HIGH,3,1500,2025-01-01
1172,765,LOW,2,0,2025-01-01
1173,730,LOW,3,500,2025-01-01
1174,752,LOW,1,0,2025-01-01
1175,592,MEDIUM,1,0,2025-01-01
1176,798,LOW,3,0,2025-01-01
1177,347,HIGH,1,500,2025-01-01
1178,627,MEDIUM,3,0,2025-01-01
1179,528,HIGH,0,0,2025-01-01
1180,360,HIGH,1,0,2025-01-01
1181,429,HIGH,0,1500,2025-01-01
1182,670,LOW,1,0,2025-01-01
1183,694,LOW,4,500,2025-01-01
1184,692,LOW,0,0,2025-01-01
1185,397,HIGH,2,1500,2025-01-01
1186,360,HIGH,1,0,2025-01-01
1187,321,HIGH,2,0,2025-01-01
1188,418,HIGH,4,0,2025-01-01
1189,636,MEDIUM,2,500,2025-01-01
1190,797,LOW,1,0,2025-01-01
1191,834,LOW,4,0,2025-01-01
1192,680,LOW,3,1500,2025-01-01
1193,577,HIGH,3,0,2025-01-01
1194,467,HIGH,3,1500,2025-01-01
1195,334,HIGH,4,0,2025-01-01
1196,595,MEDIUM,1,500,2025-01-01
1197,359,HIGH,1,0,2025-01-01
1198,459,HIGH,1,0,2025-01-01
1199,849,LOW,4,500,2025-01-01
1200,760,LOW,0,0,2025-01-01
1201,571,HIGH,3,1500,2025-01-01
1202,536,HIGH,0,0,2025-01-01
1203,786,LOW,0,0,2025-01-01
1204,849,LOW,0,500,2025-01-01
1205,554,HIGH,1,1500,2025-01-01
1206,463,HIGH,2,0,2025-01-01
1207,745,LOW,3,1500,2025-01-01
1208,713,LOW,1,0,2025-01-01
1209,448,HIGH,3,1500,2025-01-01
1210,370,HIGH,1,500,2025-01-01
1211,450,HIGH,4,0,2025-01-01
1212,563,HIGH,1,0,2025-01-01
1213,774,LOW,4,0,2025-01-01
1214,763,LOW,0,0,2025-01-01
1215,675,LOW,2,0,2025-01-01
1216,546,HIGH,2,0,2025-01-01
1217,735,LOW,0,0,2025-01-01
1218,605,MEDIUM,0,0,2025-01-01
1219,399,HIGH,2,500,2025-01-01
1220,571,HIGH,1,0,2025-01-01
1221,332,HIGH,1,1500,2025-01-01
1222,426,HIGH,4,0,2025-01-01
1223,674,LOW,0,0,2025-01-01
1224,361,HIGH,1,500,2025-01-01
1225,536,HIGH,1,0,2025-01-01
1226,415,HIGH,1,0,2025-01-01
1227,348,HIGH,2,0,2025-01-01
1228,354,HIGH,3,0,2025-01-01
1229,824,LOW,0,0,2025-01-01
1230,435,HIGH,0,0,2025-01-01
1231,723,LOW,4,1500,2025-01-01
1232,530,HIGH,2,0,2025-01-01
1233,423,HIGH,2,0,2025-01-01
1234,844,LOW,1,1500,2025-01-01
1235,782,LOW,0,0,2025-01-01
1236,783,LOW,3,0,2025-01-01
1237,316,HIGH,3,1500,2025-01-01
1238,506,HIGH,0,0,2025-01-01
1239,397,HIGH,3,0,2025-01-01
1240,602,MEDIUM,4,0,2025-01-01
1241,388,HIGH,3,500,2025-01-01
1242,600,MEDIUM,2,0,2025-01-01
1243,658,MEDIUM,0,0,2025-01-01
1244,626,MEDIUM,2,0,2025-01-01
1245,537,HIGH,1,0,2025-01-01
1246,576,HIGH,2,0,2025-01-01
1247,808,LOW,3,1500,2025-01-01
1248,741,LOW,0,0,2025-01-01
1249,630,MEDIUM,3,0,2025-01-01
1250,821,LOW,4,0,2025-01-01
1251,554,HIGH,1,0,2025-01-01
1252,728,LOW,0,1500,2025-01-01
1253,702,LOW,0,1500,2025-01-01
1254,634,MEDIUM,3,0,2025-01-01
1255,399,HIGH,2,0,2025-01-01
1256,300,HIGH,1,0,2025-01-01
1257,760,LOW,4,0,2025-01-01
1258,721,LOW,3,0,2025-01-01
1259,532,HIGH,3,0,2025-01-01
1260,350,HIGH,2,0,2025-01-01
1261,701,LOW,0,500,2025-01-01
1262,664,MEDIUM,1,500,2025-01-01
1263,764,LOW,0,0,2025-01-01
1264,618,MEDIUM,3,0,2025-01-01
1265,706,LOW,2,0,2025-01-01
1266,461,HIGH,1,1500,2025-01-01
1267,844,LOW,0,0,2025-01-01
1268,766,LOW,2,500,2025-01-01
1269,469,HIGH,1,1500,2025-01-01
1270,757,LOW,2,0,2025-01-01
1271,380,HIGH,2,0,2025-01-01
1272,332,HIGH,0,0,2025-01-01
1273,407,HIGH,3,0,2025-01-01
1274,479,HIGH,4,0,2025-01-01
1275,302,HIGH,3,0,2025-01-01
1276,573,HIGH,4,1500,2025-01-01
1277,497,HIGH,2,0,2025-01-01
1278,404,HIGH,4,0,2025-01-01
1279,694,LOW,0,500,2025-01-01
1280,702,LOW,4,0,2025-01-01
1281,661,MEDIUM,3,0,2025-01-01
1282,729,LOW,3,0,2025-01-01
1283,382,HIGH,2,0,2025-01-01
1284,477,HIGH,1,0,2025-01-01
1285,534,HIGH,1,1500,2025-01-01
1286,418,HIGH,2,500,2025-01-01
1287,588,MEDIUM,2,0,2025-01-01
1288,590,MEDIUM,3,0,2025-01-01
1289,574,HIGH,2,0,2025-01-01
1290,321,HIGH,2,0,2025-01-01
1291,830,LOW,3,500,2025-01-01
1292,358,HIGH,0,0,2025-01-01
1293,366,HIGH,1,0,2025-01-01
1294,318,HIGH,3,0,2025-01-01
1295,549,HIGH,0,0,2025-01-01
1296,399,HIGH,1,1500,2025-01-01
1297,610,MEDIUM,2,1500,2025-01-01
1298,664,MEDIUM,1,500,2025-01-01
1299,306,HIGH,4,1500,2025-01-01
1300,368,HIGH,1,0,2025-01-01
1301,693,LOW,0,0,2025-01-01
1302,307,HIGH,2,0,2025-01-01
1303,653,MEDIUM,4,0,2025-01-01
1304,362,HIGH,1,1500,2025-01-01
1305,349,HIGH,2,0,2025-01-01
1306,557,HIGH,2,0,2025-01-01
1307,301,HIGH,3,0,2025-01-01
1308,310,HIGH,0,0,2025-01-01
1309,756,LOW,2,0,2025-01-01
1310,487,HIGH,2,1500,2025-01-01
1311,536,HIGH,3,1500,2025-01-01
1312,738,LOW,2,0,2025-01-01
1313,451,HIGH,0,500,2025-01-01
1314,311,HIGH,4,1500,2025-01-01
1315,391,HIGH,1,0,2025-01-01
1316,596,MEDIUM,1,0,2025-01-01
1317,300,HIGH,1,0,2025-01-01
1318,599,MEDIUM,2,0,2025-01-01
1319,685,LOW,3,0,2025-01-01
1320,309,HIGH,0,0,2025-01-01
1321,624,MEDIUM,4,0,2025-01-01
1322,775,LOW,2,0,2025-01-01
1323,669,MEDIUM,4,0,2025-01-01
1324,650,MEDIUM,1,0,2025-01-01
1325,841,LOW,1,0,2025-01-01
1326,544,HIGH,3,500,2025-01-01
1327,598,MEDIUM,2,0,2025-01-01
1328,480,HIGH,2,0,2025-01-01
1329,417,HIGH,1,0,2025-01-01
1330,664,MEDIUM,2,0,2025-01-01
1331,440,HIGH,2,0,2025-01-01
1332,447,HIGH,1,0,2025-01-01
1333,661,MEDIUM,4,0,2025-01-01
1334,447,HIGH,1,0,2025-01-01
1335,832,LOW,4,0,2025-01-01
1336,694,LOW,4,1500,2025-01-01
1337,380,HIGH,0,0,2025-01-01
1338,751,LOW,2,0,2025-01-01
1339,443,HIGH,0,0,2025-01-01
1340,521,HIGH,4,0,2025-01-01
1341,360,HIGH,3,0,2025-01-01
1342,697,LOW,2,0,2025-01-01
1343,714,LOW,1,1500,2025-01-01
1344,774,LOW,2,500,2025-01-01
1345,406,HIGH,4,0,2025-01-01
1346,559,HIGH,4,500,2025-01-01
1347,623,MEDIUM,2,0,2025-01-01
1348,753,LOW,2,500,2025-01-01
1349,500,HIGH,2,0,2025-01-01
1350,429,HIGH,1,500,2025-01-01
1351,544,HIGH,4,0,2025-01-01
1352,537,HIGH,0,500,2025-01-01
1353,775,LOW,4,500,2025-01-01
1354,562,HIGH,4,0,2025-01-01
1355,522,HIGH,1,0,2025-01-01
1356,336,HIGH,3,0,2025-01-01
1357,754,LOW,2,0,2025-01-01
1358,771,LOW,0,500,2025-01-01
1359,421,HIGH,2,1500,2025-01-01
1360,540,HIGH,1,0,2025-01-01
1361,409,HIGH,1,0,2025-01-01
1362,700,LOW,1,0,2025-01-01
1363,403,HIGH,3,1500,2025-01-01
1364,558,HIGH,1,0,2025-01-01
1365,382,HIGH,0,0,2025-01-01
1366,733,LOW,1,0,2025-01-01
1367,441,HIGH,3,0,2025-01-01
1368,651,MEDIUM,3,0,2025-01-01
1369,439,HIGH,4,0,2025-01-01
1370,431,HIGH,0,0,2025-01-01
1371,669,MEDIUM,1,0,2025-01-01
1372,326,HIGH,0,0,2025-01-01
1373,704,LOW,0,500,2025-01-01
1374,680,LOW,2,0,2025-01-01
1375,444,HIGH,2,500,2025-01-01
1376,659,MEDIUM,3,500,2025-01-01
1377,673,LOW,2,0,2025-01-01
1378,820,LOW,4,1500,2025-01-01
1379,502,HIGH,3,0,2025-01-01
1380,672,LOW,0,0,2025-01-01
1381,482,HIGH,1,0,2025-01-01
1382,344,HIGH,1,500,2025-01-01
1383,312,HIGH,0,0,2025-01-01
1384,531,HIGH,3,0,2025-01-01
1385,587,MEDIUM,0,0,2025-01-01
1386,658,MEDIUM,4,500,2025-01-01
1387,801,LOW,3,0,2025-01-01
1388,698,LOW,4,0,2025-01-01
1389,791,LOW,1,0,2025-01-01
1390,393,HIGH,2,1500,2025-01-01
1391,750,LOW,0,0,2025-01-01
1392,595,MEDIUM,0,500,2025-01-01
1393,394,HIGH,2,0,2025-01-01
1394,598,MEDIUM,3,500,2025-01-01
1395,478,HIGH,3,500,2025-01-01
1396,420,HIGH,1,0,2025-01-01
1397,448,HIGH,1,0,2025-01-01
1398,698,LOW,4,0,2025-01-01
1399,371,HIGH,0,500,2025-01-01
1400,788,LOW,0,0,2025-01-01
1401,575,HIGH,3,0,2025-01-01
1402,659,MEDIUM,3,0,2025-01-01
1403,585,MEDIUM,2,0,2025-01-01
1404,344,HIGH,1,0,2025-01-01
1405,723,LOW,1,500,2025-01-01
1406,521,HIGH,2,0,2025-01-01
1407,344,HIGH,4,0,2025-01-01
1408,398,HIGH,1,0,2025-01-01
1409,689,LOW,4,0,2025-01-01
1410,598,MEDIUM,2,500,2025-01-01
1411,661,MEDIUM,4,0,2025-01-01
1412,793,LOW,0,0,2025-01-01
1413,747,LOW,3,1500,2025-01-01
1414,669,MEDIUM,2,1500,2025-01-01
1415,411,HIGH,4,0,2025-01-01
1416,366,HIGH,4,1500,2025-01-01
1417,359,HIGH,4,1500,2025-01-01
1418,721,LOW,0,1500,2025-01-01
1419,523,HIGH,0,0,2025-01-01
1420,399,HIGH,4,0,2025-01-01
1421,727,LOW,1,0,2025-01-01
1422,490,HIGH,1,0,2025-01-01
1423,559,HIGH,3,0,2025-01-01
1424,801,LOW,2,1500,2025-01-01
1425,834,LOW,2,0,2025-01-01
1426,649,MEDIUM,3,0,2025-01-01
1427,401,HIGH,0,0,2025-01-01
1428,600,MEDIUM,0,0,2025-01-01
1429,591,MEDIUM,0,0,2025-01-01
1430,802,LOW,1,1500,2025-01-01
1431,749,LOW,4,0,2025-01-01
1432,639,MEDIUM,1,500,2025-01-01
1433,665,MEDIUM,2,0,2025-01-01
1434,662,MEDIUM,1,1500,2025-01-01
1435,312,HIGH,3,0,2025-01-01
1436,406,HIGH,2,1500,2025-01-01
1437,800,LOW,2,0,2025-01-01
1438,355,HIGH,4,0,2025-01-01
1439,607,MEDIUM,0,0,2025-01-01
1440,533,HIGH,4,0,2025-01-01
1441,327,HIGH,0,500,2025-01-01
1442,835,LOW,2,0,2025-01-01
1443,496,HIGH,2,0,2025-01-01
1444,562,HIGH,4,1500,2025-01-01
1445,694,LOW,4,0,2025-01-01
1446,671,LOW,4,1500,2025-01-01
1447,628,MEDIUM,4,500,2025-01-01
1448,644,MEDIUM,2,0,2025-01-01
1449,685,LOW,3,0,2025-01-01
1450,342,HIGH,2,0,2025-01-01
1451,750,LOW,0,1500,2025-01-01
1452,822,LOW,0,0,2025-01-01
1453,539,HIGH,4,0,2025-01-01
1454,666,MEDIUM,2,0,2025-01-01
1455,653,MEDIUM,2,0,2025-01-01
1456,556,HIGH,3,500,2025-01-01
1457,662,MEDIUM,1,0,2025-01-01
1458,512,HIGH,3,1500,2025-01-01
1459,309,HIGH,2,1500,2025-01-01
1460,362,HIGH,3,0,2025-01-01
1461,480,HIGH,2,0,2025-01-01
1462,382,HIGH,0,0,2025-01-01
1463,705,LOW,0,0,2025-01-01
1464,398,HIGH,1,0,2025-01-01
1465,644,MEDIUM,3,1500,2025-01-01
1466,355,HIGH,1,0,2025-01-01
1467,731,LOW,0,1500,2025-01-01
1468,840,LOW,3,0,2025-01-01
1469,758,LOW,3,500,2025-01-01
1470,377,HIGH,4,0,2025-01-01
1471,655,MEDIUM,4,1500,2025-01-01
1472,677,LOW,2,0,2025-01-01
1473,301,HIGH,2,0,2025-01-01
1474,353,HIGH,3,0,2025-01-01
1475,301,HIGH,1,0,2025-01-01
1476,843,LOW,4,0,2025-01-01
1477,301,HIGH,3,0,2025-01-01
1478,539,HIGH,1,0,2025-01-01
1479,598,MEDIUM,1,0,2025-01-01
1480,718,LOW,4,0,2025-01-01
1481,390,HIGH,3,0,2025-01-01
1482,764,LOW,2,0,2025-01-01
1483,375,HIGH,0,0,2025-01-01
1484,491,HIGH,4,0,2025-01-01
1485,425,HIGH,4,0,2025-01-01
1486,502,HIGH,4,0,2025-01-01
1487,448,HIGH,4,1500,2025-01-01
1488,775,LOW,0,0,2025-01-01
1489,573,HIGH,0,500,2025-01-01
1490,640,MEDIUM,1,0,2025-01-01
1491,775,LOW,4,500,2025-01-01
1492,486,HIGH,3,500,2025-01-01
1493,682,LOW,1,0,2025-01-01
1494,475,HIGH,1,1500,2025-01-01
1495,754,LOW,2,1500,2025-01-01
1496,741,LOW,0,0,2025-01-01
1497,609,MEDIUM,1,500,2025-01-01
1498,308,HIGH,1,0,2025-01-01
1499,364,HIGH,0,0,2025-01-01
1500,640,MEDIUM,1,0,2025-01-01
1501,485,HIGH,2,1500,2025-01-01
1502,799,LOW,3,1500,2025-01-01
1503,695,LOW,0,1500,2025-01-01
1504,510,HIGH,4,0,2025-01-01
1505,627,MEDIUM,3,0,2025-01-01
1506,364,HIGH,0,0,2025-01-01
1507,555,HIGH,1,0,2025-01-01
1508,623,MEDIUM,0,0,2025-01-01
1509,835,LOW,1,500,2025-01-01
1510,605,MEDIUM,0,0,2025-01-01
1511,584,MEDIUM,2,0,2025-01-01
1512,592,MEDIUM,0,0,2025-01-01
1513,532,HIGH,2,0,2025-01-01
1514,567,HIGH,3,0,2025-01-01
1515,740,LOW,3,0,2025-01-01
1516,310,HIGH,3,0,2025-01-01
1517,417,HIGH,1,0,2025-01-01
1518,780,LOW,1,0,2025-01-01
1519,408,HIGH,2,500,2025-01-01
1520,517,HIGH,4,0,2025-01-01
1521,614,MEDIUM,1,1500,2025-01-01
1522,401,HIGH,2,0,2025-01-01
1523,479,HIGH,0,0,2025-01-01
1524,701,LOW,0,500,2025-01-01
1525,819,LOW,3,0,2025-01-01
1526,650,MEDIUM,2,500,2025-01-01
1527,445,HIGH,3,1500,2025-01-01
1528,549,HIGH,3,500,2025-01-01
1529,510,HIGH,4,1500,2025-01-01
1530,758,LOW,3,0,2025-01-01
1531,306,HIGH,4,1500,2025-01-01
1532,390,HIGH,3,0,2025-01-01
1533,630,MEDIUM,3,0,2025-01-01
1534,537,HIGH,4,0,2025-01-01
1535,365,HIGH,3,1500,2025-01-01
1536,483,HIGH,4,0,2025-01-01
1537,781,LOW,2,500,2025-01-01
1538,394,HIGH,2,1500,2025-01-01
1539,661,MEDIUM,0,0,2025-01-01
1540,708,LOW,0,0,2025-01-01
1541,325,HIGH,4,1500,2025-01-01
1542,508,HIGH,4,1500,2025-01-01
1543,808,LOW,0,0,2025-01-01
1544,388,HIGH,3,0,2025-01-01
1545,729,LOW,4,0,2025-01-01
1546,790,LOW,1,500,2025-01-01
1547,648,MEDIUM,2,0,2025-01-01
1548,783,LOW,2,1500,2025-01-01
1549,449,HIGH,4,0,2025-01-01
1550,516,HIGH,2,0,2025-01-01
1551,653,MEDIUM,0,0,2025-01-01
1552,300,HIGH,4,0,2025-01-01
1553,491,HIGH,0,1500,2025-01-01
1554,525,HIGH,2,1500,2025-01-01
1555,424,HIGH,4,0,2025-01-01
1556,601,MEDIUM,0,0,2025-01-01
1557,775,LOW,3,0,2025-01-01
1558,508,HIGH,1,0,2025-01-01
1559,482,HIGH,0,500,2025-01-01
1560,691,LOW,1,0,2025-01-01
1561,348,HIGH,4,0,2025-01-01
1562,481,HIGH,3,0,2025-01-01
1563,830,LOW,3,500,2025-01-01
1564,498,HIGH,0,0,2025-01-01
1565,549,HIGH,1,1500,2025-01-01
1566,566,HIGH,3,0,2025-01-01
1567,318,HIGH,4,0,2025-01-01
1568,392,HIGH,4,500,2025-01-01
1569,461,HIGH,4,500,2025-01-01
1570,575,HIGH,1,0,2025-01-01
1571,670,LOW,4,0,2025-01-01
1572,791,LOW,0,500,2025-01-01
1573,391,HIGH,4,0,2025-01-01
1574,466,HIGH,3,500,2025-01-01
1575,821,LOW,1,0,2025-01-01
1576,833,LOW,3,1500,2025-01-01
1577,723,LOW,4,1500,2025-01-01
1578,768,LOW,4,500,2025-01-01
1579,450,HIGH,1,500,2025-01-01
1580,337,HIGH,1,0,2025-01-01
1581,845,LOW,0,0,2025-01-01
1582,607,MEDIUM,4,0,2025-01-01
1583,400,HIGH,2,0,2025-01-01
1584,593,MEDIUM,2,0,2025-01-01
1585,658,MEDIUM,2,0,2025-01-01
1586,324,HIGH,4,0,2025-01-01
1587,309,HIGH,0,500,2025-01-01
1588,674,LOW,4,0,2025-01-01
1589,632,MEDIUM,2,0,2025-01-01
1590,477,HIGH,4,0,2025-01-01
1591,434,HIGH,3,500,2025-01-01
1592,569,HIGH,3,0,2025-01-01
1593,324,HIGH,4,0,2025-01-01
1594,336,HIGH,0,0,2025-01-01
1595,343,HIGH,1,0,2025-01-01
1596,530,HIGH,2,0,2025-01-01
1597,780,LOW,1,0,2025-01-01
1598,613,MEDIUM,3,0,2025-01-01
1599,484,HIGH,0,0,2025-01-01
1600,470,HIGH,3,0,2025-01-01
1601,695,LOW,0,0,2025-01-01
1602,418,HIGH,1,1500,2025-01-01
1603,755,LOW,3,1500,2025-01-01
1604,448,HIGH,4,0,2025-01-01
1605,455,HIGH,1,0,2025-01-01
1606,692,LOW,4,0,2025-01-01
1607,346,HIGH,4,500,2025-01-01
1608,722,LOW,2,0,2025-01-01
1609,369,HIGH,0,0,2025-01-01
1610,330,HIGH,0,0,2025-01-01
1611,553,HIGH,2,0,2025-01-01
1612,761,LOW,4,0,2025-01-01
1613,379,HIGH,0,0,2025-01-01
1614,487,HIGH,0,0,2025-01-01
1615,439,HIGH,4,500,2025-01-01
1616,438,HIGH,0,0,2025-01-01
1617,588,MEDIUM,2,500,2025-01-01
1618,478,HIGH,1,0,2025-01-01
1619,697,LOW,4,0,2025-01-01
1620,487,HIGH,0,0,2025-01-01
1621,750,LOW,2,500,2025-01-01
1622,310,HIGH,4,1500,2025-01-01
1623,508,HIGH,4,0,2025-01-01
1624,825,LOW,2,0,2025-01-01
1625,412,HIGH,2,1500,2025-01-01
1626,320,HIGH,0,500,2025-01-01
1627,846,LOW,0,500,2025-01-01
1628,645,MEDIUM,0,0,2025-01-01
1629,717,LOW,1,1500,2025-01-01
1630,534,HIGH,0,0,2025-01-01
1631,558,HIGH,2,1500,2025-01-01
1632,556,HIGH,0,0,2025-01-01
1633,541,HIGH,3,0,2025-01-01
1634,479,HIGH,0,0,2025-01-01
1635,442,HIGH,4,0,2025-01-01
1636,564,HIGH,4,0,2025-01-01
1637,740,LOW,4,1500,2025-01-01
1638,471,HIGH,2,0,2025-01-01
1639,595,MEDIUM,0,0,2025-01-01
1640,443,HIGH,2,0,2025-01-01
1641,723,LOW,0,0,2025-01-01
1642,326,HIGH,2,0,2025-01-01
1643,697,LOW,1,0,2025-01-01
1644,712,LOW,4,0,2025-01-01
1645,377,HIGH,4,0,2025-01-01
1646,383,HIGH,3,0,2025-01-01
1647,361,HIGH,1,0,2025-01-01
1648,804,LOW,3,1500,2025-01-01
1649,648,MEDIUM,2,0,2025-01-01
1650,676,LOW,1,0,2025-01-01
1651,672,LOW,3,1500,2025-01-01
1652,778,LOW,1,1500,2025-01-01
1653,303,HIGH,3,500,2025-01-01
1654,316,HIGH,3,1500,2025-01-01
1655,565,HIGH,4,0,2025-01-01
1656,392,HIGH,4,0,2025-01-01
1657,677,LOW,0,0,2025-01-01
1658,374,HIGH,0,1500,2025-01-01
1659,687,LOW,0,0,2025-01-01
1660,695,LOW,4,0,2025-01-01
1661,356,HIGH,1,0,2025-01-01
1662,661,MEDIUM,4,0,2025-01-01
1663,351,HIGH,4,0,2025-01-01
1664,667,MEDIUM,4,1500,2025-01-01
1665,455,HIGH,4,0,2025-01-01
1666,384,HIGH,4,0,2025-01-01
1667,597,MEDIUM,2,0,2025-01-01
1668,507,HIGH,4,1500,2025-01-01
1669,611,MEDIUM,4,0,2025-01-01
1670,374,HIGH,4,0,2025-01-01
1671,632,MEDIUM,0,0,2025-01-01
1672,660,MEDIUM,2,0,2025-01-01
1673,777,LOW,2,0,2025-01-01
1674,803,LOW,2,0,2025-01-01
1675,562,HIGH,1,0,2025-01-01
1676,422,HIGH,4,0,2025-01-01
1677,301,HIGH,3,0,2025-01-01
1678,373,HIGH,4,0,2025-01-01
1679,721,LOW,1,0,2025-01-01
1680,652,MEDIUM,3,0,2025-01-01
1681,367,HIGH,4,0,2025-01-01
1682,425,HIGH,1,0,2025-01-01
1683,445,HIGH,1,500,2025-01-01
1684,520,HIGH,3,0,2025-01-01
1685,553,HIGH,2,1500,2025-01-01
1686,379,HIGH,1,500,2025-01-01
1687,681,LOW,3,500,2025-01-01
1688,710,LOW,3,0,2025-01-01
1689,782,LOW,1,500,2025-01-01
1690,725,LOW,3,0,2025-01-01
1691,620,MEDIUM,2,0,2025-01-01
1692,312,HIGH,3,0,2025-01-01
1693,592,MEDIUM,2,0,2025-01-01
1694,801,LOW,4,500,2025-01-01
1695,308,HIGH,1,0,2025-01-01
1696,654,MEDIUM,1,0,2025-01-01
1697,778,LOW,3,0,2025-01-01
1698,609,MEDIUM,4,0,2025-01-01
1699,765,LOW,0,0,2025-01-01
1700,449,HIGH,0,0,2025-01-01
1701,388,HIGH,2,0,2025-01-01
1702,734,LOW,1,0,2025-01-01
1703,427,HIGH,0,0,2025-01-01
1704,749,LOW,2,500,2025-01-01
1705,516,HIGH,1,0,2025-01-01
1706,514,HIGH,3,500,2025-01-01
1707,568,HIGH,1,500,2025-01-01
1708,739,LOW,3,0,2025-01-01
1709,501,HIGH,3,0,2025-01-01
1710,357,HIGH,0,0,2025-01-01
1711,729,LOW,3,0,2025-01-01
1712,776,LOW,4,500,2025-01-01
1713,786,LOW,4,500,2025-01-01
1714,745,LOW,4,0,2025-01-01
1715,341,HIGH,0,500,2025-01-01
1716,624,MEDIUM,3,0,2025-01-01
1717,501,HIGH,4,0,2025-01-01
1718,308,HIGH,0,0,2025-01-01
1719,772,LOW,4,500,2025-01-01
1720,649,MEDIUM,1,500,2025-01-01
1721,567,HIGH,1,500,2025-01-01
1722,447,HIGH,0,1500,2025-01-01
1723,347,HIGH,4,0,2025-01-01
1724,684,LOW,2,500,2025-01-01
1725,476,HIGH,3,1500,2025-01-01
1726,556,HIGH,3,0,2025-01-01
1727,498,HIGH,3,0,2025-01-01
1728,451,HIGH,4,1500,2025-01-01
1729,727,LOW,4,1500,2025-01-01
1730,580,MEDIUM,0,0,2025-01-01
1731,523,HIGH,1,1500,2025-01-01
1732,469,HIGH,1,500,2025-01-01
1733,698,LOW,3,1500,2025-01-01
1734,659,MEDIUM,2,1500,2025-01-01
1735,318,HIGH,2,0,2025-01-01
1736,782,LOW,3,0,2025-01-01
1737,518,HIGH,0,0,2025-01-01
1738,432,HIGH,3,0,2025-01-01
1739,800,LOW,4,1500,2025-01-01
1740,646,MEDIUM,2,0,2025-01-01
1741,771,LOW,1,500,2025-01-01
1742,748,LOW,0,0,2025-01-01
1743,708,LOW,4,1500,2025-01-01
1744,408,HIGH,2,0,2025-01-01
1745,324,HIGH,3,0,2025-01-01
1746,592,MEDIUM,3,1500,2025-01-01
1747,805,LOW,2,500,2025-01-01
1748,654,MEDIUM,4,0,2025-01-01
1749,611,MEDIUM,3,0,2025-01-01
1750,751,LOW,3,500,2025-01-01
1751,427,HIGH,4,500,2025-01-01
1752,781,LOW,2,1500,2025-01-01
1753,770,LOW,2,1500,2025-01-01
1754,611,MEDIUM,0,0,2025-01-01
1755,624,MEDIUM,3,0,2025-01-01
1756,559,HIGH,4,0,2025-01-01
1757,812,LOW,1,500,2025-01-01
1758,542,HIGH,4,500,2025-01-01
1759,408,HIGH,2,0,2025-01-01
1760,558,HIGH,0,0,2025-01-01
1761,649,MEDIUM,3,0,2025-01-01
1762,401,HIGH,2,500,2025-01-01
1763,585,MEDIUM,4,0,2025-01-01
1764,445,HIGH,4,0,2025-01-01
1765,577,HIGH,1,0,2025-01-01
1766,308,HIGH,3,0,2025-01-01
1767,838,LOW,1,0,2025-01-01
1768,531,HIGH,3,0,2025-01-01
1769,361,HIGH,1,0,2025-01-01
1770,671,LOW,1,0,2025-01-01
1771,378,HIGH,2,0,2025-01-01
1772,689,LOW,2,0,2025-01-01
1773,331,HIGH,0,0,2025-01-01
1774,659,MEDIUM,0,1500,2025-01-01
1775,379,HIGH,3,0,2025-01-01
1776,439,HIGH,2,1500,2025-01-01
1777,549,HIGH,0,0,2025-01-01
1778,324,HIGH,1,1500,2025-01-01
1779,627,MEDIUM,0,0,2025-01-01
1780,666,MEDIUM,3,500,2025-01-01
1781,791,LOW,0,0,2025-01-01
1782,733,LOW,3,0,2025-01-01
1783,463,HIGH,3,0,2025-01-01
1784,527,HIGH,0,0,2025-01-01
1785,477,HIGH,1,0,2025-01-01
1786,423,HIGH,3,0,2025-01-01
1787,339,HIGH,3,500,2025-01-01
1788,622,MEDIUM,2,0,2025-01-01
1789,606,MEDIUM,1,0,2025-01-01
1790,791,LOW,3,0,2025-01-01
1791,838,LOW,3,0,2025-01-01
1792,405,HIGH,2,0,2025-01-01
1793,521,HIGH,4,1500,2025-01-01
1794,481,HIGH,0,0,2025-01-01
1795,523,HIGH,2,0,2025-01-01
1796,626,MEDIUM,3,1500,2025-01-01
1797,654,MEDIUM,2,0,2025-01-01
1798,698,LOW,3,0,2025-01-01
1799,766,LOW,3,0,2025-01-01
1800,472,HIGH,0,0,2025-01-01
1801,717,LOW,3,1500,2025-01-01
1802,819,LOW,0,0,2025-01-01
1803,388,HIGH,1,0,2025-01-01
1804,438,HIGH,4,0,2025-01-01
1805,687,LOW,0,0,2025-01-01
1806,375,HIGH,0,0,2025-01-01
1807,558,HIGH,2,1500,2025-01-01
1808,415,HIGH,4,1500,2025-01-01
1809,422,HIGH,4,0,2025-01-01
1810,822,LOW,1,1500,2025-01-01
1811,537,HIGH,2,0,2025-01-01
1812,621,MEDIUM,4,0,2025-01-01
1813,841,LOW,2,0,2025-01-01
1814,794,LOW,2,0,2025-01-01
1815,490,HIGH,0,1500,2025-01-01
1816,569,HIGH,0,500,2025-01-01
1817,458,HIGH,2,0,2025-01-01
1818,346,HIGH,1,0,2025-01-01
1819,755,LOW,1,1500,2025-01-01
1820,746,LOW,1,0,2025-01-01
1821,619,MEDIUM,3,1500,2025-01-01
1822,639,MEDIUM,3,0,2025-01-01
1823,786,LOW,3,1500,2025-01-01
1824,601,MEDIUM,3,0,2025-01-01
1825,458,HIGH,2,0,2025-01-01
1826,520,HIGH,2,0,2025-01-01
1827,432,HIGH,4,500,2025-01-01
1828,832,LOW,0,0,2025-01-01
1829,722,LOW,2,0,2025-01-01
1830,830,LOW,3,1500,2025-01-01
1831,474,HIGH,1,0,2025-01-01
1832,606,MEDIUM,1,0,2025-01-01
1833,345,HIGH,3,0,2025-01-01
1834,462,HIGH,2,500,2025-01-01
1835,602,MEDIUM,2,0,2025-01-01
1836,677,LOW,0,0,2025-01-01
1837,463,HIGH,4,0,2025-01-01
1838,369,HIGH,1,0,2025-01-01
1839,600,MEDIUM,4,0,2025-01-01
1840,603,MEDIUM,4,0,2025-01-01
1841,788,LOW,1,0,2025-01-01
1842,618,MEDIUM,2,500,2025-01-01
1843,585,MEDIUM,2,0,2025-01-01
1844,468,HIGH,4,1500,2025-01-01
1845,401,HIGH,1,500,2025-01-01
1846,811,LOW,4,1500,2025-01-01
1847,594,MEDIUM,2,0,2025-01-01
1848,744,LOW,3,0,2025-01-01
1849,613,MEDIUM,3,500,2025-01-01
1850,465,HIGH,4,500,2025-01-01
1851,565,HIGH,0,0,2025-01-01
1852,401,HIGH,4,1500,2025-01-01
1853,365,HIGH,1,0,2025-01-01
1854,699,LOW,1,0,2025-01-01
1855,623,MEDIUM,0,0,2025-01-01
1856,370,HIGH,2,0,2025-01-01
1857,551,HIGH,0,0,2025-01-01
1858,653,MEDIUM,2,0,2025-01-01
1859,814,LOW,3,0,2025-01-01
1860,812,LOW,3,0,2025-01-01
1861,306,HIGH,2,0,2025-01-01
1862,403,HIGH,3,0,2025-01-01
1863,421,HIGH,4,500,2025-01-01
1864,506,HIGH,1,0,2025-01-01
1865,704,LOW,1,500,2025-01-01
1866,834,LOW,2,0,2025-01-01
1867,341,HIGH,3,0,2025-01-01
1868,657,MEDIUM,3,500,2025-01-01
1869,519,HIGH,3,0,2025-01-01
1870,427,HIGH,0,0,2025-01-01
1871,683,LOW,0,0,2025-01-01
1872,546,HIGH,0,0,2025-01-01
1873,695,LOW,4,0,2025-01-01
1874,333,HIGH,1,1500,2025-01-01
1875,549,HIGH,0,0,2025-01-01
1876,826,LOW,4,1500,2025-01-01
1877,500,HIGH,0,0,2025-01-01
1878,357,HIGH,3,0,2025-01-01
1879,585,MEDIUM,2,0,2025-01-01
1880,458,HIGH,0,0,2025-01-01
1881,429,HIGH,2,0,2025-01-01
1882,642,MEDIUM,4,0,2025-01-01
1883,693,LOW,4,1500,2025-01-01
1884,324,HIGH,3,0,2025-01-01
1885,358,HIGH,4,0,2025-01-01
1886,599,MEDIUM,3,0,2025-01-01
1887,725,LOW,3,0,2025-01-01
1888,691,LOW,2,500,2025-01-01
1889,395,HIGH,2,0,2025-01-01
1890,355,HIGH,2,0,2025-01-01
1891,751,LOW,1,0,2025-01-01
1892,598,MEDIUM,2,0,2025-01-01
1893,386,HIGH,2,1500,2025-01-01
1894,847,LOW,0,0,2025-01-01
1895,452,HIGH,4,0,2025-01-01
1896,608,MEDIUM,0,0,2025-01-01
1897,676,LOW,3,0,2025-01-01
1898,473,HIGH,3,0,2025-01-01
1899,440,HIGH,1,0,2025-01-01
1900,464,HIGH,4,0,2025-01-01
1901,414,HIGH,1,0,2025-01-01
1902,653,MEDIUM,1,500,2025-01-01
1903,550,HIGH,4,0,2025-01-01
1904,770,LOW,1,0,2025-01-01
1905,492,HIGH,3,500,2025-01-01
1906,505,HIGH,4,0,2025-01-01
1907,624,MEDIUM,2,0,2025-01-01
1908,812,LOW,1,0,2025-01-01
1909,519,HIGH,4,0,2025-01-01
1910,812,LOW,4,1500,2025-01-01
1911,785,LOW,4,0,2025-01-01
1912,317,HIGH,1,500,2025-01-01
1913,677,LOW,0,0,2025-01-01
1914,728,LOW,2,500,2025-01-01
1915,790,LOW,4,0,2025-01-01
1916,639,MEDIUM,1,0,2025-01-01
1917,719,LOW,3,0,2025-01-01
1918,716,LOW,2,1500,2025-01-01
1919,836,LOW,4,0,2025-01-01
1920,509,HIGH,0,500,2025-01-01
1921,403,HIGH,4,1500,2025-01-01
1922,474,HIGH,2,0,2025-01-01
1923,819,LOW,3,500,2025-01-01
1924,460,HIGH,2,0,2025-01-01
1925,529,HIGH,4,1500,2025-01-01
1926,653,MEDIUM,4,500,2025-01-01
1927,848,LOW,3,0,2025-01-01
1928,316,HIGH,2,0,2025-01-01
1929,301,HIGH,2,1500,2025-01-01
1930,829,LOW,3,0,2025-01-01
1931,589,MEDIUM,1,500,2025-01-01
1932,823,LOW,3,500,2025-01-01
1933,773,LOW,2,500,2025-01-01
1934,748,LOW,2,1500,2025-01-01
1935,423,HIGH,3,0,2025-01-01
1936,597,MEDIUM,4,0,2025-01-01
1937,559,HIGH,2,0,2025-01-01
1938,802,LOW,1,0,2025-01-01
1939,632,MEDIUM,4,0,2025-01-01
1940,413,HIGH,1,0,2025-01-01
1941,563,HIGH,3,500,2025-01-01
1942,634,MEDIUM,2,0,2025-01-01
1943,387,HIGH,3,500,2025-01-01
1944,577,HIGH,4,0,2025-01-01
1945,611,MEDIUM,2,0,2025-01-01
1946,496,HIGH,3,1500,2025-01-01
1947,371,HIGH,3,1500,2025-01-01
1948,820,LOW,0,0,2025-01-01
1949,679,LOW,4,0,2025-01-01
1950,496,HIGH,2,0,2025-01-01
1951,676,LOW,4,1500,2025-01-01
1952,616,MEDIUM,0,1500,2025-01-01
1953,821,LOW,4,0,2025-01-01
1954,439,HIGH,3,0,2025-01-01
1955,623,MEDIUM,2,0,2025-01-01
1956,828,LOW,2,0,2025-01-01
1957,388,HIGH,2,0,2025-01-01
1958,468,HIGH,2,0,2025-01-01
1959,656,MEDIUM,0,500,2025-01-01
1960,723,LOW,2,0,2025-01-01
1961,684,LOW,4,0,2025-01-01
1962,594,MEDIUM,1,0,2025-01-01
1963,580,MEDIUM,0,0,2025-01-01
1964,511,HIGH,0,1500,2025-01-01
1965,820,LOW,4,500,2025-01-01
1966,321,HIGH,4,1500,2025-01-01
1967,693,LOW,2,1500,2025-01-01
1968,679,LOW,2,500,2025-01-01
1969,324,HIGH,1,0,2025-01-01
1970,304,HIGH,2,0,2025-01-01
1971,567,HIGH,0,500,2025-01-01
1972,825,LOW,4,0,2025-01-01
1973,341,HIGH,1,0,2025-01-01
1974,647,MEDIUM,1,0,2025-01-01
1975,827,LOW,3,0,2025-01-01
1976,392,HIGH,1,0,2025-01-01
1977,788,LOW,3,0,2025-01-01
1978,622,MEDIUM,0,0,2025-01-01
1979,692,LOW,1,1500,2025-01-01
1980,419,HIGH,2,1500,2025-01-01
1981,734,LOW,4,0,2025-01-01
1982,747,LOW,3,0,2025-01-01
1983,312,HIGH,3,1500,2025-01-01
1984,743,LOW,0,0,2025-01-01
1985,399,HIGH,0,0,2025-01-01
1986,485,HIGH,0,0,2025-01-01
1987,704,LOW,3,0,2025-01-01
1988,561,HIGH,2,500,2025-01-01
1989,785,LOW,3,500,2025-01-01
1990,617,MEDIUM,3,1500,2025-01-01
1991,543,HIGH,0,0,2025-01-01
1992,615,MEDIUM,3,500,2025-01-01
1993,810,LOW,4,0,2025-01-01
1994,734,LOW,1,500,2025-01-01
1995,752,LOW,2,0,2025-01-01
1996,816,LOW,3,0,2025-01-01
1997,474,HIGH,1,500,2025-01-01
1998,305,HIGH,2,0,2025-01-01
1999,783,LOW,3,0,2025-01-01
2000,651,MEDIUM,4,0,2025-01-01
2001,450,HIGH,4,500,2025-01-01
2002,736,LOW,4,1500,2025-01-01
2003,308,HIGH,1,0,2025-01-01
2004,450,HIGH,0,500,2025-01-01
2005,512,HIGH,3,0,2025-01-01
2006,333,HIGH,2,0,2025-01-01
2007,500,HIGH,3,0,2025-01-01
2008,766,LOW,0,0,2025-01-01
2009,838,LOW,2,1500,2025-01-01
2010,689,LOW,1,500,2025-01-01
2011,668,MEDIUM,3,0,2025-01-01
2012,688,LOW,0,0,2025-01-01
2013,401,HIGH,1,500,2025-01-01
2014,545,HIGH,2,1500,2025-01-01
2015,583,MEDIUM,1,0,2025-01-01
2016,387,HIGH,2,0,2025-01-01
2017,505,HIGH,0,0,2025-01-01
2018,365,HIGH,3,500,2025-01-01
2019,714,LOW,4,0,2025-01-01
2020,576,HIGH,1,0,2025-01-01
2021,461,HIGH,0,0,2025-01-01
2022,511,HIGH,2,500,2025-01-01
2023,372,HIGH,2,0,2025-01-01
2024,547,HIGH,0,0,2025-01-01
2025,327,HIGH,1,500,2025-01-01
2026,847,LOW,4,0,2025-01-01
2027,395,HIGH,2,1500,2025-01-01
2028,750,LOW,0,1500,2025-01-01
2029,607,MEDIUM,1,0,2025-01-01
2030,675,LOW,1,1500,2025-01-01
2031,582,MEDIUM,2,0,2025-01-01
2032,487,HIGH,3,1500,2025-01-01
2033,607,MEDIUM,4,0,2025-01-01
2034,353,HIGH,3,0,2025-01-01
2035,392,HIGH,1,0,2025-01-01
2036,513,HIGH,4,1500,2025-01-01
2037,531,HIGH,2,0,2025-01-01
2038,686,LOW,4,0,2025-01-01
2039,382,HIGH,3,0,2025-01-01
2040,806,LOW,0,0,2025-01-01
2041,362,HIGH,2,1500,2025-01-01
2042,400,HIGH,0,0,2025-01-01
2043,677,LOW,1,0,2025-01-01
2044,800,LOW,4,500,2025-01-01
2045,456,HIGH,0,0,2025-01-01
2046,801,LOW,4,500,2025-01-01
2047,526,HIGH,1,0,2025-01-01
2048,316,HIGH,2,0,2025-01-01
2049,764,LOW,3,0,2025-01-01
2050,406,HIGH,4,0,2025-01-01
2051,774,LOW,3,0,2025-01-01
2052,789,LOW,0,0,2025-01-01
2053,549,HIGH,0,0,2025-01-01
2054,751,LOW,1,0,2025-01-01
2055,301,HIGH,2,0,2025-01-01
2056,752,LOW,0,0,2025-01-01
2057,382,HIGH,2,0,2025-01-01
2058,679,LOW,3,500,2025-01-01
2059,306,HIGH,0,0,2025-01-01
2060,477,HIGH,3,0,2025-01-01
2061,578,HIGH,2,0,2025-01-01
2062,512,HIGH,3,0,2025-01-01
2063,605,MEDIUM,3,500,2025-01-01
2064,328,HIGH,4,1500,2025-01-01
2065,351,HIGH,2,0,2025-01-01
2066,628,MEDIUM,1,0,2025-01-01
2067,557,HIGH,0,0,2025-01-01
2068,545,HIGH,1,500,2025-01-01
2069,358,HIGH,0,0,2025-01-01
2070,713,LOW,4,0,2025-01-01
2071,489,HIGH,0,500,2025-01-01
2072,488,HIGH,3,0,2025-01-01
2073,606,MEDIUM,0,1500,2025-01-01
2074,378,HIGH,4,1500,2025-01-01
2075,542,HIGH,0,1500,2025-01-01
2076,500,HIGH,0,500,2025-01-01
2077,394,HIGH,3,500,2025-01-01
2078,440,HIGH,4,500,2025-01-01
2079,551,HIGH,0,0,2025-01-01
2080,501,HIGH,1,1500,2025-01-01
2081,528,HIGH,3,0,2025-01-01
2082,733,LOW,4,0,2025-01-01
2083,806,LOW,4,0,2025-01-01
2084,596,MEDIUM,1,0,2025-01-01
2085,394,HIGH,3,0,2025-01-01
2086,538,HIGH,1,500,2025-01-01
2087,715,LOW,1,0,2025-01-01
2088,489,HIGH,4,0,2025-01-01
2089,677,LOW,0,500,2025-01-01
2090,589,MEDIUM,0,0,2025-01-01
2091,611,MEDIUM,0,0,2025-01-01
2092,561,HIGH,3,0,2025-01-01
2093,322,HIGH,2,0,2025-01-01
2094,395,HIGH,3,0,2025-01-01
2095,429,HIGH,3,0,2025-01-01
2096,463,HIGH,1,0,2025-01-01
2097,538,HIGH,4,1500,2025-01-01
2098,571,HIGH,4,0,2025-01-01
2099,629,MEDIUM,0,500,2025-01-01
2100,486,HIGH,2,500,2025-01-01
2101,785,LOW,0,0,2025-01-01
2102,826,LOW,4,500,2025-01-01
2103,615,MEDIUM,2,0,2025-01-01
2104,465,HIGH,4,0,2025-01-01
2105,663,MEDIUM,4,0,2025-01-01
2106,471,HIGH,0,0,2025-01-01
2107,517,HIGH,2,1500,2025-01-01
2108,452,HIGH,1,500,2025-01-01
2109,321,HIGH,3,1500,2025-01-01
2110,665,MEDIUM,2,0,2025-01-01
2111,668,MEDIUM,3,0,2025-01-01
2112,818,LOW,1,1500,2025-01-01
2113,645,MEDIUM,4,500,2025-01-01
2114,733,LOW,1,0,2025-01-01
2115,722,LOW,4,0,2025-01-01
2116,616,MEDIUM,3,0,2025-01-01
2117,577,HIGH,1,0,2025-01-01
2118,350,HIGH,1,1500,2025-01-01
2119,820,LOW,0,0,2025-01-01
2120,335,HIGH,4,0,2025-01-01
2121,555,HIGH,0,1500,2025-01-01
2122,650,MEDIUM,3,0,2025-01-01
2123,691,LOW,4,0,2025-01-01
2124,445,HIGH,3,0,2025-01-01
2125,457,HIGH,2,0,2025-01-01
2126,555,HIGH,3,0,2025-01-01
2127,479,HIGH,2,0,2025-01-01
2128,360,HIGH,1,0,2025-01-01
2129,819,LOW,3,0,2025-01-01
2130,574,HIGH,4,0,2025-01-01
2131,846,LOW,4,0,2025-01-01
2132,719,LOW,3,0,2025-01-01
2133,385,HIGH,1,0,2025-01-01
2134,765,LOW,0,0,2025-01-01
2135,713,LOW,4,1500,2025-01-01
2136,560,HIGH,3,0,2025-01-01
2137,754,LOW,0,1500,2025-01-01
2138,836,LOW,4,1500,2025-01-01
2139,648,MEDIUM,0,0,2025-01-01
2140,421,HIGH,3,0,2025-01-01
2141,523,HIGH,0,0,2025-01-01
2142,627,MEDIUM,4,1500,2025-01-01
2143,360,HIGH,3,1500,2025-01-01
2144,468,HIGH,2,500,2025-01-01
2145,713,LOW,2,0,2025-01-01
2146,526,HIGH,1,500,2025-01-01
2147,436,HIGH,3,1500,2025-01-01
2148,485,HIGH,4,0,2025-01-01
2149,674,LOW,4,0,2025-01-01
2150,714,LOW,3,0,2025-01-01
2151,519,HIGH,3,0,2025-01-01
2152,697,LOW,1,500,2025-01-01
2153,358,HIGH,1,0,2025-01-01
2154,403,HIGH,0,0,2025-01-01
2155,443,HIGH,0,1500,2025-01-01
2156,814,LOW,1,500,2025-01-01
2157,426,HIGH,1,1500,2025-01-01
2158,374,HIGH,4,0,2025-01-01
2159,738,LOW,3,1500,2025-01-01
2160,677,LOW,0,1500,2025-01-01
2161,428,HIGH,4,0,2025-01-01
2162,532,HIGH,3,0,2025-01-01
2163,417,HIGH,0,0,2025-01-01
2164,597,MEDIUM,2,0,2025-01-01
2165,730,LOW,3,0,2025-01-01
2166,780,LOW,4,0,2025-01-01
2167,390,HIGH,1,0,2025-01-01
2168,653,MEDIUM,0,1500,2025-01-01
2169,727,LOW,1,0,2025-01-01
2170,719,LOW,2,1500,2025-01-01
2171,618,MEDIUM,1,1500,2025-01-01
2172,429,HIGH,4,0,2025-01-01
2173,622,MEDIUM,3,0,2025-01-01
2174,671,LOW,3,1500,2025-01-01
2175,614,MEDIUM,2,500,2025-01-01
2176,528,HIGH,0,500,2025-01-01
2177,630,MEDIUM,4,500,2025-01-01
2178,353,HIGH,2,0,2025-01-01
2179,494,HIGH,4,0,2025-01-01
2180,734,LOW,0,0,2025-01-01
2181,311,HIGH,2,0,2025-01-01
2182,530,HIGH,3,0,2025-01-01
2183,782,LOW,4,0,2025-01-01
2184,690,LOW,2,0,2025-01-01
2185,376,HIGH,0,0,2025-01-01
2186,720,LOW,4,0,2025-01-01
2187,782,LOW,3,0,2025-01-01
2188,303,HIGH,4,0,2025-01-01
2189,314,HIGH,0,1500,2025-01-01
2190,706,LOW,2,0,2025-01-01
2191,714,LOW,2,0,2025-01-01
2192,396,HIGH,1,0,2025-01-01
2193,596,MEDIUM,3,1500,2025-01-01
2194,332,HIGH,1,1500,2025-01-01
2195,580,MEDIUM,2,0,2025-01-01
2196,813,LOW,2,0,2025-01-01
2197,386,HIGH,4,0,2025-01-01
2198,834,LOW,2,0,2025-01-01
2199,304,HIGH,2,0,2025-01-01
2200,376,HIGH,4,0,2025-01-01
2201,813,LOW,3,0,2025-01-01
2202,799,LOW,0,0,2025-01-01
2203,677,LOW,1,0,2025-01-01
2204,572,HIGH,3,1500,2025-01-01
2205,580,MEDIUM,4,0,2025-01-01
2206,396,HIGH,1,1500,2025-01-01
2207,361,HIGH,1,1500,2025-01-01
2208,563,HIGH,4,0,2025-01-01
2209,570,HIGH,0,0,2025-01-01
2210,565,HIGH,2,1500,2025-01-01
2211,401,HIGH,1,1500,2025-01-01
2212,641,MEDIUM,0,0,2025-01-01
2213,406,HIGH,1,0,2025-01-01
2214,734,LOW,3,0,2025-01-01
2215,402,HIGH,1,500,2025-01-01
2216,558,HIGH,2,500,2025-01-01
2217,358,HIGH,2,0,2025-01-01
2218,608,MEDIUM,0,0,2025-01-01
2219,547,HIGH,4,0,2025-01-01
2220,339,HIGH,3,0,2025-01-01
2221,538,HIGH,1,0,2025-01-01
2222,644,MEDIUM,1,0,2025-01-01
2223,653,MEDIUM,0,0,2025-01-01
2224,825,LOW,3,0,2025-01-01
2225,409,HIGH,3,0,2025-01-01
2226,378,HIGH,0,0,2025-01-01
2227,721,LOW,3,0,2025-01-01
2228,335,HIGH,4,0,2025-01-01
2229,481,HIGH,3,0,2025-01-01
2230,742,LOW,1,0,2025-01-01
2231,587,MEDIUM,0,1500,2025-01-01
2232,532,HIGH,1,500,2025-01-01
2233,341,HIGH,3,0,2025-01-01
2234,826,LOW,0,0,2025-01-01
2235,790,LOW,3,0,2025-01-01
2236,329,HIGH,1,0,2025-01-01
2237,615,MEDIUM,3,0,2025-01-01
2238,790,LOW,3,0,2025-01-01
2239,410,HIGH,1,0,2025-01-01
2240,428,HIGH,4,500,2025-01-01
2241,497,HIGH,0,0,2025-01-01
2242,560,HIGH,3,0,2025-01-01
2243,529,HIGH,2,0,2025-01-01
2244,537,HIGH,1,0,2025-01-01
2245,618,MEDIUM,2,500,2025-01-01
2246,568,HIGH,3,1500,2025-01-01
2247,400,HIGH,3,1500,2025-01-01
2248,702,LOW,3,0,2025-01-01
2249,703,LOW,0,500,2025-01-01
2250,518,HIGH,1,0,2025-01-01
2251,660,MEDIUM,1,0,2025-01-01
2252,726,LOW,3,1500,2025-01-01
2253,717,LOW,2,0,2025-01-01
2254,306,HIGH,1,0,2025-01-01
2255,492,HIGH,4,0,2025-01-01
2256,673,LOW,4,0,2025-01-01
2257,366,HIGH,2,500,2025-01-01
2258,555,HIGH,3,0,2025-01-01
2259,449,HIGH,2,1500,2025-01-01
2260,347,HIGH,4,0,2025-01-01
2261,313,HIGH,0,500,2025-01-01
2262,441,HIGH,0,0,2025-01-01
2263,678,LOW,2,0,2025-01-01
2264,674,LOW,4,1500,2025-01-01
2265,312,HIGH,3,0,2025-01-01
2266,327,HIGH,0,0,2025-01-01
2267,576,HIGH,4,0,2025-01-01
2268,844,LOW,4,500,2025-01-01
2269,838,LOW,3,0,2025-01-01
2270,628,MEDIUM,2,0,2025-01-01
2271,428,HIGH,3,500,2025-01-01
2272,797,LOW,2,0,2025-01-01
2273,339,HIGH,0,0,2025-01-01
2274,506,HIGH,3,0,2025-01-01
2275,834,LOW,1,0,2025-01-01
2276,533,HIGH,4,0,2025-01-01
2277,562,HIGH,0,0,2025-01-01
2278,618,MEDIUM,0,500,2025-01-01
2279,506,HIGH,4,1500,2025-01-01
2280,588,MEDIUM,4,0,2025-01-01
2281,684,LOW,1,0,2025-01-01
2282,555,HIGH,2,0,2025-01-01
2283,307,HIGH,1,500,2025-01-01
2284,842,LOW,1,0,2025-01-01
2285,556,HIGH,0,0,2025-01-01
2286,462,HIGH,4,0,2025-01-01
2287,491,HIGH,0,0,2025-01-01
2288,606,MEDIUM,4,1500,2025-01-01
2289,802,LOW,1,500,2025-01-01
2290,685,LOW,1,0,2025-01-01
2291,676,LOW,1,0,2025-01-01
2292,483,HIGH,3,500,2025-01-01
2293,519,HIGH,0,0,2025-01-01
2294,466,HIGH,4,500,2025-01-01
2295,474,HIGH,4,1500,2025-01-01
2296,669,MEDIUM,2,0,2025-01-01
2297,692,LOW,0,0,2025-01-01
2298,841,LOW,1,500,2025-01-01
2299,531,HIGH,2,0,2025-01-01
2300,678,LOW,4,0,2025-01-01
2301,429,HIGH,1,0,2025-01-01
2302,644,MEDIUM,1,0,2025-01-01
2303,797,LOW,1,1500,2025-01-01
2304,523,HIGH,3,0,2025-01-01
2305,701,LOW,1,0,2025-01-01
2306,730,LOW,4,1500,2025-01-01
2307,727,LOW,1,0,2025-01-01
2308,745,LOW,1,0,2025-01-01
2309,304,HIGH,0,0,2025-01-01
2310,736,LOW,2,500,2025-01-01
2311,417,HIGH,1,500,2025-01-01
2312,432,HIGH,3,0,2025-01-01
2313,358,HIGH,0,1500,2025-01-01
2314,440,HIGH,2,1500,2025-01-01
2315,557,HIGH,4,0,2025-01-01
2316,778,LOW,2,0,2025-01-01
2317,568,HIGH,2,0,2025-01-01
2318,504,HIGH,0,0,2025-01-01
2319,321,HIGH,4,0,2025-01-01
2320,646,MEDIUM,0,500,2025-01-01
2321,319,HIGH,0,1500,2025-01-01
2322,659,MEDIUM,3,0,2025-01-01
2323,790,LOW,1,0,2025-01-01
2324,685,LOW,0,1500,2025-01-01
2325,419,HIGH,2,500,2025-01-01
2326,657,MEDIUM,4,0,2025-01-01
2327,452,HIGH,1,500,2025-01-01
2328,482,HIGH,0,0,2025-01-01
2329,633,MEDIUM,3,0,2025-01-01
2330,768,LOW,1,0,2025-01-01
2331,699,LOW,1,0,2025-01-01
2332,597,MEDIUM,4,0,2025-01-01
2333,699,LOW,4,0,2025-01-01
2334,795,LOW,4,0,2025-01-01
2335,390,HIGH,4,0,2025-01-01
2336,645,MEDIUM,0,0,2025-01-01
2337,596,MEDIUM,2,1500,2025-01-01
2338,830,LOW,2,0,2025-01-01
2339,559,HIGH,0,0,2025-01-01
2340,753,LOW,2,500,2025-01-01
2341,786,LOW,4,1500,2025-01-01
2342,801,LOW,2,0,2025-01-01
2343,572,HIGH,0,0,2025-01-01
2344,438,HIGH,2,0,2025-01-01
2345,480,HIGH,2,0,2025-01-01
2346,603,MEDIUM,3,1500,2025-01-01
2347,516,HIGH,2,0,2025-01-01
2348,835,LOW,1,0,2025-01-01
2349,846,LOW,1,0,2025-01-01
2350,534,HIGH,2,0,2025-01-01
2351,390,HIGH,0,0,2025-01-01
2352,710,LOW,4,0,2025-01-01
2353,839,LOW,4,0,2025-01-01
2354,746,LOW,0,500,2025-01-01
2355,494,HIGH,2,1500,2025-01-01
2356,584,MEDIUM,1,500,2025-01-01
2357,824,LOW,2,0,2025-01-01
2358,805,LOW,2,0,2025-01-01
2359,414,HIGH,0,500,2025-01-01
2360,448,HIGH,2,0,2025-01-01
2361,481,HIGH,0,0,2025-01-01
2362,752,LOW,1,0,2025-01-01
2363,695,LOW,2,0,2025-01-01
2364,570,HIGH,3,0,2025-01-01
2365,634,MEDIUM,1,500,2025-01-01
2366,386,HIGH,4,0,2025-01-01
2367,686,LOW,0,0,2025-01-01
2368,395,HIGH,3,1500,2025-01-01
2369,551,HIGH,1,0,2025-01-01
2370,518,HIGH,3,0,2025-01-01
2371,836,LOW,1,500,2025-01-01
2372,710,LOW,0,0,2025-01-01
2373,499,HIGH,2,0,2025-01-01
2374,659,MEDIUM,1,1500,2025-01-01
2375,334,HIGH,0,0,2025-01-01
2376,314,HIGH,4,0,2025-01-01
2377,480,HIGH,1,0,2025-01-01
2378,518,HIGH,1,0,2025-01-01
2379,330,HIGH,2,0,2025-01-01
2380,780,LOW,4,0,2025-01-01
2381,367,HIGH,0,1500,2025-01-01
2382,664,MEDIUM,0,0,2025-01-01
2383,371,HIGH,3,1500,2025-01-01
2384,486,HIGH,3,0,2025-01-01
2385,849,LOW,3,1500,2025-01-01
2386,617,MEDIUM,2,500,2025-01-01
2387,486,HIGH,0,0,2025-01-01
2388,838,LOW,2,0,2025-01-01
2389,674,LOW,4,500,2025-01-01
2390,573,HIGH,2,500,2025-01-01
2391,704,LOW,2,0,2025-01-01
2392,453,HIGH,1,500,2025-01-01
2393,486,HIGH,3,0,2025-01-01
2394,765,LOW,2,1500,2025-01-01
2395,795,LOW,1,0,2025-01-01
2396,500,HIGH,1,0,2025-01-01
2397,611,MEDIUM,0,0,2025-01-01
2398,474,HIGH,4,0,2025-01-01
2399,403,HIGH,3,0,2025-01-01
2400,817,LOW,4,500,2025-01-01
2401,683,LOW,3,0,2025-01-01
2402,818,LOW,3,0,2025-01-01
2403,338,HIGH,4,1500,2025-01-01
2404,662,MEDIUM,1,500,2025-01-01
2405,688,LOW,1,0,2025-01-01
2406,528,HIGH,0,1500,2025-01-01
2407,581,MEDIUM,2,0,2025-01-01
2408,331,HIGH,1,0,2025-01-01
2409,427,HIGH,2,1500,2025-01-01
2410,349,HIGH,4,0,2025-01-01
2411,420,HIGH,0,500,2025-01-01
2412,832,LOW,0,0,2025-01-01
2413,390,HIGH,3,0,2025-01-01
2414,364,HIGH,4,0,2025-01-01
2415,537,HIGH,2,1500,2025-01-01
2416,364,HIGH,1,0,2025-01-01
2417,734,LOW,3,0,2025-01-01
2418,828,LOW,2,1500,2025-01-01
2419,329,HIGH,1,500,2025-01-01
2420,775,LOW,0,1500,2025-01-01
2421,485,HIGH,3,0,2025-01-01
2422,817,LOW,1,500,2025-01-01
2423,759,LOW,2,0,2025-01-01
2424,470,HIGH,2,500,2025-01-01
2425,317,HIGH,1,0,2025-01-01
2426,697,LOW,1,500,2025-01-01
2427,808,LOW,2,500,2025-01-01
2428,607,MEDIUM,0,0,2025-01-01
2429,736,LOW,4,0,2025-01-01
2430,369,HIGH,3,0,2025-01-01
2431,440,HIGH,3,0,2025-01-01
2432,502,HIGH,3,0,2025-01-01
2433,561,HIGH,0,0,2025-01-01
2434,778,LOW,1,0,2025-01-01
2435,329,HIGH,1,1500,2025-01-01
2436,390,HIGH,1,0,2025-01-01
2437,704,LOW,4,0,2025-01-01
2438,713,LOW,0,0,2025-01-01
2439,775,LOW,0,0,2025-01-01
2440,507,HIGH,0,0,2025-01-01
2441,695,LOW,4,0,2025-01-01
2442,402,HIGH,1,1500,2025-01-01
2443,757,LOW,1,0,2025-01-01
2444,727,LOW,0,0,2025-01-01
2445,769,LOW,1,0,2025-01-01
2446,385,HIGH,2,1500,2025-01-01
2447,843,LOW,2,1500,2025-01-01
2448,450,HIGH,3,0,2025-01-01
2449,558,HIGH,3,0,2025-01-01
2450,596,MEDIUM,0,0,2025-01-01
2451,749,LOW,4,1500,2025-01-01
2452,652,MEDIUM,0,0,2025-01-01
2453,834,LOW,1,1500,2025-01-01
2454,549,HIGH,3,500,2025-01-01
2455,383,HIGH,3,0,2025-01-01
2456,554,HIGH,0,0,2025-01-01
2457,770,LOW,0,1500,2025-01-01
2458,789,LOW,1,1500,2025-01-01
2459,469,HIGH,3,0,2025-01-01
2460,652,MEDIUM,1,500,2025-01-01
2461,521,HIGH,3,0,2025-01-01
2462,573,HIGH,3,1500,2025-01-01
2463,327,HIGH,2,0,2025-01-01
2464,507,HIGH,4,0,2025-01-01
2465,355,HIGH,3,0,2025-01-01
2466,631,MEDIUM,1,0,2025-01-01
2467,584,MEDIUM,4,500,2025-01-01
2468,475,HIGH,4,0,2025-01-01
2469,328,HIGH,4,0,2025-01-01
2470,742,LOW,4,0,2025-01-01
2471,690,LOW,4,0,2025-01-01
2472,412,HIGH,3,500,2025-01-01
2473,647,MEDIUM,4,0,2025-01-01
2474,727,LOW,0,500,2025-01-01
2475,625,MEDIUM,2,0,2025-01-01
2476,438,HIGH,0,500,2025-01-01
2477,684,LOW,3,1500,2025-01-01
2478,352,HIGH,0,0,2025-01-01
2479,339,HIGH,1,0,2025-01-01
2480,610,MEDIUM,0,500,2025-01-01
2481,345,HIGH,0,0,2025-01-01
2482,844,LOW,4,0,2025-01-01
2483,331,HIGH,2,1500,2025-01-01
2484,812,LOW,0,0,2025-01-01
2485,696,LOW,2,0,2025-01-01
2486,821,LOW,0,1500,2025-01-01
2487,322,HIGH,3,0,2025-01-01
2488,829,LOW,2,0,2025-01-01
2489,385,HIGH,2,0,2025-01-01
2490,523,HIGH,3,0,2025-01-01
2491,771,LOW,2,0,2025-01-01
2492,822,LOW,4,0,2025-01-01
2493,727,LOW,3,0,2025-01-01
2494,343,HIGH,2,0,2025-01-01
2495,326,HIGH,0,1500,2025-01-01
2496,320,HIGH,0,1500,2025-01-01
2497,331,HIGH,3,0,2025-01-01
2498,315,HIGH,4,0,2025-01-01
2499,752,LOW,3,0,2025-01-01
2500,609,MEDIUM,2,0,2025-01-01
2501,759,LOW,1,0,2025-01-01
2502,572,HIGH,0,0,2025-01-01
2503,333,HIGH,2,0,2025-01-01
2504,324,HIGH,3,0,2025-01-01
2505,680,LOW,2,1500,2025-01-01
2506,801,LOW,1,1500,2025-01-01
2507,701,LOW,2,0,2025-01-01
2508,739,LOW,1,0,2025-01-01
2509,835,LOW,3,0,2025-01-01
2510,639,MEDIUM,1,1500,2025-01-01
2511,710,LOW,1,0,2025-01-01
2512,421,HIGH,3,500,2025-01-01
2513,522,HIGH,4,0,2025-01-01
2514,812,LOW,2,500,2025-01-01
2515,654,MEDIUM,1,0,2025-01-01
2516,407,HIGH,0,500,2025-01-01
2517,626,MEDIUM,0,0,2025-01-01
2518,778,LOW,4,0,2025-01-01
2519,415,HIGH,4,500,2025-01-01
2520,725,LOW,0,0,2025-01-01
2521,303,HIGH,0,0,2025-01-01
2522,541,HIGH,0,0,2025-01-01
2523,675,LOW,2,0,2025-01-01
2524,522,HIGH,1,1500,2025-01-01
2525,695,LOW,0,0,2025-01-01
2526,815,LOW,1,0,2025-01-01
2527,671,LOW,4,0,2025-01-01
2528,666,MEDIUM,3,1500,2025-01-01
2529,495,HIGH,2,1500,2025-01-01
2530,463,HIGH,4,0,2025-01-01
2531,369,HIGH,0,0,2025-01-01
2532,716,LOW,4,1500,2025-01-01
2533,640,MEDIUM,0,0,2025-01-01
2534,568,HIGH,2,0,2025-01-01
2535,563,HIGH,3,0,2025-01-01
2536,334,HIGH,2,1500,2025-01-01
2537,312,HIGH,1,0,2025-01-01
2538,495,HIGH,4,500,2025-01-01
2539,810,LOW,4,0,2025-01-01
2540,761,LOW,3,500,2025-01-01
2541,379,HIGH,2,0,2025-01-01
2542,419,HIGH,1,500,2025-01-01
2543,623,MEDIUM,4,0,2025-01-01
2544,459,HIGH,1,0,2025-01-01
2545,803,LOW,0,0,2025-01-01
2546,540,HIGH,4,0,2025-01-01
2547,739,LOW,1,0,2025-01-01
2548,832,LOW,4,0,2025-01-01
2549,818,LOW,2,0,2025-01-01
2550,703,LOW,3,0,2025-01-01
2551,843,LOW,1,1500,2025-01-01
2552,849,LOW,3,0,2025-01-01
2553,491,HIGH,2,0,2025-01-01
2554,357,HIGH,3,0,2025-01-01
2555,801,LOW,0,0,2025-01-01
2556,636,MEDIUM,1,0,2025-01-01
2557,811,LOW,2,0,2025-01-01
2558,636,MEDIUM,2,0,2025-01-01
2559,336,HIGH,1,0,2025-01-01
2560,620,MEDIUM,3,0,2025-01-01
2561,649,MEDIUM,1,500,2025-01-01
2562,782,LOW,3,0,2025-01-01
2563,745,LOW,1,1500,2025-01-01
2564,822,LOW,0,0,2025-01-01
2565,766,LOW,4,0,2025-01-01
2566,798,LOW,2,1500,2025-01-01
2567,610,MEDIUM,4,0,2025-01-01
2568,327,HIGH,1,0,2025-01-01
2569,672,LOW,2,0,2025-01-01
2570,769,LOW,1,0,2025-01-01
2571,493,HIGH,3,0,2025-01-01
2572,403,HIGH,0,0,2025-01-01
2573,731,LOW,4,1500,2025-01-01
2574,446,HIGH,2,0,2025-01-01
2575,616,MEDIUM,2,0,2025-01-01
2576,798,LOW,2,0,2025-01-01
2577,555,HIGH,4,0,2025-01-01
2578,472,HIGH,1,0,2025-01-01
2579,617,MEDIUM,2,1500,2025-01-01
2580,362,HIGH,0,0,2025-01-01
2581,564,HIGH,1,500,2025-01-01
2582,736,LOW,2,0,2025-01-01
2583,426,HIGH,2,0,2025-01-01
2584,434,HIGH,0,500,2025-01-01
2585,436,HIGH,1,1500,2025-01-01
2586,795,LOW,4,0,2025-01-01
2587,397,HIGH,0,500,2025-01-01
2588,694,LOW,4,0,2025-01-01
2589,348,HIGH,2,0,2025-01-01
2590,796,LOW,1,500,2025-01-01
2591,644,MEDIUM,0,500,2025-01-01
2592,663,MEDIUM,2,0,2025-01-01
2593,474,HIGH,0,1500,2025-01-01
2594,849,LOW,2,0,2025-01-01
2595,756,LOW,0,0,2025-01-01
2596,551,HIGH,0,1500,2025-01-01
2597,769,LOW,2,1500,2025-01-01
2598,563,HIGH,1,0,2025-01-01
2599,342,HIGH,3,0,2025-01-01
2600,335,HIGH,1,0,2025-01-01
2601,342,HIGH,2,0,2025-01-01
2602,311,HIGH,0,0,2025-01-01
2603,318,HIGH,2,0,2025-01-01
2604,429,HIGH,1,0,2025-01-01
2605,830,LOW,4,0,2025-01-01
2606,815,LOW,0,0,2025-01-01
2607,536,HIGH,2,0,2025-01-01
2608,661,MEDIUM,2,1500,2025-01-01
2609,728,LOW,1,0,2025-01-01
2610,319,HIGH,3,0,2025-01-01
2611,613,MEDIUM,2,500,2025-01-01
2612,626,MEDIUM,2,0,2025-01-01
2613,409,HIGH,3,0,2025-01-01
2614,353,HIGH,4,0,2025-01-01
2615,770,LOW,3,0,2025-01-01
2616,378,HIGH,2,0,2025-01-01
2617,595,MEDIUM,0,1500,2025-01-01
2618,684,LOW,4,500,2025-01-01
2619,723,LOW,2,0,2025-01-01
2620,831,LOW,4,0,2025-01-01
2621,587,MEDIUM,4,0,2025-01-01
2622,609,MEDIUM,0,1500,2025-01-01
2623,757,LOW,4,500,2025-01-01
2624,800,LOW,1,0,2025-01-01
2625,559,HIGH,1,0,2025-01-01
2626,807,LOW,4,500,2025-01-01
2627,571,HIGH,0,0,2025-01-01
2628,569,HIGH,3,0,2025-01-01
2629,787,LOW,2,0,2025-01-01
2630,767,LOW,4,1500,2025-01-01
2631,733,LOW,1,1500,2025-01-01
2632,842,LOW,1,0,2025-01-01
2633,768,LOW,0,0,2025-01-01
2634,472,HIGH,2,0,2025-01-01
2635,329,HIGH,1,1500,2025-01-01
2636,396,HIGH,4,500,2025-01-01
2637,450,HIGH,0,0,2025-01-01
2638,612,MEDIUM,3,0,2025-01-01
2639,670,LOW,4,0,2025-01-01
2640,438,HIGH,2,0,2025-01-01
2641,338,HIGH,4,1500,2025-01-01
2642,749,LOW,0,0,2025-01-01
2643,458,HIGH,3,0,2025-01-01
2644,509,HIGH,2,0,2025-01-01
2645,316,HIGH,2,500,2025-01-01
2646,401,HIGH,2,1500,2025-01-01
2647,740,LOW,1,500,2025-01-01
2648,634,MEDIUM,3,0,2025-01-01
2649,667,MEDIUM,1,0,2025-01-01
2650,790,LOW,4,0,2025-01-01
2651,558,HIGH,3,0,2025-01-01
2652,610,MEDIUM,0,1500,2025-01-01
2653,744,LOW,3,0,2025-01-01
2654,631,MEDIUM,1,0,2025-01-01
2655,363,HIGH,4,1500,2025-01-01
2656,657,MEDIUM,2,0,2025-01-01
2657,413,HIGH,0,1500,2025-01-01
2658,650,MEDIUM,3,0,2025-01-01
2659,503,HIGH,2,0,2025-01-01
2660,763,LOW,1,0,2025-01-01
2661,803,LOW,0,0,2025-01-01
2662,740,LOW,4,0,2025-01-01
2663,369,HIGH,4,0,2025-01-01
2664,773,LOW,1,1500,2025-01-01
2665,713,LOW,3,500,2025-01-01
2666,646,MEDIUM,4,500,2025-01-01
2667,652,MEDIUM,1,0,2025-01-01
2668,810,LOW,3,500,2025-01-01
2669,660,MEDIUM,1,1500,2025-01-01
2670,513,HIGH,3,0,2025-01-01
2671,833,LOW,2,0,2025-01-01
2672,502,HIGH,2,1500,2025-01-01
2673,327,HIGH,3,0,2025-01-01
2674,710,LOW,4,1500,2025-01-01
2675,541,HIGH,4,0,2025-01-01
2676,431,HIGH,2,0,2025-01-01
2677,568,HIGH,0,0,2025-01-01
2678,581,MEDIUM,4,0,2025-01-01
2679,406,HIGH,0,500,2025-01-01
2680,543,HIGH,2,0,2025-01-01
2681,355,HIGH,2,0,2025-01-01
2682,716,LOW,2,0,2025-01-01
2683,791,LOW,0,0,2025-01-01
2684,425,HIGH,2,0,2025-01-01
2685,412,HIGH,4,0,2025-01-01
2686,787,LOW,1,0,2025-01-01
2687,664,MEDIUM,0,0,2025-01-01
2688,651,MEDIUM,3,0,2025-01-01
2689,704,LOW,3,500,2025-01-01
2690,347,HIGH,3,0,2025-01-01
2691,376,HIGH,1,0,2025-01-01
2692,703,LOW,1,0,2025-01-01
2693,515,HIGH,3,0,2025-01-01
2694,530,HIGH,0,0,2025-01-01
2695,511,HIGH,3,0,2025-01-01
2696,834,LOW,3,0,2025-01-01
2697,427,HIGH,0,0,2025-01-01
2698,763,LOW,1,1500,2025-01-01
2699,586,MEDIUM,4,0,2025-01-01
2700,535,HIGH,4,1500,2025-01-01
2701,790,LOW,0,0,2025-01-01
2702,625,MEDIUM,0,0,2025-01-01
2703,467,HIGH,0,0,2025-01-01
2704,644,MEDIUM,3,0,2025-01-01
2705,830,LOW,0,0,2025-01-01
2706,321,HIGH,2,0,2025-01-01
2707,773,LOW,2,1500,2025-01-01
2708,603,MEDIUM,2,0,2025-01-01
2709,303,HIGH,1,1500,2025-01-01
2710,364,HIGH,0,0,2025-01-01
2711,588,MEDIUM,2,0,2025-01-01
2712,771,LOW,4,0,2025-01-01
2713,715,LOW,2,0,2025-01-01
2714,828,LOW,2,0,2025-01-01
2715,523,HIGH,4,0,2025-01-01
2716,327,HIGH,4,1500,2025-01-01
2717,472,HIGH,2,500,2025-01-01
2718,762,LOW,4,500,2025-01-01
2719,515,HIGH,0,500,2025-01-01
2720,611,MEDIUM,3,0,2025-01-01
2721,304,HIGH,1,0,2025-01-01
2722,322,HIGH,2,1500,2025-01-01
2723,463,HIGH,3,1500,2025-01-01
2724,729,LOW,1,0,2025-01-01
2725,381,HIGH,2,0,2025-01-01
2726,396,HIGH,3,0,2025-01-01
2727,563,HIGH,1,500,2025-01-01
2728,653,MEDIUM,2,500,2025-01-01
2729,451,HIGH,3,500,2025-01-01
2730,321,HIGH,3,1500,2025-01-01
2731,748,LOW,0,0,2025-01-01
2732,558,HIGH,4,500,2025-01-01
2733,405,HIGH,4,500,2025-01-01
2734,554,HIGH,2,1500,2025-01-01
2735,481,HIGH,3,0,2025-01-01
2736,579,HIGH,3,0,2025-01-01
2737,454,HIGH,3,500,2025-01-01
2738,310,HIGH,0,0,2025-01-01
2739,382,HIGH,4,500,2025-01-01
2740,407,HIGH,4,0,2025-01-01
2741,332,HIGH,1,0,2025-01-01
2742,735,LOW,0,0,2025-01-01
2743,512,HIGH,0,0,2025-01-01
2744,584,MEDIUM,3,500,2025-01-01
2745,755,LOW,2,1500,2025-01-01
2746,508,HIGH,0,0,2025-01-01
2747,659,MEDIUM,2,500,2025-01-01
2748,849,LOW,4,500,2025-01-01
2749,629,MEDIUM,4,0,2025-01-01
2750,749,LOW,3,500,2025-01-01
2751,475,HIGH,4,0,2025-01-01
2752,727,LOW,3,0,2025-01-01
2753,483,HIGH,4,1500,2025-01-01
2754,775,LOW,2,500,2025-01-01
2755,519,HIGH,3,0,2025-01-01
2756,731,LOW,4,0,2025-01-01
2757,457,HIGH,2,0,2025-01-01
2758,791,LOW,2,0,2025-01-01
2759,810,LOW,3,500,2025-01-01
2760,425,HIGH,3,500,2025-01-01
2761,459,HIGH,3,0,2025-01-01
2762,517,HIGH,1,0,2025-01-01
2763,844,LOW,4,0,2025-01-01
2764,715,LOW,0,1500,2025-01-01
2765,836,LOW,0,0,2025-01-01
2766,375,HIGH,1,0,2025-01-01
2767,378,HIGH,3,0,2025-01-01
2768,312,HIGH,1,0,2025-01-01
2769,473,HIGH,3,500,2025-01-01
2770,472,HIGH,0,1500,2025-01-01
2771,832,LOW,1,0,2025-01-01
2772,306,HIGH,2,0,2025-01-01
2773,819,LOW,1,0,2025-01-01
2774,319,HIGH,1,0,2025-01-01
2775,649,MEDIUM,3,0,2025-01-01
2776,512,HIGH,4,500,2025-01-01
2777,423,HIGH,2,500,2025-01-01
2778,350,HIGH,4,0,2025-01-01
2779,689,LOW,3,0,2025-01-01
2780,329,HIGH,3,0,2025-01-01
2781,359,HIGH,3,1500,2025-01-01
2782,763,LOW,2,0,2025-01-01
2783,512,HIGH,1,0,2025-01-01
2784,428,HIGH,4,0,2025-01-01
2785,477,HIGH,0,500,2025-01-01
2786,377,HIGH,2,0,2025-01-01
2787,323,HIGH,1,1500,2025-01-01
2788,794,LOW,4,0,2025-01-01
2789,707,LOW,3,0,2025-01-01
2790,349,HIGH,4,0,2025-01-01
2791,762,LOW,2,1500,2025-01-01
2792,595,MEDIUM,1,500,2025-01-01
2793,699,LOW,0,500,2025-01-01
2794,493,HIGH,4,0,2025-01-01
2795,584,MEDIUM,1,0,2025-01-01
2796,829,LOW,1,0,2025-01-01
2797,723,LOW,4,1500,2025-01-01
2798,603,MEDIUM,3,0,2025-01-01
2799,783,LOW,0,500,2025-01-01
2800,791,LOW,2,1500,2025-01-01
2801,477,HIGH,1,0,2025-01-01
2802,700,LOW,2,0,2025-01-01
2803,553,HIGH,1,0,2025-01-01
2804,328,HIGH,0,0,2025-01-01
2805,462,HIGH,3,1500,2025-01-01
2806,754,LOW,3,0,2025-01-01
2807,410,HIGH,2,0,2025-01-01
2808,368,HIGH,2,1500,2025-01-01
2809,368,HIGH,4,1500,2025-01-01
2810,619,MEDIUM,3,0,2025-01-01
2811,805,LOW,2,1500,2025-01-01
2812,370,HIGH,0,500,2025-01-01
2813,561,HIGH,1,0,2025-01-01
2814,385,HIGH,3,500,2025-01-01
2815,318,HIGH,1,0,2025-01-01
2816,564,HIGH,4,0,2025-01-01
2817,407,HIGH,0,500,2025-01-01
2818,694,LOW,3,1500,2025-01-01
2819,320,HIGH,1,0,2025-01-01
2820,363,HIGH,1,0,2025-01-01
2821,614,MEDIUM,1,0,2025-01-01
2822,388,HIGH,1,500,2025-01-01
2823,774,LOW,4,0,2025-01-01
2824,342,HIGH,0,0,2025-01-01
2825,604,MEDIUM,0,0,2025-01-01
2826,308,HIGH,1,0,2025-01-01
2827,583,MEDIUM,1,1500,2025-01-01
2828,322,HIGH,1,0,2025-01-01
2829,435,HIGH,4,0,2025-01-01
2830,532,HIGH,3,500,2025-01-01
2831,420,HIGH,1,1500,2025-01-01
2832,629,MEDIUM,0,0,2025-01-01
2833,500,HIGH,2,1500,2025-01-01
2834,768,LOW,0,0,2025-01-01
2835,541,HIGH,4,0,2025-01-01
2836,710,LOW,0,0,2025-01-01
2837,641,MEDIUM,0,1500,2025-01-01
2838,606,MEDIUM,2,0,2025-01-01
2839,436,HIGH,4,0,2025-01-01
2840,396,HIGH,0,500,2025-01-01
2841,462,HIGH,3,1500,2025-01-01
2842,607,MEDIUM,4,0,2025-01-01
2843,704,LOW,1,0,2025-01-01
2844,361,HIGH,1,0,2025-01-01
2845,549,HIGH,0,1500,2025-01-01
2846,618,MEDIUM,1,0,2025-01-01
2847,623,MEDIUM,4,1500,2025-01-01
2848,758,LOW,4,1500,2025-01-01
2849,585,MEDIUM,3,0,2025-01-01
2850,458,HIGH,0,0,2025-01-01
2851,546,HIGH,0,0,2025-01-01
2852,620,MEDIUM,3,1500,2025-01-01
2853,643,MEDIUM,3,500,2025-01-01
2854,577,HIGH,1,0,2025-01-01
2855,731,LOW,4,0,2025-01-01
2856,809,LOW,2,0,2025-01-01
2857,547,HIGH,0,1500,2025-01-01
2858,328,HIGH,2,500,2025-01-01
2859,546,HIGH,2,500,2025-01-01
2860,637,MEDIUM,1,0,2025-01-01
2861,801,LOW,2,1500,2025-01-01
2862,486,HIGH,0,0,2025-01-01
2863,730,LOW,3,0,2025-01-01
2864,692,LOW,1,0,2025-01-01
2865,305,HIGH,2,0,2025-01-01
2866,336,HIGH,3,0,2025-01-01
2867,804,LOW,4,1500,2025-01-01
2868,785,LOW,3,0,2025-01-01
2869,831,LOW,1,1500,2025-01-01
2870,722,LOW,0,0,2025-01-01
2871,680,LOW,2,1500,2025-01-01
2872,477,HIGH,2,0,2025-01-01
2873,556,HIGH,3,0,2025-01-01
2874,543,HIGH,2,1500,2025-01-01
2875,369,HIGH,1,500,2025-01-01
2876,698,LOW,3,0,2025-01-01
2877,738,LOW,2,0,2025-01-01
2878,372,HIGH,2,0,2025-01-01
2879,664,MEDIUM,1,1500,2025-01-01
2880,446,HIGH,0,1500,2025-01-01
2881,308,HIGH,1,0,2025-01-01
2882,371,HIGH,1,0,2025-01-01
2883,652,MEDIUM,1,0,2025-01-01
2884,621,MEDIUM,3,0,2025-01-01
2885,629,MEDIUM,0,1500,2025-01-01
2886,419,HIGH,3,0,2025-01-01
2887,838,LOW,3,0,2025-01-01
2888,383,HIGH,3,0,2025-01-01
2889,322,HIGH,4,0,2025-01-01
2890,480,HIGH,1,0,2025-01-01
2891,484,HIGH,2,0,2025-01-01
2892,799,LOW,3,0,2025-01-01
2893,405,HIGH,4,0,2025-01-01
2894,706,LOW,1,500,2025-01-01
2895,340,HIGH,3,1500,2025-01-01
2896,770,LOW,3,0,2025-01-01
2897,821,LOW,1,500,2025-01-01
2898,834,LOW,4,0,2025-01-01
2899,615,MEDIUM,4,0,2025-01-01
2900,825,LOW,4,0,2025-01-01
2901,456,HIGH,0,500,2025-01-01
2902,444,HIGH,3,0,2025-01-01
2903,548,HIGH,4,0,2025-01-01
2904,436,HIGH,1,0,2025-01-01
2905,670,LOW,0,500,2025-01-01
2906,605,MEDIUM,1,0,2025-01-01
2907,538,HIGH,1,500,2025-01-01
2908,467,HIGH,0,0,2025-01-01
2909,573,HIGH,3,0,2025-01-01
2910,816,LOW,1,500,2025-01-01
2911,789,LOW,0,500,2025-01-01
2912,638,MEDIUM,3,0,2025-01-01
2913,304,HIGH,3,1500,2025-01-01
2914,793,LOW,2,500,2025-01-01
2915,652,MEDIUM,2,500,2025-01-01
2916,700,LOW,0,0,2025-01-01
2917,697,LOW,1,500,2025-01-01
2918,803,LOW,4,1500,2025-01-01
2919,838,LOW,1,0,2025-01-01
2920,698,LOW,0,500,2025-01-01
2921,671,LOW,0,1500,2025-01-01
2922,453,HIGH,2,500,2025-01-01
2923,804,LOW,3,0,2025-01-01
2924,773,LOW,3,500,2025-01-01
2925,641,MEDIUM,4,0,2025-01-01
2926,451,HIGH,2,0,2025-01-01
2927,524,HIGH,3,0,2025-01-01
2928,340,HIGH,3,0,2025-01-01
2929,705,LOW,0,1500,2025-01-01
2930,762,LOW,1,0,2025-01-01
2931,304,HIGH,2,0,2025-01-01
2932,672,LOW,3,1500,2025-01-01
2933,565,HIGH,4,0,2025-01-01
2934,797,LOW,3,0,2025-01-01
2935,381,HIGH,2,0,2025-01-01
2936,664,MEDIUM,0,0,2025-01-01
2937,535,HIGH,2,0,2025-01-01
2938,495,HIGH,0,0,2025-01-01
2939,776,LOW,4,0,2025-01-01
2940,798,LOW,3,0,2025-01-01
2941,474,HIGH,1,0,2025-01-01
2942,750,LOW,4,500,2025-01-01
2943,311,HIGH,3,0,2025-01-01
2944,458,HIGH,4,0,2025-01-01
2945,450,HIGH,4,0,2025-01-01
2946,508,HIGH,2,0,2025-01-01
2947,300,HIGH,4,0,2025-01-01
2948,807,LOW,1,0,2025-01-01
2949,418,HIGH,4,500,2025-01-01
2950,502,HIGH,2,0,2025-01-01
2951,396,HIGH,1,0,2025-01-01
2952,580,MEDIUM,4,1500,2025-01-01
2953,467,HIGH,1,500,2025-01-01
2954,707,LOW,4,0,2025-01-01
2955,692,LOW,3,1500,2025-01-01
2956,632,MEDIUM,4,500,2025-01-01
2957,671,LOW,3,500,2025-01-01
2958,664,MEDIUM,2,0,2025-01-01
2959,369,HIGH,3,0,2025-01-01
2960,839,LOW,2,0,2025-01-01
2961,755,LOW,0,0,2025-01-01
2962,504,HIGH,3,500,2025-01-01
2963,751,LOW,2,0,2025-01-01
2964,830,LOW,3,1500,2025-01-01
2965,469,HIGH,4,1500,2025-01-01
2966,395,HIGH,3,0,2025-01-01
2967,471,HIGH,2,0,2025-01-01
2968,760,LOW,1,500,2025-01-01
2969,667,MEDIUM,0,0,2025-01-01
2970,521,HIGH,1,0,2025-01-01
2971,392,HIGH,2,0,2025-01-01
2972,405,HIGH,1,0,2025-01-01
2973,622,MEDIUM,0,500,2025-01-01
2974,764,LOW,3,0,2025-01-01
2975,832,LOW,3,0,2025-01-01
2976,799,LOW,0,0,2025-01-01
2977,587,MEDIUM,4,0,2025-01-01
2978,313,HIGH,1,0,2025-01-01
2979,404,HIGH,1,1500,2025-01-01
2980,797,LOW,0,0,2025-01-01
2981,366,HIGH,1,0,2025-01-01
2982,570,HIGH,1,500,2025-01-01
2983,494,HIGH,4,0,2025-01-01
2984,629,MEDIUM,1,0,2025-01-01
2985,519,HIGH,1,0,2025-01-01
2986,610,MEDIUM,0,500,2025-01-01
2987,563,HIGH,1,0,2025-01-01
2988,739,LOW,1,0,2025-01-01
2989,362,HIGH,1,0,2025-01-01
2990,401,HIGH,3,0,2025-01-01
2991,477,HIGH,2,0,2025-01-01
2992,463,HIGH,0,0,2025-01-01
2993,693,LOW,0,0,2025-01-01
2994,643,MEDIUM,4,500,2025-01-01
2995,337,HIGH,3,0,2025-01-01
2996,748,LOW,4,0,2025-01-01
2997,681,LOW,1,0,2025-01-01
2998,723,LOW,2,0,2025-01-01
2999,633,MEDIUM,3,0,2025-01-01
3000,348,HIGH,1,500,2025-01-01
3001,435,HIGH,4,0,2025-01-01
3002,383,HIGH,0,0,2025-01-01
3003,796,LOW,0,0,2025-01-01
3004,817,LOW,2,1500,2025-01-01
3005,681,LOW,0,0,2025-01-01
3006,619,MEDIUM,2,0,2025-01-01
3007,522,HIGH,0,0,2025-01-01
3008,541,HIGH,0,0,2025-01-01
3009,687,LOW,0,0,2025-01-01
3010,608,MEDIUM,1,0,2025-01-01
3011,644,MEDIUM,0,1500,2025-01-01
3012,310,HIGH,3,0,2025-01-01
3013,306,HIGH,4,500,2025-01-01
3014,411,HIGH,2,1500,2025-01-01
3015,737,LOW,0,0,2025-01-01
3016,311,HIGH,2,0,2025-01-01
3017,510,HIGH,2,0,2025-01-01
3018,571,HIGH,3,0,2025-01-01
3019,657,MEDIUM,3,0,2025-01-01
3020,715,LOW,2,1500,2025-01-01
3021,361,HIGH,2,0,2025-01-01
3022,800,LOW,4,0,2025-01-01
3023,765,LOW,3,0,2025-01-01
3024,613,MEDIUM,4,0,2025-01-01
3025,711,LOW,4,0,2025-01-01
3026,723,LOW,4,1500,2025-01-01
3027,382,HIGH,4,0,2025-01-01
3028,412,HIGH,3,1500,2025-01-01
3029,330,HIGH,4,0,2025-01-01
3030,401,HIGH,3,0,2025-01-01
3031,474,HIGH,1,1500,2025-01-01
3032,643,MEDIUM,0,500,2025-01-01
3033,567,HIGH,2,0,2025-01-01
3034,471,HIGH,2,0,2025-01-01
3035,606,MEDIUM,2,0,2025-01-01
3036,463,HIGH,4,500,2025-01-01
3037,780,LOW,3,0,2025-01-01
3038,671,LOW,4,0,2025-01-01
3039,587,MEDIUM,3,0,2025-01-01
3040,498,HIGH,4,0,2025-01-01
3041,808,LOW,3,0,2025-01-01
3042,318,HIGH,1,500,2025-01-01
3043,347,HIGH,3,0,2025-01-01
3044,420,HIGH,4,0,2025-01-01
3045,783,LOW,3,0,2025-01-01
3046,714,LOW,2,0,2025-01-01
3047,408,HIGH,0,1500,2025-01-01
3048,835,LOW,1,0,2025-01-01
3049,346,HIGH,2,1500,2025-01-01
3050,686,LOW,2,500,2025-01-01
3051,616,MEDIUM,4,500,2025-01-01
3052,819,LOW,3,0,2025-01-01
3053,373,HIGH,1,1500,2025-01-01
3054,643,MEDIUM,4,0,2025-01-01
3055,488,HIGH,2,0,2025-01-01
3056,425,HIGH,3,0,2025-01-01
3057,484,HIGH,1,0,2025-01-01
3058,517,HIGH,0,0,2025-01-01
3059,796,LOW,1,500,2025-01-01
3060,587,MEDIUM,0,0,2025-01-01
3061,638,MEDIUM,4,0,2025-01-01
3062,655,MEDIUM,0,0,2025-01-01
3063,626,MEDIUM,0,0,2025-01-01
3064,841,LOW,3,0,2025-01-01
3065,827,LOW,0,0,2025-01-01
3066,322,HIGH,1,1500,2025-01-01
3067,712,LOW,4,0,2025-01-01
3068,648,MEDIUM,0,500,2025-01-01
3069,458,HIGH,3,1500,2025-01-01
3070,319,HIGH,3,0,2025-01-01
3071,595,MEDIUM,4,0,2025-01-01
3072,394,HIGH,1,0,2025-01-01
3073,438,HIGH,4,0,2025-01-01
3074,396,HIGH,4,0,2025-01-01
3075,401,HIGH,0,1500,2025-01-01
3076,587,MEDIUM,2,0,2025-01-01
3077,665,MEDIUM,2,0,2025-01-01
3078,407,HIGH,2,0,2025-01-01
3079,390,HIGH,1,0,2025-01-01
3080,688,LOW,2,0,2025-01-01
3081,351,HIGH,4,0,2025-01-01
3082,422,HIGH,1,0,2025-01-01
3083,461,HIGH,2,0,2025-01-01
3084,610,MEDIUM,4,0,2025-01-01
3085,462,HIGH,0,0,2025-01-01
3086,671,LOW,2,0,2025-01-01
3087,678,LOW,1,1500,2025-01-01
3088,666,MEDIUM,1,500,2025-01-01
3089,682,LOW,0,0,2025-01-01
3090,741,LOW,4,0,2025-01-01
3091,346,HIGH,4,1500,2025-01-01
3092,772,LOW,3,0,2025-01-01
3093,723,LOW,1,0,2025-01-01
3094,325,HIGH,3,0,2025-01-01
3095,697,LOW,1,0,2025-01-01
3096,524,HIGH,3,1500,2025-01-01
3097,571,HIGH,2,0,2025-01-01
3098,377,HIGH,0,0,2025-01-01
3099,557,HIGH,2,0,2025-01-01
3100,688,LOW,4,500,2025-01-01
3101,415,HIGH,0,1500,2025-01-01
3102,467,HIGH,4,0,2025-01-01
3103,362,HIGH,2,0,2025-01-01
3104,496,HIGH,0,0,2025-01-01
3105,546,HIGH,2,500,2025-01-01
3106,817,LOW,0,0,2025-01-01
3107,597,MEDIUM,4,0,2025-01-01
3108,726,LOW,1,0,2025-01-01
3109,401,HIGH,1,0,2025-01-01
3110,413,HIGH,3,0,2025-01-01
3111,808,LOW,3,0,2025-01-01
3112,513,HIGH,3,0,2025-01-01
3113,835,LOW,2,0,2025-01-01
3114,574,HIGH,3,0,2025-01-01
3115,800,LOW,3,1500,2025-01-01
3116,510,HIGH,1,0,2025-01-01
3117,590,MEDIUM,3,500,2025-01-01
3118,601,MEDIUM,0,0,2025-01-01
3119,456,HIGH,0,1500,2025-01-01
3120,789,LOW,2,500,2025-01-01
3121,529,HIGH,0,1500,2025-01-01
3122,837,LOW,4,0,2025-01-01
3123,764,LOW,3,0,2025-01-01
3124,654,MEDIUM,0,0,2025-01-01
3125,630,MEDIUM,1,1500,2025-01-01
3126,808,LOW,4,1500,2025-01-01
3127,562,HIGH,0,0,2025-01-01
3128,351,HIGH,2,0,2025-01-01
3129,359,HIGH,1,0,2025-01-01
3130,762,LOW,1,0,2025-01-01
3131,488,HIGH,1,0,2025-01-01
3132,399,HIGH,1,0,2025-01-01
3133,301,HIGH,3,0,2025-01-01
3134,666,MEDIUM,2,1500,2025-01-01
3135,529,HIGH,1,0,2025-01-01
3136,558,HIGH,4,0,2025-01-01
3137,567,HIGH,2,0,2025-01-01
3138,750,LOW,1,0,2025-01-01
3139,601,MEDIUM,4,0,2025-01-01
3140,824,LOW,4,0,2025-01-01
3141,833,LOW,3,0,2025-01-01
3142,379,HIGH,0,0,2025-01-01
3143,392,HIGH,0,0,2025-01-01
3144,740,LOW,3,500,2025-01-01
3145,683,LOW,1,0,2025-01-01
3146,741,LOW,3,0,2025-01-01
3147,694,LOW,2,500,2025-01-01
3148,835,LOW,3,0,2025-01-01
3149,575,HIGH,3,0,2025-01-01
3150,310,HIGH,0,500,2025-01-01
3151,535,HIGH,1,500,2025-01-01
3152,781,LOW,2,1500,2025-01-01
3153,727,LOW,2,0,2025-01-01
3154,805,LOW,4,1500,2025-01-01
3155,841,LOW,4,1500,2025-01-01
3156,799,LOW,4,1500,2025-01-01
3157,792,LOW,1,0,2025-01-01
3158,659,MEDIUM,4,0,2025-01-01
3159,389,HIGH,3,0,2025-01-01
3160,811,LOW,4,0,2025-01-01
3161,344,HIGH,2,0,2025-01-01
3162,694,LOW,3,500,2025-01-01
3163,796,LOW,3,0,2025-01-01
3164,635,MEDIUM,2,0,2025-01-01
3165,717,LOW,2,0,2025-01-01
3166,646,MEDIUM,1,0,2025-01-01
3167,766,LOW,1,0,2025-01-01
3168,413,HIGH,4,0,2025-01-01
3169,712,LOW,3,0,2025-01-01
3170,394,HIGH,0,0,2025-01-01
3171,325,HIGH,1,500,2025-01-01
3172,772,LOW,1,0,2025-01-01
3173,596,MEDIUM,4,1500,2025-01-01
3174,831,LOW,1,0,2025-01-01
3175,504,HIGH,3,0,2025-01-01
3176,319,HIGH,3,0,2025-01-01
3177,847,LOW,1,0,2025-01-01
3178,690,LOW,0,0,2025-01-01
3179,511,HIGH,2,0,2025-01-01
3180,746,LOW,2,0,2025-01-01
3181,849,LOW,3,0,2025-01-01
3182,716,LOW,2,500,2025-01-01
3183,794,LOW,3,0,2025-01-01
3184,514,HIGH,2,0,2025-01-01
3185,537,HIGH,2,0,2025-01-01
3186,690,LOW,2,1500,2025-01-01
3187,498,HIGH,2,0,2025-01-01
3188,783,LOW,2,0,2025-01-01
3189,490,HIGH,0,500,2025-01-01
3190,618,MEDIUM,4,0,2025-01-01
3191,738,LOW,4,0,2025-01-01
3192,415,HIGH,0,0,2025-01-01
3193,698,LOW,2,0,2025-01-01
3194,420,HIGH,0,0,2025-01-01
3195,724,LOW,2,0,2025-01-01
3196,797,LOW,3,0,2025-01-01
3197,709,LOW,2,1500,2025-01-01
3198,387,HIGH,2,0,2025-01-01
3199,675,LOW,3,0,2025-01-01
3200,697,LOW,0,1500,2025-01-01
3201,423,HIGH,2,500,2025-01-01
3202,493,HIGH,0,0,2025-01-01
3203,614,MEDIUM,0,0,2025-01-01
3204,576,HIGH,0,0,2025-01-01
3205,516,HIGH,0,0,2025-01-01
3206,530,HIGH,0,500,2025-01-01
3207,833,LOW,1,0,2025-01-01
3208,704,LOW,3,0,2025-01-01
3209,574,HIGH,0,500,2025-01-01
3210,449,HIGH,3,0,2025-01-01
3211,535,HIGH,1,1500,2025-01-01
3212,727,LOW,2,0,2025-01-01
3213,471,HIGH,2,0,2025-01-01
3214,354,HIGH,0,1500,2025-01-01
3215,474,HIGH,2,0,2025-01-01
3216,379,HIGH,3,500,2025-01-01
3217,747,LOW,3,0,2025-01-01
3218,490,HIGH,3,0,2025-01-01
3219,426,HIGH,1,0,2025-01-01
3220,708,LOW,1,0,2025-01-01
3221,381,HIGH,2,0,2025-01-01
3222,407,HIGH,2,0,2025-01-01
3223,844,LOW,0,0,2025-01-01
3224,614,MEDIUM,2,0,2025-01-01
3225,489,HIGH,2,0,2025-01-01
3226,509,HIGH,4,500,2025-01-01
3227,833,LOW,1,500,2025-01-01
3228,697,LOW,3,1500,2025-01-01
3229,697,LOW,0,0,2025-01-01
3230,673,LOW,3,0,2025-01-01
3231,488,HIGH,3,0,2025-01-01
3232,845,LOW,3,0,2025-01-01
3233,704,LOW,0,1500,2025-01-01
3234,707,LOW,3,0,2025-01-01
3235,660,MEDIUM,1,0,2025-01-01
3236,767,LOW,4,500,2025-01-01
3237,526,HIGH,1,500,2025-01-01
3238,579,HIGH,1,0,2025-01-01
3239,400,HIGH,1,0,2025-01-01
3240,351,HIGH,0,0,2025-01-01
3241,808,LOW,1,0,2025-01-01
3242,637,MEDIUM,3,1500,2025-01-01
3243,492,HIGH,1,0,2025-01-01
3244,460,HIGH,2,0,2025-01-01
3245,829,LOW,4,500,2025-01-01
3246,453,HIGH,3,1500,2025-01-01
3247,565,HIGH,0,0,2025-01-01
3248,408,HIGH,2,0,2025-01-01
3249,639,MEDIUM,3,0,2025-01-01
3250,580,MEDIUM,2,0,2025-01-01
3251,558,HIGH,4,500,2025-01-01
3252,425,HIGH,3,1500,2025-01-01
3253,725,LOW,2,0,2025-01-01
3254,763,LOW,3,1500,2025-01-01
3255,511,HIGH,2,0,2025-01-01
3256,579,HIGH,0,500,2025-01-01
3257,784,LOW,4,0,2025-01-01
3258,723,LOW,3,0,2025-01-01
3259,764,LOW,1,0,2025-01-01
3260,356,HIGH,3,1500,2025-01-01
3261,783,LOW,1,500,2025-01-01
3262,689,LOW,4,0,2025-01-01
3263,565,HIGH,4,0,2025-01-01
3264,433,HIGH,1,0,2025-01-01
3265,370,HIGH,3,0,2025-01-01
3266,355,HIGH,2,1500,2025-01-01
3267,755,LOW,1,0,2025-01-01
3268,662,MEDIUM,4,0,2025-01-01
3269,595,MEDIUM,2,500,2025-01-01
3270,770,LOW,3,500,2025-01-01
3271,710,LOW,1,1500,2025-01-01
3272,333,HIGH,3,0,2025-01-01
3273,664,MEDIUM,1,0,2025-01-01
3274,391,HIGH,1,0,2025-01-01
3275,814,LOW,1,1500,2025-01-01
3276,312,HIGH,1,0,2025-01-01
3277,513,HIGH,2,500,2025-01-01
3278,534,HIGH,0,0,2025-01-01
3279,587,MEDIUM,1,1500,2025-01-01
3280,778,LOW,0,0,2025-01-01
3281,709,LOW,2,0,2025-01-01
3282,311,HIGH,1,500,2025-01-01
3283,475,HIGH,4,1500,2025-01-01
3284,504,HIGH,2,1500,2025-01-01
3285,737,LOW,1,500,2025-01-01
3286,307,HIGH,0,0,2025-01-01
3287,762,LOW,0,0,2025-01-01
3288,552,HIGH,2,0,2025-01-01
3289,815,LOW,4,0,2025-01-01
3290,796,LOW,3,0,2025-01-01
3291,777,LOW,0,0,2025-01-01
3292,541,HIGH,3,1500,2025-01-01
3293,714,LOW,3,0,2025-01-01
3294,400,HIGH,2,500,2025-01-01
3295,633,MEDIUM,4,0,2025-01-01
3296,722,LOW,0,0,2025-01-01
3297,747,LOW,3,0,2025-01-01
3298,677,LOW,3,500,2025-01-01
3299,845,LOW,2,1500,2025-01-01
3300,386,HIGH,0,0,2025-01-01
3301,438,HIGH,1,0,2025-01-01
3302,720,LOW,1,0,2025-01-01
3303,523,HIGH,4,1500,2025-01-01
3304,565,HIGH,4,0,2025-01-01
3305,750,LOW,0,500,2025-01-01
3306,700,LOW,3,0,2025-01-01
3307,525,HIGH,0,500,2025-01-01
3308,787,LOW,3,0,2025-01-01
3309,567,HIGH,4,0,2025-01-01
3310,741,LOW,2,0,2025-01-01
3311,329,HIGH,0,0,2025-01-01
3312,642,MEDIUM,1,0,2025-01-01
3313,829,LOW,3,0,2025-01-01
3314,610,MEDIUM,4,0,2025-01-01
3315,436,HIGH,3,1500,2025-01-01
3316,432,HIGH,1,0,2025-01-01
3317,811,LOW,0,1500,2025-01-01
3318,516,HIGH,3,0,2025-01-01
3319,815,LOW,1,0,2025-01-01
3320,631,MEDIUM,1,0,2025-01-01
3321,433,HIGH,0,0,2025-01-01
3322,817,LOW,1,0,2025-01-01
3323,379,HIGH,4,0,2025-01-01
3324,849,LOW,2,1500,2025-01-01
3325,695,LOW,4,0,2025-01-01
3326,823,LOW,3,0,2025-01-01
3327,330,HIGH,2,1500,2025-01-01
3328,341,HIGH,3,0,2025-01-01
3329,599,MEDIUM,0,0,2025-01-01
3330,815,LOW,3,1500,2025-01-01
3331,730,LOW,3,0,2025-01-01
3332,735,LOW,3,1500,2025-01-01
3333,331,HIGH,1,500,2025-01-01
3334,531,HIGH,3,0,2025-01-01
3335,310,HIGH,2,0,2025-01-01
3336,301,HIGH,3,0,2025-01-01
3337,555,HIGH,2,0,2025-01-01
3338,796,LOW,2,0,2025-01-01
3339,717,LOW,3,0,2025-01-01
3340,337,HIGH,1,0,2025-01-01
3341,458,HIGH,1,0,2025-01-01
3342,542,HIGH,2,0,2025-01-01
3343,755,LOW,1,1500,2025-01-01
3344,513,HIGH,3,0,2025-01-01
3345,492,HIGH,4,0,2025-01-01
3346,711,LOW,4,0,2025-01-01
3347,526,HIGH,0,0,2025-01-01
3348,616,MEDIUM,4,0,2025-01-01
3349,787,LOW,0,500,2025-01-01
3350,674,LOW,0,1500,2025-01-01
3351,740,LOW,4,0,2025-01-01
3352,573,HIGH,2,0,2025-01-01
3353,558,HIGH,4,0,2025-01-01
3354,736,LOW,4,0,2025-01-01
3355,462,HIGH,3,0,2025-01-01
3356,598,MEDIUM,0,0,2025-01-01
3357,817,LOW,4,1500,2025-01-01
3358,575,HIGH,4,500,2025-01-01
3359,761,LOW,0,0,2025-01-01
3360,558,HIGH,3,0,2025-01-01
3361,754,LOW,4,0,2025-01-01
3362,494,HIGH,0,500,2025-01-01
3363,619,MEDIUM,1,1500,2025-01-01
3364,558,HIGH,3,0,2025-01-01
3365,530,HIGH,0,0,2025-01-01
3366,566,HIGH,3,0,2025-01-01
3367,618,MEDIUM,1,0,2025-01-01
3368,817,LOW,1,0,2025-01-01
3369,350,HIGH,3,0,2025-01-01
3370,660,MEDIUM,3,0,2025-01-01
3371,344,HIGH,2,1500,2025-01-01
3372,810,LOW,1,1500,2025-01-01
3373,563,HIGH,3,0,2025-01-01
3374,616,MEDIUM,0,0,2025-01-01
3375,474,HIGH,3,0,2025-01-01
3376,336,HIGH,4,0,2025-01-01
3377,409,HIGH,3,0,2025-01-01
3378,659,MEDIUM,3,0,2025-01-01
3379,798,LOW,4,0,2025-01-01
3380,634,MEDIUM,3,500,2025-01-01
3381,636,MEDIUM,3,0,2025-01-01
3382,683,LOW,2,1500,2025-01-01
3383,570,HIGH,2,0,2025-01-01
3384,790,LOW,4,0,2025-01-01
3385,497,HIGH,4,500,2025-01-01
3386,432,HIGH,4,0,2025-01-01
3387,421,HIGH,2,0,2025-01-01
3388,625,MEDIUM,1,0,2025-01-01
3389,680,LOW,4,0,2025-01-01
3390,802,LOW,0,0,2025-01-01
3391,369,HIGH,3,500,2025-01-01
3392,672,LOW,1,0,2025-01-01
3393,786,LOW,3,0,2025-01-01
3394,608,MEDIUM,3,0,2025-01-01
3395,362,HIGH,4,0,2025-01-01
3396,349,HIGH,1,0,2025-01-01
3397,302,HIGH,0,0,2025-01-01
3398,835,LOW,3,0,2025-01-01
3399,377,HIGH,1,0,2025-01-01
3400,340,HIGH,1,0,2025-01-01
3401,325,HIGH,0,1500,2025-01-01
3402,453,HIGH,1,1500,2025-01-01
3403,576,HIGH,3,500,2025-01-01
3404,538,HIGH,0,0,2025-01-01
3405,341,HIGH,0,0,2025-01-01
3406,484,HIGH,2,0,2025-01-01
3407,341,HIGH,1,0,2025-01-01
3408,473,HIGH,4,500,2025-01-01
3409,403,HIGH,0,0,2025-01-01
3410,353,HIGH,1,0,2025-01-01
3411,556,HIGH,0,1500,2025-01-01
3412,653,MEDIUM,0,0,2025-01-01
3413,338,HIGH,4,0,2025-01-01
3414,525,HIGH,0,1500,2025-01-01
3415,802,LOW,0,0,2025-01-01
3416,627,MEDIUM,0,0,2025-01-01
3417,615,MEDIUM,3,0,2025-01-01
3418,548,HIGH,2,0,2025-01-01
3419,447,HIGH,3,0,2025-01-01
3420,825,LOW,1,0,2025-01-01
3421,675,LOW,0,0,2025-01-01
3422,423,HIGH,0,0,2025-01-01
3423,446,HIGH,4,0,2025-01-01
3424,319,HIGH,2,0,2025-01-01
3425,586,MEDIUM,2,0,2025-01-01
3426,829,LOW,4,0,2025-01-01
3427,681,LOW,4,0,2025-01-01
3428,694,LOW,3,0,2025-01-01
3429,545,HIGH,2,0,2025-01-01
3430,568,HIGH,4,1500,2025-01-01
3431,783,LOW,4,0,2025-01-01
3432,833,LOW,2,0,2025-01-01
3433,578,HIGH,0,500,2025-01-01
3434,794,LOW,0,0,2025-01-01
3435,631,MEDIUM,0,0,2025-01-01
3436,420,HIGH,1,500,2025-01-01
3437,721,LOW,1,1500,2025-01-01
3438,406,HIGH,1,0,2025-01-01
3439,424,HIGH,2,0,2025-01-01
3440,612,MEDIUM,1,0,2025-01-01
3441,392,HIGH,0,0,2025-01-01
3442,657,MEDIUM,0,500,2025-01-01
3443,662,MEDIUM,2,0,2025-01-01
3444,371,HIGH,0,500,2025-01-01
3445,361,HIGH,1,0,2025-01-01
3446,316,HIGH,4,0,2025-01-01
3447,683,LOW,1,0,2025-01-01
3448,635,MEDIUM,4,1500,2025-01-01
3449,371,HIGH,1,0,2025-01-01
3450,590,MEDIUM,1,1500,2025-01-01
3451,582,MEDIUM,3,500,2025-01-01
3452,684,LOW,3,0,2025-01-01
3453,407,HIGH,2,0,2025-01-01
3454,659,MEDIUM,4,0,2025-01-01
3455,330,HIGH,3,1500,2025-01-01
3456,751,LOW,1,0,2025-01-01
3457,697,LOW,3,0,2025-01-01
3458,580,MEDIUM,4,0,2025-01-01
3459,721,LOW,4,0,2025-01-01
3460,335,HIGH,0,0,2025-01-01
3461,395,HIGH,0,500,2025-01-01
3462,502,HIGH,1,0,2025-01-01
3463,644,MEDIUM,4,0,2025-01-01
3464,684,LOW,0,0,2025-01-01
3465,661,MEDIUM,3,500,2025-01-01
3466,799,LOW,4,0,2025-01-01
3467,572,HIGH,4,500,2025-01-01
3468,645,MEDIUM,3,0,2025-01-01
3469,699,LOW,3,0,2025-01-01
3470,591,MEDIUM,4,0,2025-01-01
3471,412,HIGH,3,0,2025-01-01
3472,413,HIGH,2,500,2025-01-01
3473,745,LOW,0,0,2025-01-01
3474,422,HIGH,4,1500,2025-01-01
3475,765,LOW,1,500,2025-01-01
3476,665,MEDIUM,4,500,2025-01-01
3477,531,HIGH,0,0,2025-01-01
3478,554,HIGH,1,1500,2025-01-01
3479,398,HIGH,0,0,2025-01-01
3480,531,HIGH,1,500,2025-01-01
3481,523,HIGH,4,0,2025-01-01
3482,304,HIGH,0,500,2025-01-01
3483,421,HIGH,2,0,2025-01-01
3484,501,HIGH,3,0,2025-01-01
3485,336,HIGH,4,0,2025-01-01
3486,821,LOW,3,0,2025-01-01
3487,813,LOW,0,0,2025-01-01
3488,370,HIGH,4,1500,2025-01-01
3489,761,LOW,1,0,2025-01-01
3490,651,MEDIUM,1,0,2025-01-01
3491,354,HIGH,2,0,2025-01-01
3492,667,MEDIUM,3,0,2025-01-01
3493,794,LOW,1,0,2025-01-01
3494,549,HIGH,2,0,2025-01-01
3495,488,HIGH,2,0,2025-01-01
3496,434,HIGH,1,1500,2025-01-01
3497,771,LOW,3,0,2025-01-01
3498,714,LOW,1,0,2025-01-01
3499,361,HIGH,0,500,2025-01-01
3500,696,LOW,4,0,2025-01-01
3501,653,MEDIUM,0,500,2025-01-01
3502,301,HIGH,3,1500,2025-01-01
3503,508,HIGH,2,0,2025-01-01
3504,788,LOW,4,0,2025-01-01
3505,304,HIGH,2,0,2025-01-01
3506,823,LOW,3,500,2025-01-01
3507,561,HIGH,4,1500,2025-01-01
3508,733,LOW,2,1500,2025-01-01
3509,650,MEDIUM,3,1500,2025-01-01
3510,377,HIGH,4,0,2025-01-01
3511,356,HIGH,3,0,2025-01-01
3512,712,LOW,4,0,2025-01-01
3513,741,LOW,2,0,2025-01-01
3514,521,HIGH,2,1500,2025-01-01
3515,489,HIGH,1,1500,2025-01-01
3516,431,HIGH,2,0,2025-01-01
3517,579,HIGH,0,1500,2025-01-01
3518,661,MEDIUM,1,0,2025-01-01
3519,657,MEDIUM,0,0,2025-01-01
3520,677,LOW,0,0,2025-01-01
3521,763,LOW,3,0,2025-01-01
3522,598,MEDIUM,0,1500,2025-01-01
3523,332,HIGH,4,0,2025-01-01
3524,725,LOW,3,500,2025-01-01
3525,346,HIGH,1,0,2025-01-01
3526,799,LOW,3,0,2025-01-01
3527,678,LOW,4,0,2025-01-01
3528,335,HIGH,4,1500,2025-01-01
3529,755,LOW,0,0,2025-01-01
3530,479,HIGH,1,1500,2025-01-01
3531,384,HIGH,2,0,2025-01-01
3532,827,LOW,4,0,2025-01-01
3533,825,LOW,4,500,2025-01-01
3534,663,MEDIUM,2,0,2025-01-01
3535,812,LOW,1,500,2025-01-01
3536,580,MEDIUM,1,0,2025-01-01
3537,794,LOW,3,0,2025-01-01
3538,635,MEDIUM,4,0,2025-01-01
3539,573,HIGH,3,0,2025-01-01
3540,679,LOW,2,500,2025-01-01
3541,828,LOW,2,0,2025-01-01
3542,803,LOW,1,0,2025-01-01
3543,423,HIGH,1,0,2025-01-01
3544,733,LOW,1,0,2025-01-01
3545,778,LOW,3,0,2025-01-01
3546,653,MEDIUM,0,0,2025-01-01
3547,578,HIGH,3,0,2025-01-01
3548,490,HIGH,0,500,2025-01-01
3549,300,HIGH,0,0,2025-01-01
3550,344,HIGH,4,500,2025-01-01
3551,792,LOW,2,1500,2025-01-01
3552,363,HIGH,2,0,2025-01-01
3553,386,HIGH,0,0,2025-01-01
3554,380,HIGH,0,0,2025-01-01
3555,815,LOW,2,1500,2025-01-01
3556,610,MEDIUM,4,0,2025-01-01
3557,508,HIGH,3,1500,2025-01-01
3558,733,LOW,3,0,2025-01-01
3559,743,LOW,0,0,2025-01-01
3560,570,HIGH,0,0,2025-01-01
3561,675,LOW,3,0,2025-01-01
3562,445,HIGH,1,0,2025-01-01
3563,318,HIGH,2,0,2025-01-01
3564,660,MEDIUM,0,0,2025-01-01
3565,820,LOW,3,0,2025-01-01
3566,349,HIGH,2,500,2025-01-01
3567,471,HIGH,1,0,2025-01-01
3568,524,HIGH,1,1500,2025-01-01
3569,404,HIGH,0,0,2025-01-01
3570,511,HIGH,4,1500,2025-01-01
3571,823,LOW,2,500,2025-01-01
3572,644,MEDIUM,0,1500,2025-01-01
3573,424,HIGH,3,0,2025-01-01
3574,531,HIGH,2,0,2025-01-01
3575,832,LOW,1,0,2025-01-01
3576,455,HIGH,3,0,2025-01-01
3577,532,HIGH,0,0,2025-01-01
3578,774,LOW,0,0,2025-01-01
3579,560,HIGH,0,0,2025-01-01
3580,544,HIGH,1,0,2025-01-01
3581,809,LOW,3,0,2025-01-01
3582,760,LOW,1,0,2025-01-01
3583,498,HIGH,3,1500,2025-01-01
3584,571,HIGH,2,0,2025-01-01
3585,847,LOW,3,0,2025-01-01
3586,435,HIGH,3,0,2025-01-01
3587,579,HIGH,4,0,2025-01-01
3588,319,HIGH,3,0,2025-01-01
3589,724,LOW,1,500,2025-01-01
3590,472,HIGH,4,1500,2025-01-01
3591,501,HIGH,4,0,2025-01-01
3592,398,HIGH,4,0,2025-01-01
3593,630,MEDIUM,0,0,2025-01-01
3594,502,HIGH,1,0,2025-01-01
3595,339,HIGH,4,0,2025-01-01
3596,414,HIGH,3,1500,2025-01-01
3597,627,MEDIUM,0,0,2025-01-01
3598,678,LOW,4,0,2025-01-01
3599,587,MEDIUM,3,0,2025-01-01
3600,532,HIGH,0,1500,2025-01-01
3601,495,HIGH,0,0,2025-01-01
3602,652,MEDIUM,4,0,2025-01-01
3603,718,LOW,1,0,2025-01-01
3604,322,HIGH,0,0,2025-01-01
3605,576,HIGH,4,500,2025-01-01
3606,350,HIGH,1,0,2025-01-01
3607,324,HIGH,0,1500,2025-01-01
3608,611,MEDIUM,1,0,2025-01-01
3609,529,HIGH,0,0,2025-01-01
3610,511,HIGH,1,0,2025-01-01
3611,742,LOW,2,0,2025-01-01
3612,691,LOW,0,0,2025-01-01
3613,508,HIGH,0,0,2025-01-01
3614,521,HIGH,2,1500,2025-01-01
3615,733,LOW,3,500,2025-01-01
3616,802,LOW,3,0,2025-01-01
3617,716,LOW,1,0,2025-01-01
3618,341,HIGH,3,0,2025-01-01
3619,831,LOW,2,0,2025-01-01
3620,832,LOW,2,0,2025-01-01
3621,681,LOW,3,0,2025-01-01
3622,563,HIGH,1,0,2025-01-01
3623,389,HIGH,0,0,2025-01-01
3624,604,MEDIUM,4,0,2025-01-01
3625,518,HIGH,2,0,2025-01-01
3626,344,HIGH,4,500,2025-01-01
3627,363,HIGH,0,500,2025-01-01
3628,515,HIGH,3,0,2025-01-01
3629,702,LOW,1,0,2025-01-01
3630,555,HIGH,4,0,2025-01-01
3631,436,HIGH,3,500,2025-01-01
3632,362,HIGH,3,0,2025-01-01
3633,694,LOW,0,0,2025-01-01
3634,321,HIGH,4,0,2025-01-01
3635,464,HIGH,3,0,2025-01-01
3636,737,LOW,0,0,2025-01-01
3637,758,LOW,1,0,2025-01-01
3638,380,HIGH,3,0,2025-01-01
3639,807,LOW,3,0,2025-01-01
3640,322,HIGH,3,0,2025-01-01
3641,543,HIGH,3,0,2025-01-01
3642,711,LOW,3,0,2025-01-01
3643,531,HIGH,2,0,2025-01-01
3644,419,HIGH,0,0,2025-01-01
3645,361,HIGH,1,500,2025-01-01
3646,699,LOW,2,0,2025-01-01
3647,640,MEDIUM,4,500,2025-01-01
3648,404,HIGH,4,0,2025-01-01
3649,491,HIGH,0,500,2025-01-01
3650,439,HIGH,0,0,2025-01-01
3651,541,HIGH,1,0,2025-01-01
3652,493,HIGH,0,0,2025-01-01
3653,826,LOW,1,1500,2025-01-01
3654,828,LOW,0,0,2025-01-01
3655,400,HIGH,4,0,2025-01-01
3656,365,HIGH,2,1500,2025-01-01
3657,675,LOW,0,0,2025-01-01
3658,634,MEDIUM,4,0,2025-01-01
3659,776,LOW,2,500,2025-01-01
3660,845,LOW,4,0,2025-01-01
3661,474,HIGH,0,1500,2025-01-01
3662,493,HIGH,3,1500,2025-01-01
3663,802,LOW,1,1500,2025-01-01
3664,354,HIGH,3,0,2025-01-01
3665,320,HIGH,4,1500,2025-01-01
3666,320,HIGH,1,500,2025-01-01
3667,846,LOW,0,1500,2025-01-01
3668,544,HIGH,4,0,2025-01-01
3669,600,MEDIUM,4,0,2025-01-01
3670,757,LOW,4,0,2025-01-01
3671,382,HIGH,3,500,2025-01-01
3672,743,LOW,1,0,2025-01-01
3673,713,LOW,0,0,2025-01-01
3674,764,LOW,0,500,2025-01-01
3675,457,HIGH,3,0,2025-01-01
3676,320,HIGH,4,1500,2025-01-01
3677,300,HIGH,2,0,2025-01-01
3678,634,MEDIUM,4,0,2025-01-01
3679,388,HIGH,0,0,2025-01-01
3680,344,HIGH,3,500,2025-01-01
3681,314,HIGH,1,0,2025-01-01
3682,845,LOW,0,0,2025-01-01
3683,541,HIGH,4,0,2025-01-01
3684,671,LOW,1,0,2025-01-01
3685,497,HIGH,3,0,2025-01-01
3686,352,HIGH,0,0,2025-01-01
3687,695,LOW,0,0,2025-01-01
3688,782,LOW,2,0,2025-01-01
3689,617,MEDIUM,3,0,2025-01-01
3690,720,LOW,2,0,2025-01-01
3691,646,MEDIUM,4,0,2025-01-01
3692,506,HIGH,4,1500,2025-01-01
3693,798,LOW,3,1500,2025-01-01
3694,697,LOW,3,1500,2025-01-01
3695,410,HIGH,3,0,2025-01-01
3696,602,MEDIUM,3,500,2025-01-01
3697,645,MEDIUM,1,0,2025-01-01
3698,695,LOW,3,0,2025-01-01
3699,344,HIGH,2,0,2025-01-01
3700,758,LOW,3,0,2025-01-01
3701,835,LOW,3,0,2025-01-01
3702,824,LOW,0,0,2025-01-01
3703,605,MEDIUM,4,1500,2025-01-01
3704,390,HIGH,1,0,2025-01-01
3705,500,HIGH,3,0,2025-01-01
3706,421,HIGH,2,0,2025-01-01
3707,614,MEDIUM,3,0,2025-01-01
3708,678,LOW,3,0,2025-01-01
3709,588,MEDIUM,0,500,2025-01-01
3710,428,HIGH,1,500,2025-01-01
3711,689,LOW,3,0,2025-01-01
3712,735,LOW,1,0,2025-01-01
3713,702,LOW,0,0,2025-01-01
3714,785,LOW,4,0,2025-01-01
3715,776,LOW,4,0,2025-01-01
3716,667,MEDIUM,3,0,2025-01-01
3717,747,LOW,3,500,2025-01-01
3718,556,HIGH,4,500,2025-01-01
3719,635,MEDIUM,1,0,2025-01-01
3720,562,HIGH,4,0,2025-01-01
3721,338,HIGH,4,500,2025-01-01
3722,438,HIGH,2,1500,2025-01-01
3723,518,HIGH,4,0,2025-01-01
3724,426,HIGH,4,0,2025-01-01
3725,492,HIGH,1,1500,2025-01-01
3726,812,LOW,0,0,2025-01-01
3727,534,HIGH,0,0,2025-01-01
3728,348,HIGH,1,500,2025-01-01
3729,368,HIGH,0,1500,2025-01-01
3730,750,LOW,4,0,2025-01-01
3731,403,HIGH,2,0,2025-01-01
3732,826,LOW,3,0,2025-01-01
3733,818,LOW,1,0,2025-01-01
3734,437,HIGH,1,500,2025-01-01
3735,408,HIGH,1,0,2025-01-01
3736,682,LOW,4,1500,2025-01-01
3737,505,HIGH,3,0,2025-01-01
3738,524,HIGH,1,0,2025-01-01
3739,627,MEDIUM,3,0,2025-01-01
3740,514,HIGH,3,0,2025-01-01
3741,530,HIGH,2,500,2025-01-01
3742,507,HIGH,0,0,2025-01-01
3743,758,LOW,1,0,2025-01-01
3744,470,HIGH,4,500,2025-01-01
3745,606,MEDIUM,1,0,2025-01-01
3746,372,HIGH,0,1500,2025-01-01
3747,340,HIGH,3,1500,2025-01-01
3748,429,HIGH,2,0,2025-01-01
3749,839,LOW,3,0,2025-01-01
3750,747,LOW,0,0,2025-01-01
3751,663,MEDIUM,2,0,2025-01-01
3752,589,MEDIUM,1,0,2025-01-01
3753,692,LOW,1,0,2025-01-01
3754,514,HIGH,0,0,2025-01-01
3755,357,HIGH,4,0,2025-01-01
3756,391,HIGH,2,0,2025-01-01
3757,540,HIGH,2,0,2025-01-01
3758,816,LOW,1,0,2025-01-01
3759,771,LOW,1,0,2025-01-01
3760,725,LOW,4,0,2025-01-01
3761,508,HIGH,0,0,2025-01-01
3762,778,LOW,0,1500,2025-01-01
3763,751,LOW,0,0,2025-01-01
3764,548,HIGH,2,0,2025-01-01
3765,598,MEDIUM,4,0,2025-01-01
3766,544,HIGH,2,0,2025-01-01
3767,530,HIGH,1,500,2025-01-01
3768,743,LOW,3,0,2025-01-01
3769,800,LOW,1,0,2025-01-01
3770,510,HIGH,1,1500,2025-01-01
3771,505,HIGH,4,0,2025-01-01
3772,524,HIGH,1,500,2025-01-01
3773,405,HIGH,3,0,2025-01-01
3774,306,HIGH,1,0,2025-01-01
3775,510,HIGH,4,0,2025-01-01
3776,550,HIGH,1,0,2025-01-01
3777,481,HIGH,1,0,2025-01-01
3778,678,LOW,2,500,2025-01-01
3779,355,HIGH,0,0,2025-01-01
3780,590,MEDIUM,1,0,2025-01-01
3781,465,HIGH,0,500,2025-01-01
3782,356,HIGH,2,0,2025-01-01
3783,319,HIGH,1,0,2025-01-01
3784,486,HIGH,3,1500,2025-01-01
3785,300,HIGH,1,0,2025-01-01
3786,677,LOW,2,500,2025-01-01
3787,401,HIGH,2,1500,2025-01-01
3788,466,HIGH,1,0,2025-01-01
3789,633,MEDIUM,4,0,2025-01-01
3790,385,HIGH,3,0,2025-01-01
3791,594,MEDIUM,2,0,2025-01-01
3792,304,HIGH,3,1500,2025-01-01
3793,819,LOW,4,0,2025-01-01
3794,662,MEDIUM,0,500,2025-01-01
3795,806,LOW,2,1500,2025-01-01
3796,505,HIGH,3,0,2025-01-01
3797,355,HIGH,4,0,2025-01-01
3798,569,HIGH,4,0,2025-01-01
3799,328,HIGH,3,0,2025-01-01
3800,486,HIGH,2,1500,2025-01-01
3801,777,LOW,2,0,2025-01-01
3802,737,LOW,0,500,2025-01-01
3803,671,LOW,2,0,2025-01-01
3804,605,MEDIUM,1,0,2025-01-01
3805,585,MEDIUM,4,0,2025-01-01
3806,390,HIGH,1,0,2025-01-01
3807,415,HIGH,3,500,2025-01-01
3808,632,MEDIUM,0,0,2025-01-01
3809,404,HIGH,1,0,2025-01-01
3810,620,MEDIUM,2,0,2025-01-01
3811,647,MEDIUM,0,500,2025-01-01
3812,418,HIGH,1,0,2025-01-01
3813,772,LOW,0,0,2025-01-01
3814,569,HIGH,2,0,2025-01-01
3815,302,HIGH,1,0,2025-01-01
3816,350,HIGH,4,0,2025-01-01
3817,777,LOW,4,0,2025-01-01
3818,766,LOW,0,1500,2025-01-01
3819,371,HIGH,4,0,2025-01-01
3820,715,LOW,1,0,2025-01-01
3821,434,HIGH,4,0,2025-01-01
3822,328,HIGH,2,1500,2025-01-01
3823,626,MEDIUM,2,500,2025-01-01
3824,739,LOW,4,0,2025-01-01
3825,784,LOW,2,0,2025-01-01
3826,795,LOW,0,1500,2025-01-01
3827,491,HIGH,0,0,2025-01-01
3828,608,MEDIUM,4,1500,2025-01-01
3829,665,MEDIUM,0,0,2025-01-01
3830,436,HIGH,1,500,2025-01-01
3831,838,LOW,2,500,2025-01-01
3832,453,HIGH,3,0,2025-01-01
3833,667,MEDIUM,4,0,2025-01-01
3834,530,HIGH,0,0,2025-01-01
3835,336,HIGH,1,0,2025-01-01
3836,710,LOW,4,500,2025-01-01
3837,324,HIGH,2,0,2025-01-01
3838,711,LOW,2,0,2025-01-01
3839,423,HIGH,3,0,2025-01-01
3840,550,HIGH,0,500,2025-01-01
3841,644,MEDIUM,2,0,2025-01-01
3842,333,HIGH,3,0,2025-01-01
3843,703,LOW,1,0,2025-01-01
3844,830,LOW,1,0,2025-01-01
3845,366,HIGH,2,0,2025-01-01
3846,686,LOW,4,0,2025-01-01
3847,800,LOW,2,500,2025-01-01
3848,618,MEDIUM,0,0,2025-01-01
3849,428,HIGH,2,0,2025-01-01
3850,739,LOW,2,0,2025-01-01
3851,542,HIGH,2,0,2025-01-01
3852,732,LOW,0,0,2025-01-01
3853,737,LOW,3,1500,2025-01-01
3854,779,LOW,0,500,2025-01-01
3855,840,LOW,1,0,2025-01-01
3856,715,LOW,4,1500,2025-01-01
3857,426,HIGH,4,0,2025-01-01
3858,542,HIGH,0,500,2025-01-01
3859,345,HIGH,1,0,2025-01-01
3860,437,HIGH,4,0,2025-01-01
3861,633,MEDIUM,2,1500,2025-01-01
3862,693,LOW,4,1500,2025-01-01
3863,488,HIGH,2,500,2025-01-01
3864,411,HIGH,4,0,2025-01-01
3865,424,HIGH,2,0,2025-01-01
3866,589,MEDIUM,1,0,2025-01-01
3867,647,MEDIUM,4,1500,2025-01-01
3868,783,LOW,0,500,2025-01-01
3869,474,HIGH,2,1500,2025-01-01
3870,432,HIGH,2,500,2025-01-01
3871,397,HIGH,1,0,2025-01-01
3872,635,MEDIUM,2,1500,2025-01-01
3873,342,HIGH,0,0,2025-01-01
3874,462,HIGH,1,500,2025-01-01
3875,325,HIGH,3,0,2025-01-01
3876,828,LOW,3,0,2025-01-01
3877,830,LOW,2,0,2025-01-01
3878,480,HIGH,1,500,2025-01-01
3879,616,MEDIUM,0,500,2025-01-01
3880,616,MEDIUM,1,500,2025-01-01
3881,523,HIGH,3,0,2025-01-01
3882,757,LOW,0,0,2025-01-01
3883,587,MEDIUM,0,500,2025-01-01
3884,530,HIGH,2,1500,2025-01-01
3885,812,LOW,3,500,2025-01-01
3886,582,MEDIUM,1,0,2025-01-01
3887,618,MEDIUM,2,1500,2025-01-01
3888,512,HIGH,4,0,2025-01-01
3889,392,HIGH,1,0,2025-01-01
3890,736,LOW,0,500,2025-01-01
3891,807,LOW,0,500,2025-01-01
3892,470,HIGH,4,0,2025-01-01
3893,305,HIGH,1,1500,2025-01-01
3894,665,MEDIUM,3,500,2025-01-01
3895,517,HIGH,1,1500,2025-01-01
3896,410,HIGH,4,0,2025-01-01
3897,324,HIGH,0,0,2025-01-01
3898,622,MEDIUM,1,0,2025-01-01
3899,453,HIGH,4,1500,2025-01-01
3900,706,LOW,0,0,2025-01-01
3901,518,HIGH,4,0,2025-01-01
3902,776,LOW,1,1500,2025-01-01
3903,360,HIGH,2,0,2025-01-01
3904,646,MEDIUM,1,0,2025-01-01
3905,584,MEDIUM,2,0,2025-01-01
3906,826,LOW,0,0,2025-01-01
3907,568,HIGH,2,500,2025-01-01
3908,535,HIGH,1,0,2025-01-01
3909,779,LOW,4,0,2025-01-01
3910,384,HIGH,1,500,2025-01-01
3911,469,HIGH,3,500,2025-01-01
3912,460,HIGH,0,0,2025-01-01
3913,362,HIGH,1,1500,2025-01-01
3914,332,HIGH,4,0,2025-01-01
3915,538,HIGH,3,500,2025-01-01
3916,436,HIGH,4,0,2025-01-01
3917,845,LOW,4,0,2025-01-01
3918,754,LOW,4,0,2025-01-01
3919,382,HIGH,4,0,2025-01-01
3920,765,LOW,1,1500,2025-01-01
3921,685,LOW,0,0,2025-01-01
3922,680,LOW,3,0,2025-01-01
3923,470,HIGH,2,0,2025-01-01
3924,323,HIGH,4,0,2025-01-01
3925,467,HIGH,3,500,2025-01-01
3926,418,HIGH,1,0,2025-01-01
3927,524,HIGH,3,0,2025-01-01
3928,738,LOW,1,0,2025-01-01
3929,726,LOW,3,0,2025-01-01
3930,470,HIGH,2,1500,2025-01-01
3931,339,HIGH,3,0,2025-01-01
3932,522,HIGH,1,1500,2025-01-01
3933,584,MEDIUM,4,500,2025-01-01
3934,499,HIGH,4,500,2025-01-01
3935,548,HIGH,1,1500,2025-01-01
3936,430,HIGH,0,0,2025-01-01
3937,486,HIGH,0,0,2025-01-01
3938,839,LOW,2,0,2025-01-01
3939,511,HIGH,1,0,2025-01-01
3940,790,LOW,4,1500,2025-01-01
3941,317,HIGH,2,0,2025-01-01
3942,440,HIGH,4,500,2025-01-01
3943,711,LOW,2,1500,2025-01-01
3944,303,HIGH,2,0,2025-01-01
3945,603,MEDIUM,1,500,2025-01-01
3946,839,LOW,0,0,2025-01-01
3947,471,HIGH,2,500,2025-01-01
3948,849,LOW,3,0,2025-01-01
3949,431,HIGH,1,0,2025-01-01
3950,459,HIGH,0,0,2025-01-01
3951,814,LOW,1,0,2025-01-01
3952,725,LOW,0,0,2025-01-01
3953,757,LOW,2,500,2025-01-01
3954,331,HIGH,0,0,2025-01-01
3955,622,MEDIUM,4,0,2025-01-01
3956,840,LOW,0,500,2025-01-01
3957,483,HIGH,1,0,2025-01-01
3958,795,LOW,1,0,2025-01-01
3959,417,HIGH,2,0,2025-01-01
3960,548,HIGH,0,0,2025-01-01
3961,751,LOW,3,0,2025-01-01
3962,684,LOW,1,500,2025-01-01
3963,320,HIGH,2,0,2025-01-01
3964,830,LOW,3,0,2025-01-01
3965,505,HIGH,2,1500,2025-01-01
3966,767,LOW,3,500,2025-01-01
3967,445,HIGH,0,0,2025-01-01
3968,302,HIGH,2,1500,2025-01-01
3969,814,LOW,3,0,2025-01-01
3970,635,MEDIUM,3,0,2025-01-01
3971,542,HIGH,2,0,2025-01-01
3972,650,MEDIUM,2,0,2025-01-01
3973,821,LOW,3,0,2025-01-01
3974,373,HIGH,4,0,2025-01-01
3975,745,LOW,0,500,2025-01-01
3976,364,HIGH,1,0,2025-01-01
3977,325,HIGH,1,0,2025-01-01
3978,448,HIGH,2,0,2025-01-01
3979,535,HIGH,3,0,2025-01-01
3980,706,LOW,1,0,2025-01-01
3981,731,LOW,1,0,2025-01-01
3982,633,MEDIUM,3,0,2025-01-01
3983,789,LOW,3,0,2025-01-01
3984,774,LOW,3,0,2025-01-01
3985,392,HIGH,2,500,2025-01-01
3986,645,MEDIUM,2,0,2025-01-01
3987,669,MEDIUM,2,500,2025-01-01
3988,457,HIGH,3,0,2025-01-01
3989,778,LOW,0,0,2025-01-01
3990,340,HIGH,1,0,2025-01-01
3991,833,LOW,3,0,2025-01-01
3992,834,LOW,0,0,2025-01-01
3993,611,MEDIUM,2,0,2025-01-01
3994,632,MEDIUM,2,0,2025-01-01
3995,569,HIGH,4,0,2025-01-01
3996,668,MEDIUM,2,0,2025-01-01
3997,419,HIGH,3,0,2025-01-01
3998,737,LOW,4,0,2025-01-01
3999,679,LOW,2,0,2025-01-01
4000,812,LOW,1,0,2025-01-01
4001,422,HIGH,3,0,2025-01-01
4002,526,HIGH,2,0,2025-01-01
4003,330,HIGH,0,1500,2025-01-01
4004,390,HIGH,4,1500,2025-01-01
4005,834,LOW,0,0,2025-01-01
4006,576,HIGH,4,0,2025-01-01
4007,428,HIGH,2,0,2025-01-01
4008,791,LOW,4,500,2025-01-01
4009,620,MEDIUM,0,0,2025-01-01
4010,354,HIGH,4,0,2025-01-01
4011,425,HIGH,1,1500,2025-01-01
4012,598,MEDIUM,0,0,2025-01-01
4013,725,LOW,0,0,2025-01-01
4014,817,LOW,2,0,2025-01-01
4015,616,MEDIUM,4,500,2025-01-01
4016,419,HIGH,2,0,2025-01-01
4017,517,HIGH,4,0,2025-01-01
4018,453,HIGH,1,500,2025-01-01
4019,813,LOW,4,0,2025-01-01
4020,440,HIGH,3,0,2025-01-01
4021,524,HIGH,3,0,2025-01-01
4022,624,MEDIUM,4,0,2025-01-01
4023,352,HIGH,3,0,2025-01-01
4024,566,HIGH,4,1500,2025-01-01
4025,537,HIGH,3,500,2025-01-01
4026,688,LOW,0,0,2025-01-01
4027,831,LOW,4,0,2025-01-01
4028,573,HIGH,0,0,2025-01-01
4029,455,HIGH,0,0,2025-01-01
4030,529,HIGH,0,0,2025-01-01
4031,821,LOW,1,0,2025-01-01
4032,408,HIGH,0,1500,2025-01-01
4033,462,HIGH,2,500,2025-01-01
4034,355,HIGH,1,0,2025-01-01
4035,683,LOW,3,0,2025-01-01
4036,560,HIGH,0,0,2025-01-01
4037,611,MEDIUM,1,500,2025-01-01
4038,828,LOW,3,1500,2025-01-01
4039,428,HIGH,0,0,2025-01-01
4040,320,HIGH,1,500,2025-01-01
4041,426,HIGH,1,0,2025-01-01
4042,576,HIGH,3,0,2025-01-01
4043,689,LOW,4,1500,2025-01-01
4044,819,LOW,3,0,2025-01-01
4045,836,LOW,1,0,2025-01-01
4046,792,LOW,0,0,2025-01-01
4047,419,HIGH,4,0,2025-01-01
4048,390,HIGH,0,0,2025-01-01
4049,509,HIGH,0,1500,2025-01-01
4050,552,HIGH,4,0,2025-01-01
4051,539,HIGH,4,1500,2025-01-01
4052,731,LOW,4,0,2025-01-01
4053,480,HIGH,1,1500,2025-01-01
4054,807,LOW,1,0,2025-01-01
4055,849,LOW,1,0,2025-01-01
4056,748,LOW,3,500,2025-01-01
4057,376,HIGH,4,0,2025-01-01
4058,597,MEDIUM,4,0,2025-01-01
4059,597,MEDIUM,4,0,2025-01-01
4060,506,HIGH,0,500,2025-01-01
4061,699,LOW,4,0,2025-01-01
4062,449,HIGH,2,1500,2025-01-01
4063,540,HIGH,2,1500,2025-01-01
4064,648,MEDIUM,2,0,2025-01-01
4065,539,HIGH,4,0,2025-01-01
4066,733,LOW,3,0,2025-01-01
4067,509,HIGH,1,0,2025-01-01
4068,797,LOW,0,1500,2025-01-01
4069,363,HIGH,2,0,2025-01-01
4070,801,LOW,2,1500,2025-01-01
4071,564,HIGH,0,0,2025-01-01
4072,744,LOW,0,0,2025-01-01
4073,592,MEDIUM,1,0,2025-01-01
4074,812,LOW,3,0,2025-01-01
4075,425,HIGH,1,0,2025-01-01
4076,487,HIGH,2,0,2025-01-01
4077,613,MEDIUM,2,0,2025-01-01
4078,446,HIGH,2,0,2025-01-01
4079,316,HIGH,0,500,2025-01-01
4080,834,LOW,3,0,2025-01-01
4081,813,LOW,0,0,2025-01-01
4082,716,LOW,0,0,2025-01-01
4083,809,LOW,2,0,2025-01-01
4084,614,MEDIUM,4,0,2025-01-01
4085,330,HIGH,1,0,2025-01-01
4086,739,LOW,4,1500,2025-01-01
4087,378,HIGH,2,0,2025-01-01
4088,530,HIGH,0,500,2025-01-01
4089,629,MEDIUM,4,0,2025-01-01
4090,701,LOW,2,0,2025-01-01
4091,418,HIGH,0,0,2025-01-01
4092,545,HIGH,0,0,2025-01-01
4093,314,HIGH,0,0,2025-01-01
4094,779,LOW,1,500,2025-01-01
4095,390,HIGH,1,1500,2025-01-01
4096,582,MEDIUM,0,0,2025-01-01
4097,760,LOW,4,0,2025-01-01
4098,539,HIGH,3,0,2025-01-01
4099,669,MEDIUM,0,0,2025-01-01
4100,792,LOW,1,0,2025-01-01
4101,805,LOW,3,0,2025-01-01
4102,839,LOW,2,0,2025-01-01
4103,360,HIGH,1,0,2025-01-01
4104,821,LOW,0,1500,2025-01-01
4105,488,HIGH,1,0,2025-01-01
4106,452,HIGH,3,0,2025-01-01
4107,740,LOW,2,0,2025-01-01
4108,724,LOW,4,1500,2025-01-01
4109,488,HIGH,4,500,2025-01-01
4110,418,HIGH,1,1500,2025-01-01
4111,724,LOW,2,0,2025-01-01
4112,605,MEDIUM,3,0,2025-01-01
4113,571,HIGH,1,1500,2025-01-01
4114,436,HIGH,0,0,2025-01-01
4115,340,HIGH,4,0,2025-01-01
4116,667,MEDIUM,3,1500,2025-01-01
4117,846,LOW,3,0,2025-01-01
4118,435,HIGH,0,0,2025-01-01
4119,565,HIGH,2,1500,2025-01-01
4120,343,HIGH,3,0,2025-01-01
4121,627,MEDIUM,2,0,2025-01-01
4122,568,HIGH,4,0,2025-01-01
4123,474,HIGH,1,0,2025-01-01
4124,844,LOW,0,500,2025-01-01
4125,314,HIGH,2,0,2025-01-01
4126,379,HIGH,0,0,2025-01-01
4127,319,HIGH,0,0,2025-01-01
4128,591,MEDIUM,0,0,2025-01-01
4129,602,MEDIUM,3,1500,2025-01-01
4130,786,LOW,2,1500,2025-01-01
4131,360,HIGH,1,1500,2025-01-01
4132,788,LOW,3,500,2025-01-01
4133,479,HIGH,2,0,2025-01-01
4134,315,HIGH,2,0,2025-01-01
4135,690,LOW,2,0,2025-01-01
4136,589,MEDIUM,4,1500,2025-01-01
4137,772,LOW,4,500,2025-01-01
4138,608,MEDIUM,1,0,2025-01-01
4139,455,HIGH,2,0,2025-01-01
4140,528,HIGH,0,0,2025-01-01
4141,813,LOW,1,1500,2025-01-01
4142,672,LOW,0,0,2025-01-01
4143,349,HIGH,1,0,2025-01-01
4144,678,LOW,3,0,2025-01-01
4145,417,HIGH,2,0,2025-01-01
4146,656,MEDIUM,2,0,2025-01-01
4147,835,LOW,2,1500,2025-01-01
4148,394,HIGH,4,0,2025-01-01
4149,713,LOW,0,1500,2025-01-01
4150,695,LOW,2,0,2025-01-01
4151,826,LOW,3,0,2025-01-01
4152,709,LOW,2,0,2025-01-01
4153,389,HIGH,3,1500,2025-01-01
4154,458,HIGH,3,1500,2025-01-01
4155,353,HIGH,3,0,2025-01-01
4156,469,HIGH,0,1500,2025-01-01
4157,832,LOW,4,0,2025-01-01
4158,395,HIGH,3,500,2025-01-01
4159,840,LOW,0,0,2025-01-01
4160,602,MEDIUM,3,0,2025-01-01
4161,577,HIGH,3,1500,2025-01-01
4162,590,MEDIUM,1,1500,2025-01-01
4163,382,HIGH,0,0,2025-01-01
4164,752,LOW,0,0,2025-01-01
4165,834,LOW,1,0,2025-01-01
4166,304,HIGH,3,0,2025-01-01
4167,464,HIGH,3,0,2025-01-01
4168,844,LOW,4,0,2025-01-01
4169,811,LOW,4,0,2025-01-01
4170,632,MEDIUM,2,500,2025-01-01
4171,557,HIGH,3,0,2025-01-01
4172,418,HIGH,0,0,2025-01-01
4173,361,HIGH,0,0,2025-01-01
4174,696,LOW,1,0,2025-01-01
4175,767,LOW,3,1500,2025-01-01
4176,680,LOW,0,500,2025-01-01
4177,602,MEDIUM,3,0,2025-01-01
4178,778,LOW,0,0,2025-01-01
4179,748,LOW,4,0,2025-01-01
4180,617,MEDIUM,4,0,2025-01-01
4181,415,HIGH,1,0,2025-01-01
4182,633,MEDIUM,1,0,2025-01-01
4183,511,HIGH,3,1500,2025-01-01
4184,704,LOW,4,0,2025-01-01
4185,324,HIGH,0,0,2025-01-01
4186,717,LOW,2,0,2025-01-01
4187,788,LOW,2,0,2025-01-01
4188,760,LOW,3,0,2025-01-01
4189,431,HIGH,3,0,2025-01-01
4190,768,LOW,1,0,2025-01-01
4191,362,HIGH,0,0,2025-01-01
4192,579,HIGH,2,0,2025-01-01
4193,664,MEDIUM,2,0,2025-01-01
4194,322,HIGH,4,500,2025-01-01
4195,762,LOW,4,0,2025-01-01
4196,591,MEDIUM,3,0,2025-01-01
4197,476,HIGH,4,0,2025-01-01
4198,541,HIGH,4,0,2025-01-01
4199,552,HIGH,4,0,2025-01-01
4200,394,HIGH,0,0,2025-01-01
4201,658,MEDIUM,2,0,2025-01-01
4202,612,MEDIUM,2,0,2025-01-01
4203,794,LOW,4,0,2025-01-01
4204,571,HIGH,3,0,2025-01-01
4205,630,MEDIUM,0,0,2025-01-01
4206,353,HIGH,1,0,2025-01-01
4207,426,HIGH,3,0,2025-01-01
4208,345,HIGH,2,500,2025-01-01
4209,712,LOW,0,0,2025-01-01
4210,701,LOW,4,0,2025-01-01
4211,665,MEDIUM,0,1500,2025-01-01
4212,587,MEDIUM,1,0,2025-01-01
4213,696,LOW,4,1500,2025-01-01
4214,661,MEDIUM,4,0,2025-01-01
4215,683,LOW,3,0,2025-01-01
4216,509,HIGH,2,1500,2025-01-01
4217,343,HIGH,1,0,2025-01-01
4218,664,MEDIUM,0,0,2025-01-01
4219,522,HIGH,4,0,2025-01-01
4220,690,LOW,2,0,2025-01-01
4221,835,LOW,4,0,2025-01-01
4222,735,LOW,0,0,2025-01-01
4223,627,MEDIUM,0,500,2025-01-01
4224,366,HIGH,1,0,2025-01-01
4225,539,HIGH,2,0,2025-01-01
4226,321,HIGH,0,0,2025-01-01
4227,592,MEDIUM,0,0,2025-01-01
4228,611,MEDIUM,0,1500,2025-01-01
4229,511,HIGH,1,0,2025-01-01
4230,478,HIGH,0,500,2025-01-01
4231,359,HIGH,0,0,2025-01-01
4232,381,HIGH,2,0,2025-01-01
4233,521,HIGH,3,1500,2025-01-01
4234,437,HIGH,4,500,2025-01-01
4235,552,HIGH,2,0,2025-01-01
4236,694,LOW,1,0,2025-01-01
4237,815,LOW,1,1500,2025-01-01
4238,486,HIGH,4,500,2025-01-01
4239,394,HIGH,4,0,2025-01-01
4240,493,HIGH,1,500,2025-01-01
4241,632,MEDIUM,3,0,2025-01-01
4242,375,HIGH,0,500,2025-01-01
4243,737,LOW,2,500,2025-01-01
4244,348,HIGH,2,0,2025-01-01
4245,534,HIGH,3,0,2025-01-01
4246,815,LOW,2,0,2025-01-01
4247,341,HIGH,1,0,2025-01-01
4248,572,HIGH,3,0,2025-01-01
4249,514,HIGH,2,0,2025-01-01
4250,758,LOW,4,500,2025-01-01
4251,397,HIGH,0,0,2025-01-01
4252,792,LOW,1,0,2025-01-01
4253,704,LOW,4,0,2025-01-01
4254,471,HIGH,2,500,2025-01-01
4255,547,HIGH,0,0,2025-01-01
4256,668,MEDIUM,3,0,2025-01-01
4257,396,HIGH,3,0,2025-01-01
4258,525,HIGH,3,1500,2025-01-01
4259,713,LOW,1,0,2025-01-01
4260,406,HIGH,3,500,2025-01-01
4261,358,HIGH,2,500,2025-01-01
4262,390,HIGH,2,0,2025-01-01
4263,650,MEDIUM,2,500,2025-01-01
4264,826,LOW,2,0,2025-01-01
4265,685,LOW,2,0,2025-01-01
4266,336,HIGH,3,0,2025-01-01
4267,778,LOW,1,0,2025-01-01
4268,786,LOW,3,0,2025-01-01
4269,513,HIGH,4,0,2025-01-01
4270,397,HIGH,1,500,2025-01-01
4271,626,MEDIUM,0,0,2025-01-01
4272,813,LOW,1,0,2025-01-01
4273,361,HIGH,3,0,2025-01-01
4274,731,LOW,3,500,2025-01-01
4275,486,HIGH,1,0,2025-01-01
4276,571,HIGH,4,1500,2025-01-01
4277,386,HIGH,1,0,2025-01-01
4278,520,HIGH,1,0,2025-01-01
4279,488,HIGH,3,0,2025-01-01
4280,569,HIGH,2,0,2025-01-01
4281,421,HIGH,0,0,2025-01-01
4282,827,LOW,2,1500,2025-01-01
4283,413,HIGH,0,0,2025-01-01
4284,628,MEDIUM,2,0,2025-01-01
4285,364,HIGH,0,0,2025-01-01
4286,728,LOW,2,0,2025-01-01
4287,540,HIGH,1,500,2025-01-01
4288,810,LOW,3,0,2025-01-01
4289,724,LOW,4,500,2025-01-01
4290,748,LOW,0,1500,2025-01-01
4291,803,LOW,3,0,2025-01-01
4292,521,HIGH,0,0,2025-01-01
4293,388,HIGH,1,1500,2025-01-01
4294,362,HIGH,0,1500,2025-01-01
4295,399,HIGH,4,500,2025-01-01
4296,695,LOW,0,0,2025-01-01
4297,831,LOW,0,1500,2025-01-01
4298,681,LOW,3,1500,2025-01-01
4299,618,MEDIUM,1,1500,2025-01-01
4300,792,LOW,0,0,2025-01-01
4301,461,HIGH,3,500,2025-01-01
4302,802,LOW,4,0,2025-01-01
4303,496,HIGH,0,1500,2025-01-01
4304,518,HIGH,1,0,2025-01-01
4305,654,MEDIUM,0,0,2025-01-01
4306,453,HIGH,2,0,2025-01-01
4307,628,MEDIUM,3,1500,2025-01-01
4308,770,LOW,2,1500,2025-01-01
4309,327,HIGH,4,0,2025-01-01
4310,701,LOW,0,0,2025-01-01
4311,819,LOW,2,0,2025-01-01
4312,627,MEDIUM,1,0,2025-01-01
4313,778,LOW,4,0,2025-01-01
4314,616,MEDIUM,4,0,2025-01-01
4315,592,MEDIUM,4,0,2025-01-01
4316,828,LOW,0,0,2025-01-01
4317,406,HIGH,2,0,2025-01-01
4318,741,LOW,1,1500,2025-01-01
4319,655,MEDIUM,3,0,2025-01-01
4320,450,HIGH,4,0,2025-01-01
4321,485,HIGH,0,0,2025-01-01
4322,689,LOW,0,500,2025-01-01
4323,636,MEDIUM,3,0,2025-01-01
4324,847,LOW,0,0,2025-01-01
4325,383,HIGH,1,0,2025-01-01
4326,702,LOW,4,1500,2025-01-01
4327,708,LOW,0,0,2025-01-01
4328,343,HIGH,2,0,2025-01-01
4329,726,LOW,4,1500,2025-01-01
4330,817,LOW,1,0,2025-01-01
4331,657,MEDIUM,4,0,2025-01-01
4332,597,MEDIUM,0,1500,2025-01-01
4333,755,LOW,1,0,2025-01-01
4334,382,HIGH,0,1500,2025-01-01
4335,547,HIGH,4,500,2025-01-01
4336,730,LOW,0,500,2025-01-01
4337,454,HIGH,1,0,2025-01-01
4338,422,HIGH,1,500,2025-01-01
4339,747,LOW,0,0,2025-01-01
4340,816,LOW,3,0,2025-01-01
4341,708,LOW,2,0,2025-01-01
4342,399,HIGH,4,0,2025-01-01
4343,318,HIGH,1,0,2025-01-01
4344,520,HIGH,1,0,2025-01-01
4345,557,HIGH,0,0,2025-01-01
4346,317,HIGH,2,0,2025-01-01
4347,713,LOW,2,500,2025-01-01
4348,849,LOW,0,0,2025-01-01
4349,594,MEDIUM,2,500,2025-01-01
4350,769,LOW,0,0,2025-01-01
4351,511,HIGH,2,0,2025-01-01
4352,838,LOW,3,0,2025-01-01
4353,833,LOW,4,1500,2025-01-01
4354,847,LOW,2,0,2025-01-01
4355,403,HIGH,4,0,2025-01-01
4356,531,HIGH,0,1500,2025-01-01
4357,480,HIGH,2,500,2025-01-01
4358,623,MEDIUM,3,0,2025-01-01
4359,494,HIGH,4,0,2025-01-01
4360,584,MEDIUM,2,0,2025-01-01
4361,565,HIGH,0,1500,2025-01-01
4362,559,HIGH,1,0,2025-01-01
4363,692,LOW,3,0,2025-01-01
4364,632,MEDIUM,3,1500,2025-01-01
4365,379,HIGH,0,0,2025-01-01
4366,542,HIGH,3,0,2025-01-01
4367,821,LOW,3,0,2025-01-01
4368,411,HIGH,2,500,2025-01-01
4369,622,MEDIUM,4,0,2025-01-01
4370,774,LOW,4,0,2025-01-01
4371,744,LOW,2,0,2025-01-01
4372,555,HIGH,0,1500,2025-01-01
4373,713,LOW,4,0,2025-01-01
4374,828,LOW,0,0,2025-01-01
4375,452,HIGH,4,0,2025-01-01
4376,821,LOW,2,0,2025-01-01
4377,821,LOW,1,0,2025-01-01
4378,808,LOW,2,1500,2025-01-01
4379,775,LOW,3,0,2025-01-01
4380,404,HIGH,2,500,2025-01-01
4381,848,LOW,3,0,2025-01-01
4382,700,LOW,3,0,2025-01-01
4383,353,HIGH,0,1500,2025-01-01
4384,757,LOW,0,0,2025-01-01
4385,825,LOW,4,0,2025-01-01
4386,796,LOW,2,500,2025-01-01
4387,548,HIGH,4,0,2025-01-01
4388,707,LOW,3,0,2025-01-01
4389,461,HIGH,3,500,2025-01-01
4390,418,HIGH,1,500,2025-01-01
4391,610,MEDIUM,3,1500,2025-01-01
4392,648,MEDIUM,2,0,2025-01-01
4393,517,HIGH,4,0,2025-01-01
4394,564,HIGH,4,0,2025-01-01
4395,717,LOW,3,1500,2025-01-01
4396,314,HIGH,0,1500,2025-01-01
4397,415,HIGH,3,0,2025-01-01
4398,455,HIGH,4,500,2025-01-01
4399,618,MEDIUM,1,0,2025-01-01
4400,305,HIGH,0,0,2025-01-01
4401,505,HIGH,0,500,2025-01-01
4402,671,LOW,4,1500,2025-01-01
4403,471,HIGH,2,0,2025-01-01
4404,800,LOW,1,0,2025-01-01
4405,304,HIGH,3,0,2025-01-01
4406,749,LOW,3,500,2025-01-01
4407,743,LOW,0,0,2025-01-01
4408,508,HIGH,3,500,2025-01-01
4409,813,LOW,3,0,2025-01-01
4410,768,LOW,4,500,2025-01-01
4411,725,LOW,2,0,2025-01-01
4412,410,HIGH,0,0,2025-01-01
4413,385,HIGH,0,0,2025-01-01
4414,596,MEDIUM,4,1500,2025-01-01
4415,547,HIGH,2,500,2025-01-01
4416,336,HIGH,0,1500,2025-01-01
4417,555,HIGH,0,0,2025-01-01
4418,702,LOW,2,1500,2025-01-01
4419,456,HIGH,4,500,2025-01-01
4420,691,LOW,0,0,2025-01-01
4421,490,HIGH,0,0,2025-01-01
4422,621,MEDIUM,0,0,2025-01-01
4423,678,LOW,3,0,2025-01-01
4424,820,LOW,3,1500,2025-01-01
4425,561,HIGH,1,0,2025-01-01
4426,334,HIGH,1,0,2025-01-01
4427,359,HIGH,4,0,2025-01-01
4428,688,LOW,3,0,2025-01-01
4429,413,HIGH,1,0,2025-01-01
4430,329,HIGH,0,0,2025-01-01
4431,697,LOW,3,0,2025-01-01
4432,459,HIGH,3,500,2025-01-01
4433,354,HIGH,2,500,2025-01-01
4434,797,LOW,0,0,2025-01-01
4435,650,MEDIUM,4,0,2025-01-01
4436,421,HIGH,1,0,2025-01-01
4437,614,MEDIUM,0,0,2025-01-01
4438,472,HIGH,2,0,2025-01-01
4439,367,HIGH,4,1500,2025-01-01
4440,719,LOW,1,500,2025-01-01
4441,604,MEDIUM,4,0,2025-01-01
4442,369,HIGH,0,500,2025-01-01
4443,818,LOW,0,0,2025-01-01
4444,396,HIGH,0,0,2025-01-01
4445,495,HIGH,3,0,2025-01-01
4446,764,LOW,4,500,2025-01-01
4447,457,HIGH,2,0,2025-01-01
4448,354,HIGH,4,0,2025-01-01
4449,429,HIGH,0,0,2025-01-01
4450,710,LOW,4,0,2025-01-01
4451,813,LOW,3,0,2025-01-01
4452,316,HIGH,0,1500,2025-01-01
4453,618,MEDIUM,0,0,2025-01-01
4454,446,HIGH,0,500,2025-01-01
4455,449,HIGH,2,0,2025-01-01
4456,557,HIGH,1,0,2025-01-01
4457,714,LOW,2,0,2025-01-01
4458,587,MEDIUM,4,1500,2025-01-01
4459,422,HIGH,2,500,2025-01-01
4460,408,HIGH,1,0,2025-01-01
4461,545,HIGH,1,0,2025-01-01
4462,814,LOW,2,0,2025-01-01
4463,617,MEDIUM,3,0,2025-01-01
4464,429,HIGH,1,500,2025-01-01
4465,441,HIGH,4,0,2025-01-01
4466,610,MEDIUM,1,0,2025-01-01
4467,702,LOW,3,500,2025-01-01
4468,499,HIGH,3,1500,2025-01-01
4469,839,LOW,0,0,2025-01-01
4470,669,MEDIUM,0,0,2025-01-01
4471,357,HIGH,0,0,2025-01-01
4472,563,HIGH,2,500,2025-01-01
4473,369,HIGH,1,0,2025-01-01
4474,781,LOW,4,0,2025-01-01
4475,493,HIGH,0,0,2025-01-01
4476,415,HIGH,1,0,2025-01-01
4477,785,LOW,2,0,2025-01-01
4478,539,HIGH,3,0,2025-01-01
4479,670,LOW,1,0,2025-01-01
4480,421,HIGH,3,0,2025-01-01
4481,832,LOW,1,0,2025-01-01
4482,477,HIGH,4,0,2025-01-01
4483,837,LOW,1,1500,2025-01-01
4484,641,MEDIUM,4,0,2025-01-01
4485,700,LOW,0,500,2025-01-01
4486,734,LOW,3,0,2025-01-01
4487,425,HIGH,3,0,2025-01-01
4488,772,LOW,1,1500,2025-01-01
4489,329,HIGH,0,0,2025-01-01
4490,825,LOW,0,0,2025-01-01
4491,401,HIGH,1,0,2025-01-01
4492,486,HIGH,2,1500,2025-01-01
4493,356,HIGH,2,0,2025-01-01
4494,741,LOW,0,500,2025-01-01
4495,386,HIGH,4,0,2025-01-01
4496,700,LOW,1,0,2025-01-01
4497,549,HIGH,1,1500,2025-01-01
4498,390,HIGH,2,1500,2025-01-01
4499,693,LOW,2,0,2025-01-01
4500,662,MEDIUM,1,500,2025-01-01
4501,600,MEDIUM,4,0,2025-01-01
4502,422,HIGH,0,0,2025-01-01
4503,402,HIGH,3,0,2025-01-01
4504,482,HIGH,4,0,2025-01-01
4505,546,HIGH,4,0,2025-01-01
4506,748,LOW,4,0,2025-01-01
4507,457,HIGH,0,0,2025-01-01
4508,491,HIGH,1,1500,2025-01-01
4509,658,MEDIUM,1,500,2025-01-01
4510,496,HIGH,4,0,2025-01-01
4511,747,LOW,4,0,2025-01-01
4512,790,LOW,4,0,2025-01-01
4513,411,HIGH,1,0,2025-01-01
4514,337,HIGH,0,0,2025-01-01
4515,533,HIGH,3,0,2025-01-01
4516,489,HIGH,1,500,2025-01-01
4517,689,LOW,4,0,2025-01-01
4518,432,HIGH,2,0,2025-01-01
4519,620,MEDIUM,4,500,2025-01-01
4520,647,MEDIUM,4,1500,2025-01-01
4521,658,MEDIUM,1,0,2025-01-01
4522,322,HIGH,3,500,2025-01-01
4523,520,HIGH,3,500,2025-01-01
4524,619,MEDIUM,3,0,2025-01-01
4525,795,LOW,4,0,2025-01-01
4526,420,HIGH,2,0,2025-01-01
4527,530,HIGH,3,0,2025-01-01
4528,791,LOW,2,0,2025-01-01
4529,715,LOW,3,500,2025-01-01
4530,721,LOW,4,1500,2025-01-01
4531,334,HIGH,4,500,2025-01-01
4532,773,LOW,1,1500,2025-01-01
4533,507,HIGH,4,0,2025-01-01
4534,762,LOW,2,0,2025-01-01
4535,818,LOW,1,0,2025-01-01
4536,433,HIGH,0,1500,2025-01-01
4537,489,HIGH,3,0,2025-01-01
4538,442,HIGH,2,500,2025-01-01
4539,517,HIGH,4,0,2025-01-01
4540,332,HIGH,0,0,2025-01-01
4541,605,MEDIUM,3,0,2025-01-01
4542,480,HIGH,3,0,2025-01-01
4543,604,MEDIUM,3,500,2025-01-01
4544,624,MEDIUM,4,0,2025-01-01
4545,564,HIGH,3,1500,2025-01-01
4546,677,LOW,0,0,2025-01-01
4547,787,LOW,2,0,2025-01-01
4548,707,LOW,0,1500,2025-01-01
4549,810,LOW,2,0,2025-01-01
4550,642,MEDIUM,0,500,2025-01-01
4551,479,HIGH,1,0,2025-01-01
4552,595,MEDIUM,2,1500,2025-01-01
4553,439,HIGH,4,0,2025-01-01
4554,337,HIGH,0,0,2025-01-01
4555,358,HIGH,0,1500,2025-01-01
4556,417,HIGH,1,0,2025-01-01
4557,825,LOW,4,0,2025-01-01
4558,311,HIGH,4,0,2025-01-01
4559,553,HIGH,1,1500,2025-01-01
4560,715,LOW,3,1500,2025-01-01
4561,827,LOW,2,500,2025-01-01
4562,666,MEDIUM,3,1500,2025-01-01
4563,518,HIGH,4,0,2025-01-01
4564,513,HIGH,1,0,2025-01-01
4565,659,MEDIUM,2,500,2025-01-01
4566,554,HIGH,1,1500,2025-01-01
4567,391,HIGH,2,1500,2025-01-01
4568,750,LOW,1,1500,2025-01-01
4569,823,LOW,4,1500,2025-01-01
4570,737,LOW,3,0,2025-01-01
4571,587,MEDIUM,4,0,2025-01-01
4572,487,HIGH,0,0,2025-01-01
4573,848,LOW,3,1500,2025-01-01
4574,509,HIGH,2,0,2025-01-01
4575,625,MEDIUM,4,0,2025-01-01
4576,688,LOW,2,1500,2025-01-01
4577,691,LOW,4,0,2025-01-01
4578,735,LOW,0,0,2025-01-01
4579,764,LOW,4,0,2025-01-01
4580,513,HIGH,2,0,2025-01-01
4581,711,LOW,0,0,2025-01-01
4582,841,LOW,1,0,2025-01-01
4583,410,HIGH,4,0,2025-01-01
4584,419,HIGH,3,0,2025-01-01
4585,490,HIGH,3,1500,2025-01-01
4586,837,LOW,4,0,2025-01-01
4587,548,HIGH,3,0,2025-01-01
4588,583,MEDIUM,0,0,2025-01-01
4589,616,MEDIUM,2,500,2025-01-01
4590,610,MEDIUM,2,0,2025-01-01
4591,333,HIGH,2,0,2025-01-01
4592,453,HIGH,0,0,2025-01-01
4593,755,LOW,0,1500,2025-01-01
4594,362,HIGH,2,500,2025-01-01
4595,795,LOW,3,0,2025-01-01
4596,805,LOW,4,0,2025-01-01
4597,620,MEDIUM,4,0,2025-01-01
4598,828,LOW,4,0,2025-01-01
4599,580,MEDIUM,1,0,2025-01-01
4600,615,MEDIUM,1,0,2025-01-01
4601,578,HIGH,0,500,2025-01-01
4602,511,HIGH,0,1500,2025-01-01
4603,708,LOW,4,0,2025-01-01
4604,587,MEDIUM,4,0,2025-01-01
4605,557,HIGH,4,0,2025-01-01
4606,392,HIGH,4,500,2025-01-01
4607,338,HIGH,0,0,2025-01-01
4608,735,LOW,2,500,2025-01-01
4609,697,LOW,2,0,2025-01-01
4610,626,MEDIUM,4,0,2025-01-01
4611,542,HIGH,4,0,2025-01-01
4612,482,HIGH,2,1500,2025-01-01
4613,767,LOW,0,0,2025-01-01
4614,352,HIGH,1,0,2025-01-01
4615,775,LOW,2,0,2025-01-01
4616,459,HIGH,4,0,2025-01-01
4617,471,HIGH,1,0,2025-01-01
4618,674,LOW,4,0,2025-01-01
4619,608,MEDIUM,3,0,2025-01-01
4620,540,HIGH,3,500,2025-01-01
4621,493,HIGH,3,0,2025-01-01
4622,623,MEDIUM,0,1500,2025-01-01
4623,762,LOW,3,0,2025-01-01
4624,755,LOW,3,0,2025-01-01
4625,426,HIGH,3,0,2025-01-01
4626,474,HIGH,4,500,2025-01-01
4627,418,HIGH,4,0,2025-01-01
4628,576,HIGH,1,0,2025-01-01
4629,393,HIGH,3,0,2025-01-01
4630,491,HIGH,4,0,2025-01-01
4631,342,HIGH,0,1500,2025-01-01
4632,825,LOW,1,0,2025-01-01
4633,830,LOW,4,0,2025-01-01
4634,388,HIGH,3,0,2025-01-01
4635,836,LOW,3,500,2025-01-01
4636,455,HIGH,0,0,2025-01-01
4637,716,LOW,2,0,2025-01-01
4638,812,LOW,3,500,2025-01-01
4639,474,HIGH,4,0,2025-01-01
4640,444,HIGH,1,1500,2025-01-01
4641,675,LOW,1,0,2025-01-01
4642,729,LOW,3,500,2025-01-01
4643,681,LOW,0,0,2025-01-01
4644,348,HIGH,1,0,2025-01-01
4645,617,MEDIUM,2,0,2025-01-01
4646,420,HIGH,3,0,2025-01-01
4647,308,HIGH,2,1500,2025-01-01
4648,754,LOW,2,1500,2025-01-01
4649,816,LOW,0,0,2025-01-01
4650,597,MEDIUM,4,0,2025-01-01
4651,757,LOW,2,0,2025-01-01
4652,831,LOW,3,500,2025-01-01
4653,332,HIGH,4,1500,2025-01-01
4654,560,HIGH,4,0,2025-01-01
4655,788,LOW,1,0,2025-01-01
4656,691,LOW,1,0,2025-01-01
4657,333,HIGH,3,0,2025-01-01
4658,497,HIGH,4,500,2025-01-01
4659,651,MEDIUM,1,1500,2025-01-01
4660,476,HIGH,2,0,2025-01-01
4661,790,LOW,2,0,2025-01-01
4662,385,HIGH,3,500,2025-01-01
4663,641,MEDIUM,2,0,2025-01-01
4664,692,LOW,2,0,2025-01-01
4665,416,HIGH,2,0,2025-01-01
4666,711,LOW,3,0,2025-01-01
4667,323,HIGH,3,1500,2025-01-01
4668,331,HIGH,4,0,2025-01-01
4669,473,HIGH,4,0,2025-01-01
4670,420,HIGH,0,0,2025-01-01
4671,421,HIGH,1,1500,2025-01-01
4672,498,HIGH,4,0,2025-01-01
4673,576,HIGH,3,0,2025-01-01
4674,466,HIGH,3,0,2025-01-01
4675,324,HIGH,2,0,2025-01-01
4676,581,MEDIUM,2,500,2025-01-01
4677,587,MEDIUM,4,0,2025-01-01
4678,776,LOW,0,500,2025-01-01
4679,606,MEDIUM,0,0,2025-01-01
4680,627,MEDIUM,2,0,2025-01-01
4681,763,LOW,3,0,2025-01-01
4682,388,HIGH,1,0,2025-01-01
4683,682,LOW,1,0,2025-01-01
4684,645,MEDIUM,1,0,2025-01-01
4685,306,HIGH,2,500,2025-01-01
4686,324,HIGH,2,1500,2025-01-01
4687,602,MEDIUM,4,0,2025-01-01
4688,520,HIGH,4,0,2025-01-01
4689,527,HIGH,3,0,2025-01-01
4690,660,MEDIUM,0,0,2025-01-01
4691,616,MEDIUM,4,0,2025-01-01
4692,484,HIGH,3,0,2025-01-01
4693,308,HIGH,2,1500,2025-01-01
4694,333,HIGH,2,1500,2025-01-01
4695,490,HIGH,2,500,2025-01-01
4696,715,LOW,2,0,2025-01-01
4697,662,MEDIUM,0,500,2025-01-01
4698,511,HIGH,3,0,2025-01-01
4699,697,LOW,1,0,2025-01-01
4700,769,LOW,4,500,2025-01-01
4701,342,HIGH,3,500,2025-01-01
4702,801,LOW,2,0,2025-01-01
4703,744,LOW,1,0,2025-01-01
4704,555,HIGH,0,0,2025-01-01
4705,528,HIGH,0,0,2025-01-01
4706,365,HIGH,4,500,2025-01-01
4707,627,MEDIUM,4,0,2025-01-01
4708,832,LOW,2,0,2025-01-01
4709,770,LOW,1,0,2025-01-01
4710,823,LOW,2,500,2025-01-01
4711,766,LOW,2,1500,2025-01-01
4712,413,HIGH,0,0,2025-01-01
4713,310,HIGH,2,0,2025-01-01
4714,498,HIGH,3,0,2025-01-01
4715,400,HIGH,0,0,2025-01-01
4716,574,HIGH,2,0,2025-01-01
4717,642,MEDIUM,0,0,2025-01-01
4718,483,HIGH,3,0,2025-01-01
4719,433,HIGH,1,0,2025-01-01
4720,735,LOW,3,0,2025-01-01
4721,474,HIGH,4,1500,2025-01-01
4722,684,LOW,3,0,2025-01-01
4723,691,LOW,3,0,2025-01-01
4724,502,HIGH,4,500,2025-01-01
4725,475,HIGH,1,0,2025-01-01
4726,724,LOW,2,0,2025-01-01
4727,396,HIGH,2,0,2025-01-01
4728,348,HIGH,4,0,2025-01-01
4729,534,HIGH,2,0,2025-01-01
4730,663,MEDIUM,0,0,2025-01-01
4731,631,MEDIUM,0,0,2025-01-01
4732,639,MEDIUM,1,0,2025-01-01
4733,618,MEDIUM,3,0,2025-01-01
4734,781,LOW,1,0,2025-01-01
4735,714,LOW,4,0,2025-01-01
4736,692,LOW,0,0,2025-01-01
4737,761,LOW,1,500,2025-01-01
4738,805,LOW,3,0,2025-01-01
4739,788,LOW,3,0,2025-01-01
4740,848,LOW,2,0,2025-01-01
4741,682,LOW,1,0,2025-01-01
4742,424,HIGH,1,0,2025-01-01
4743,610,MEDIUM,3,0,2025-01-01
4744,793,LOW,1,0,2025-01-01
4745,770,LOW,3,0,2025-01-01
4746,777,LOW,1,0,2025-01-01
4747,375,HIGH,2,0,2025-01-01
4748,457,HIGH,2,1500,2025-01-01
4749,569,HIGH,2,0,2025-01-01
4750,438,HIGH,4,0,2025-01-01
4751,763,LOW,3,500,2025-01-01
4752,596,MEDIUM,4,0,2025-01-01
4753,739,LOW,2,0,2025-01-01
4754,841,LOW,4,0,2025-01-01
4755,343,HIGH,0,1500,2025-01-01
4756,745,LOW,3,0,2025-01-01
4757,301,HIGH,4,500,2025-01-01
4758,511,HIGH,2,0,2025-01-01
4759,503,HIGH,0,0,2025-01-01
4760,601,MEDIUM,1,1500,2025-01-01
4761,789,LOW,3,0,2025-01-01
4762,656,MEDIUM,1,1500,2025-01-01
4763,642,MEDIUM,4,0,2025-01-01
4764,307,HIGH,2,500,2025-01-01
4765,752,LOW,4,0,2025-01-01
4766,517,HIGH,3,0,2025-01-01
4767,534,HIGH,4,0,2025-01-01
4768,795,LOW,4,500,2025-01-01
4769,321,HIGH,3,500,2025-01-01
4770,320,HIGH,1,0,2025-01-01
4771,502,HIGH,1,0,2025-01-01
4772,360,HIGH,4,1500,2025-01-01
4773,424,HIGH,1,0,2025-01-01
4774,664,MEDIUM,4,0,2025-01-01
4775,533,HIGH,0,0,2025-01-01
4776,772,LOW,4,500,2025-01-01
4777,580,MEDIUM,2,0,2025-01-01
4778,836,LOW,1,0,2025-01-01
4779,627,MEDIUM,4,0,2025-01-01
4780,599,MEDIUM,4,500,2025-01-01
4781,495,HIGH,2,0,2025-01-01
4782,637,MEDIUM,1,0,2025-01-01
4783,805,LOW,1,1500,2025-01-01
4784,480,HIGH,1,0,2025-01-01
4785,336,HIGH,1,0,2025-01-01
4786,820,LOW,1,500,2025-01-01
4787,321,HIGH,1,0,2025-01-01
4788,681,LOW,0,0,2025-01-01
4789,586,MEDIUM,1,0,2025-01-01
4790,572,HIGH,1,0,2025-01-01
4791,543,HIGH,1,500,2025-01-01
4792,586,MEDIUM,0,0,2025-01-01
4793,516,HIGH,4,0,2025-01-01
4794,524,HIGH,3,500,2025-01-01
4795,587,MEDIUM,2,0,2025-01-01
4796,466,HIGH,2,1500,2025-01-01
4797,782,LOW,4,0,2025-01-01
4798,367,HIGH,1,0,2025-01-01
4799,567,HIGH,3,500,2025-01-01
4800,336,HIGH,1,0,2025-01-01
4801,696,LOW,4,0,2025-01-01
4802,526,HIGH,0,0,2025-01-01
4803,509,HIGH,0,1500,2025-01-01
4804,418,HIGH,2,1500,2025-01-01
4805,490,HIGH,0,1500,2025-01-01
4806,658,MEDIUM,2,0,2025-01-01
4807,629,MEDIUM,3,0,2025-01-01
4808,355,HIGH,1,0,2025-01-01
4809,805,LOW,0,1500,2025-01-01
4810,650,MEDIUM,1,0,2025-01-01
4811,563,HIGH,3,1500,2025-01-01
4812,345,HIGH,0,0,2025-01-01
4813,348,HIGH,0,1500,2025-01-01
4814,498,HIGH,4,1500,2025-01-01
4815,421,HIGH,1,0,2025-01-01
4816,643,MEDIUM,1,0,2025-01-01
4817,349,HIGH,2,0,2025-01-01
4818,817,LOW,2,0,2025-01-01
4819,470,HIGH,0,0,2025-01-01
4820,538,HIGH,0,1500,2025-01-01
4821,333,HIGH,4,0,2025-01-01
4822,539,HIGH,3,0,2025-01-01
4823,798,LOW,1,0,2025-01-01
4824,519,HIGH,4,500,2025-01-01
4825,322,HIGH,2,500,2025-01-01
4826,846,LOW,4,500,2025-01-01
4827,339,HIGH,4,0,2025-01-01
4828,747,LOW,0,500,2025-01-01
4829,402,HIGH,4,0,2025-01-01
4830,406,HIGH,4,0,2025-01-01
4831,533,HIGH,2,0,2025-01-01
4832,367,HIGH,4,0,2025-01-01
4833,834,LOW,3,0,2025-01-01
4834,788,LOW,0,0,2025-01-01
4835,630,MEDIUM,2,500,2025-01-01
4836,473,HIGH,2,0,2025-01-01
4837,383,HIGH,3,0,2025-01-01
4838,712,LOW,0,0,2025-01-01
4839,789,LOW,0,1500,2025-01-01
4840,406,HIGH,0,0,2025-01-01
4841,618,MEDIUM,2,0,2025-01-01
4842,351,HIGH,2,0,2025-01-01
4843,421,HIGH,2,0,2025-01-01
4844,737,LOW,1,0,2025-01-01
4845,582,MEDIUM,2,0,2025-01-01
4846,643,MEDIUM,4,0,2025-01-01
4847,733,LOW,3,0,2025-01-01
4848,575,HIGH,4,500,2025-01-01
4849,555,HIGH,1,0,2025-01-01
4850,794,LOW,1,0,2025-01-01
4851,533,HIGH,1,0,2025-01-01
4852,743,LOW,0,0,2025-01-01
4853,461,HIGH,4,0,2025-01-01
4854,340,HIGH,3,0,2025-01-01
4855,737,LOW,1,1500,2025-01-01
4856,396,HIGH,2,0,2025-01-01
4857,383,HIGH,4,0,2025-01-01
4858,564,HIGH,2,1500,2025-01-01
4859,661,MEDIUM,3,0,2025-01-01
4860,608,MEDIUM,0,500,2025-01-01
4861,655,MEDIUM,1,500,2025-01-01
4862,595,MEDIUM,2,0,2025-01-01
4863,421,HIGH,1,0,2025-01-01
4864,532,HIGH,0,0,2025-01-01
4865,604,MEDIUM,1,0,2025-01-01
4866,752,LOW,4,0,2025-01-01
4867,714,LOW,3,0,2025-01-01
4868,379,HIGH,3,0,2025-01-01
4869,687,LOW,4,0,2025-01-01
4870,408,HIGH,0,0,2025-01-01
4871,484,HIGH,3,0,2025-01-01
4872,398,HIGH,3,0,2025-01-01
4873,824,LOW,0,0,2025-01-01
4874,576,HIGH,2,0,2025-01-01
4875,553,HIGH,2,0,2025-01-01
4876,309,HIGH,4,0,2025-01-01
4877,759,LOW,1,0,2025-01-01
4878,686,LOW,2,0,2025-01-01
4879,509,HIGH,3,0,2025-01-01
4880,614,MEDIUM,1,0,2025-01-01
4881,715,LOW,2,0,2025-01-01
4882,321,HIGH,0,500,2025-01-01
4883,332,HIGH,1,0,2025-01-01
4884,309,HIGH,3,0,2025-01-01
4885,485,HIGH,3,0,2025-01-01
4886,627,MEDIUM,2,0,2025-01-01
4887,689,LOW,3,0,2025-01-01
4888,342,HIGH,1,0,2025-01-01
4889,463,HIGH,2,0,2025-01-01
4890,435,HIGH,1,0,2025-01-01
4891,372,HIGH,3,0,2025-01-01
4892,770,LOW,4,0,2025-01-01
4893,814,LOW,2,0,2025-01-01
4894,755,LOW,1,0,2025-01-01
4895,782,LOW,1,0,2025-01-01
4896,351,HIGH,1,0,2025-01-01
4897,406,HIGH,1,0,2025-01-01
4898,386,HIGH,0,500,2025-01-01
4899,757,LOW,1,0,2025-01-01
4900,456,HIGH,2,1500,2025-01-01
4901,722,LOW,3,1500,2025-01-01
4902,648,MEDIUM,1,0,2025-01-01
4903,377,HIGH,0,1500,2025-01-01
4904,465,HIGH,4,0,2025-01-01
4905,814,LOW,1,0,2025-01-01
4906,364,HIGH,3,500,2025-01-01
4907,584,MEDIUM,2,0,2025-01-01
4908,535,HIGH,4,0,2025-01-01
4909,325,HIGH,4,1500,2025-01-01
4910,804,LOW,0,0,2025-01-01
4911,649,MEDIUM,0,0,2025-01-01
4912,476,HIGH,1,500,2025-01-01
4913,354,HIGH,2,0,2025-01-01
4914,440,HIGH,1,0,2025-01-01
4915,550,HIGH,4,0,2025-01-01
4916,559,HIGH,0,0,2025-01-01
4917,689,LOW,0,1500,2025-01-01
4918,540,HIGH,1,1500,2025-01-01
4919,424,HIGH,0,0,2025-01-01
4920,554,HIGH,0,0,2025-01-01
4921,361,HIGH,2,0,2025-01-01
4922,332,HIGH,2,500,2025-01-01
4923,310,HIGH,0,0,2025-01-01
4924,309,HIGH,1,0,2025-01-01
4925,635,MEDIUM,2,1500,2025-01-01
4926,323,HIGH,4,0,2025-01-01
4927,465,HIGH,4,0,2025-01-01
4928,345,HIGH,2,0,2025-01-01
4929,822,LOW,3,0,2025-01-01
4930,498,HIGH,1,0,2025-01-01
4931,811,LOW,0,0,2025-01-01
4932,671,LOW,2,0,2025-01-01
4933,634,MEDIUM,3,0,2025-01-01
4934,695,LOW,1,0,2025-01-01
4935,755,LOW,0,0,2025-01-01
4936,528,HIGH,1,0,2025-01-01
4937,446,HIGH,1,0,2025-01-01
4938,624,MEDIUM,4,0,2025-01-01
4939,349,HIGH,0,0,2025-01-01
4940,528,HIGH,2,0,2025-01-01
4941,399,HIGH,1,500,2025-01-01
4942,642,MEDIUM,0,0,2025-01-01
4943,706,LOW,4,500,2025-01-01
4944,848,LOW,1,0,2025-01-01
4945,585,MEDIUM,0,0,2025-01-01
4946,629,MEDIUM,3,0,2025-01-01
4947,720,LOW,3,0,2025-01-01
4948,612,MEDIUM,0,0,2025-01-01
4949,531,HIGH,4,1500,2025-01-01
4950,516,HIGH,0,0,2025-01-01
4951,377,HIGH,1,500,2025-01-01
4952,502,HIGH,2,1500,2025-01-01
4953,654,MEDIUM,0,1500,2025-01-01
4954,398,HIGH,1,500,2025-01-01
4955,328,HIGH,3,0,2025-01-01
4956,672,LOW,0,0,2025-01-01
4957,628,MEDIUM,0,0,2025-01-01
4958,545,HIGH,3,0,2025-01-01
4959,716,LOW,1,0,2025-01-01
4960,574,HIGH,2,500,2025-01-01
4961,819,LOW,3,0,2025-01-01
4962,682,LOW,1,0,2025-01-01
4963,723,LOW,1,0,2025-01-01
4964,768,LOW,1,0,2025-01-01
4965,597,MEDIUM,4,0,2025-01-01
4966,603,MEDIUM,2,0,2025-01-01
4967,471,HIGH,4,1500,2025-01-01
4968,399,HIGH,4,0,2025-01-01
4969,544,HIGH,1,0,2025-01-01
4970,390,HIGH,1,0,2025-01-01
4971,657,MEDIUM,1,0,2025-01-01
4972,488,HIGH,2,0,2025-01-01
4973,693,LOW,0,0,2025-01-01
4974,313,HIGH,1,0,2025-01-01
4975,828,LOW,1,0,2025-01-01
4976,543,HIGH,2,0,2025-01-01
4977,539,HIGH,2,0,2025-01-01
4978,822,LOW,1,1500,2025-01-01
4979,522,HIGH,4,0,2025-01-01
4980,407,HIGH,3,0,2025-01-01
4981,621,MEDIUM,3,1500,2025-01-01
4982,785,LOW,3,0,2025-01-01
4983,374,HIGH,4,0,2025-01-01
4984,582,MEDIUM,4,0,2025-01-01
4985,407,HIGH,3,0,2025-01-01
4986,497,HIGH,3,1500,2025-01-01
4987,510,HIGH,4,0,2025-01-01
4988,700,LOW,3,0,2025-01-01
4989,523,HIGH,2,0,2025-01-01
4990,680,LOW,1,0,2025-01-01
4991,606,MEDIUM,2,500,2025-01-01
4992,781,LOW,3,0,2025-01-01
4993,544,HIGH,1,1500,2025-01-01
4994,322,HIGH,1,1500,2025-01-01
4995,467,HIGH,1,1500,2025-01-01
4996,468,HIGH,3,0,2025-01-01
4997,803,LOW,0,0,2025-01-01
4998,529,HIGH,0,0,2025-01-01
4999,785,LOW,4,500,2025-01-01
5000,827,LOW,2,1500,2025-01-01
