txn_id,gateway_name,gateway_status,response_code,processing_time_ms,device_type,geo_location,processed_timestamp
30001,Stripe,SUCCESS,00,1474,ATM,New York,2024-01-01 00:03:38
30002,PayPal,SUCCESS,00,125,Mobile,New York,2024-01-01 00:46:50
30003,Stripe,SUCCESS,00,1229,POS,Chicago,2024-01-01 00:52:17
30004,Stripe,SUCCESS,00,1384,ATM,Dallas,2024-01-01 01:24:23
30005,Stripe,SUCCESS,00,1411,ATM,New York,2024-01-01 01:53:38
30006,PayPal,SUCCESS,00,342,Mobile,New York,2024-01-01 03:52:37
30007,Square,SUCCESS,00,1353,Desktop,Los Angeles,2024-01-01 04:02:59
30008,Stripe,SUCCESS,00,148,POS,Los Angeles,2024-01-01 04:50:23
30009,PayPal,SUCCESS,00,219,POS,New York,2024-01-01 05:20:07
30010,PayPal,SUCCESS,00,433,ATM,Dallas,2024-01-01 05:35:57
30011,Stripe,SUCCESS,00,358,ATM,Chicago,2024-01-01 05:40:27
30012,PayPal,SUCCESS,00,1056,POS,Chicago,2024-01-01 07:14:38
30013,PayPal,SUCCESS,00,167,Desktop,Los Angeles,2024-01-01 07:20:52
30014,PayPal,PENDING,99,1260,Mobile,Los Angeles,2024-01-01 08:13:20
30015,Stripe,SUCCESS,00,1189,Mobile,Los Angeles,2024-01-01 08:58:37
30016,Stripe,SUCCESS,00,356,POS,New York,2024-01-01 09:57:59
30017,Stripe,SUCCESS,00,1165,Mobile,Los Angeles,2024-01-01 10:00:14
30018,Stripe,SUCCESS,00,1381,ATM,New York,2024-01-01 10:22:18
30019,Square,SUCCESS,00,964,POS,Dallas,2024-01-01 10:27:12
30020,AuthorizeNet,SUCCESS,00,474,Mobile,Dallas,2024-01-01 10:45:29
30021,Stripe,SUCCESS,00,1102,ATM,Los Angeles,2024-01-01 11:14:58
30022,Square,SUCCESS,00,176,Mobile,New York,2024-01-01 13:13:59
30023,PayPal,SUCCESS,00,1187,Mobile,Chicago,2024-01-01 13:48:30
30024,Stripe,SUCCESS,00,1245,Mobile,New York,2024-01-01 14:41:50
30025,Stripe,SUCCESS,00,915,Mobile,Chicago,2024-01-01 15:34:54
30026,Stripe,SUCCESS,00,1063,Desktop,Dallas,2024-01-01 15:45:26
30027,Stripe,FAILED,05,177,Desktop,Los Angeles,2024-01-01 17:36:25
30028,PayPal,SUCCESS,00,1421,ATM,Dallas,2024-01-01 17:52:23
30029,PayPal,SUCCESS,00,381,Desktop,Chicago,2024-01-01 20:05:43
30030,AuthorizeNet,SUCCESS,00,1206,ATM,Dallas,2024-01-01 21:17:18
30031,Square,SUCCESS,00,1247,ATM,New York,2024-01-01 21:22:59
30032,PayPal,FAILED,12,990,POS,New York,2024-01-01 22:49:20
30033,Square,FAILED,05,715,ATM,New York,2024-01-01 23:21:13
30034,Stripe,SUCCESS,00,930,POS,Dallas,2024-01-01 23:40:51
30035,Square,SUCCESS,00,279,Desktop,New York,2024-01-02 00:22:08
30036,PayPal,SUCCESS,00,251,Mobile,New York,2024-01-02 00:33:34
30037,Stripe,SUCCESS,00,1480,Mobile,Dallas,2024-01-02 02:21:10
30038,PayPal,PENDING,99,1059,POS,Los Angeles,2024-01-02 04:02:13
30039,PayPal,SUCCESS,00,541,Mobile,New York,2024-01-02 04:55:56
30040,Stripe,SUCCESS,00,1236,Mobile,Los Angeles,2024-01-02 05:38:16
30041,PayPal,SUCCESS,00,325,ATM,New York,2024-01-02 06:58:12
30042,AuthorizeNet,SUCCESS,00,1391,ATM,Chicago,2024-01-02 11:01:13
30043,Stripe,SUCCESS,00,1149,Mobile,New York,2024-01-02 12:15:48
30044,Square,FAILED,12,364,ATM,Dallas,2024-01-02 12:51:39
30045,PayPal,SUCCESS,00,575,Mobile,New York,2024-01-02 12:51:42
30046,AuthorizeNet,SUCCESS,00,1434,POS,Los Angeles,2024-01-02 13:42:12
30047,AuthorizeNet,SUCCESS,00,218,Mobile,Los Angeles,2024-01-02 13:56:40
30048,Stripe,SUCCESS,00,588,POS,Los Angeles,2024-01-02 14:02:49
30049,Stripe,SUCCESS,00,1365,ATM,New York,2024-01-02 14:25:24
30050,Stripe,SUCCESS,00,718,Mobile,Los Angeles,2024-01-02 15:17:23
30051,Stripe,SUCCESS,00,1111,ATM,Dallas,2024-01-02 15:25:26
30052,Square,SUCCESS,00,540,ATM,Los Angeles,2024-01-02 15:34:34
30053,Square,SUCCESS,00,807,Mobile,Los Angeles,2024-01-02 16:24:09
30054,Square,FAILED,12,905,ATM,New York,2024-01-02 20:12:15
30055,PayPal,SUCCESS,00,733,POS,Chicago,2024-01-02 21:05:52
30056,PayPal,SUCCESS,00,109,ATM,New York,2024-01-02 21:26:34
30057,PayPal,SUCCESS,00,700,Desktop,New York,2024-01-02 22:51:32
30058,Stripe,SUCCESS,00,792,Mobile,Dallas,2024-01-02 23:25:47
30059,Square,FAILED,05,817,ATM,Dallas,2024-01-03 00:12:56
30060,AuthorizeNet,SUCCESS,00,375,Mobile,Los Angeles,2024-01-03 00:28:43
30061,AuthorizeNet,SUCCESS,00,1398,Mobile,Los Angeles,2024-01-03 01:20:59
30062,AuthorizeNet,SUCCESS,00,1428,Mobile,Chicago,2024-01-03 01:43:08
30063,AuthorizeNet,SUCCESS,00,927,POS,New York,2024-01-03 01:50:11
30064,PayPal,SUCCESS,00,180,ATM,Dallas,2024-01-03 02:57:57
30065,PayPal,SUCCESS,00,1385,Desktop,New York,2024-01-03 03:32:59
30066,PayPal,SUCCESS,00,527,Mobile,Dallas,2024-01-03 04:44:36
30067,PayPal,SUCCESS,00,624,ATM,New York,2024-01-03 05:03:57
30068,Square,SUCCESS,00,755,Desktop,Dallas,2024-01-03 05:07:07
30069,Stripe,SUCCESS,00,284,Mobile,Dallas,2024-01-03 05:45:35
30070,AuthorizeNet,SUCCESS,00,886,Desktop,New York,2024-01-03 05:58:59
30071,PayPal,SUCCESS,00,316,POS,Los Angeles,2024-01-03 06:09:09
30072,PayPal,SUCCESS,00,1007,POS,Dallas,2024-01-03 07:38:51
30073,Stripe,SUCCESS,00,131,ATM,Chicago,2024-01-03 09:00:08
30074,PayPal,SUCCESS,00,1083,ATM,Los Angeles,2024-01-03 09:32:28
30075,PayPal,SUCCESS,00,847,Mobile,Dallas,2024-01-03 09:57:51
30076,Square,SUCCESS,00,1021,ATM,Dallas,2024-01-03 10:34:27
30077,AuthorizeNet,SUCCESS,00,467,Desktop,New York,2024-01-03 10:34:28
30078,PayPal,SUCCESS,00,435,ATM,Chicago,2024-01-03 10:59:14
30079,Square,SUCCESS,00,384,Mobile,Dallas,2024-01-03 11:56:00
30080,Square,SUCCESS,00,1211,POS,Dallas,2024-01-03 11:57:22
30081,Square,SUCCESS,00,778,POS,New York,2024-01-03 12:28:19
30082,Stripe,SUCCESS,00,1411,POS,Chicago,2024-01-03 13:04:07
30083,PayPal,SUCCESS,00,1080,POS,Los Angeles,2024-01-03 13:40:43
30084,PayPal,SUCCESS,00,791,POS,New York,2024-01-03 14:28:16
30085,AuthorizeNet,SUCCESS,00,686,Desktop,Dallas,2024-01-03 14:29:44
30086,Square,SUCCESS,00,755,POS,Dallas,2024-01-03 14:59:14
30087,PayPal,SUCCESS,00,1100,Desktop,Chicago,2024-01-03 15:11:10
30088,AuthorizeNet,SUCCESS,00,1441,POS,Los Angeles,2024-01-03 17:45:27
30089,AuthorizeNet,SUCCESS,00,995,Desktop,Dallas,2024-01-03 18:13:56
30090,Square,SUCCESS,00,1485,Desktop,New York,2024-01-03 18:23:41
30091,PayPal,SUCCESS,00,169,ATM,New York,2024-01-03 19:29:17
30092,Stripe,SUCCESS,00,1489,Desktop,Dallas,2024-01-03 22:36:59
30093,PayPal,SUCCESS,00,1493,ATM,Chicago,2024-01-03 22:44:28
30094,AuthorizeNet,SUCCESS,00,759,Desktop,Chicago,2024-01-03 23:10:44
30095,PayPal,SUCCESS,00,790,Mobile,Chicago,2024-01-03 23:12:10
30096,Square,SUCCESS,00,353,Mobile,New York,2024-01-04 00:12:22
30097,PayPal,FAILED,05,1341,Desktop,New York,2024-01-04 00:32:08
30098,AuthorizeNet,SUCCESS,00,812,ATM,Los Angeles,2024-01-04 01:09:22
30099,Square,SUCCESS,00,455,Mobile,Chicago,2024-01-04 01:25:03
30100,Stripe,SUCCESS,00,521,Mobile,Chicago,2024-01-04 01:25:59
30101,Square,SUCCESS,00,661,ATM,Los Angeles,2024-01-04 02:14:29
30102,Stripe,SUCCESS,00,546,Mobile,Chicago,2024-01-04 02:22:39
30103,AuthorizeNet,SUCCESS,00,1116,Desktop,Los Angeles,2024-01-04 02:24:07
30104,AuthorizeNet,SUCCESS,00,647,POS,Dallas,2024-01-04 02:28:32
30105,Square,SUCCESS,00,403,ATM,Dallas,2024-01-04 02:47:05
30106,AuthorizeNet,SUCCESS,00,402,ATM,Dallas,2024-01-04 02:47:08
30107,Square,SUCCESS,00,997,ATM,Los Angeles,2024-01-04 03:03:12
30108,AuthorizeNet,SUCCESS,00,1245,POS,Dallas,2024-01-04 03:55:02
30109,Square,SUCCESS,00,1200,POS,Dallas,2024-01-04 03:55:07
30110,Stripe,SUCCESS,00,123,ATM,Los Angeles,2024-01-04 04:32:37
30111,Square,SUCCESS,00,807,POS,Dallas,2024-01-04 05:33:05
30112,PayPal,PENDING,99,605,Mobile,New York,2024-01-04 06:38:07
30113,Square,SUCCESS,00,145,ATM,New York,2024-01-04 06:39:04
30114,Stripe,SUCCESS,00,1359,ATM,New York,2024-01-04 06:46:09
30115,Square,SUCCESS,00,1172,Mobile,Dallas,2024-01-04 06:51:45
30116,Stripe,SUCCESS,00,909,POS,Los Angeles,2024-01-04 07:47:27
30117,Square,SUCCESS,00,804,Desktop,Chicago,2024-01-04 08:14:33
30118,Square,SUCCESS,00,775,Mobile,Chicago,2024-01-04 09:01:14
30119,Square,SUCCESS,00,1018,POS,Los Angeles,2024-01-04 09:03:46
30120,Square,SUCCESS,00,531,ATM,Los Angeles,2024-01-04 10:22:34
30121,AuthorizeNet,SUCCESS,00,418,Mobile,Los Angeles,2024-01-04 10:36:44
30122,Square,SUCCESS,00,344,ATM,Chicago,2024-01-04 11:44:08
30123,Square,FAILED,05,950,ATM,Chicago,2024-01-04 13:02:57
30124,Stripe,SUCCESS,00,461,Mobile,Los Angeles,2024-01-04 13:03:14
30125,AuthorizeNet,SUCCESS,00,1280,ATM,Chicago,2024-01-04 13:27:24
30126,AuthorizeNet,SUCCESS,00,735,POS,Chicago,2024-01-04 13:31:02
30127,Square,SUCCESS,00,835,ATM,Chicago,2024-01-04 14:24:56
30128,Stripe,FAILED,12,931,POS,Chicago,2024-01-04 15:49:44
30129,AuthorizeNet,SUCCESS,00,810,ATM,Chicago,2024-01-04 16:30:54
30130,Stripe,SUCCESS,00,276,Desktop,Dallas,2024-01-04 16:44:28
30131,Stripe,SUCCESS,00,914,POS,Dallas,2024-01-04 17:46:46
30132,Square,SUCCESS,00,1410,Desktop,Chicago,2024-01-04 18:51:52
30133,Stripe,SUCCESS,00,322,ATM,Dallas,2024-01-04 19:38:20
30134,Square,SUCCESS,00,1342,Mobile,Los Angeles,2024-01-04 20:06:33
30135,PayPal,SUCCESS,00,1340,Mobile,Chicago,2024-01-04 20:16:39
30136,Stripe,SUCCESS,00,469,ATM,New York,2024-01-04 21:37:38
30137,AuthorizeNet,SUCCESS,00,1242,Desktop,Dallas,2024-01-04 21:54:27
30138,Square,SUCCESS,00,1467,Desktop,Chicago,2024-01-04 22:54:37
30139,Stripe,SUCCESS,00,1204,POS,New York,2024-01-04 23:30:11
30140,Stripe,SUCCESS,00,1357,Desktop,Dallas,2024-01-05 00:00:43
30141,AuthorizeNet,FAILED,05,714,Mobile,Los Angeles,2024-01-05 01:54:48
30142,Stripe,SUCCESS,00,652,ATM,New York,2024-01-05 02:50:29
30143,Square,SUCCESS,00,228,Mobile,Dallas,2024-01-05 03:13:48
30144,AuthorizeNet,SUCCESS,00,925,Mobile,Los Angeles,2024-01-05 04:45:45
30145,AuthorizeNet,SUCCESS,00,378,Desktop,Dallas,2024-01-05 05:51:52
30146,Stripe,SUCCESS,00,171,ATM,Chicago,2024-01-05 06:34:21
30147,Stripe,SUCCESS,00,1053,Desktop,Los Angeles,2024-01-05 07:02:21
30148,PayPal,FAILED,12,1410,ATM,Los Angeles,2024-01-05 07:59:50
30149,PayPal,SUCCESS,00,695,Desktop,Los Angeles,2024-01-05 09:45:57
30150,Square,SUCCESS,00,150,POS,Los Angeles,2024-01-05 10:21:57
30151,Square,SUCCESS,00,574,ATM,Los Angeles,2024-01-05 10:43:59
30152,Stripe,SUCCESS,00,1115,Mobile,New York,2024-01-05 10:48:31
30153,Stripe,SUCCESS,00,1120,Mobile,Chicago,2024-01-05 11:33:09
30154,PayPal,SUCCESS,00,257,Desktop,Dallas,2024-01-05 11:44:22
30155,Square,SUCCESS,00,1252,Desktop,Chicago,2024-01-05 11:52:52
30156,PayPal,FAILED,12,693,POS,New York,2024-01-05 12:07:57
30157,PayPal,SUCCESS,00,677,POS,Dallas,2024-01-05 13:31:30
30158,AuthorizeNet,SUCCESS,00,387,ATM,Los Angeles,2024-01-05 14:03:57
30159,Square,SUCCESS,00,585,POS,Los Angeles,2024-01-05 14:57:16
30160,PayPal,SUCCESS,00,645,Desktop,New York,2024-01-05 15:24:45
30161,AuthorizeNet,SUCCESS,00,835,Mobile,New York,2024-01-05 17:18:45
30162,PayPal,SUCCESS,00,1327,Desktop,New York,2024-01-05 17:40:17
30163,Stripe,SUCCESS,00,390,ATM,Chicago,2024-01-05 18:18:35
30164,PayPal,SUCCESS,00,1116,POS,Los Angeles,2024-01-05 18:28:14
30165,PayPal,SUCCESS,00,489,Mobile,Dallas,2024-01-05 18:58:19
30166,PayPal,FAILED,12,261,POS,Dallas,2024-01-05 19:05:58
30167,PayPal,SUCCESS,00,705,POS,New York,2024-01-05 19:37:49
30168,AuthorizeNet,SUCCESS,00,309,Desktop,New York,2024-01-05 20:12:48
30169,AuthorizeNet,SUCCESS,00,1039,ATM,Chicago,2024-01-05 20:15:18
30170,PayPal,SUCCESS,00,238,ATM,New York,2024-01-05 20:29:25
30171,AuthorizeNet,SUCCESS,00,1086,ATM,Dallas,2024-01-05 21:44:35
30172,AuthorizeNet,SUCCESS,00,705,ATM,Los Angeles,2024-01-05 22:05:23
30173,AuthorizeNet,SUCCESS,00,1057,ATM,New York,2024-01-05 22:14:18
30174,Stripe,SUCCESS,00,537,Mobile,Chicago,2024-01-05 22:39:14
30175,Stripe,SUCCESS,00,743,ATM,New York,2024-01-05 23:42:40
30176,Square,SUCCESS,00,1157,POS,Chicago,2024-01-05 23:54:11
30177,AuthorizeNet,SUCCESS,00,371,Mobile,Chicago,2024-01-06 00:16:56
30178,Square,SUCCESS,00,754,Mobile,New York,2024-01-06 00:23:55
30179,Stripe,SUCCESS,00,723,POS,Chicago,2024-01-06 01:59:41
30180,Square,SUCCESS,00,478,POS,New York,2024-01-06 02:13:31
30181,Square,FAILED,05,1191,POS,Chicago,2024-01-06 02:19:02
30182,PayPal,SUCCESS,00,827,POS,Chicago,2024-01-06 03:06:02
30183,Stripe,SUCCESS,00,1105,Mobile,New York,2024-01-06 03:34:43
30184,Square,SUCCESS,00,720,POS,Chicago,2024-01-06 07:24:19
30185,Stripe,SUCCESS,00,1129,POS,Dallas,2024-01-06 07:26:38
30186,AuthorizeNet,FAILED,12,203,POS,New York,2024-01-06 07:40:10
30187,PayPal,SUCCESS,00,1357,Desktop,Chicago,2024-01-06 07:46:30
30188,AuthorizeNet,FAILED,12,370,POS,New York,2024-01-06 08:14:28
30189,AuthorizeNet,SUCCESS,00,516,ATM,Los Angeles,2024-01-06 08:31:24
30190,PayPal,SUCCESS,00,285,Mobile,New York,2024-01-06 10:42:17
30191,AuthorizeNet,SUCCESS,00,1206,Mobile,Dallas,2024-01-06 11:10:56
30192,Stripe,SUCCESS,00,989,POS,Los Angeles,2024-01-06 11:58:16
30193,AuthorizeNet,SUCCESS,00,1215,ATM,Dallas,2024-01-06 12:20:10
30194,PayPal,SUCCESS,00,890,Desktop,New York,2024-01-06 12:33:31
30195,Stripe,SUCCESS,00,395,ATM,Chicago,2024-01-06 12:59:32
30196,Stripe,SUCCESS,00,648,ATM,New York,2024-01-06 13:02:50
30197,PayPal,SUCCESS,00,1280,ATM,Dallas,2024-01-06 13:39:35
30198,PayPal,SUCCESS,00,1140,POS,Chicago,2024-01-06 14:14:33
30199,PayPal,SUCCESS,00,1141,Desktop,Chicago,2024-01-06 14:47:23
30200,PayPal,SUCCESS,00,401,Desktop,New York,2024-01-06 14:53:45
30201,AuthorizeNet,FAILED,05,170,ATM,Los Angeles,2024-01-06 15:18:29
30202,Square,SUCCESS,00,1013,Mobile,Chicago,2024-01-06 16:53:58
30203,Stripe,SUCCESS,00,1152,Mobile,Dallas,2024-01-06 16:54:51
30204,AuthorizeNet,FAILED,12,1405,Desktop,Dallas,2024-01-06 17:37:56
30205,PayPal,SUCCESS,00,532,Mobile,Dallas,2024-01-06 17:44:05
30206,PayPal,SUCCESS,00,871,Mobile,Los Angeles,2024-01-06 17:53:05
30207,Stripe,SUCCESS,00,1114,POS,Chicago,2024-01-06 18:31:14
30208,Stripe,PENDING,99,427,Desktop,Chicago,2024-01-06 18:39:25
30209,Stripe,SUCCESS,00,1426,Mobile,Chicago,2024-01-06 18:50:17
30210,PayPal,SUCCESS,00,1451,ATM,Chicago,2024-01-06 20:17:01
30211,PayPal,SUCCESS,00,1338,POS,Los Angeles,2024-01-06 20:18:40
30212,AuthorizeNet,SUCCESS,00,684,Desktop,Los Angeles,2024-01-06 20:20:35
30213,Square,PENDING,99,671,ATM,New York,2024-01-06 20:31:33
30214,PayPal,SUCCESS,00,515,POS,Dallas,2024-01-06 20:40:32
30215,Stripe,SUCCESS,00,1164,POS,Chicago,2024-01-06 20:43:53
30216,Square,SUCCESS,00,730,POS,New York,2024-01-06 21:26:39
30217,Stripe,PENDING,99,1159,ATM,New York,2024-01-06 21:45:09
30218,Square,SUCCESS,00,888,Desktop,Chicago,2024-01-06 22:08:43
30219,Square,SUCCESS,00,925,POS,Chicago,2024-01-06 22:40:58
30220,Square,SUCCESS,00,353,Mobile,Los Angeles,2024-01-06 22:55:04
30221,AuthorizeNet,SUCCESS,00,221,Mobile,New York,2024-01-06 23:43:00
30222,AuthorizeNet,SUCCESS,00,761,ATM,Chicago,2024-01-07 00:25:00
30223,Square,SUCCESS,00,566,ATM,New York,2024-01-07 00:42:41
30224,Stripe,SUCCESS,00,803,Desktop,Los Angeles,2024-01-07 04:21:38
30225,Square,SUCCESS,00,1160,Mobile,Dallas,2024-01-07 04:50:58
30226,Square,SUCCESS,00,850,Desktop,Los Angeles,2024-01-07 04:56:25
30227,PayPal,SUCCESS,00,1139,Mobile,Chicago,2024-01-07 05:39:52
30228,AuthorizeNet,SUCCESS,00,1344,POS,Chicago,2024-01-07 05:47:42
30229,Stripe,FAILED,05,167,POS,Dallas,2024-01-07 06:31:09
30230,Square,SUCCESS,00,137,ATM,New York,2024-01-07 07:00:36
30231,PayPal,SUCCESS,00,134,Desktop,Dallas,2024-01-07 07:53:09
30232,PayPal,PENDING,99,1109,Desktop,New York,2024-01-07 08:00:53
30233,AuthorizeNet,SUCCESS,00,612,ATM,Dallas,2024-01-07 08:30:27
30234,PayPal,SUCCESS,00,1011,Desktop,Los Angeles,2024-01-07 09:25:58
30235,PayPal,SUCCESS,00,175,Mobile,Chicago,2024-01-07 09:41:48
30236,Square,SUCCESS,00,480,POS,Dallas,2024-01-07 09:54:06
30237,PayPal,SUCCESS,00,794,Desktop,Los Angeles,2024-01-07 10:00:54
30238,Square,SUCCESS,00,248,ATM,New York,2024-01-07 10:34:50
30239,AuthorizeNet,SUCCESS,00,1123,POS,Dallas,2024-01-07 13:10:28
30240,PayPal,FAILED,12,662,ATM,Los Angeles,2024-01-07 14:46:18
30241,PayPal,SUCCESS,00,890,POS,Los Angeles,2024-01-07 15:06:57
30242,Stripe,SUCCESS,00,519,Desktop,Chicago,2024-01-07 16:03:55
30243,Square,SUCCESS,00,481,POS,Los Angeles,2024-01-07 17:09:40
30244,AuthorizeNet,SUCCESS,00,594,ATM,Chicago,2024-01-07 17:12:34
30245,Square,SUCCESS,00,1062,POS,Los Angeles,2024-01-07 17:40:29
30246,Stripe,SUCCESS,00,1377,Mobile,Chicago,2024-01-07 17:47:42
30247,Square,SUCCESS,00,756,Desktop,Dallas,2024-01-07 18:42:04
30248,AuthorizeNet,SUCCESS,00,405,Mobile,Chicago,2024-01-07 18:46:52
30249,Stripe,SUCCESS,00,1306,Mobile,Los Angeles,2024-01-07 19:06:30
30250,Square,SUCCESS,00,952,ATM,Chicago,2024-01-07 19:39:10
30251,Square,SUCCESS,00,1255,Mobile,Dallas,2024-01-07 19:53:29
30252,AuthorizeNet,SUCCESS,00,1055,Mobile,New York,2024-01-07 20:33:47
30253,Stripe,SUCCESS,00,737,POS,Los Angeles,2024-01-07 20:52:21
30254,AuthorizeNet,SUCCESS,00,827,ATM,Chicago,2024-01-07 21:04:30
30255,Square,SUCCESS,00,562,POS,New York,2024-01-07 21:24:04
30256,Square,SUCCESS,00,259,Mobile,Chicago,2024-01-07 21:29:37
30257,Stripe,SUCCESS,00,794,POS,Dallas,2024-01-07 22:30:59
30258,Square,SUCCESS,00,695,ATM,Chicago,2024-01-07 22:34:07
30259,Stripe,SUCCESS,00,747,POS,Dallas,2024-01-07 22:41:45
30260,AuthorizeNet,SUCCESS,00,1365,ATM,Dallas,2024-01-07 23:10:36
30261,AuthorizeNet,FAILED,05,764,ATM,Chicago,2024-01-07 23:39:24
30262,Stripe,SUCCESS,00,789,Mobile,Chicago,2024-01-07 23:52:09
30263,Square,SUCCESS,00,1369,ATM,Chicago,2024-01-07 23:58:15
30264,AuthorizeNet,SUCCESS,00,873,Mobile,Chicago,2024-01-08 00:01:55
30265,Square,SUCCESS,00,162,POS,Chicago,2024-01-08 00:12:24
30266,PayPal,SUCCESS,00,1195,Mobile,New York,2024-01-08 00:24:36
30267,Stripe,SUCCESS,00,426,POS,Dallas,2024-01-08 00:24:48
30268,Square,SUCCESS,00,471,Mobile,Dallas,2024-01-08 02:13:38
30269,AuthorizeNet,FAILED,05,281,POS,Dallas,2024-01-08 03:05:29
30270,AuthorizeNet,SUCCESS,00,207,Desktop,Los Angeles,2024-01-08 04:39:47
30271,AuthorizeNet,SUCCESS,00,851,ATM,Dallas,2024-01-08 05:23:10
30272,PayPal,SUCCESS,00,547,Mobile,Dallas,2024-01-08 06:20:45
30273,AuthorizeNet,SUCCESS,00,599,POS,Dallas,2024-01-08 07:42:06
30274,Square,SUCCESS,00,444,ATM,New York,2024-01-08 08:18:23
30275,AuthorizeNet,FAILED,05,964,ATM,Chicago,2024-01-08 08:51:34
30276,AuthorizeNet,FAILED,12,951,Mobile,Chicago,2024-01-08 08:56:38
30277,Square,SUCCESS,00,767,POS,Los Angeles,2024-01-08 10:02:05
30278,PayPal,SUCCESS,00,757,POS,New York,2024-01-08 10:20:29
30279,Square,SUCCESS,00,1202,Mobile,New York,2024-01-08 10:34:45
30280,Stripe,SUCCESS,00,883,POS,Chicago,2024-01-08 10:36:03
30281,PayPal,SUCCESS,00,364,POS,Chicago,2024-01-08 10:47:23
30282,Stripe,SUCCESS,00,327,Desktop,New York,2024-01-08 11:03:15
30283,PayPal,SUCCESS,00,336,Mobile,Los Angeles,2024-01-08 11:44:28
30284,AuthorizeNet,SUCCESS,00,872,ATM,Dallas,2024-01-08 13:17:06
30285,Stripe,SUCCESS,00,1266,POS,Los Angeles,2024-01-08 13:26:04
30286,Stripe,SUCCESS,00,412,POS,New York,2024-01-08 13:48:42
30287,Square,SUCCESS,00,756,POS,Dallas,2024-01-08 14:08:38
30288,AuthorizeNet,SUCCESS,00,329,ATM,Los Angeles,2024-01-08 14:57:15
30289,Square,SUCCESS,00,707,Desktop,Dallas,2024-01-08 17:40:07
30290,PayPal,SUCCESS,00,294,Mobile,Dallas,2024-01-08 17:43:23
30291,Square,SUCCESS,00,1073,POS,Los Angeles,2024-01-08 18:00:21
30292,Stripe,SUCCESS,00,840,Mobile,Los Angeles,2024-01-08 18:06:37
30293,Stripe,SUCCESS,00,930,POS,Chicago,2024-01-08 18:11:36
30294,AuthorizeNet,SUCCESS,00,466,Mobile,Chicago,2024-01-08 19:22:53
30295,Stripe,SUCCESS,00,1023,POS,Los Angeles,2024-01-08 20:40:28
30296,Stripe,SUCCESS,00,1309,Mobile,Dallas,2024-01-08 20:52:38
30297,PayPal,FAILED,05,547,Desktop,Los Angeles,2024-01-08 21:50:27
30298,Stripe,SUCCESS,00,608,ATM,New York,2024-01-08 22:06:32
30299,Stripe,SUCCESS,00,882,POS,New York,2024-01-08 22:09:19
30300,PayPal,SUCCESS,00,1001,Desktop,New York,2024-01-08 22:30:44
30301,AuthorizeNet,SUCCESS,00,1336,POS,Dallas,2024-01-08 23:07:50
30302,Square,SUCCESS,00,164,Desktop,New York,2024-01-08 23:43:35
30303,AuthorizeNet,SUCCESS,00,338,ATM,New York,2024-01-09 00:12:10
30304,Stripe,SUCCESS,00,1466,POS,Los Angeles,2024-01-09 00:16:52
30305,AuthorizeNet,SUCCESS,00,215,Mobile,Dallas,2024-01-09 00:59:45
30306,PayPal,SUCCESS,00,995,ATM,Los Angeles,2024-01-09 01:27:02
30307,PayPal,SUCCESS,00,1257,Mobile,New York,2024-01-09 01:49:29
30308,AuthorizeNet,FAILED,12,254,Desktop,Chicago,2024-01-09 01:59:13
30309,AuthorizeNet,SUCCESS,00,160,POS,Chicago,2024-01-09 02:12:17
30310,Square,SUCCESS,00,434,POS,Los Angeles,2024-01-09 02:23:16
30311,PayPal,SUCCESS,00,1468,Mobile,Chicago,2024-01-09 03:21:28
30312,Stripe,SUCCESS,00,523,POS,New York,2024-01-09 03:39:51
30313,AuthorizeNet,SUCCESS,00,1155,Desktop,Chicago,2024-01-09 04:06:12
30314,Stripe,SUCCESS,00,400,POS,Chicago,2024-01-09 04:41:40
30315,Stripe,SUCCESS,00,1458,ATM,Chicago,2024-01-09 04:42:26
30316,PayPal,SUCCESS,00,1468,Mobile,Dallas,2024-01-09 05:17:09
30317,Square,SUCCESS,00,540,Mobile,Los Angeles,2024-01-09 05:23:33
30318,PayPal,SUCCESS,00,1269,Mobile,New York,2024-01-09 06:20:52
30319,PayPal,SUCCESS,00,1085,POS,Dallas,2024-01-09 06:23:08
30320,Square,SUCCESS,00,406,ATM,Los Angeles,2024-01-09 06:52:40
30321,AuthorizeNet,SUCCESS,00,823,Desktop,Los Angeles,2024-01-09 07:55:33
30322,Square,SUCCESS,00,636,ATM,Los Angeles,2024-01-09 08:01:20
30323,Stripe,SUCCESS,00,1383,Mobile,Los Angeles,2024-01-09 08:06:26
30324,Stripe,SUCCESS,00,449,ATM,Dallas,2024-01-09 08:50:16
30325,Square,SUCCESS,00,436,Mobile,Los Angeles,2024-01-09 08:52:22
30326,AuthorizeNet,SUCCESS,00,482,Desktop,Los Angeles,2024-01-09 09:54:46
30327,PayPal,SUCCESS,00,824,POS,Chicago,2024-01-09 09:57:18
30328,AuthorizeNet,SUCCESS,00,1445,POS,Chicago,2024-01-09 10:47:30
30329,AuthorizeNet,SUCCESS,00,1458,Desktop,Chicago,2024-01-09 10:56:11
30330,Stripe,SUCCESS,00,450,Desktop,Dallas,2024-01-09 10:56:19
30331,Stripe,SUCCESS,00,1030,Mobile,New York,2024-01-09 11:38:01
30332,Stripe,SUCCESS,00,1222,ATM,Chicago,2024-01-09 12:00:20
30333,AuthorizeNet,SUCCESS,00,1391,POS,New York,2024-01-09 12:37:01
30334,Stripe,SUCCESS,00,292,ATM,Chicago,2024-01-09 13:02:28
30335,AuthorizeNet,SUCCESS,00,612,Mobile,Dallas,2024-01-09 13:48:05
30336,Stripe,SUCCESS,00,414,ATM,New York,2024-01-09 13:57:59
30337,AuthorizeNet,SUCCESS,00,954,Mobile,Chicago,2024-01-09 14:23:54
30338,Stripe,SUCCESS,00,1066,Mobile,New York,2024-01-09 14:35:49
30339,AuthorizeNet,SUCCESS,00,777,Desktop,Dallas,2024-01-09 15:46:54
30340,Stripe,SUCCESS,00,1089,Desktop,Los Angeles,2024-01-09 16:01:18
30341,AuthorizeNet,SUCCESS,00,939,Desktop,Dallas,2024-01-09 16:29:30
30342,Stripe,SUCCESS,00,464,Desktop,Chicago,2024-01-09 16:50:07
30343,AuthorizeNet,SUCCESS,00,465,Desktop,Los Angeles,2024-01-09 17:13:44
30344,Stripe,SUCCESS,00,1153,ATM,New York,2024-01-09 18:14:06
30345,AuthorizeNet,SUCCESS,00,1269,ATM,Los Angeles,2024-01-09 19:28:01
30346,PayPal,SUCCESS,00,898,POS,Dallas,2024-01-09 19:49:24
30347,AuthorizeNet,SUCCESS,00,547,Mobile,Chicago,2024-01-09 19:59:20
30348,PayPal,FAILED,12,1445,Desktop,New York,2024-01-09 20:19:01
30349,PayPal,SUCCESS,00,1317,Mobile,New York,2024-01-09 21:11:25
30350,AuthorizeNet,SUCCESS,00,910,ATM,Los Angeles,2024-01-09 22:39:09
30351,PayPal,SUCCESS,00,276,Desktop,Chicago,2024-01-09 23:06:20
30352,PayPal,SUCCESS,00,615,POS,Los Angeles,2024-01-09 23:08:31
30353,PayPal,SUCCESS,00,1325,ATM,Dallas,2024-01-09 23:54:22
30354,PayPal,FAILED,12,767,Mobile,Dallas,2024-01-10 00:09:02
30355,Square,SUCCESS,00,1303,Mobile,New York,2024-01-10 00:37:40
30356,AuthorizeNet,SUCCESS,00,565,ATM,Los Angeles,2024-01-10 00:56:09
30357,Square,SUCCESS,00,709,Desktop,Chicago,2024-01-10 01:13:51
30358,AuthorizeNet,SUCCESS,00,1023,Mobile,Dallas,2024-01-10 01:33:26
30359,AuthorizeNet,FAILED,05,1310,POS,Dallas,2024-01-10 01:56:36
30360,PayPal,SUCCESS,00,437,POS,Chicago,2024-01-10 02:46:41
30361,Stripe,SUCCESS,00,224,Mobile,Chicago,2024-01-10 03:19:19
30362,PayPal,SUCCESS,00,1139,POS,Los Angeles,2024-01-10 03:35:46
30363,PayPal,SUCCESS,00,1358,ATM,Chicago,2024-01-10 03:47:01
30364,Square,FAILED,12,1036,Mobile,Los Angeles,2024-01-10 04:41:07
30365,AuthorizeNet,SUCCESS,00,472,Desktop,Los Angeles,2024-01-10 05:03:00
30366,PayPal,PENDING,99,1412,POS,Dallas,2024-01-10 05:28:05
30367,Stripe,SUCCESS,00,1443,Mobile,New York,2024-01-10 05:39:12
30368,Square,SUCCESS,00,140,POS,Los Angeles,2024-01-10 05:57:17
30369,PayPal,SUCCESS,00,244,POS,Los Angeles,2024-01-10 06:14:20
30370,Square,SUCCESS,00,285,ATM,New York,2024-01-10 07:23:14
30371,PayPal,SUCCESS,00,900,POS,New York,2024-01-10 08:42:50
30372,AuthorizeNet,FAILED,12,1282,Mobile,Dallas,2024-01-10 09:23:40
30373,Stripe,SUCCESS,00,214,Desktop,Los Angeles,2024-01-10 09:42:50
30374,Stripe,SUCCESS,00,168,ATM,Los Angeles,2024-01-10 09:53:57
30375,Square,SUCCESS,00,1046,POS,Los Angeles,2024-01-10 09:59:45
30376,Stripe,SUCCESS,00,458,Desktop,Dallas,2024-01-10 12:18:59
30377,AuthorizeNet,SUCCESS,00,633,Desktop,New York,2024-01-10 12:29:34
30378,PayPal,SUCCESS,00,647,ATM,Los Angeles,2024-01-10 12:47:20
30379,AuthorizeNet,SUCCESS,00,422,Mobile,Dallas,2024-01-10 13:03:53
30380,PayPal,SUCCESS,00,176,POS,Dallas,2024-01-10 13:59:34
30381,PayPal,SUCCESS,00,752,Mobile,New York,2024-01-10 15:35:47
30382,Square,SUCCESS,00,791,Mobile,Dallas,2024-01-10 15:44:29
30383,Square,PENDING,99,1104,Desktop,Dallas,2024-01-10 15:56:20
30384,Stripe,SUCCESS,00,1010,Desktop,Chicago,2024-01-10 16:55:13
30385,AuthorizeNet,SUCCESS,00,760,Desktop,New York,2024-01-10 17:24:14
30386,Square,SUCCESS,00,825,Mobile,Los Angeles,2024-01-10 18:31:45
30387,Stripe,SUCCESS,00,1058,Mobile,Dallas,2024-01-10 19:38:43
30388,AuthorizeNet,SUCCESS,00,903,POS,Chicago,2024-01-10 19:51:55
30389,AuthorizeNet,SUCCESS,00,673,Mobile,Los Angeles,2024-01-10 20:05:41
30390,Square,SUCCESS,00,437,POS,Dallas,2024-01-10 20:12:13
30391,Stripe,SUCCESS,00,340,Mobile,Chicago,2024-01-10 20:55:23
30392,Square,SUCCESS,00,1379,Desktop,Chicago,2024-01-10 22:41:10
30393,PayPal,SUCCESS,00,423,Mobile,Chicago,2024-01-10 22:41:19
30394,AuthorizeNet,SUCCESS,00,482,Mobile,Dallas,2024-01-10 23:32:06
30395,AuthorizeNet,SUCCESS,00,658,POS,Los Angeles,2024-01-11 02:36:38
30396,Stripe,SUCCESS,00,374,Desktop,Chicago,2024-01-11 03:18:57
30397,AuthorizeNet,SUCCESS,00,1287,Desktop,Los Angeles,2024-01-11 03:35:48
30398,Stripe,SUCCESS,00,1051,Mobile,Los Angeles,2024-01-11 06:51:46
30399,AuthorizeNet,PENDING,99,1012,Mobile,Los Angeles,2024-01-11 08:46:38
30400,PayPal,SUCCESS,00,1220,Desktop,Chicago,2024-01-11 09:22:55
30401,Square,SUCCESS,00,865,POS,New York,2024-01-11 09:41:22
30402,AuthorizeNet,SUCCESS,00,803,ATM,Chicago,2024-01-11 09:44:26
30403,Square,SUCCESS,00,392,Desktop,Dallas,2024-01-11 11:12:58
30404,Square,SUCCESS,00,1054,ATM,New York,2024-01-11 11:23:34
30405,AuthorizeNet,FAILED,05,1482,Desktop,Dallas,2024-01-11 12:13:30
30406,Square,SUCCESS,00,846,Desktop,Dallas,2024-01-11 12:30:57
30407,AuthorizeNet,SUCCESS,00,138,POS,Chicago,2024-01-11 12:38:55
30408,AuthorizeNet,SUCCESS,00,1256,Desktop,Chicago,2024-01-11 13:01:20
30409,Square,SUCCESS,00,592,POS,New York,2024-01-11 13:44:26
30410,Square,SUCCESS,00,312,POS,Dallas,2024-01-11 14:21:28
30411,Square,SUCCESS,00,1356,Desktop,Los Angeles,2024-01-11 14:25:47
30412,Square,SUCCESS,00,1161,Desktop,Dallas,2024-01-11 14:47:26
30413,AuthorizeNet,FAILED,05,713,Mobile,Dallas,2024-01-11 15:02:20
30414,Stripe,SUCCESS,00,1302,ATM,Chicago,2024-01-11 15:24:18
30415,AuthorizeNet,SUCCESS,00,385,Desktop,Dallas,2024-01-11 16:09:10
30416,Stripe,FAILED,12,300,Desktop,Chicago,2024-01-11 16:27:05
30417,Square,SUCCESS,00,1191,ATM,Dallas,2024-01-11 16:36:55
30418,Square,SUCCESS,00,472,POS,Dallas,2024-01-11 17:36:06
30419,Square,SUCCESS,00,877,Mobile,New York,2024-01-11 17:49:25
30420,AuthorizeNet,SUCCESS,00,986,POS,New York,2024-01-11 18:12:32
30421,Square,FAILED,05,136,POS,Los Angeles,2024-01-11 18:51:07
30422,PayPal,SUCCESS,00,1373,Desktop,New York,2024-01-11 19:14:43
30423,AuthorizeNet,SUCCESS,00,807,POS,Los Angeles,2024-01-11 19:31:22
30424,Square,SUCCESS,00,1224,Desktop,Dallas,2024-01-11 20:03:44
30425,Square,SUCCESS,00,1146,ATM,Los Angeles,2024-01-11 20:16:37
30426,Square,SUCCESS,00,409,ATM,Chicago,2024-01-11 20:43:31
30427,PayPal,FAILED,05,1036,Mobile,New York,2024-01-11 21:19:18
30428,PayPal,SUCCESS,00,861,Mobile,Chicago,2024-01-11 21:30:37
30429,Square,SUCCESS,00,1488,POS,Los Angeles,2024-01-11 22:40:04
30430,AuthorizeNet,SUCCESS,00,400,Desktop,Los Angeles,2024-01-12 01:08:37
30431,Stripe,SUCCESS,00,1294,Mobile,New York,2024-01-12 01:20:23
30432,AuthorizeNet,SUCCESS,00,1034,POS,Dallas,2024-01-12 01:27:32
30433,PayPal,SUCCESS,00,536,POS,Chicago,2024-01-12 02:50:48
30434,Stripe,SUCCESS,00,1239,POS,Los Angeles,2024-01-12 02:59:44
30435,AuthorizeNet,SUCCESS,00,341,ATM,Chicago,2024-01-12 02:59:45
30436,Stripe,SUCCESS,00,493,Desktop,Los Angeles,2024-01-12 03:53:13
30437,Square,SUCCESS,00,273,Desktop,Chicago,2024-01-12 03:55:23
30438,Stripe,SUCCESS,00,197,ATM,Los Angeles,2024-01-12 03:59:46
30439,Stripe,SUCCESS,00,540,ATM,Dallas,2024-01-12 04:08:52
30440,Stripe,SUCCESS,00,1173,Mobile,Chicago,2024-01-12 04:34:18
30441,Square,SUCCESS,00,1100,Desktop,Dallas,2024-01-12 05:24:25
30442,Stripe,SUCCESS,00,155,Mobile,Chicago,2024-01-12 05:25:14
30443,Square,SUCCESS,00,1190,Mobile,New York,2024-01-12 05:26:08
30444,Stripe,FAILED,12,476,Desktop,Dallas,2024-01-12 05:42:00
30445,AuthorizeNet,SUCCESS,00,766,ATM,Dallas,2024-01-12 06:03:07
30446,PayPal,SUCCESS,00,883,Mobile,New York,2024-01-12 07:05:48
30447,PayPal,FAILED,05,970,Desktop,Dallas,2024-01-12 07:14:19
30448,AuthorizeNet,SUCCESS,00,1294,ATM,Los Angeles,2024-01-12 07:21:10
30449,Stripe,SUCCESS,00,854,POS,New York,2024-01-12 07:38:54
30450,Stripe,SUCCESS,00,1311,Mobile,Chicago,2024-01-12 07:51:49
30451,Square,SUCCESS,00,214,Desktop,New York,2024-01-12 07:54:26
30452,PayPal,SUCCESS,00,471,POS,Los Angeles,2024-01-12 08:05:48
30453,AuthorizeNet,SUCCESS,00,1139,POS,Dallas,2024-01-12 08:15:28
30454,AuthorizeNet,SUCCESS,00,111,ATM,Chicago,2024-01-12 09:00:36
30455,Stripe,SUCCESS,00,649,ATM,Dallas,2024-01-12 09:17:56
30456,Stripe,SUCCESS,00,482,Mobile,Chicago,2024-01-12 10:24:05
30457,Stripe,SUCCESS,00,522,Desktop,Los Angeles,2024-01-12 10:53:46
30458,Square,SUCCESS,00,1293,ATM,New York,2024-01-12 11:07:45
30459,Stripe,SUCCESS,00,1276,Desktop,New York,2024-01-12 11:53:53
30460,Stripe,SUCCESS,00,761,Mobile,Los Angeles,2024-01-12 12:42:31
30461,PayPal,SUCCESS,00,901,Mobile,Chicago,2024-01-12 13:28:40
30462,Stripe,SUCCESS,00,805,POS,Chicago,2024-01-12 14:29:22
30463,Square,SUCCESS,00,1101,POS,Los Angeles,2024-01-12 14:55:11
30464,PayPal,SUCCESS,00,1285,POS,Chicago,2024-01-12 15:09:31
30465,Stripe,FAILED,05,1366,POS,Chicago,2024-01-12 15:57:32
30466,Square,SUCCESS,00,121,POS,Dallas,2024-01-12 16:40:26
30467,Square,SUCCESS,00,660,ATM,Dallas,2024-01-12 16:49:53
30468,Stripe,SUCCESS,00,1039,ATM,Chicago,2024-01-12 17:31:50
30469,PayPal,SUCCESS,00,281,Desktop,Dallas,2024-01-12 18:25:56
30470,AuthorizeNet,SUCCESS,00,886,Mobile,New York,2024-01-12 18:53:36
30471,AuthorizeNet,SUCCESS,00,996,Mobile,Dallas,2024-01-12 19:03:58
30472,PayPal,PENDING,99,1282,ATM,Los Angeles,2024-01-12 19:36:57
30473,PayPal,SUCCESS,00,116,Desktop,Chicago,2024-01-12 19:48:21
30474,Stripe,FAILED,12,1146,Mobile,Dallas,2024-01-12 20:37:45
30475,PayPal,SUCCESS,00,1257,POS,New York,2024-01-12 21:44:32
30476,Square,SUCCESS,00,728,ATM,Los Angeles,2024-01-12 21:49:50
30477,AuthorizeNet,SUCCESS,00,345,ATM,Dallas,2024-01-12 22:31:44
30478,AuthorizeNet,SUCCESS,00,286,Mobile,Dallas,2024-01-12 23:02:34
30479,PayPal,SUCCESS,00,630,ATM,New York,2024-01-12 23:41:02
30480,PayPal,SUCCESS,00,1351,POS,Los Angeles,2024-01-13 01:35:20
30481,PayPal,SUCCESS,00,1351,POS,Dallas,2024-01-13 01:39:38
30482,Stripe,SUCCESS,00,1356,Desktop,Los Angeles,2024-01-13 01:51:32
30483,AuthorizeNet,SUCCESS,00,690,POS,Chicago,2024-01-13 02:16:41
30484,Stripe,SUCCESS,00,649,Desktop,Los Angeles,2024-01-13 02:35:11
30485,Stripe,SUCCESS,00,622,Mobile,Dallas,2024-01-13 03:48:36
30486,Stripe,SUCCESS,00,355,ATM,Dallas,2024-01-13 04:46:02
30487,PayPal,SUCCESS,00,1452,POS,New York,2024-01-13 05:21:15
30488,Square,SUCCESS,00,1457,POS,New York,2024-01-13 05:35:50
30489,AuthorizeNet,SUCCESS,00,207,Mobile,New York,2024-01-13 06:55:36
30490,PayPal,SUCCESS,00,973,Mobile,Los Angeles,2024-01-13 07:22:10
30491,Stripe,SUCCESS,00,255,POS,Dallas,2024-01-13 08:18:56
30492,PayPal,SUCCESS,00,1099,Mobile,Chicago,2024-01-13 08:41:33
30493,PayPal,SUCCESS,00,875,POS,Dallas,2024-01-13 09:03:49
30494,Stripe,FAILED,12,347,Desktop,Chicago,2024-01-13 09:10:32
30495,PayPal,SUCCESS,00,220,ATM,Los Angeles,2024-01-13 09:19:46
30496,Square,SUCCESS,00,238,POS,Dallas,2024-01-13 09:20:46
30497,PayPal,SUCCESS,00,352,POS,Chicago,2024-01-13 09:31:17
30498,Stripe,SUCCESS,00,928,Mobile,Dallas,2024-01-13 10:23:49
30499,Stripe,SUCCESS,00,1070,Mobile,Dallas,2024-01-13 10:25:36
30500,PayPal,SUCCESS,00,523,Desktop,Chicago,2024-01-13 10:42:32
30501,PayPal,SUCCESS,00,650,ATM,New York,2024-01-13 10:54:15
30502,AuthorizeNet,SUCCESS,00,226,Mobile,Los Angeles,2024-01-13 12:32:16
30503,Stripe,SUCCESS,00,1405,ATM,Chicago,2024-01-13 12:43:19
30504,AuthorizeNet,SUCCESS,00,1161,ATM,Dallas,2024-01-13 13:07:20
30505,PayPal,SUCCESS,00,1099,ATM,Chicago,2024-01-13 13:32:42
30506,Square,SUCCESS,00,716,Mobile,Chicago,2024-01-13 16:12:46
30507,Stripe,SUCCESS,00,990,Desktop,Los Angeles,2024-01-13 18:25:45
30508,Stripe,SUCCESS,00,570,ATM,Dallas,2024-01-13 19:13:02
30509,Stripe,SUCCESS,00,960,Desktop,Dallas,2024-01-13 19:34:47
30510,AuthorizeNet,SUCCESS,00,767,Mobile,Chicago,2024-01-13 19:35:18
30511,PayPal,SUCCESS,00,1156,ATM,Chicago,2024-01-13 21:49:50
30512,AuthorizeNet,SUCCESS,00,212,Desktop,Dallas,2024-01-13 22:49:24
30513,AuthorizeNet,SUCCESS,00,1264,ATM,Dallas,2024-01-13 22:58:57
30514,AuthorizeNet,SUCCESS,00,1231,ATM,Dallas,2024-01-13 23:39:31
30515,AuthorizeNet,SUCCESS,00,138,ATM,Dallas,2024-01-14 00:09:13
30516,AuthorizeNet,SUCCESS,00,960,Desktop,New York,2024-01-14 00:26:56
30517,Square,SUCCESS,00,705,Desktop,New York,2024-01-14 00:40:27
30518,AuthorizeNet,SUCCESS,00,174,Desktop,New York,2024-01-14 02:17:51
30519,PayPal,SUCCESS,00,872,ATM,Chicago,2024-01-14 02:20:07
30520,Stripe,SUCCESS,00,1325,POS,Dallas,2024-01-14 02:32:07
30521,PayPal,SUCCESS,00,1051,POS,New York,2024-01-14 02:55:26
30522,AuthorizeNet,SUCCESS,00,906,ATM,Dallas,2024-01-14 04:31:01
30523,AuthorizeNet,SUCCESS,00,773,ATM,Dallas,2024-01-14 04:44:36
30524,Stripe,FAILED,12,1199,Desktop,New York,2024-01-14 04:52:13
30525,Stripe,SUCCESS,00,1327,Mobile,New York,2024-01-14 05:44:40
30526,Stripe,SUCCESS,00,1483,ATM,Los Angeles,2024-01-14 05:54:47
30527,PayPal,SUCCESS,00,1041,POS,Dallas,2024-01-14 06:23:29
30528,PayPal,SUCCESS,00,1259,POS,Los Angeles,2024-01-14 06:30:50
30529,Square,SUCCESS,00,314,Mobile,Dallas,2024-01-14 06:57:06
30530,Stripe,SUCCESS,00,561,ATM,New York,2024-01-14 07:43:20
30531,AuthorizeNet,SUCCESS,00,1398,POS,Dallas,2024-01-14 08:45:57
30532,Square,SUCCESS,00,817,Mobile,Dallas,2024-01-14 09:42:44
30533,Stripe,SUCCESS,00,257,Desktop,Chicago,2024-01-14 12:00:00
30534,Square,SUCCESS,00,810,Mobile,Dallas,2024-01-14 13:33:13
30535,Square,SUCCESS,00,1361,POS,Dallas,2024-01-14 14:06:40
30536,PayPal,SUCCESS,00,760,Mobile,Dallas,2024-01-14 14:40:05
30537,Stripe,SUCCESS,00,378,ATM,Dallas,2024-01-14 16:42:56
30538,Stripe,SUCCESS,00,1080,POS,Chicago,2024-01-14 16:44:11
30539,PayPal,SUCCESS,00,207,Desktop,Chicago,2024-01-14 16:50:34
30540,Square,SUCCESS,00,728,POS,New York,2024-01-14 17:15:34
30541,Stripe,SUCCESS,00,436,Desktop,Los Angeles,2024-01-14 19:30:57
30542,Square,SUCCESS,00,654,POS,New York,2024-01-14 19:33:14
30543,AuthorizeNet,SUCCESS,00,757,Mobile,Dallas,2024-01-14 19:41:27
30544,Square,SUCCESS,00,243,Mobile,New York,2024-01-14 21:24:04
30545,Stripe,SUCCESS,00,952,POS,Chicago,2024-01-14 21:28:29
30546,Square,SUCCESS,00,1342,POS,Los Angeles,2024-01-14 22:07:28
30547,AuthorizeNet,SUCCESS,00,420,Desktop,Dallas,2024-01-14 22:21:23
30548,PayPal,SUCCESS,00,1044,Desktop,New York,2024-01-14 22:22:25
30549,Square,SUCCESS,00,211,ATM,Dallas,2024-01-15 00:32:04
30550,PayPal,SUCCESS,00,596,ATM,New York,2024-01-15 00:56:33
30551,Stripe,PENDING,99,396,ATM,Los Angeles,2024-01-15 03:21:44
30552,AuthorizeNet,SUCCESS,00,1416,ATM,Chicago,2024-01-15 04:14:10
30553,AuthorizeNet,SUCCESS,00,775,POS,Dallas,2024-01-15 04:37:14
30554,Stripe,SUCCESS,00,993,ATM,Dallas,2024-01-15 04:55:07
30555,PayPal,SUCCESS,00,718,ATM,Dallas,2024-01-15 05:27:03
30556,Stripe,PENDING,99,730,Desktop,Los Angeles,2024-01-15 05:58:06
30557,AuthorizeNet,SUCCESS,00,1179,Desktop,New York,2024-01-15 07:01:19
30558,AuthorizeNet,SUCCESS,00,998,Mobile,New York,2024-01-15 08:31:00
30559,PayPal,SUCCESS,00,275,Desktop,Los Angeles,2024-01-15 10:29:00
30560,Square,SUCCESS,00,1042,Desktop,Dallas,2024-01-15 10:59:33
30561,Square,SUCCESS,00,550,POS,Chicago,2024-01-15 11:38:04
30562,AuthorizeNet,SUCCESS,00,886,ATM,Chicago,2024-01-15 12:17:12
30563,AuthorizeNet,FAILED,05,419,POS,Dallas,2024-01-15 12:41:07
30564,Stripe,SUCCESS,00,1113,ATM,Los Angeles,2024-01-15 13:01:48
30565,Stripe,FAILED,05,1361,Mobile,Dallas,2024-01-15 13:03:11
30566,Stripe,SUCCESS,00,881,Desktop,Dallas,2024-01-15 13:33:54
30567,PayPal,SUCCESS,00,1293,Mobile,Los Angeles,2024-01-15 13:35:01
30568,AuthorizeNet,SUCCESS,00,1416,Mobile,Los Angeles,2024-01-15 13:56:06
30569,PayPal,SUCCESS,00,1072,POS,Los Angeles,2024-01-15 14:00:48
30570,Stripe,SUCCESS,00,375,POS,Los Angeles,2024-01-15 14:20:43
30571,PayPal,SUCCESS,00,1255,Mobile,Dallas,2024-01-15 14:37:14
30572,Square,SUCCESS,00,263,POS,New York,2024-01-15 15:08:05
30573,AuthorizeNet,SUCCESS,00,222,Mobile,Chicago,2024-01-15 19:58:02
30574,Square,SUCCESS,00,974,POS,New York,2024-01-15 20:03:10
30575,Stripe,FAILED,05,1360,POS,Chicago,2024-01-15 22:13:55
30576,Stripe,SUCCESS,00,884,Desktop,New York,2024-01-15 22:24:02
30577,PayPal,SUCCESS,00,447,ATM,Los Angeles,2024-01-16 00:32:56
30578,AuthorizeNet,SUCCESS,00,585,Mobile,Chicago,2024-01-16 00:55:05
30579,Stripe,SUCCESS,00,476,Desktop,New York,2024-01-16 01:43:27
30580,AuthorizeNet,SUCCESS,00,1482,POS,Dallas,2024-01-16 01:46:12
30581,AuthorizeNet,FAILED,05,1121,Desktop,Los Angeles,2024-01-16 01:58:10
30582,Stripe,SUCCESS,00,1116,POS,New York,2024-01-16 02:07:27
30583,AuthorizeNet,SUCCESS,00,441,Mobile,New York,2024-01-16 02:28:06
30584,Square,SUCCESS,00,326,Mobile,Chicago,2024-01-16 03:10:46
30585,AuthorizeNet,SUCCESS,00,1464,Desktop,Dallas,2024-01-16 03:21:26
30586,Square,FAILED,12,1199,ATM,Chicago,2024-01-16 03:27:14
30587,Stripe,SUCCESS,00,990,POS,Los Angeles,2024-01-16 04:13:27
30588,AuthorizeNet,SUCCESS,00,1216,ATM,Dallas,2024-01-16 04:18:38
30589,Square,PENDING,99,980,Desktop,Dallas,2024-01-16 04:46:25
30590,PayPal,SUCCESS,00,398,ATM,Los Angeles,2024-01-16 05:18:59
30591,Stripe,SUCCESS,00,1475,Desktop,Dallas,2024-01-16 05:55:55
30592,PayPal,SUCCESS,00,1215,Desktop,Dallas,2024-01-16 07:52:48
30593,AuthorizeNet,SUCCESS,00,1237,Mobile,Dallas,2024-01-16 08:24:02
30594,AuthorizeNet,SUCCESS,00,375,Desktop,Dallas,2024-01-16 08:59:20
30595,PayPal,SUCCESS,00,506,ATM,Dallas,2024-01-16 10:52:41
30596,Stripe,SUCCESS,00,108,Desktop,New York,2024-01-16 11:00:54
30597,Square,SUCCESS,00,166,Desktop,Chicago,2024-01-16 12:41:35
30598,Stripe,SUCCESS,00,251,Mobile,Dallas,2024-01-16 13:21:18
30599,PayPal,SUCCESS,00,1407,ATM,Dallas,2024-01-16 15:25:17
30600,Square,SUCCESS,00,1253,Mobile,New York,2024-01-16 16:17:47
30601,Stripe,SUCCESS,00,596,Mobile,Los Angeles,2024-01-16 16:43:56
30602,PayPal,SUCCESS,00,1354,ATM,Dallas,2024-01-16 18:40:59
30603,PayPal,SUCCESS,00,436,Mobile,Chicago,2024-01-16 18:59:57
30604,PayPal,SUCCESS,00,539,ATM,Dallas,2024-01-16 19:09:35
30605,AuthorizeNet,SUCCESS,00,427,ATM,New York,2024-01-16 19:33:46
30606,Square,SUCCESS,00,641,POS,Dallas,2024-01-16 21:23:14
30607,Square,SUCCESS,00,1349,ATM,Los Angeles,2024-01-16 21:37:02
30608,AuthorizeNet,SUCCESS,00,337,POS,Los Angeles,2024-01-16 23:29:10
30609,Stripe,SUCCESS,00,1216,Mobile,Chicago,2024-01-16 23:35:37
30610,Stripe,SUCCESS,00,1144,Mobile,Chicago,2024-01-16 23:41:50
30611,PayPal,SUCCESS,00,618,POS,Los Angeles,2024-01-17 00:05:23
30612,PayPal,SUCCESS,00,725,Desktop,Los Angeles,2024-01-17 00:26:09
30613,PayPal,SUCCESS,00,736,Mobile,New York,2024-01-17 00:30:22
30614,Stripe,SUCCESS,00,887,POS,Dallas,2024-01-17 00:30:56
30615,AuthorizeNet,SUCCESS,00,422,Mobile,New York,2024-01-17 00:44:16
30616,AuthorizeNet,SUCCESS,00,828,Desktop,Chicago,2024-01-17 01:39:26
30617,Square,SUCCESS,00,245,ATM,New York,2024-01-17 01:47:43
30618,PayPal,FAILED,12,723,ATM,Chicago,2024-01-17 01:56:02
30619,AuthorizeNet,SUCCESS,00,293,POS,Chicago,2024-01-17 02:00:07
30620,PayPal,SUCCESS,00,1144,Mobile,New York,2024-01-17 02:49:35
30621,AuthorizeNet,SUCCESS,00,1441,POS,New York,2024-01-17 03:04:26
30622,Square,SUCCESS,00,590,ATM,Los Angeles,2024-01-17 03:45:54
30623,Square,SUCCESS,00,1420,Mobile,New York,2024-01-17 04:34:23
30624,PayPal,SUCCESS,00,1126,ATM,New York,2024-01-17 04:58:38
30625,AuthorizeNet,SUCCESS,00,474,Mobile,Dallas,2024-01-17 05:01:09
30626,PayPal,SUCCESS,00,377,POS,Los Angeles,2024-01-17 05:04:08
30627,Stripe,SUCCESS,00,1326,Desktop,Chicago,2024-01-17 05:40:53
30628,Stripe,SUCCESS,00,942,POS,Chicago,2024-01-17 05:42:24
30629,Stripe,SUCCESS,00,1474,Mobile,Chicago,2024-01-17 06:34:16
30630,PayPal,FAILED,12,488,Mobile,Chicago,2024-01-17 06:40:30
30631,AuthorizeNet,SUCCESS,00,238,Desktop,Chicago,2024-01-17 08:29:59
30632,AuthorizeNet,SUCCESS,00,635,Desktop,New York,2024-01-17 09:40:34
30633,Square,SUCCESS,00,1397,Desktop,Los Angeles,2024-01-17 09:53:20
30634,Stripe,SUCCESS,00,1389,ATM,Los Angeles,2024-01-17 10:12:29
30635,PayPal,FAILED,05,1213,Desktop,New York,2024-01-17 10:23:20
30636,AuthorizeNet,SUCCESS,00,940,POS,New York,2024-01-17 10:56:03
30637,AuthorizeNet,SUCCESS,00,1459,POS,New York,2024-01-17 11:00:18
30638,Stripe,SUCCESS,00,905,POS,Chicago,2024-01-17 11:10:48
30639,AuthorizeNet,SUCCESS,00,992,Desktop,Dallas,2024-01-17 11:27:59
30640,PayPal,SUCCESS,00,788,Desktop,Chicago,2024-01-17 12:09:07
30641,AuthorizeNet,SUCCESS,00,1404,Mobile,Los Angeles,2024-01-17 12:10:05
30642,Square,SUCCESS,00,1118,ATM,Chicago,2024-01-17 12:48:30
30643,PayPal,SUCCESS,00,616,Desktop,Dallas,2024-01-17 13:26:29
30644,AuthorizeNet,SUCCESS,00,904,Mobile,Chicago,2024-01-17 13:45:15
30645,PayPal,FAILED,05,714,ATM,Los Angeles,2024-01-17 13:52:26
30646,AuthorizeNet,SUCCESS,00,449,Desktop,Chicago,2024-01-17 14:25:54
30647,Square,SUCCESS,00,146,POS,Chicago,2024-01-17 16:02:18
30648,Stripe,SUCCESS,00,338,POS,Los Angeles,2024-01-17 16:43:43
30649,Square,SUCCESS,00,1228,Mobile,Los Angeles,2024-01-17 16:47:45
30650,Square,SUCCESS,00,174,Mobile,New York,2024-01-17 17:17:19
30651,PayPal,SUCCESS,00,1197,Mobile,New York,2024-01-17 17:30:42
30652,Square,SUCCESS,00,1411,Desktop,Dallas,2024-01-17 18:22:37
30653,Square,SUCCESS,00,1017,POS,Dallas,2024-01-17 20:14:56
30654,Stripe,SUCCESS,00,1492,ATM,Chicago,2024-01-17 20:46:31
30655,AuthorizeNet,SUCCESS,00,754,Desktop,New York,2024-01-17 20:49:28
30656,PayPal,SUCCESS,00,608,ATM,Dallas,2024-01-18 00:05:17
30657,AuthorizeNet,SUCCESS,00,813,ATM,Dallas,2024-01-18 00:13:59
30658,Stripe,SUCCESS,00,791,Mobile,Dallas,2024-01-18 00:24:25
30659,PayPal,SUCCESS,00,450,Mobile,Dallas,2024-01-18 00:33:04
30660,AuthorizeNet,PENDING,99,1408,POS,Dallas,2024-01-18 02:45:38
30661,Stripe,SUCCESS,00,278,ATM,New York,2024-01-18 07:53:40
30662,Square,SUCCESS,00,744,Mobile,Chicago,2024-01-18 07:56:25
30663,AuthorizeNet,SUCCESS,00,989,POS,Dallas,2024-01-18 08:19:43
30664,Square,SUCCESS,00,1069,ATM,Chicago,2024-01-18 08:50:11
30665,Square,SUCCESS,00,693,POS,New York,2024-01-18 08:54:27
30666,Stripe,SUCCESS,00,1245,Desktop,Chicago,2024-01-18 09:07:35
30667,AuthorizeNet,SUCCESS,00,203,ATM,Los Angeles,2024-01-18 09:28:14
30668,AuthorizeNet,SUCCESS,00,1280,Mobile,New York,2024-01-18 09:29:11
30669,Square,SUCCESS,00,223,Desktop,Chicago,2024-01-18 09:33:05
30670,AuthorizeNet,SUCCESS,00,942,POS,Dallas,2024-01-18 09:39:10
30671,Stripe,SUCCESS,00,1300,POS,Los Angeles,2024-01-18 11:40:23
30672,Square,SUCCESS,00,791,POS,Chicago,2024-01-18 11:53:39
30673,AuthorizeNet,FAILED,05,1379,ATM,New York,2024-01-18 13:11:39
30674,Square,SUCCESS,00,1089,Mobile,Chicago,2024-01-18 13:43:01
30675,PayPal,FAILED,05,1264,POS,Dallas,2024-01-18 15:20:16
30676,Stripe,SUCCESS,00,882,Desktop,Los Angeles,2024-01-18 15:33:36
30677,Stripe,SUCCESS,00,214,ATM,New York,2024-01-18 15:41:18
30678,Stripe,SUCCESS,00,1117,Desktop,Dallas,2024-01-18 15:48:07
30679,AuthorizeNet,SUCCESS,00,1059,Mobile,Chicago,2024-01-18 15:51:13
30680,Square,SUCCESS,00,1063,Desktop,Dallas,2024-01-18 16:15:16
30681,Stripe,SUCCESS,00,134,ATM,Dallas,2024-01-18 16:21:15
30682,Square,SUCCESS,00,1076,Desktop,Chicago,2024-01-18 16:25:44
30683,PayPal,SUCCESS,00,672,ATM,New York,2024-01-18 17:33:43
30684,AuthorizeNet,FAILED,12,944,Desktop,Los Angeles,2024-01-18 17:39:20
30685,Stripe,SUCCESS,00,398,POS,Dallas,2024-01-18 19:00:19
30686,PayPal,SUCCESS,00,463,Mobile,Dallas,2024-01-18 19:14:31
30687,PayPal,SUCCESS,00,546,POS,New York,2024-01-18 19:14:35
30688,Stripe,FAILED,12,171,ATM,New York,2024-01-18 20:43:00
30689,PayPal,SUCCESS,00,1333,POS,Dallas,2024-01-18 22:07:38
30690,AuthorizeNet,SUCCESS,00,1267,Desktop,Dallas,2024-01-18 22:27:30
30691,Stripe,SUCCESS,00,408,POS,Dallas,2024-01-18 23:58:35
30692,Stripe,FAILED,12,157,ATM,Los Angeles,2024-01-19 00:58:47
30693,PayPal,SUCCESS,00,1407,POS,Chicago,2024-01-19 01:03:24
30694,Stripe,SUCCESS,00,245,ATM,Dallas,2024-01-19 01:07:15
30695,Stripe,SUCCESS,00,250,Mobile,New York,2024-01-19 01:17:14
30696,AuthorizeNet,FAILED,12,1345,POS,Los Angeles,2024-01-19 01:52:50
30697,PayPal,SUCCESS,00,338,Mobile,Dallas,2024-01-19 01:55:39
30698,PayPal,SUCCESS,00,1081,ATM,Dallas,2024-01-19 02:01:36
30699,Square,SUCCESS,00,1142,Desktop,Dallas,2024-01-19 02:26:42
30700,Square,SUCCESS,00,658,Desktop,New York,2024-01-19 02:36:40
30701,PayPal,SUCCESS,00,665,Desktop,Dallas,2024-01-19 03:11:27
30702,Stripe,SUCCESS,00,754,POS,New York,2024-01-19 03:32:38
30703,Stripe,SUCCESS,00,1199,Mobile,Los Angeles,2024-01-19 08:01:52
30704,Square,SUCCESS,00,1295,POS,Dallas,2024-01-19 08:30:09
30705,PayPal,SUCCESS,00,494,Desktop,Dallas,2024-01-19 09:05:22
30706,PayPal,SUCCESS,00,196,Mobile,Dallas,2024-01-19 09:05:47
30707,PayPal,SUCCESS,00,1108,Desktop,Dallas,2024-01-19 09:16:38
30708,AuthorizeNet,SUCCESS,00,858,POS,New York,2024-01-19 09:24:55
30709,PayPal,SUCCESS,00,1275,POS,New York,2024-01-19 09:46:48
30710,Stripe,SUCCESS,00,1309,ATM,Chicago,2024-01-19 10:30:49
30711,Stripe,SUCCESS,00,1374,ATM,Dallas,2024-01-19 10:31:32
30712,Square,SUCCESS,00,223,Mobile,Chicago,2024-01-19 11:33:24
30713,Stripe,SUCCESS,00,321,POS,Los Angeles,2024-01-19 11:40:25
30714,Square,SUCCESS,00,1097,POS,New York,2024-01-19 11:46:25
30715,AuthorizeNet,SUCCESS,00,328,ATM,Dallas,2024-01-19 13:15:29
30716,PayPal,SUCCESS,00,554,Desktop,New York,2024-01-19 13:20:52
30717,Square,SUCCESS,00,1430,Desktop,Dallas,2024-01-19 15:37:56
30718,Square,SUCCESS,00,757,Desktop,Los Angeles,2024-01-19 16:03:05
30719,PayPal,SUCCESS,00,277,POS,New York,2024-01-19 19:36:25
30720,Square,SUCCESS,00,726,POS,Chicago,2024-01-19 20:21:05
30721,Square,PENDING,99,1294,ATM,Los Angeles,2024-01-19 20:35:26
30722,PayPal,SUCCESS,00,1153,ATM,Chicago,2024-01-19 21:01:50
30723,Stripe,SUCCESS,00,757,POS,New York,2024-01-19 21:08:22
30724,Stripe,SUCCESS,00,157,POS,New York,2024-01-19 21:46:23
30725,AuthorizeNet,SUCCESS,00,370,POS,New York,2024-01-19 21:57:29
30726,AuthorizeNet,SUCCESS,00,1351,ATM,Dallas,2024-01-19 22:23:36
30727,Square,SUCCESS,00,1200,Desktop,Dallas,2024-01-19 22:45:15
30728,PayPal,SUCCESS,00,643,Desktop,Chicago,2024-01-19 22:52:57
30729,AuthorizeNet,SUCCESS,00,466,POS,Los Angeles,2024-01-20 02:08:06
30730,Stripe,SUCCESS,00,1447,POS,Los Angeles,2024-01-20 03:41:59
30731,Stripe,SUCCESS,00,365,ATM,Chicago,2024-01-20 04:27:24
30732,AuthorizeNet,SUCCESS,00,1082,POS,Dallas,2024-01-20 05:27:05
30733,PayPal,SUCCESS,00,1242,Mobile,Chicago,2024-01-20 06:07:37
30734,Square,SUCCESS,00,527,ATM,Chicago,2024-01-20 06:12:48
30735,PayPal,SUCCESS,00,1349,Mobile,Chicago,2024-01-20 06:29:17
30736,PayPal,FAILED,12,1100,Desktop,Chicago,2024-01-20 07:34:40
30737,Square,SUCCESS,00,1155,Desktop,Chicago,2024-01-20 07:50:32
30738,AuthorizeNet,SUCCESS,00,1176,POS,Dallas,2024-01-20 07:51:51
30739,AuthorizeNet,SUCCESS,00,776,Desktop,New York,2024-01-20 07:56:51
30740,Stripe,SUCCESS,00,980,Desktop,New York,2024-01-20 08:23:24
30741,Square,SUCCESS,00,797,ATM,Dallas,2024-01-20 09:46:21
30742,Stripe,SUCCESS,00,564,ATM,Dallas,2024-01-20 10:18:02
30743,AuthorizeNet,SUCCESS,00,577,Mobile,Chicago,2024-01-20 10:27:31
30744,AuthorizeNet,SUCCESS,00,1157,Mobile,Dallas,2024-01-20 10:49:05
30745,Square,SUCCESS,00,1456,ATM,New York,2024-01-20 11:46:03
30746,AuthorizeNet,SUCCESS,00,735,POS,Dallas,2024-01-20 13:31:37
30747,Stripe,SUCCESS,00,854,Desktop,Dallas,2024-01-20 15:03:56
30748,Stripe,SUCCESS,00,1449,POS,Chicago,2024-01-20 15:43:46
30749,AuthorizeNet,SUCCESS,00,1205,Mobile,Dallas,2024-01-20 15:48:13
30750,AuthorizeNet,SUCCESS,00,1161,ATM,Los Angeles,2024-01-20 16:38:14
30751,PayPal,SUCCESS,00,708,Desktop,Chicago,2024-01-20 18:37:48
30752,Stripe,SUCCESS,00,743,Mobile,Dallas,2024-01-20 18:50:12
30753,Stripe,SUCCESS,00,633,Desktop,New York,2024-01-20 19:02:38
30754,Square,SUCCESS,00,247,POS,Los Angeles,2024-01-20 19:45:52
30755,Square,SUCCESS,00,1306,Desktop,Dallas,2024-01-20 19:57:23
30756,AuthorizeNet,SUCCESS,00,1145,ATM,New York,2024-01-20 20:15:57
30757,Square,FAILED,05,643,Mobile,Dallas,2024-01-20 21:09:06
30758,Stripe,SUCCESS,00,1183,POS,Dallas,2024-01-20 21:22:02
30759,Stripe,SUCCESS,00,213,ATM,Chicago,2024-01-20 22:32:16
30760,PayPal,SUCCESS,00,474,Desktop,New York,2024-01-20 23:37:19
30761,Stripe,SUCCESS,00,855,ATM,Dallas,2024-01-21 01:19:34
30762,PayPal,SUCCESS,00,394,Desktop,New York,2024-01-21 01:41:01
30763,PayPal,SUCCESS,00,235,ATM,Dallas,2024-01-21 01:44:24
30764,Stripe,SUCCESS,00,1349,Mobile,Chicago,2024-01-21 02:06:34
30765,Stripe,SUCCESS,00,1144,Mobile,Dallas,2024-01-21 02:53:53
30766,Stripe,SUCCESS,00,824,POS,New York,2024-01-21 03:44:36
30767,Stripe,SUCCESS,00,1436,POS,Dallas,2024-01-21 03:59:31
30768,AuthorizeNet,SUCCESS,00,1018,POS,New York,2024-01-21 04:04:04
30769,Square,SUCCESS,00,1245,Desktop,New York,2024-01-21 04:08:30
30770,AuthorizeNet,SUCCESS,00,267,Desktop,Chicago,2024-01-21 04:58:24
30771,AuthorizeNet,SUCCESS,00,386,Mobile,Los Angeles,2024-01-21 05:17:06
30772,PayPal,SUCCESS,00,261,Mobile,Dallas,2024-01-21 06:30:32
30773,Stripe,SUCCESS,00,1125,Mobile,New York,2024-01-21 07:08:20
30774,Stripe,SUCCESS,00,383,Mobile,Dallas,2024-01-21 07:19:10
30775,Stripe,SUCCESS,00,821,ATM,Dallas,2024-01-21 09:24:54
30776,PayPal,SUCCESS,00,1233,Desktop,Los Angeles,2024-01-21 10:34:42
30777,AuthorizeNet,SUCCESS,00,1242,Desktop,Los Angeles,2024-01-21 10:53:27
30778,AuthorizeNet,SUCCESS,00,1412,POS,New York,2024-01-21 11:18:11
30779,AuthorizeNet,SUCCESS,00,1434,POS,Chicago,2024-01-21 11:40:18
30780,Square,SUCCESS,00,250,ATM,Los Angeles,2024-01-21 11:52:15
30781,Square,SUCCESS,00,1345,Mobile,Chicago,2024-01-21 12:02:56
30782,Stripe,SUCCESS,00,649,ATM,Dallas,2024-01-21 13:31:49
30783,PayPal,SUCCESS,00,487,ATM,New York,2024-01-21 15:11:21
30784,Stripe,SUCCESS,00,1017,Mobile,Los Angeles,2024-01-21 15:24:53
30785,AuthorizeNet,FAILED,05,1225,ATM,Los Angeles,2024-01-21 16:10:52
30786,PayPal,SUCCESS,00,1496,Mobile,New York,2024-01-21 16:13:53
30787,Stripe,FAILED,05,765,Desktop,New York,2024-01-21 17:33:58
30788,AuthorizeNet,SUCCESS,00,861,ATM,Dallas,2024-01-21 17:49:47
30789,Stripe,FAILED,05,967,Mobile,Los Angeles,2024-01-21 17:59:22
30790,Square,SUCCESS,00,263,Mobile,Dallas,2024-01-21 18:28:23
30791,Square,SUCCESS,00,575,ATM,Dallas,2024-01-21 20:07:42
30792,Square,SUCCESS,00,818,POS,Dallas,2024-01-21 20:29:41
30793,PayPal,SUCCESS,00,244,Desktop,Los Angeles,2024-01-21 21:45:49
30794,PayPal,FAILED,12,816,Mobile,Dallas,2024-01-21 22:38:32
30795,AuthorizeNet,SUCCESS,00,353,Desktop,Los Angeles,2024-01-21 23:19:55
30796,PayPal,SUCCESS,00,395,Desktop,New York,2024-01-22 00:00:20
30797,AuthorizeNet,FAILED,05,1332,Mobile,Los Angeles,2024-01-22 01:15:14
30798,AuthorizeNet,SUCCESS,00,1405,POS,Chicago,2024-01-22 02:05:34
30799,Stripe,SUCCESS,00,686,Desktop,Los Angeles,2024-01-22 02:19:30
30800,Square,SUCCESS,00,128,POS,Chicago,2024-01-22 03:04:40
30801,Stripe,SUCCESS,00,491,POS,Dallas,2024-01-22 04:09:16
30802,Stripe,SUCCESS,00,778,ATM,Los Angeles,2024-01-22 05:28:57
30803,PayPal,SUCCESS,00,1296,Mobile,Los Angeles,2024-01-22 05:32:02
30804,PayPal,PENDING,99,104,Mobile,Chicago,2024-01-22 05:59:34
30805,Square,SUCCESS,00,620,Mobile,Dallas,2024-01-22 06:18:03
30806,Square,SUCCESS,00,657,ATM,Los Angeles,2024-01-22 06:48:32
30807,AuthorizeNet,SUCCESS,00,427,Desktop,New York,2024-01-22 07:02:50
30808,PayPal,SUCCESS,00,340,Desktop,Dallas,2024-01-22 07:04:31
30809,Stripe,SUCCESS,00,785,POS,Los Angeles,2024-01-22 07:15:57
30810,Square,SUCCESS,00,1198,Desktop,Dallas,2024-01-22 08:11:24
30811,Square,SUCCESS,00,1207,Mobile,Los Angeles,2024-01-22 08:24:19
30812,PayPal,FAILED,12,766,Mobile,Chicago,2024-01-22 11:18:55
30813,Stripe,FAILED,05,392,POS,New York,2024-01-22 11:57:30
30814,AuthorizeNet,SUCCESS,00,788,ATM,Dallas,2024-01-22 12:04:09
30815,PayPal,SUCCESS,00,661,ATM,Chicago,2024-01-22 12:33:51
30816,Square,SUCCESS,00,930,POS,Chicago,2024-01-22 12:37:57
30817,Stripe,SUCCESS,00,1388,POS,New York,2024-01-22 14:42:42
30818,Square,SUCCESS,00,689,ATM,New York,2024-01-22 15:09:06
30819,PayPal,SUCCESS,00,890,ATM,Chicago,2024-01-22 15:23:06
30820,PayPal,SUCCESS,00,1337,ATM,Chicago,2024-01-22 15:46:25
30821,Stripe,SUCCESS,00,301,Desktop,Dallas,2024-01-22 16:27:06
30822,PayPal,SUCCESS,00,1085,POS,Los Angeles,2024-01-22 16:35:03
30823,PayPal,SUCCESS,00,1017,POS,New York,2024-01-22 17:00:48
30824,AuthorizeNet,FAILED,12,1304,Mobile,Los Angeles,2024-01-22 17:39:43
30825,AuthorizeNet,SUCCESS,00,945,POS,Chicago,2024-01-22 18:28:39
30826,PayPal,SUCCESS,00,1145,POS,Dallas,2024-01-22 18:35:57
30827,Square,SUCCESS,00,971,Mobile,Los Angeles,2024-01-22 19:18:48
30828,Stripe,SUCCESS,00,428,Mobile,Dallas,2024-01-22 21:13:17
30829,PayPal,SUCCESS,00,1181,ATM,Dallas,2024-01-22 22:09:30
30830,AuthorizeNet,SUCCESS,00,265,Mobile,Chicago,2024-01-22 22:10:15
30831,Square,SUCCESS,00,1120,POS,Dallas,2024-01-22 22:26:46
30832,AuthorizeNet,SUCCESS,00,390,Mobile,Dallas,2024-01-22 23:28:11
30833,PayPal,SUCCESS,00,1095,Mobile,New York,2024-01-22 23:49:32
30834,Square,SUCCESS,00,395,POS,New York,2024-01-23 01:02:28
30835,PayPal,SUCCESS,00,978,Mobile,Dallas,2024-01-23 01:34:09
30836,PayPal,FAILED,12,672,Desktop,Los Angeles,2024-01-23 02:44:30
30837,Stripe,SUCCESS,00,459,ATM,New York,2024-01-23 02:57:44
30838,Stripe,SUCCESS,00,1155,POS,Chicago,2024-01-23 04:00:50
30839,PayPal,SUCCESS,00,637,ATM,Chicago,2024-01-23 04:24:35
30840,PayPal,SUCCESS,00,148,POS,Chicago,2024-01-23 05:27:38
30841,Square,SUCCESS,00,1105,Mobile,Chicago,2024-01-23 05:37:52
30842,AuthorizeNet,SUCCESS,00,657,Desktop,Chicago,2024-01-23 05:53:22
30843,Stripe,SUCCESS,00,655,Desktop,Dallas,2024-01-23 06:23:48
30844,AuthorizeNet,SUCCESS,00,1290,Desktop,Chicago,2024-01-23 06:40:36
30845,Square,SUCCESS,00,300,Mobile,Chicago,2024-01-23 06:46:25
30846,AuthorizeNet,SUCCESS,00,1055,Desktop,New York,2024-01-23 07:10:34
30847,Square,FAILED,05,1206,Mobile,Dallas,2024-01-23 08:12:38
30848,Stripe,FAILED,12,357,POS,Los Angeles,2024-01-23 08:59:24
30849,Square,FAILED,05,341,ATM,Chicago,2024-01-23 09:41:23
30850,AuthorizeNet,SUCCESS,00,731,Mobile,Dallas,2024-01-23 09:56:03
30851,PayPal,SUCCESS,00,333,Desktop,Dallas,2024-01-23 10:03:53
30852,AuthorizeNet,SUCCESS,00,349,POS,New York,2024-01-23 10:20:05
30853,Stripe,SUCCESS,00,461,Desktop,New York,2024-01-23 10:30:38
30854,AuthorizeNet,SUCCESS,00,1298,POS,Los Angeles,2024-01-23 11:16:13
30855,Stripe,SUCCESS,00,1046,Mobile,Los Angeles,2024-01-23 11:24:45
30856,Square,SUCCESS,00,1167,POS,Chicago,2024-01-23 12:09:50
30857,PayPal,SUCCESS,00,1194,POS,Los Angeles,2024-01-23 12:10:46
30858,AuthorizeNet,SUCCESS,00,1157,POS,Dallas,2024-01-23 14:30:45
30859,Square,SUCCESS,00,757,Desktop,Dallas,2024-01-23 14:56:47
30860,PayPal,SUCCESS,00,1095,ATM,Dallas,2024-01-23 15:08:09
30861,PayPal,SUCCESS,00,1049,ATM,New York,2024-01-23 15:41:22
30862,AuthorizeNet,SUCCESS,00,698,ATM,Chicago,2024-01-23 16:17:48
30863,AuthorizeNet,SUCCESS,00,836,Desktop,Los Angeles,2024-01-23 16:44:22
30864,Square,SUCCESS,00,727,ATM,Dallas,2024-01-23 18:43:55
30865,PayPal,SUCCESS,00,865,POS,Dallas,2024-01-23 19:11:30
30866,AuthorizeNet,SUCCESS,00,758,Mobile,Chicago,2024-01-23 19:34:44
30867,Square,SUCCESS,00,431,ATM,Los Angeles,2024-01-23 20:35:46
30868,AuthorizeNet,SUCCESS,00,547,POS,Dallas,2024-01-23 21:48:52
30869,Stripe,SUCCESS,00,960,POS,Dallas,2024-01-23 22:17:10
30870,PayPal,SUCCESS,00,194,Desktop,Dallas,2024-01-23 22:18:24
30871,PayPal,SUCCESS,00,124,POS,Dallas,2024-01-24 00:02:04
30872,Square,SUCCESS,00,1299,Desktop,Chicago,2024-01-24 00:12:08
30873,PayPal,SUCCESS,00,355,Desktop,Los Angeles,2024-01-24 00:31:39
30874,AuthorizeNet,SUCCESS,00,735,Desktop,New York,2024-01-24 00:38:43
30875,Stripe,SUCCESS,00,877,ATM,Los Angeles,2024-01-24 01:06:49
30876,PayPal,SUCCESS,00,256,ATM,New York,2024-01-24 01:20:09
30877,Stripe,SUCCESS,00,920,ATM,Dallas,2024-01-24 01:51:38
30878,Stripe,SUCCESS,00,359,POS,Chicago,2024-01-24 02:36:59
30879,Square,SUCCESS,00,971,Mobile,New York,2024-01-24 02:56:55
30880,Stripe,SUCCESS,00,1165,ATM,New York,2024-01-24 03:42:47
30881,Square,SUCCESS,00,618,POS,Dallas,2024-01-24 03:43:15
30882,AuthorizeNet,SUCCESS,00,1086,Desktop,New York,2024-01-24 04:51:06
30883,Square,FAILED,05,213,ATM,Dallas,2024-01-24 05:38:33
30884,AuthorizeNet,SUCCESS,00,1414,Desktop,Los Angeles,2024-01-24 06:01:07
30885,PayPal,SUCCESS,00,1148,ATM,New York,2024-01-24 06:36:10
30886,Stripe,SUCCESS,00,627,ATM,Chicago,2024-01-24 06:43:02
30887,Square,SUCCESS,00,1115,Desktop,Dallas,2024-01-24 07:05:05
30888,AuthorizeNet,SUCCESS,00,591,Desktop,New York,2024-01-24 07:25:04
30889,AuthorizeNet,SUCCESS,00,605,ATM,Chicago,2024-01-24 07:50:23
30890,PayPal,SUCCESS,00,918,ATM,New York,2024-01-24 08:10:50
30891,Square,SUCCESS,00,1484,POS,New York,2024-01-24 08:25:21
30892,AuthorizeNet,SUCCESS,00,1292,Mobile,Los Angeles,2024-01-24 08:44:30
30893,Stripe,SUCCESS,00,118,POS,Los Angeles,2024-01-24 08:46:41
30894,AuthorizeNet,SUCCESS,00,155,Mobile,Chicago,2024-01-24 09:25:53
30895,AuthorizeNet,SUCCESS,00,1188,Mobile,Chicago,2024-01-24 09:56:51
30896,PayPal,FAILED,12,1459,Mobile,New York,2024-01-24 10:55:24
30897,Stripe,SUCCESS,00,336,Desktop,New York,2024-01-24 11:05:33
30898,Square,SUCCESS,00,906,ATM,New York,2024-01-24 11:20:16
30899,Stripe,SUCCESS,00,858,Desktop,Dallas,2024-01-24 12:55:58
30900,Stripe,SUCCESS,00,894,Desktop,Chicago,2024-01-24 13:21:19
30901,PayPal,SUCCESS,00,239,POS,New York,2024-01-24 13:47:23
30902,Square,SUCCESS,00,569,Desktop,Chicago,2024-01-24 15:54:57
30903,Stripe,SUCCESS,00,1453,Desktop,New York,2024-01-24 17:42:30
30904,Square,SUCCESS,00,1448,POS,New York,2024-01-24 17:43:00
30905,Square,SUCCESS,00,167,Mobile,New York,2024-01-24 17:50:04
30906,AuthorizeNet,SUCCESS,00,1256,ATM,Los Angeles,2024-01-24 18:11:14
30907,PayPal,SUCCESS,00,1054,POS,Chicago,2024-01-24 19:03:35
30908,PayPal,SUCCESS,00,1074,POS,New York,2024-01-24 19:15:54
30909,PayPal,SUCCESS,00,1049,ATM,New York,2024-01-24 20:05:25
30910,AuthorizeNet,SUCCESS,00,1438,ATM,Los Angeles,2024-01-24 20:32:10
30911,AuthorizeNet,SUCCESS,00,1321,Desktop,Chicago,2024-01-24 20:44:02
30912,Square,SUCCESS,00,749,POS,Los Angeles,2024-01-24 21:45:01
30913,Square,SUCCESS,00,1145,Mobile,Dallas,2024-01-24 21:53:15
30914,PayPal,SUCCESS,00,233,ATM,Dallas,2024-01-24 22:25:29
30915,Square,SUCCESS,00,522,POS,Los Angeles,2024-01-24 22:39:19
30916,PayPal,SUCCESS,00,949,Mobile,Chicago,2024-01-24 22:46:15
30917,PayPal,SUCCESS,00,1081,Mobile,Los Angeles,2024-01-24 23:44:56
30918,PayPal,SUCCESS,00,1231,ATM,Chicago,2024-01-24 23:51:03
30919,Stripe,FAILED,05,1006,Desktop,Los Angeles,2024-01-25 00:08:24
30920,Square,SUCCESS,00,1011,Mobile,Dallas,2024-01-25 00:40:53
30921,Stripe,SUCCESS,00,570,Desktop,Chicago,2024-01-25 01:00:28
30922,Square,SUCCESS,00,1372,Mobile,Los Angeles,2024-01-25 01:10:04
30923,Stripe,FAILED,05,1184,POS,Los Angeles,2024-01-25 01:48:00
30924,Square,PENDING,99,1032,Desktop,Chicago,2024-01-25 03:05:27
30925,Stripe,SUCCESS,00,1468,Desktop,Chicago,2024-01-25 03:35:18
30926,AuthorizeNet,SUCCESS,00,219,POS,Los Angeles,2024-01-25 03:38:59
30927,AuthorizeNet,FAILED,05,921,Desktop,Chicago,2024-01-25 04:40:40
30928,PayPal,FAILED,12,209,ATM,Chicago,2024-01-25 05:20:48
30929,PayPal,SUCCESS,00,1429,Mobile,New York,2024-01-25 05:31:06
30930,Square,SUCCESS,00,516,Mobile,Dallas,2024-01-25 05:36:48
30931,AuthorizeNet,SUCCESS,00,1270,POS,New York,2024-01-25 05:49:23
30932,PayPal,SUCCESS,00,1193,Desktop,New York,2024-01-25 05:59:14
30933,Square,SUCCESS,00,572,Mobile,Los Angeles,2024-01-25 06:00:13
30934,PayPal,SUCCESS,00,622,ATM,Dallas,2024-01-25 06:25:51
30935,AuthorizeNet,SUCCESS,00,474,Desktop,Dallas,2024-01-25 07:12:15
30936,PayPal,SUCCESS,00,1418,Mobile,New York,2024-01-25 08:02:27
30937,PayPal,SUCCESS,00,1338,POS,Los Angeles,2024-01-25 08:57:24
30938,Stripe,SUCCESS,00,919,Desktop,Chicago,2024-01-25 09:01:57
30939,Stripe,SUCCESS,00,1341,ATM,Los Angeles,2024-01-25 09:23:32
30940,PayPal,FAILED,12,1370,Mobile,Los Angeles,2024-01-25 09:56:32
30941,PayPal,SUCCESS,00,1240,POS,New York,2024-01-25 10:11:06
30942,Stripe,SUCCESS,00,417,ATM,Dallas,2024-01-25 10:29:47
30943,AuthorizeNet,SUCCESS,00,1099,ATM,Dallas,2024-01-25 10:38:53
30944,Stripe,SUCCESS,00,1071,Mobile,Dallas,2024-01-25 11:18:44
30945,Square,SUCCESS,00,867,ATM,New York,2024-01-25 11:34:57
30946,Square,SUCCESS,00,620,POS,Dallas,2024-01-25 11:37:51
30947,PayPal,SUCCESS,00,1141,ATM,Chicago,2024-01-25 11:49:02
30948,Square,SUCCESS,00,1220,Desktop,Los Angeles,2024-01-25 12:12:57
30949,Square,SUCCESS,00,1496,POS,Dallas,2024-01-25 12:22:25
30950,Stripe,SUCCESS,00,382,Desktop,Dallas,2024-01-25 14:09:08
30951,Square,SUCCESS,00,638,Desktop,New York,2024-01-25 14:39:30
30952,AuthorizeNet,SUCCESS,00,353,Mobile,New York,2024-01-25 15:05:13
30953,Stripe,SUCCESS,00,207,Desktop,Los Angeles,2024-01-25 16:03:48
30954,AuthorizeNet,SUCCESS,00,355,ATM,Chicago,2024-01-25 16:41:43
30955,Square,SUCCESS,00,1205,Desktop,Chicago,2024-01-25 17:42:01
30956,Stripe,PENDING,99,1295,ATM,Dallas,2024-01-25 18:45:39
30957,Square,SUCCESS,00,289,POS,Los Angeles,2024-01-25 20:57:03
30958,Square,SUCCESS,00,882,Mobile,Chicago,2024-01-25 21:19:40
30959,AuthorizeNet,SUCCESS,00,510,ATM,Dallas,2024-01-25 22:12:54
30960,Square,SUCCESS,00,962,POS,Dallas,2024-01-25 22:54:53
30961,PayPal,SUCCESS,00,623,Mobile,Chicago,2024-01-26 00:56:13
30962,Square,FAILED,12,433,POS,Los Angeles,2024-01-26 01:07:18
30963,Stripe,SUCCESS,00,200,ATM,Dallas,2024-01-26 01:07:50
30964,Stripe,FAILED,12,1141,POS,Los Angeles,2024-01-26 01:36:19
30965,PayPal,SUCCESS,00,1074,Desktop,Los Angeles,2024-01-26 02:41:50
30966,AuthorizeNet,FAILED,12,780,ATM,Chicago,2024-01-26 04:38:53
30967,AuthorizeNet,SUCCESS,00,1121,ATM,Los Angeles,2024-01-26 05:48:20
30968,Square,PENDING,99,481,POS,New York,2024-01-26 06:52:50
30969,Square,SUCCESS,00,730,Desktop,New York,2024-01-26 07:49:35
30970,Square,SUCCESS,00,624,POS,New York,2024-01-26 09:42:28
30971,AuthorizeNet,FAILED,05,356,POS,Dallas,2024-01-26 10:34:03
30972,Square,SUCCESS,00,1097,POS,New York,2024-01-26 10:40:12
30973,Stripe,SUCCESS,00,120,Desktop,New York,2024-01-26 10:44:39
30974,AuthorizeNet,FAILED,12,441,POS,New York,2024-01-26 11:07:36
30975,PayPal,SUCCESS,00,179,POS,Los Angeles,2024-01-26 11:12:59
30976,PayPal,SUCCESS,00,260,ATM,Dallas,2024-01-26 11:31:32
30977,AuthorizeNet,SUCCESS,00,468,Mobile,Chicago,2024-01-26 12:29:13
30978,Stripe,SUCCESS,00,138,Desktop,Chicago,2024-01-26 13:03:57
30979,Stripe,SUCCESS,00,482,POS,Dallas,2024-01-26 13:18:53
30980,Square,SUCCESS,00,1350,Mobile,New York,2024-01-26 14:22:30
30981,AuthorizeNet,SUCCESS,00,1428,ATM,Dallas,2024-01-26 15:21:56
30982,AuthorizeNet,SUCCESS,00,474,Mobile,New York,2024-01-26 16:36:16
30983,PayPal,SUCCESS,00,811,POS,Los Angeles,2024-01-26 18:48:20
30984,Stripe,SUCCESS,00,898,POS,Los Angeles,2024-01-26 19:36:44
30985,PayPal,SUCCESS,00,1034,POS,New York,2024-01-26 20:07:33
30986,AuthorizeNet,SUCCESS,00,1444,POS,Los Angeles,2024-01-26 21:17:31
30987,AuthorizeNet,SUCCESS,00,498,ATM,Dallas,2024-01-26 23:11:34
30988,AuthorizeNet,FAILED,12,1196,ATM,New York,2024-01-27 00:18:14
30989,Square,SUCCESS,00,579,POS,Dallas,2024-01-27 00:41:49
30990,Stripe,SUCCESS,00,1203,Desktop,Dallas,2024-01-27 00:54:55
30991,Square,SUCCESS,00,1468,POS,New York,2024-01-27 01:25:37
30992,PayPal,SUCCESS,00,724,Desktop,Dallas,2024-01-27 01:57:34
30993,AuthorizeNet,SUCCESS,00,828,Mobile,Los Angeles,2024-01-27 02:26:17
30994,AuthorizeNet,SUCCESS,00,1427,ATM,Los Angeles,2024-01-27 02:37:55
30995,AuthorizeNet,SUCCESS,00,126,Mobile,Los Angeles,2024-01-27 02:55:41
30996,AuthorizeNet,FAILED,12,536,Desktop,Chicago,2024-01-27 03:43:49
30997,Stripe,SUCCESS,00,779,Desktop,Los Angeles,2024-01-27 04:14:09
30998,Square,SUCCESS,00,184,ATM,Los Angeles,2024-01-27 04:32:35
30999,Square,SUCCESS,00,1292,POS,Dallas,2024-01-27 04:48:17
31000,AuthorizeNet,SUCCESS,00,272,POS,New York,2024-01-27 05:43:44
31001,Square,SUCCESS,00,1053,POS,Chicago,2024-01-27 05:53:31
31002,AuthorizeNet,SUCCESS,00,1358,POS,Los Angeles,2024-01-27 06:42:01
31003,Stripe,SUCCESS,00,298,POS,Chicago,2024-01-27 06:53:59
31004,PayPal,SUCCESS,00,1479,Mobile,Dallas,2024-01-27 08:57:33
31005,Stripe,SUCCESS,00,1367,POS,Chicago,2024-01-27 09:08:22
31006,Square,SUCCESS,00,917,ATM,Los Angeles,2024-01-27 10:17:17
31007,Square,SUCCESS,00,486,ATM,New York,2024-01-27 10:59:52
31008,Square,SUCCESS,00,394,Desktop,Los Angeles,2024-01-27 11:16:28
31009,AuthorizeNet,SUCCESS,00,852,POS,New York,2024-01-27 12:16:10
31010,Square,SUCCESS,00,1499,Mobile,Chicago,2024-01-27 12:32:36
31011,AuthorizeNet,SUCCESS,00,1349,Mobile,Los Angeles,2024-01-27 12:33:13
31012,Square,SUCCESS,00,511,Desktop,Dallas,2024-01-27 12:34:15
31013,Square,FAILED,05,205,Desktop,Dallas,2024-01-27 13:11:32
31014,AuthorizeNet,SUCCESS,00,1085,Desktop,Chicago,2024-01-27 13:38:15
31015,PayPal,SUCCESS,00,1440,POS,Dallas,2024-01-27 14:07:02
31016,Stripe,SUCCESS,00,605,ATM,Chicago,2024-01-27 14:07:03
31017,PayPal,SUCCESS,00,264,Mobile,Los Angeles,2024-01-27 14:09:50
31018,AuthorizeNet,SUCCESS,00,101,Mobile,Dallas,2024-01-27 14:33:15
31019,Square,SUCCESS,00,1266,POS,Los Angeles,2024-01-27 15:16:37
31020,Square,SUCCESS,00,1035,ATM,Los Angeles,2024-01-27 15:21:00
31021,PayPal,SUCCESS,00,597,ATM,Dallas,2024-01-27 15:22:24
31022,Stripe,SUCCESS,00,185,Desktop,New York,2024-01-27 15:31:57
31023,AuthorizeNet,SUCCESS,00,1232,ATM,New York,2024-01-27 16:14:27
31024,PayPal,SUCCESS,00,1252,Desktop,Los Angeles,2024-01-27 17:42:50
31025,PayPal,SUCCESS,00,1282,Mobile,Los Angeles,2024-01-27 18:45:36
31026,PayPal,SUCCESS,00,604,POS,Los Angeles,2024-01-27 18:47:25
31027,Square,SUCCESS,00,537,POS,Los Angeles,2024-01-27 19:04:08
31028,PayPal,SUCCESS,00,852,ATM,Chicago,2024-01-27 19:13:01
31029,Stripe,SUCCESS,00,1231,Desktop,Dallas,2024-01-27 20:12:02
31030,Square,SUCCESS,00,148,ATM,Chicago,2024-01-27 22:39:04
31031,Square,SUCCESS,00,953,POS,Dallas,2024-01-27 22:42:05
31032,AuthorizeNet,SUCCESS,00,321,POS,Chicago,2024-01-27 23:09:08
31033,AuthorizeNet,SUCCESS,00,1283,ATM,Chicago,2024-01-27 23:13:43
31034,PayPal,SUCCESS,00,1351,Desktop,Chicago,2024-01-27 23:28:10
31035,PayPal,FAILED,05,1006,ATM,Los Angeles,2024-01-28 00:04:40
31036,AuthorizeNet,SUCCESS,00,400,POS,Dallas,2024-01-28 01:23:39
31037,PayPal,SUCCESS,00,1462,ATM,New York,2024-01-28 01:37:44
31038,PayPal,SUCCESS,00,933,POS,Los Angeles,2024-01-28 02:27:02
31039,PayPal,SUCCESS,00,1000,ATM,Chicago,2024-01-28 03:02:19
31040,PayPal,SUCCESS,00,919,Desktop,New York,2024-01-28 03:35:13
31041,Square,SUCCESS,00,331,POS,New York,2024-01-28 03:49:40
31042,Stripe,SUCCESS,00,1483,ATM,New York,2024-01-28 04:34:23
31043,Square,SUCCESS,00,1158,ATM,Dallas,2024-01-28 04:54:43
31044,AuthorizeNet,SUCCESS,00,1290,POS,New York,2024-01-28 05:21:24
31045,Stripe,SUCCESS,00,414,Desktop,New York,2024-01-28 05:23:48
31046,AuthorizeNet,SUCCESS,00,1306,ATM,Los Angeles,2024-01-28 05:53:15
31047,Square,SUCCESS,00,1207,ATM,New York,2024-01-28 06:41:36
31048,Stripe,SUCCESS,00,972,Desktop,Los Angeles,2024-01-28 07:45:15
31049,Square,SUCCESS,00,1407,POS,Los Angeles,2024-01-28 08:08:10
31050,PayPal,SUCCESS,00,1232,ATM,Chicago,2024-01-28 08:13:57
31051,Square,SUCCESS,00,1467,POS,New York,2024-01-28 08:36:43
31052,Square,SUCCESS,00,1179,Desktop,Los Angeles,2024-01-28 09:10:51
31053,Stripe,SUCCESS,00,229,Mobile,Dallas,2024-01-28 10:51:36
31054,PayPal,SUCCESS,00,269,ATM,Chicago,2024-01-28 10:52:41
31055,AuthorizeNet,PENDING,99,1127,Mobile,Los Angeles,2024-01-28 11:01:12
31056,PayPal,SUCCESS,00,657,Desktop,Chicago,2024-01-28 11:16:49
31057,PayPal,SUCCESS,00,177,Mobile,New York,2024-01-28 11:18:39
31058,PayPal,SUCCESS,00,738,POS,Dallas,2024-01-28 11:43:07
31059,PayPal,SUCCESS,00,649,POS,Dallas,2024-01-28 11:56:10
31060,Square,SUCCESS,00,1262,POS,Chicago,2024-01-28 12:02:46
31061,Stripe,SUCCESS,00,131,Desktop,New York,2024-01-28 12:05:46
31062,Stripe,SUCCESS,00,676,Mobile,Los Angeles,2024-01-28 12:12:33
31063,Square,SUCCESS,00,685,ATM,Los Angeles,2024-01-28 12:22:34
31064,Square,SUCCESS,00,431,POS,Dallas,2024-01-28 12:41:24
31065,AuthorizeNet,SUCCESS,00,1463,Desktop,Los Angeles,2024-01-28 12:54:27
31066,AuthorizeNet,SUCCESS,00,852,ATM,Dallas,2024-01-28 14:36:41
31067,AuthorizeNet,SUCCESS,00,1273,ATM,Chicago,2024-01-28 14:37:33
31068,Square,SUCCESS,00,232,POS,New York,2024-01-28 14:45:11
31069,PayPal,SUCCESS,00,805,POS,Dallas,2024-01-28 15:05:38
31070,PayPal,FAILED,12,622,Desktop,Dallas,2024-01-28 15:34:16
31071,Square,FAILED,05,575,Mobile,New York,2024-01-28 15:46:02
31072,Stripe,SUCCESS,00,490,ATM,Chicago,2024-01-28 15:47:11
31073,PayPal,SUCCESS,00,1147,ATM,Chicago,2024-01-28 16:14:38
31074,AuthorizeNet,SUCCESS,00,1076,Desktop,Los Angeles,2024-01-28 17:00:05
31075,Square,SUCCESS,00,852,ATM,Los Angeles,2024-01-28 17:05:51
31076,AuthorizeNet,PENDING,99,957,Mobile,Chicago,2024-01-28 17:09:17
31077,PayPal,SUCCESS,00,466,Desktop,Los Angeles,2024-01-28 17:41:42
31078,Stripe,SUCCESS,00,647,ATM,Dallas,2024-01-28 17:59:44
31079,AuthorizeNet,SUCCESS,00,260,Mobile,New York,2024-01-28 18:01:11
31080,Square,SUCCESS,00,807,Desktop,Chicago,2024-01-28 19:02:32
31081,Stripe,FAILED,05,1343,POS,Dallas,2024-01-28 19:25:09
31082,Square,SUCCESS,00,1197,Mobile,Chicago,2024-01-28 20:17:36
31083,Stripe,SUCCESS,00,999,POS,Dallas,2024-01-28 21:29:28
31084,Stripe,SUCCESS,00,1036,POS,Los Angeles,2024-01-28 21:58:06
31085,Stripe,SUCCESS,00,754,POS,Los Angeles,2024-01-28 22:59:55
31086,Square,SUCCESS,00,1204,Mobile,Los Angeles,2024-01-28 23:23:34
31087,PayPal,SUCCESS,00,1218,Desktop,Dallas,2024-01-28 23:48:14
31088,Stripe,SUCCESS,00,1336,Desktop,Chicago,2024-01-29 00:03:00
31089,AuthorizeNet,FAILED,05,574,Mobile,Chicago,2024-01-29 00:08:53
31090,Stripe,PENDING,99,1367,Desktop,New York,2024-01-29 00:47:11
31091,Stripe,SUCCESS,00,621,POS,Dallas,2024-01-29 01:24:26
31092,Stripe,SUCCESS,00,1135,ATM,Chicago,2024-01-29 01:25:16
31093,AuthorizeNet,PENDING,99,258,Desktop,Chicago,2024-01-29 01:28:07
31094,AuthorizeNet,SUCCESS,00,1478,Desktop,New York,2024-01-29 02:10:53
31095,AuthorizeNet,SUCCESS,00,616,ATM,New York,2024-01-29 02:16:34
31096,Square,FAILED,12,366,ATM,Los Angeles,2024-01-29 02:25:24
31097,PayPal,SUCCESS,00,1298,ATM,Chicago,2024-01-29 02:43:25
31098,Stripe,SUCCESS,00,580,ATM,Dallas,2024-01-29 03:42:36
31099,PayPal,SUCCESS,00,1119,Mobile,New York,2024-01-29 04:02:49
31100,PayPal,SUCCESS,00,501,POS,Chicago,2024-01-29 04:17:54
31101,AuthorizeNet,PENDING,99,153,ATM,Chicago,2024-01-29 05:54:23
31102,PayPal,SUCCESS,00,946,Desktop,Los Angeles,2024-01-29 06:06:38
31103,Stripe,PENDING,99,938,ATM,Chicago,2024-01-29 06:12:04
31104,Square,SUCCESS,00,347,Mobile,New York,2024-01-29 07:00:43
31105,Stripe,SUCCESS,00,835,POS,Dallas,2024-01-29 08:12:23
31106,AuthorizeNet,SUCCESS,00,263,POS,Los Angeles,2024-01-29 09:02:30
31107,Square,SUCCESS,00,689,POS,Chicago,2024-01-29 09:17:10
31108,Square,SUCCESS,00,1415,ATM,New York,2024-01-29 09:19:01
31109,Stripe,SUCCESS,00,994,ATM,Los Angeles,2024-01-29 09:19:12
31110,AuthorizeNet,FAILED,12,1085,Desktop,Dallas,2024-01-29 09:53:48
31111,Square,SUCCESS,00,197,ATM,New York,2024-01-29 10:57:35
31112,Square,SUCCESS,00,979,ATM,New York,2024-01-29 11:05:39
31113,Square,SUCCESS,00,123,ATM,Dallas,2024-01-29 11:37:50
31114,Stripe,SUCCESS,00,1288,POS,Los Angeles,2024-01-29 11:48:48
31115,PayPal,SUCCESS,00,780,ATM,New York,2024-01-29 12:23:55
31116,PayPal,SUCCESS,00,1320,ATM,Chicago,2024-01-29 12:26:38
31117,Square,SUCCESS,00,463,Desktop,New York,2024-01-29 13:10:50
31118,AuthorizeNet,SUCCESS,00,867,Mobile,Dallas,2024-01-29 14:44:25
31119,Stripe,SUCCESS,00,1444,Desktop,New York,2024-01-29 15:01:57
31120,AuthorizeNet,FAILED,12,205,POS,Los Angeles,2024-01-29 15:42:10
31121,Square,PENDING,99,835,Mobile,Chicago,2024-01-29 15:50:19
31122,AuthorizeNet,SUCCESS,00,855,ATM,Chicago,2024-01-29 16:05:51
31123,AuthorizeNet,FAILED,05,504,Desktop,Los Angeles,2024-01-29 17:00:44
31124,Square,SUCCESS,00,1470,Desktop,Los Angeles,2024-01-29 17:15:28
31125,PayPal,SUCCESS,00,288,Mobile,Dallas,2024-01-29 17:18:14
31126,Stripe,SUCCESS,00,1229,Desktop,Los Angeles,2024-01-29 19:03:46
31127,AuthorizeNet,SUCCESS,00,943,Desktop,Dallas,2024-01-29 19:39:38
31128,Square,SUCCESS,00,576,POS,Chicago,2024-01-29 19:41:36
31129,AuthorizeNet,SUCCESS,00,1052,ATM,Dallas,2024-01-29 21:29:46
31130,Stripe,FAILED,12,151,Mobile,Dallas,2024-01-29 21:47:09
31131,PayPal,FAILED,05,142,Mobile,Chicago,2024-01-29 22:25:28
31132,Square,SUCCESS,00,307,POS,Chicago,2024-01-29 22:50:50
31133,Square,SUCCESS,00,1098,Mobile,New York,2024-01-29 23:03:04
31134,PayPal,SUCCESS,00,1335,Mobile,Chicago,2024-01-29 23:18:07
31135,Stripe,SUCCESS,00,835,Desktop,Chicago,2024-01-30 01:54:16
31136,Square,SUCCESS,00,1255,Mobile,Dallas,2024-01-30 04:58:13
31137,PayPal,SUCCESS,00,688,ATM,Los Angeles,2024-01-30 05:29:05
31138,PayPal,SUCCESS,00,408,Mobile,Los Angeles,2024-01-30 06:23:08
31139,Square,SUCCESS,00,182,POS,Los Angeles,2024-01-30 06:56:10
31140,Stripe,FAILED,12,645,Desktop,Dallas,2024-01-30 09:12:59
31141,PayPal,SUCCESS,00,1229,POS,New York,2024-01-30 09:59:14
31142,Stripe,FAILED,12,556,POS,Los Angeles,2024-01-30 10:00:45
31143,Stripe,SUCCESS,00,1440,POS,New York,2024-01-30 10:05:27
31144,PayPal,SUCCESS,00,278,Desktop,New York,2024-01-30 10:13:58
31145,PayPal,SUCCESS,00,1083,Desktop,New York,2024-01-30 10:49:33
31146,PayPal,SUCCESS,00,958,POS,Los Angeles,2024-01-30 12:11:28
31147,PayPal,SUCCESS,00,930,POS,Los Angeles,2024-01-30 12:27:37
31148,AuthorizeNet,SUCCESS,00,1497,POS,Chicago,2024-01-30 12:33:14
31149,Stripe,SUCCESS,00,1172,POS,Los Angeles,2024-01-30 12:53:19
31150,AuthorizeNet,SUCCESS,00,215,POS,Los Angeles,2024-01-30 13:30:57
31151,Stripe,SUCCESS,00,343,ATM,Dallas,2024-01-30 13:44:04
31152,Square,SUCCESS,00,851,ATM,Chicago,2024-01-30 14:22:09
31153,Stripe,SUCCESS,00,319,Mobile,Dallas,2024-01-30 17:05:39
31154,Square,SUCCESS,00,124,Mobile,Dallas,2024-01-30 17:21:15
31155,Stripe,SUCCESS,00,430,ATM,New York,2024-01-30 17:28:51
31156,Stripe,PENDING,99,132,Desktop,Dallas,2024-01-30 18:12:03
31157,PayPal,SUCCESS,00,806,POS,Chicago,2024-01-30 19:14:26
31158,PayPal,SUCCESS,00,464,Mobile,Dallas,2024-01-30 19:22:23
31159,Square,SUCCESS,00,1041,POS,Dallas,2024-01-30 21:02:10
31160,Stripe,SUCCESS,00,997,ATM,Dallas,2024-01-30 21:40:47
31161,PayPal,SUCCESS,00,891,Mobile,New York,2024-01-30 21:57:57
31162,AuthorizeNet,SUCCESS,00,606,Mobile,Los Angeles,2024-01-30 22:17:28
31163,PayPal,SUCCESS,00,882,ATM,Dallas,2024-01-30 22:22:15
31164,Square,SUCCESS,00,1153,Mobile,New York,2024-01-30 22:50:43
31165,Square,SUCCESS,00,244,Desktop,New York,2024-01-30 22:52:05
31166,AuthorizeNet,SUCCESS,00,329,Desktop,Dallas,2024-01-30 23:24:24
31167,AuthorizeNet,SUCCESS,00,573,Mobile,Los Angeles,2024-01-30 23:43:10
31168,PayPal,SUCCESS,00,763,POS,Chicago,2024-01-31 00:05:35
31169,PayPal,SUCCESS,00,1195,Mobile,Chicago,2024-01-31 00:40:16
31170,Stripe,SUCCESS,00,204,Desktop,Chicago,2024-01-31 01:10:01
31171,PayPal,SUCCESS,00,1424,POS,Los Angeles,2024-01-31 01:15:13
31172,AuthorizeNet,SUCCESS,00,1417,POS,Chicago,2024-01-31 02:10:52
31173,AuthorizeNet,FAILED,05,1243,ATM,Dallas,2024-01-31 02:20:21
31174,Stripe,SUCCESS,00,299,ATM,Chicago,2024-01-31 04:41:17
31175,PayPal,SUCCESS,00,253,ATM,New York,2024-01-31 06:38:25
31176,PayPal,SUCCESS,00,362,Mobile,Los Angeles,2024-01-31 08:42:55
31177,PayPal,SUCCESS,00,1293,Desktop,New York,2024-01-31 10:01:58
31178,AuthorizeNet,SUCCESS,00,383,Mobile,Los Angeles,2024-01-31 10:39:28
31179,PayPal,SUCCESS,00,395,Desktop,New York,2024-01-31 12:32:56
31180,Square,SUCCESS,00,1106,POS,New York,2024-01-31 13:46:27
31181,PayPal,FAILED,05,585,Mobile,Chicago,2024-01-31 13:59:14
31182,Square,SUCCESS,00,1286,POS,Chicago,2024-01-31 14:25:12
31183,Square,SUCCESS,00,839,Mobile,Los Angeles,2024-01-31 15:00:17
31184,Square,SUCCESS,00,1026,Mobile,Chicago,2024-01-31 15:22:55
31185,PayPal,SUCCESS,00,860,POS,Chicago,2024-01-31 16:18:53
31186,PayPal,SUCCESS,00,402,POS,Chicago,2024-01-31 16:34:39
31187,AuthorizeNet,SUCCESS,00,1160,Mobile,Dallas,2024-01-31 17:17:37
31188,PayPal,SUCCESS,00,763,ATM,Dallas,2024-01-31 17:47:12
31189,AuthorizeNet,SUCCESS,00,1387,Desktop,Los Angeles,2024-01-31 18:09:15
31190,PayPal,SUCCESS,00,792,ATM,Chicago,2024-01-31 20:12:25
31191,Square,SUCCESS,00,1085,Mobile,Chicago,2024-01-31 20:41:37
31192,AuthorizeNet,SUCCESS,00,845,Desktop,Chicago,2024-01-31 21:07:45
31193,Stripe,SUCCESS,00,607,ATM,Chicago,2024-01-31 21:42:46
31194,Square,SUCCESS,00,303,Desktop,Chicago,2024-01-31 21:53:44
31195,PayPal,SUCCESS,00,739,Desktop,Dallas,2024-01-31 22:09:21
31196,PayPal,SUCCESS,00,967,POS,Dallas,2024-01-31 22:23:42
31197,AuthorizeNet,SUCCESS,00,1414,Desktop,Chicago,2024-01-31 23:33:04
31198,Stripe,SUCCESS,00,269,Mobile,New York,2024-01-31 23:35:42
31199,Stripe,SUCCESS,00,976,POS,Los Angeles,2024-01-31 23:49:25
31200,PayPal,SUCCESS,00,1127,Desktop,New York,2024-02-01 01:04:43
31201,Stripe,SUCCESS,00,1104,Desktop,New York,2024-02-01 01:43:55
31202,PayPal,SUCCESS,00,855,POS,Los Angeles,2024-02-01 03:05:48
31203,Stripe,SUCCESS,00,174,ATM,New York,2024-02-01 04:34:37
31204,AuthorizeNet,FAILED,12,529,Mobile,Dallas,2024-02-01 04:45:16
31205,AuthorizeNet,FAILED,05,264,Mobile,Los Angeles,2024-02-01 04:55:44
31206,Stripe,SUCCESS,00,170,Mobile,Dallas,2024-02-01 06:40:09
31207,Square,FAILED,05,737,POS,Chicago,2024-02-01 06:51:38
31208,AuthorizeNet,SUCCESS,00,793,Desktop,Chicago,2024-02-01 07:10:05
31209,Stripe,SUCCESS,00,164,POS,Los Angeles,2024-02-01 07:39:38
31210,Square,SUCCESS,00,1463,POS,New York,2024-02-01 07:52:35
31211,Stripe,SUCCESS,00,1411,Desktop,Dallas,2024-02-01 08:00:58
31212,PayPal,SUCCESS,00,944,Desktop,Los Angeles,2024-02-01 08:52:56
31213,AuthorizeNet,SUCCESS,00,199,Desktop,Chicago,2024-02-01 11:40:32
31214,Square,FAILED,12,1465,Desktop,Los Angeles,2024-02-01 12:16:16
31215,Square,SUCCESS,00,1257,Desktop,New York,2024-02-01 12:30:29
31216,Square,SUCCESS,00,390,ATM,Chicago,2024-02-01 13:15:48
31217,AuthorizeNet,SUCCESS,00,470,Mobile,Chicago,2024-02-01 13:36:57
31218,AuthorizeNet,SUCCESS,00,961,Mobile,Dallas,2024-02-01 14:25:09
31219,PayPal,SUCCESS,00,413,Mobile,Chicago,2024-02-01 14:38:41
31220,Stripe,SUCCESS,00,278,ATM,Los Angeles,2024-02-01 15:22:35
31221,PayPal,SUCCESS,00,1197,POS,Dallas,2024-02-01 15:47:56
31222,Stripe,SUCCESS,00,108,ATM,Chicago,2024-02-01 15:49:02
31223,Stripe,SUCCESS,00,1438,ATM,New York,2024-02-01 15:56:15
31224,AuthorizeNet,SUCCESS,00,876,POS,Chicago,2024-02-01 16:58:20
31225,AuthorizeNet,SUCCESS,00,1331,Mobile,Los Angeles,2024-02-01 17:31:23
31226,AuthorizeNet,SUCCESS,00,1169,ATM,Los Angeles,2024-02-01 18:06:00
31227,Square,SUCCESS,00,1377,ATM,Chicago,2024-02-01 19:36:08
31228,PayPal,FAILED,12,520,ATM,Dallas,2024-02-01 20:17:39
31229,Square,SUCCESS,00,775,ATM,Dallas,2024-02-01 20:53:21
31230,Stripe,SUCCESS,00,891,POS,Los Angeles,2024-02-01 22:06:55
31231,AuthorizeNet,SUCCESS,00,462,Desktop,Dallas,2024-02-01 23:16:10
31232,PayPal,SUCCESS,00,1130,Mobile,Dallas,2024-02-01 23:27:44
31233,AuthorizeNet,SUCCESS,00,286,POS,Los Angeles,2024-02-02 01:32:03
31234,AuthorizeNet,SUCCESS,00,406,POS,New York,2024-02-02 02:04:53
31235,AuthorizeNet,SUCCESS,00,380,ATM,Los Angeles,2024-02-02 02:33:03
31236,Square,FAILED,12,174,Desktop,Los Angeles,2024-02-02 02:37:22
31237,Square,SUCCESS,00,284,ATM,New York,2024-02-02 03:33:51
31238,PayPal,SUCCESS,00,1119,Mobile,Chicago,2024-02-02 04:08:54
31239,Stripe,SUCCESS,00,262,Mobile,Chicago,2024-02-02 04:36:29
31240,Stripe,SUCCESS,00,1388,Mobile,Dallas,2024-02-02 05:05:58
31241,AuthorizeNet,SUCCESS,00,411,Desktop,Chicago,2024-02-02 05:31:20
31242,Stripe,SUCCESS,00,1317,ATM,Los Angeles,2024-02-02 05:35:25
31243,AuthorizeNet,SUCCESS,00,1187,Mobile,Dallas,2024-02-02 06:18:15
31244,AuthorizeNet,SUCCESS,00,595,Desktop,New York,2024-02-02 06:25:14
31245,AuthorizeNet,PENDING,99,1101,Mobile,New York,2024-02-02 06:58:09
31246,PayPal,SUCCESS,00,1093,Mobile,Chicago,2024-02-02 07:23:59
31247,Stripe,SUCCESS,00,958,Mobile,Chicago,2024-02-02 08:54:58
31248,Square,SUCCESS,00,140,Desktop,New York,2024-02-02 08:59:35
31249,Stripe,SUCCESS,00,206,Mobile,New York,2024-02-02 09:13:53
31250,AuthorizeNet,SUCCESS,00,1080,ATM,Chicago,2024-02-02 09:31:08
31251,Stripe,SUCCESS,00,1402,Desktop,New York,2024-02-02 09:54:37
31252,Stripe,SUCCESS,00,183,Desktop,New York,2024-02-02 11:14:29
31253,Stripe,SUCCESS,00,1229,ATM,Los Angeles,2024-02-02 12:15:56
31254,PayPal,SUCCESS,00,231,Desktop,New York,2024-02-02 12:22:05
31255,PayPal,SUCCESS,00,336,POS,Dallas,2024-02-02 12:45:29
31256,Square,SUCCESS,00,941,Desktop,Chicago,2024-02-02 13:39:06
31257,Square,FAILED,05,973,Desktop,Dallas,2024-02-02 14:16:47
31258,PayPal,SUCCESS,00,194,ATM,Los Angeles,2024-02-02 14:24:32
31259,Square,SUCCESS,00,441,POS,New York,2024-02-02 15:29:25
31260,PayPal,SUCCESS,00,242,Mobile,Dallas,2024-02-02 16:23:00
31261,Square,SUCCESS,00,660,Mobile,Dallas,2024-02-02 16:24:37
31262,Square,FAILED,12,371,Desktop,Los Angeles,2024-02-02 16:37:25
31263,Stripe,FAILED,05,208,Mobile,Chicago,2024-02-02 17:14:41
31264,Stripe,SUCCESS,00,748,Mobile,New York,2024-02-02 18:51:49
31265,Stripe,SUCCESS,00,1043,Mobile,Dallas,2024-02-02 20:31:14
31266,PayPal,SUCCESS,00,1338,Mobile,New York,2024-02-02 22:00:19
31267,Stripe,SUCCESS,00,932,Desktop,Chicago,2024-02-02 22:17:46
31268,PayPal,SUCCESS,00,905,POS,Chicago,2024-02-02 22:36:01
31269,PayPal,SUCCESS,00,1145,Desktop,New York,2024-02-02 23:34:18
31270,PayPal,SUCCESS,00,657,POS,Los Angeles,2024-02-02 23:34:35
31271,Stripe,SUCCESS,00,920,Mobile,Dallas,2024-02-03 02:23:47
31272,Stripe,FAILED,12,1260,POS,New York,2024-02-03 02:32:34
31273,PayPal,SUCCESS,00,154,Mobile,Dallas,2024-02-03 02:51:33
31274,PayPal,SUCCESS,00,1271,POS,Los Angeles,2024-02-03 02:59:08
31275,PayPal,SUCCESS,00,1319,Mobile,Los Angeles,2024-02-03 03:19:43
31276,PayPal,SUCCESS,00,186,Mobile,New York,2024-02-03 03:34:17
31277,AuthorizeNet,SUCCESS,00,1061,POS,Dallas,2024-02-03 03:39:27
31278,Square,PENDING,99,169,Mobile,New York,2024-02-03 03:43:18
31279,AuthorizeNet,SUCCESS,00,812,Desktop,Dallas,2024-02-03 04:05:13
31280,AuthorizeNet,SUCCESS,00,788,Mobile,Los Angeles,2024-02-03 04:36:48
31281,Square,SUCCESS,00,458,ATM,Los Angeles,2024-02-03 04:48:07
31282,Square,SUCCESS,00,900,ATM,Los Angeles,2024-02-03 05:46:29
31283,AuthorizeNet,SUCCESS,00,1058,Desktop,Chicago,2024-02-03 06:15:43
31284,AuthorizeNet,SUCCESS,00,502,POS,Los Angeles,2024-02-03 07:21:45
31285,AuthorizeNet,SUCCESS,00,1391,Mobile,Dallas,2024-02-03 07:57:17
31286,Stripe,SUCCESS,00,974,POS,New York,2024-02-03 09:09:58
31287,AuthorizeNet,SUCCESS,00,1164,Mobile,New York,2024-02-03 09:38:13
31288,Square,FAILED,12,267,ATM,New York,2024-02-03 09:53:06
31289,Square,SUCCESS,00,1175,Mobile,Dallas,2024-02-03 09:54:28
31290,Square,SUCCESS,00,134,Desktop,New York,2024-02-03 09:58:47
31291,PayPal,SUCCESS,00,718,ATM,New York,2024-02-03 10:22:56
31292,AuthorizeNet,SUCCESS,00,1374,Mobile,New York,2024-02-03 10:32:09
31293,AuthorizeNet,SUCCESS,00,103,Mobile,Los Angeles,2024-02-03 11:04:44
31294,AuthorizeNet,SUCCESS,00,861,Desktop,Chicago,2024-02-03 13:15:54
31295,Square,FAILED,05,109,Mobile,New York,2024-02-03 13:24:51
31296,Stripe,FAILED,12,1367,POS,Dallas,2024-02-03 14:05:05
31297,PayPal,SUCCESS,00,505,ATM,New York,2024-02-03 16:10:28
31298,Stripe,SUCCESS,00,1065,POS,Dallas,2024-02-03 16:28:31
31299,PayPal,SUCCESS,00,1479,ATM,Dallas,2024-02-03 17:36:13
31300,Stripe,SUCCESS,00,212,POS,Dallas,2024-02-03 17:49:08
31301,PayPal,SUCCESS,00,627,POS,Los Angeles,2024-02-03 18:07:04
31302,PayPal,SUCCESS,00,589,POS,New York,2024-02-03 19:32:54
31303,PayPal,FAILED,05,738,ATM,New York,2024-02-03 19:34:49
31304,Square,SUCCESS,00,703,ATM,New York,2024-02-03 19:39:51
31305,AuthorizeNet,SUCCESS,00,528,POS,Chicago,2024-02-03 20:07:05
31306,Stripe,SUCCESS,00,1481,Desktop,Los Angeles,2024-02-03 20:32:40
31307,Square,SUCCESS,00,1242,Mobile,Los Angeles,2024-02-03 21:15:52
31308,Stripe,SUCCESS,00,1430,Mobile,Los Angeles,2024-02-03 21:17:01
31309,PayPal,FAILED,05,1283,POS,New York,2024-02-03 22:48:55
31310,PayPal,FAILED,12,1441,ATM,Chicago,2024-02-03 22:50:22
31311,AuthorizeNet,SUCCESS,00,1332,Desktop,Los Angeles,2024-02-03 23:23:22
31312,Stripe,SUCCESS,00,1279,Desktop,Los Angeles,2024-02-04 00:48:49
31313,Stripe,SUCCESS,00,719,Mobile,Dallas,2024-02-04 01:10:58
31314,AuthorizeNet,SUCCESS,00,1001,Desktop,Chicago,2024-02-04 01:19:15
31315,Square,SUCCESS,00,759,Desktop,Chicago,2024-02-04 02:38:52
31316,PayPal,SUCCESS,00,844,ATM,Chicago,2024-02-04 04:33:00
31317,Square,SUCCESS,00,954,ATM,Dallas,2024-02-04 04:38:39
31318,Stripe,SUCCESS,00,231,Mobile,New York,2024-02-04 05:18:34
31319,AuthorizeNet,SUCCESS,00,741,Mobile,Chicago,2024-02-04 05:19:47
31320,Square,SUCCESS,00,1282,Desktop,Chicago,2024-02-04 05:39:09
31321,Stripe,SUCCESS,00,741,Desktop,Dallas,2024-02-04 05:39:41
31322,AuthorizeNet,SUCCESS,00,701,Desktop,New York,2024-02-04 06:16:26
31323,AuthorizeNet,SUCCESS,00,1164,POS,Dallas,2024-02-04 07:28:28
31324,AuthorizeNet,SUCCESS,00,261,Mobile,Chicago,2024-02-04 07:34:52
31325,Stripe,SUCCESS,00,862,Mobile,Chicago,2024-02-04 08:19:29
31326,AuthorizeNet,SUCCESS,00,184,POS,Los Angeles,2024-02-04 09:43:10
31327,Square,SUCCESS,00,745,Mobile,Dallas,2024-02-04 09:49:37
31328,Square,SUCCESS,00,463,Desktop,Los Angeles,2024-02-04 10:19:09
31329,PayPal,SUCCESS,00,1142,Desktop,Chicago,2024-02-04 10:37:13
31330,PayPal,SUCCESS,00,1315,Desktop,New York,2024-02-04 10:44:41
31331,Square,SUCCESS,00,605,POS,Los Angeles,2024-02-04 10:47:17
31332,AuthorizeNet,SUCCESS,00,674,Mobile,New York,2024-02-04 10:59:37
31333,PayPal,SUCCESS,00,926,Desktop,Chicago,2024-02-04 11:05:15
31334,AuthorizeNet,SUCCESS,00,412,Mobile,Dallas,2024-02-04 13:22:52
31335,PayPal,SUCCESS,00,746,ATM,Los Angeles,2024-02-04 13:27:16
31336,Square,SUCCESS,00,224,Desktop,Los Angeles,2024-02-04 13:47:28
31337,Stripe,FAILED,05,542,POS,New York,2024-02-04 14:12:11
31338,AuthorizeNet,SUCCESS,00,923,ATM,Chicago,2024-02-04 14:22:03
31339,Square,FAILED,05,1091,POS,New York,2024-02-04 14:24:37
31340,Stripe,SUCCESS,00,425,Mobile,Dallas,2024-02-04 14:56:59
31341,Stripe,SUCCESS,00,1152,ATM,New York,2024-02-04 14:58:04
31342,Stripe,PENDING,99,210,POS,Los Angeles,2024-02-04 15:19:01
31343,AuthorizeNet,SUCCESS,00,1435,Mobile,Chicago,2024-02-04 15:20:10
31344,Square,SUCCESS,00,508,ATM,Dallas,2024-02-04 15:50:05
31345,PayPal,FAILED,05,811,Mobile,Chicago,2024-02-04 16:10:29
31346,Square,SUCCESS,00,437,Desktop,Los Angeles,2024-02-04 16:41:22
31347,AuthorizeNet,SUCCESS,00,1196,POS,Chicago,2024-02-04 17:25:37
31348,AuthorizeNet,SUCCESS,00,1491,POS,Los Angeles,2024-02-04 17:49:27
31349,Square,SUCCESS,00,794,ATM,Chicago,2024-02-04 17:53:06
31350,Square,SUCCESS,00,870,Mobile,Dallas,2024-02-04 18:22:15
31351,PayPal,SUCCESS,00,380,Mobile,New York,2024-02-04 18:42:06
31352,PayPal,SUCCESS,00,1155,ATM,Dallas,2024-02-04 18:43:11
31353,Square,SUCCESS,00,384,Mobile,Chicago,2024-02-04 20:06:57
31354,Square,SUCCESS,00,1269,Desktop,New York,2024-02-04 21:47:26
31355,AuthorizeNet,SUCCESS,00,639,Mobile,Los Angeles,2024-02-04 22:26:39
31356,AuthorizeNet,SUCCESS,00,1350,ATM,Chicago,2024-02-04 22:36:38
31357,PayPal,SUCCESS,00,374,Mobile,Chicago,2024-02-05 01:46:32
31358,Square,SUCCESS,00,214,Desktop,New York,2024-02-05 02:38:01
31359,AuthorizeNet,SUCCESS,00,422,Desktop,New York,2024-02-05 02:52:47
31360,AuthorizeNet,FAILED,12,188,POS,Dallas,2024-02-05 03:14:04
31361,AuthorizeNet,SUCCESS,00,1225,Mobile,Chicago,2024-02-05 03:26:31
31362,Stripe,SUCCESS,00,136,ATM,Chicago,2024-02-05 03:44:58
31363,AuthorizeNet,SUCCESS,00,697,Desktop,Chicago,2024-02-05 03:47:53
31364,AuthorizeNet,SUCCESS,00,724,Desktop,New York,2024-02-05 04:44:37
31365,PayPal,SUCCESS,00,542,Desktop,New York,2024-02-05 05:21:08
31366,AuthorizeNet,SUCCESS,00,758,Desktop,Dallas,2024-02-05 05:22:09
31367,PayPal,FAILED,05,587,Desktop,New York,2024-02-05 05:26:11
31368,Square,FAILED,12,576,Desktop,Chicago,2024-02-05 06:09:35
31369,Square,SUCCESS,00,685,Mobile,Los Angeles,2024-02-05 06:40:37
31370,PayPal,FAILED,12,1090,ATM,Chicago,2024-02-05 07:00:08
31371,Square,SUCCESS,00,1296,POS,Chicago,2024-02-05 07:31:48
31372,Square,SUCCESS,00,1129,Mobile,New York,2024-02-05 07:47:05
31373,Square,SUCCESS,00,548,Mobile,Los Angeles,2024-02-05 09:12:08
31374,AuthorizeNet,SUCCESS,00,501,POS,Dallas,2024-02-05 09:33:56
31375,Square,SUCCESS,00,1478,POS,Chicago,2024-02-05 09:35:28
31376,AuthorizeNet,SUCCESS,00,978,Desktop,Dallas,2024-02-05 09:38:03
31377,PayPal,SUCCESS,00,1352,POS,Dallas,2024-02-05 09:39:19
31378,Square,SUCCESS,00,466,Mobile,Dallas,2024-02-05 10:44:39
31379,PayPal,SUCCESS,00,509,ATM,Chicago,2024-02-05 11:17:01
31380,Square,SUCCESS,00,556,ATM,Chicago,2024-02-05 12:04:49
31381,Stripe,SUCCESS,00,385,Mobile,Dallas,2024-02-05 12:31:34
31382,Square,SUCCESS,00,491,POS,Chicago,2024-02-05 12:52:09
31383,PayPal,FAILED,05,1233,POS,Dallas,2024-02-05 14:09:46
31384,AuthorizeNet,SUCCESS,00,297,Desktop,New York,2024-02-05 14:23:42
31385,AuthorizeNet,SUCCESS,00,193,Desktop,Chicago,2024-02-05 15:43:23
31386,AuthorizeNet,SUCCESS,00,1280,POS,Chicago,2024-02-05 15:43:43
31387,Stripe,SUCCESS,00,1472,Mobile,Dallas,2024-02-05 16:15:32
31388,PayPal,SUCCESS,00,1095,Desktop,Dallas,2024-02-05 16:52:55
31389,AuthorizeNet,SUCCESS,00,1489,ATM,Los Angeles,2024-02-05 17:10:07
31390,AuthorizeNet,SUCCESS,00,677,Desktop,Los Angeles,2024-02-05 17:14:21
31391,AuthorizeNet,SUCCESS,00,477,Mobile,Chicago,2024-02-05 18:40:11
31392,AuthorizeNet,SUCCESS,00,621,POS,New York,2024-02-05 19:22:50
31393,Stripe,SUCCESS,00,1219,POS,Dallas,2024-02-05 21:13:53
31394,Square,SUCCESS,00,1232,POS,Chicago,2024-02-05 22:24:19
31395,Square,SUCCESS,00,495,Desktop,Chicago,2024-02-05 22:55:11
31396,AuthorizeNet,FAILED,12,800,ATM,New York,2024-02-05 23:31:05
31397,Square,SUCCESS,00,1012,ATM,Chicago,2024-02-05 23:33:10
31398,PayPal,SUCCESS,00,173,Mobile,Los Angeles,2024-02-06 00:26:15
31399,Stripe,SUCCESS,00,1276,ATM,Los Angeles,2024-02-06 01:38:53
31400,AuthorizeNet,SUCCESS,00,1116,ATM,Los Angeles,2024-02-06 01:49:14
31401,Square,SUCCESS,00,926,Mobile,Dallas,2024-02-06 02:26:41
31402,AuthorizeNet,SUCCESS,00,1010,Desktop,Los Angeles,2024-02-06 03:26:21
31403,PayPal,SUCCESS,00,113,Mobile,Dallas,2024-02-06 04:41:56
31404,PayPal,SUCCESS,00,774,Desktop,Los Angeles,2024-02-06 05:02:36
31405,AuthorizeNet,SUCCESS,00,1455,ATM,Dallas,2024-02-06 05:30:54
31406,AuthorizeNet,SUCCESS,00,438,Desktop,Los Angeles,2024-02-06 05:31:18
31407,PayPal,SUCCESS,00,650,ATM,Chicago,2024-02-06 06:31:48
31408,Square,SUCCESS,00,113,Desktop,Los Angeles,2024-02-06 07:35:34
31409,AuthorizeNet,SUCCESS,00,486,ATM,Los Angeles,2024-02-06 07:44:18
31410,PayPal,SUCCESS,00,772,ATM,New York,2024-02-06 09:40:40
31411,AuthorizeNet,SUCCESS,00,755,Mobile,Los Angeles,2024-02-06 09:50:10
31412,Stripe,SUCCESS,00,1481,POS,Chicago,2024-02-06 10:00:09
31413,PayPal,SUCCESS,00,226,Desktop,New York,2024-02-06 10:15:22
31414,Square,SUCCESS,00,193,Mobile,Chicago,2024-02-06 11:04:40
31415,AuthorizeNet,SUCCESS,00,865,Mobile,Dallas,2024-02-06 11:22:36
31416,Stripe,SUCCESS,00,1346,Mobile,New York,2024-02-06 11:37:18
31417,Square,SUCCESS,00,1088,ATM,New York,2024-02-06 12:02:01
31418,AuthorizeNet,SUCCESS,00,142,Desktop,Chicago,2024-02-06 12:07:18
31419,Stripe,FAILED,05,936,Desktop,Chicago,2024-02-06 12:21:30
31420,Square,SUCCESS,00,457,Mobile,Chicago,2024-02-06 12:58:13
31421,Stripe,SUCCESS,00,1276,POS,Los Angeles,2024-02-06 13:27:47
31422,PayPal,SUCCESS,00,859,Mobile,New York,2024-02-06 13:30:42
31423,Square,SUCCESS,00,621,POS,New York,2024-02-06 14:40:12
31424,Square,SUCCESS,00,1241,Desktop,Chicago,2024-02-06 15:30:08
31425,PayPal,SUCCESS,00,331,POS,Chicago,2024-02-06 16:39:09
31426,Stripe,SUCCESS,00,411,POS,Los Angeles,2024-02-06 17:29:19
31427,AuthorizeNet,SUCCESS,00,428,POS,New York,2024-02-06 18:10:41
31428,AuthorizeNet,SUCCESS,00,224,Mobile,Chicago,2024-02-06 19:02:43
31429,PayPal,SUCCESS,00,626,Desktop,New York,2024-02-06 19:13:54
31430,Stripe,FAILED,12,854,POS,New York,2024-02-06 19:23:07
31431,Stripe,FAILED,05,314,POS,New York,2024-02-06 21:39:14
31432,Square,SUCCESS,00,865,POS,New York,2024-02-06 22:41:21
31433,AuthorizeNet,SUCCESS,00,264,ATM,New York,2024-02-06 22:47:30
31434,Stripe,SUCCESS,00,315,Mobile,Dallas,2024-02-06 22:56:26
31435,Stripe,SUCCESS,00,661,POS,Dallas,2024-02-06 22:58:30
31436,Square,SUCCESS,00,1273,Desktop,Chicago,2024-02-06 23:15:48
31437,AuthorizeNet,SUCCESS,00,642,ATM,Los Angeles,2024-02-07 00:00:48
31438,PayPal,SUCCESS,00,1093,POS,Dallas,2024-02-07 00:21:18
31439,PayPal,SUCCESS,00,963,Mobile,New York,2024-02-07 00:46:32
31440,AuthorizeNet,SUCCESS,00,777,Mobile,Dallas,2024-02-07 00:55:32
31441,Stripe,SUCCESS,00,385,POS,Dallas,2024-02-07 01:32:59
31442,Stripe,SUCCESS,00,518,ATM,Chicago,2024-02-07 02:55:26
31443,Square,SUCCESS,00,618,Desktop,Chicago,2024-02-07 02:55:57
31444,PayPal,SUCCESS,00,1283,Mobile,Chicago,2024-02-07 03:48:50
31445,Square,SUCCESS,00,858,Desktop,Dallas,2024-02-07 04:27:05
31446,PayPal,SUCCESS,00,893,POS,Los Angeles,2024-02-07 05:28:55
31447,Stripe,SUCCESS,00,709,Desktop,Chicago,2024-02-07 07:11:31
31448,PayPal,SUCCESS,00,204,ATM,Dallas,2024-02-07 07:35:29
31449,Square,SUCCESS,00,585,Desktop,Los Angeles,2024-02-07 07:44:59
31450,PayPal,SUCCESS,00,354,ATM,Los Angeles,2024-02-07 08:59:57
31451,Square,SUCCESS,00,636,Mobile,Chicago,2024-02-07 09:20:14
31452,PayPal,SUCCESS,00,962,Desktop,Chicago,2024-02-07 09:46:15
31453,PayPal,SUCCESS,00,1251,Mobile,Chicago,2024-02-07 10:06:01
31454,Square,SUCCESS,00,746,ATM,Los Angeles,2024-02-07 10:20:27
31455,AuthorizeNet,SUCCESS,00,952,Mobile,Los Angeles,2024-02-07 10:37:45
31456,AuthorizeNet,SUCCESS,00,846,ATM,Dallas,2024-02-07 10:48:36
31457,Stripe,SUCCESS,00,1187,Mobile,Dallas,2024-02-07 10:56:41
31458,Square,SUCCESS,00,1415,Mobile,Los Angeles,2024-02-07 11:58:05
31459,PayPal,SUCCESS,00,668,ATM,Dallas,2024-02-07 13:06:15
31460,Square,FAILED,12,305,Desktop,Chicago,2024-02-07 13:07:53
31461,AuthorizeNet,SUCCESS,00,643,ATM,New York,2024-02-07 14:29:01
31462,Stripe,FAILED,12,710,Desktop,Los Angeles,2024-02-07 14:46:42
31463,AuthorizeNet,SUCCESS,00,1375,ATM,Chicago,2024-02-07 16:20:16
31464,Square,SUCCESS,00,1091,Desktop,Los Angeles,2024-02-07 18:07:33
31465,Stripe,SUCCESS,00,722,POS,Los Angeles,2024-02-07 18:08:15
31466,AuthorizeNet,SUCCESS,00,220,Desktop,New York,2024-02-07 18:45:01
31467,Square,SUCCESS,00,278,Desktop,Dallas,2024-02-07 18:48:25
31468,PayPal,SUCCESS,00,558,ATM,New York,2024-02-07 19:18:21
31469,PayPal,SUCCESS,00,710,Desktop,Dallas,2024-02-07 19:32:38
31470,Square,SUCCESS,00,485,Mobile,Los Angeles,2024-02-07 19:34:38
31471,Stripe,SUCCESS,00,1361,ATM,Dallas,2024-02-07 20:16:06
31472,PayPal,SUCCESS,00,105,POS,Dallas,2024-02-07 20:42:17
31473,AuthorizeNet,SUCCESS,00,1192,ATM,Chicago,2024-02-07 20:43:33
31474,AuthorizeNet,SUCCESS,00,309,POS,Los Angeles,2024-02-07 21:01:24
31475,PayPal,FAILED,05,882,Mobile,Dallas,2024-02-07 21:49:11
31476,PayPal,FAILED,12,1494,POS,Los Angeles,2024-02-07 22:08:14
31477,Square,SUCCESS,00,199,POS,Dallas,2024-02-07 22:39:53
31478,PayPal,SUCCESS,00,1420,Desktop,Dallas,2024-02-07 22:49:47
31479,PayPal,SUCCESS,00,1268,Mobile,Chicago,2024-02-07 23:13:54
31480,PayPal,SUCCESS,00,1160,POS,Chicago,2024-02-07 23:18:27
31481,Stripe,FAILED,05,910,Mobile,Los Angeles,2024-02-07 23:35:44
31482,AuthorizeNet,SUCCESS,00,608,ATM,Los Angeles,2024-02-08 00:05:06
31483,PayPal,SUCCESS,00,505,Desktop,Dallas,2024-02-08 00:11:29
31484,Stripe,SUCCESS,00,318,Mobile,Chicago,2024-02-08 00:20:29
31485,Square,SUCCESS,00,1107,Desktop,Los Angeles,2024-02-08 01:44:50
31486,Stripe,SUCCESS,00,337,Desktop,Chicago,2024-02-08 01:46:45
31487,Square,SUCCESS,00,1042,Mobile,Los Angeles,2024-02-08 02:23:34
31488,PayPal,SUCCESS,00,777,Desktop,Los Angeles,2024-02-08 02:24:16
31489,Stripe,SUCCESS,00,1087,POS,Chicago,2024-02-08 02:42:33
31490,PayPal,SUCCESS,00,210,POS,Dallas,2024-02-08 03:11:39
31491,Square,SUCCESS,00,1342,POS,New York,2024-02-08 03:14:04
31492,Square,SUCCESS,00,830,ATM,Dallas,2024-02-08 04:44:23
31493,Stripe,SUCCESS,00,153,Desktop,Chicago,2024-02-08 05:45:56
31494,PayPal,SUCCESS,00,1042,Desktop,New York,2024-02-08 06:32:19
31495,Stripe,SUCCESS,00,127,Mobile,Chicago,2024-02-08 06:34:16
31496,PayPal,FAILED,12,1060,ATM,New York,2024-02-08 06:53:34
31497,Square,SUCCESS,00,1243,ATM,Chicago,2024-02-08 07:13:44
31498,Square,SUCCESS,00,1297,Mobile,Chicago,2024-02-08 07:21:46
31499,PayPal,SUCCESS,00,141,ATM,Chicago,2024-02-08 07:52:22
31500,PayPal,FAILED,12,1206,Desktop,Dallas,2024-02-08 07:52:44
31501,AuthorizeNet,SUCCESS,00,297,Desktop,Chicago,2024-02-08 09:47:27
31502,AuthorizeNet,SUCCESS,00,389,Mobile,New York,2024-02-08 09:56:32
31503,AuthorizeNet,SUCCESS,00,297,POS,Dallas,2024-02-08 12:19:16
31504,AuthorizeNet,SUCCESS,00,413,POS,Dallas,2024-02-08 13:25:12
31505,Stripe,SUCCESS,00,1240,ATM,New York,2024-02-08 14:08:30
31506,Square,SUCCESS,00,1366,Mobile,Chicago,2024-02-08 15:06:43
31507,AuthorizeNet,SUCCESS,00,462,ATM,New York,2024-02-08 16:22:20
31508,PayPal,SUCCESS,00,364,ATM,Dallas,2024-02-08 16:28:33
31509,PayPal,SUCCESS,00,946,POS,Los Angeles,2024-02-08 17:00:43
31510,Stripe,SUCCESS,00,117,ATM,Los Angeles,2024-02-08 17:38:02
31511,PayPal,SUCCESS,00,1184,ATM,Dallas,2024-02-08 17:47:41
31512,PayPal,SUCCESS,00,877,Mobile,Chicago,2024-02-08 18:19:47
31513,Square,SUCCESS,00,1331,Desktop,New York,2024-02-08 19:05:49
31514,Stripe,SUCCESS,00,1108,ATM,Dallas,2024-02-08 19:55:37
31515,PayPal,SUCCESS,00,1192,Desktop,New York,2024-02-08 20:09:55
31516,Stripe,SUCCESS,00,1174,Desktop,Dallas,2024-02-08 20:14:12
31517,Stripe,SUCCESS,00,141,ATM,New York,2024-02-08 20:21:30
31518,Square,SUCCESS,00,957,ATM,Los Angeles,2024-02-08 20:24:13
31519,AuthorizeNet,SUCCESS,00,529,POS,New York,2024-02-08 20:26:33
31520,Square,SUCCESS,00,1431,Desktop,Chicago,2024-02-08 20:38:18
31521,Square,SUCCESS,00,908,ATM,Los Angeles,2024-02-08 21:53:46
31522,Square,SUCCESS,00,781,POS,Los Angeles,2024-02-08 22:10:56
31523,AuthorizeNet,SUCCESS,00,167,Desktop,Chicago,2024-02-08 22:33:01
31524,AuthorizeNet,SUCCESS,00,694,Desktop,Dallas,2024-02-08 22:42:59
31525,Stripe,SUCCESS,00,1249,Mobile,New York,2024-02-08 22:46:33
31526,AuthorizeNet,SUCCESS,00,673,Mobile,Dallas,2024-02-08 22:50:42
31527,Square,FAILED,05,664,POS,Chicago,2024-02-08 23:06:12
31528,Stripe,SUCCESS,00,1472,POS,Los Angeles,2024-02-09 00:17:16
31529,Stripe,PENDING,99,330,POS,New York,2024-02-09 00:38:18
31530,PayPal,SUCCESS,00,1359,Desktop,Chicago,2024-02-09 00:49:10
31531,Stripe,SUCCESS,00,456,POS,New York,2024-02-09 01:37:29
31532,Stripe,SUCCESS,00,1189,Desktop,New York,2024-02-09 02:08:55
31533,PayPal,SUCCESS,00,1146,Mobile,Chicago,2024-02-09 02:22:33
31534,Stripe,SUCCESS,00,1388,POS,Dallas,2024-02-09 02:24:40
31535,PayPal,SUCCESS,00,669,ATM,Los Angeles,2024-02-09 02:41:24
31536,Square,SUCCESS,00,789,POS,Chicago,2024-02-09 03:41:14
31537,PayPal,SUCCESS,00,241,POS,Dallas,2024-02-09 04:41:06
31538,AuthorizeNet,SUCCESS,00,1464,POS,Chicago,2024-02-09 04:56:53
31539,AuthorizeNet,SUCCESS,00,1141,POS,New York,2024-02-09 05:10:40
31540,PayPal,SUCCESS,00,735,POS,New York,2024-02-09 05:17:52
31541,AuthorizeNet,SUCCESS,00,869,Desktop,Los Angeles,2024-02-09 05:19:53
31542,AuthorizeNet,SUCCESS,00,118,Mobile,Los Angeles,2024-02-09 05:29:47
31543,PayPal,SUCCESS,00,133,Desktop,New York,2024-02-09 06:30:10
31544,Square,SUCCESS,00,1274,Mobile,Chicago,2024-02-09 08:34:57
31545,PayPal,SUCCESS,00,760,POS,Los Angeles,2024-02-09 08:36:03
31546,Square,SUCCESS,00,263,ATM,New York,2024-02-09 09:09:46
31547,AuthorizeNet,SUCCESS,00,724,Desktop,Chicago,2024-02-09 09:36:30
31548,AuthorizeNet,SUCCESS,00,673,POS,New York,2024-02-09 10:44:00
31549,PayPal,SUCCESS,00,1214,Mobile,Dallas,2024-02-09 10:57:38
31550,AuthorizeNet,SUCCESS,00,470,Mobile,Los Angeles,2024-02-09 12:07:29
31551,AuthorizeNet,SUCCESS,00,156,POS,Dallas,2024-02-09 12:18:44
31552,Square,FAILED,12,782,Mobile,Chicago,2024-02-09 13:00:01
31553,Square,SUCCESS,00,1303,Mobile,Chicago,2024-02-09 13:04:08
31554,Square,SUCCESS,00,1264,Desktop,Chicago,2024-02-09 13:17:54
31555,AuthorizeNet,SUCCESS,00,551,Desktop,New York,2024-02-09 13:24:06
31556,PayPal,SUCCESS,00,796,Mobile,Chicago,2024-02-09 15:02:22
31557,Stripe,SUCCESS,00,521,POS,Chicago,2024-02-09 16:47:37
31558,PayPal,SUCCESS,00,696,Desktop,Chicago,2024-02-09 18:32:39
31559,PayPal,SUCCESS,00,409,POS,Dallas,2024-02-09 20:20:51
31560,Square,SUCCESS,00,565,ATM,Dallas,2024-02-09 20:28:16
31561,Square,FAILED,05,1203,ATM,Dallas,2024-02-09 21:33:15
31562,AuthorizeNet,SUCCESS,00,1247,POS,Dallas,2024-02-09 22:17:18
31563,PayPal,SUCCESS,00,1203,POS,Dallas,2024-02-09 22:27:41
31564,Square,SUCCESS,00,679,POS,Chicago,2024-02-09 23:41:46
31565,Square,SUCCESS,00,1025,Desktop,Dallas,2024-02-09 23:53:30
31566,Stripe,SUCCESS,00,1095,ATM,Chicago,2024-02-10 00:02:39
31567,PayPal,SUCCESS,00,824,POS,New York,2024-02-10 00:39:57
31568,Stripe,SUCCESS,00,1289,Desktop,Dallas,2024-02-10 01:05:04
31569,AuthorizeNet,FAILED,05,843,Desktop,Los Angeles,2024-02-10 01:27:37
31570,Square,SUCCESS,00,1423,ATM,Dallas,2024-02-10 01:53:44
31571,PayPal,SUCCESS,00,760,Desktop,Dallas,2024-02-10 02:15:28
31572,PayPal,SUCCESS,00,255,ATM,Los Angeles,2024-02-10 03:00:17
31573,AuthorizeNet,PENDING,99,299,ATM,Chicago,2024-02-10 04:12:37
31574,AuthorizeNet,SUCCESS,00,673,Mobile,Chicago,2024-02-10 04:13:02
31575,Square,SUCCESS,00,1300,POS,Dallas,2024-02-10 05:43:41
31576,PayPal,SUCCESS,00,799,POS,Dallas,2024-02-10 06:35:27
31577,AuthorizeNet,SUCCESS,00,1159,ATM,Dallas,2024-02-10 07:28:01
31578,Square,SUCCESS,00,1065,Mobile,New York,2024-02-10 07:44:27
31579,Square,FAILED,05,494,POS,Los Angeles,2024-02-10 08:35:00
31580,PayPal,SUCCESS,00,743,Mobile,New York,2024-02-10 08:36:31
31581,PayPal,SUCCESS,00,435,Mobile,New York,2024-02-10 09:52:32
31582,PayPal,SUCCESS,00,289,Mobile,Chicago,2024-02-10 09:53:29
31583,AuthorizeNet,SUCCESS,00,953,POS,Dallas,2024-02-10 10:11:17
31584,Square,SUCCESS,00,1199,Desktop,Dallas,2024-02-10 10:24:13
31585,Stripe,SUCCESS,00,398,Mobile,New York,2024-02-10 11:06:03
31586,Stripe,SUCCESS,00,266,Desktop,Los Angeles,2024-02-10 11:06:12
31587,AuthorizeNet,SUCCESS,00,1025,Desktop,Chicago,2024-02-10 11:15:42
31588,Stripe,SUCCESS,00,237,ATM,New York,2024-02-10 11:28:48
31589,AuthorizeNet,SUCCESS,00,1001,Desktop,New York,2024-02-10 12:05:58
31590,AuthorizeNet,SUCCESS,00,1351,POS,New York,2024-02-10 12:16:12
31591,Square,FAILED,05,229,Mobile,Chicago,2024-02-10 12:30:03
31592,Stripe,SUCCESS,00,954,Desktop,Los Angeles,2024-02-10 13:29:49
31593,AuthorizeNet,SUCCESS,00,883,POS,Dallas,2024-02-10 14:51:51
31594,AuthorizeNet,SUCCESS,00,240,Desktop,Los Angeles,2024-02-10 15:46:18
31595,Square,FAILED,05,690,ATM,Los Angeles,2024-02-10 15:55:39
31596,Square,SUCCESS,00,133,ATM,Los Angeles,2024-02-10 16:38:11
31597,PayPal,SUCCESS,00,1254,ATM,Los Angeles,2024-02-10 17:44:00
31598,Square,SUCCESS,00,610,ATM,Dallas,2024-02-10 18:06:18
31599,Square,SUCCESS,00,1469,Desktop,Chicago,2024-02-10 19:16:09
31600,PayPal,SUCCESS,00,1378,Desktop,Chicago,2024-02-10 20:12:41
31601,AuthorizeNet,FAILED,05,274,POS,Dallas,2024-02-10 20:23:18
31602,AuthorizeNet,SUCCESS,00,556,Mobile,New York,2024-02-10 21:49:08
31603,Stripe,SUCCESS,00,849,Mobile,New York,2024-02-10 21:51:39
31604,Stripe,SUCCESS,00,1400,Mobile,Los Angeles,2024-02-10 22:05:40
31605,Stripe,SUCCESS,00,378,Desktop,Dallas,2024-02-10 22:14:31
31606,PayPal,SUCCESS,00,1189,ATM,Los Angeles,2024-02-10 22:27:49
31607,Stripe,SUCCESS,00,193,Desktop,New York,2024-02-10 22:29:44
31608,AuthorizeNet,SUCCESS,00,142,POS,New York,2024-02-10 23:42:33
31609,Square,SUCCESS,00,233,Mobile,Los Angeles,2024-02-11 00:05:22
31610,Stripe,SUCCESS,00,880,Mobile,Los Angeles,2024-02-11 01:45:58
31611,Square,SUCCESS,00,1464,Mobile,Los Angeles,2024-02-11 02:40:11
31612,Square,SUCCESS,00,385,Mobile,Chicago,2024-02-11 03:06:58
31613,Square,SUCCESS,00,1464,Desktop,New York,2024-02-11 03:26:30
31614,AuthorizeNet,SUCCESS,00,1445,POS,New York,2024-02-11 03:53:51
31615,AuthorizeNet,SUCCESS,00,740,Mobile,New York,2024-02-11 04:12:33
31616,Stripe,FAILED,12,782,Desktop,Dallas,2024-02-11 04:42:29
31617,Square,SUCCESS,00,531,POS,Los Angeles,2024-02-11 04:57:17
31618,Stripe,SUCCESS,00,608,ATM,Chicago,2024-02-11 05:42:29
31619,AuthorizeNet,SUCCESS,00,573,Mobile,Dallas,2024-02-11 05:54:19
31620,Stripe,FAILED,12,303,ATM,New York,2024-02-11 06:39:20
31621,Stripe,SUCCESS,00,1204,ATM,Dallas,2024-02-11 06:55:54
31622,Square,SUCCESS,00,1330,Desktop,Los Angeles,2024-02-11 07:02:03
31623,PayPal,SUCCESS,00,560,Desktop,Los Angeles,2024-02-11 07:14:01
31624,AuthorizeNet,SUCCESS,00,1288,POS,Los Angeles,2024-02-11 07:21:04
31625,Stripe,FAILED,05,1423,ATM,New York,2024-02-11 07:24:41
31626,Stripe,SUCCESS,00,860,Desktop,Dallas,2024-02-11 08:21:50
31627,AuthorizeNet,SUCCESS,00,1497,ATM,Los Angeles,2024-02-11 08:41:02
31628,AuthorizeNet,SUCCESS,00,960,ATM,Los Angeles,2024-02-11 12:39:38
31629,Stripe,SUCCESS,00,718,POS,New York,2024-02-11 15:47:30
31630,PayPal,SUCCESS,00,751,Desktop,New York,2024-02-11 18:07:37
31631,AuthorizeNet,SUCCESS,00,771,Desktop,Los Angeles,2024-02-11 18:14:43
31632,AuthorizeNet,SUCCESS,00,854,ATM,New York,2024-02-11 18:20:59
31633,Stripe,SUCCESS,00,389,Mobile,New York,2024-02-11 18:30:59
31634,AuthorizeNet,SUCCESS,00,484,ATM,New York,2024-02-11 19:31:43
31635,AuthorizeNet,SUCCESS,00,535,ATM,Chicago,2024-02-11 19:32:49
31636,Stripe,SUCCESS,00,1409,Desktop,New York,2024-02-11 20:59:31
31637,Stripe,SUCCESS,00,189,Desktop,Chicago,2024-02-11 20:59:53
31638,AuthorizeNet,FAILED,12,1166,ATM,Dallas,2024-02-11 21:18:27
31639,Square,SUCCESS,00,1132,ATM,Los Angeles,2024-02-11 23:21:37
31640,AuthorizeNet,SUCCESS,00,1423,Desktop,Dallas,2024-02-12 00:33:00
31641,AuthorizeNet,SUCCESS,00,932,Mobile,Dallas,2024-02-12 00:42:22
31642,Stripe,SUCCESS,00,284,ATM,New York,2024-02-12 01:51:34
31643,AuthorizeNet,SUCCESS,00,102,Mobile,Dallas,2024-02-12 04:01:31
31644,Square,SUCCESS,00,663,Desktop,Chicago,2024-02-12 04:47:59
31645,Stripe,SUCCESS,00,670,ATM,New York,2024-02-12 04:52:10
31646,AuthorizeNet,SUCCESS,00,466,ATM,Los Angeles,2024-02-12 05:33:45
31647,AuthorizeNet,FAILED,05,638,POS,New York,2024-02-12 06:58:27
31648,Stripe,SUCCESS,00,1219,ATM,Los Angeles,2024-02-12 07:32:55
31649,AuthorizeNet,SUCCESS,00,317,Mobile,Chicago,2024-02-12 07:46:32
31650,PayPal,SUCCESS,00,1252,Mobile,Los Angeles,2024-02-12 08:54:51
31651,AuthorizeNet,SUCCESS,00,229,POS,Los Angeles,2024-02-12 09:06:36
31652,PayPal,SUCCESS,00,250,ATM,Los Angeles,2024-02-12 09:36:14
31653,Stripe,SUCCESS,00,1105,Mobile,Los Angeles,2024-02-12 09:52:55
31654,AuthorizeNet,SUCCESS,00,523,Mobile,Chicago,2024-02-12 10:07:55
31655,AuthorizeNet,FAILED,05,171,POS,New York,2024-02-12 10:33:12
31656,AuthorizeNet,SUCCESS,00,1155,Mobile,Los Angeles,2024-02-12 11:15:32
31657,PayPal,SUCCESS,00,396,ATM,Chicago,2024-02-12 11:19:36
31658,AuthorizeNet,PENDING,99,660,Mobile,New York,2024-02-12 12:10:34
31659,PayPal,SUCCESS,00,754,Desktop,Chicago,2024-02-12 12:51:26
31660,Stripe,SUCCESS,00,181,ATM,Los Angeles,2024-02-12 13:01:51
31661,AuthorizeNet,SUCCESS,00,1010,ATM,Chicago,2024-02-12 13:37:51
31662,Stripe,SUCCESS,00,1401,Mobile,Chicago,2024-02-12 14:12:30
31663,PayPal,SUCCESS,00,877,Desktop,New York,2024-02-12 14:13:28
31664,Stripe,SUCCESS,00,719,POS,Los Angeles,2024-02-12 14:28:36
31665,Stripe,SUCCESS,00,151,ATM,New York,2024-02-12 15:13:43
31666,AuthorizeNet,SUCCESS,00,959,ATM,Chicago,2024-02-12 15:53:38
31667,Stripe,SUCCESS,00,382,Mobile,Dallas,2024-02-12 15:58:19
31668,Square,SUCCESS,00,659,Desktop,Dallas,2024-02-12 16:15:09
31669,Stripe,FAILED,05,288,Desktop,Los Angeles,2024-02-12 16:59:49
31670,AuthorizeNet,SUCCESS,00,160,Desktop,Chicago,2024-02-12 17:13:03
31671,PayPal,SUCCESS,00,1354,Mobile,Los Angeles,2024-02-12 18:33:13
31672,Square,SUCCESS,00,1079,Mobile,Dallas,2024-02-12 18:39:12
31673,Stripe,SUCCESS,00,584,Mobile,New York,2024-02-12 19:06:41
31674,Square,SUCCESS,00,1192,Desktop,Los Angeles,2024-02-12 20:40:30
31675,AuthorizeNet,SUCCESS,00,232,Desktop,New York,2024-02-12 21:13:25
31676,AuthorizeNet,SUCCESS,00,1068,ATM,Chicago,2024-02-12 22:20:04
31677,Stripe,FAILED,05,1262,Desktop,Dallas,2024-02-12 22:56:21
31678,Stripe,SUCCESS,00,1400,Mobile,Dallas,2024-02-12 23:41:57
31679,AuthorizeNet,SUCCESS,00,1162,ATM,Los Angeles,2024-02-13 00:55:11
31680,AuthorizeNet,FAILED,12,512,POS,New York,2024-02-13 01:20:36
31681,AuthorizeNet,SUCCESS,00,949,ATM,Dallas,2024-02-13 01:46:47
31682,PayPal,SUCCESS,00,430,Desktop,New York,2024-02-13 01:55:01
31683,Stripe,SUCCESS,00,1197,ATM,New York,2024-02-13 01:55:32
31684,Square,SUCCESS,00,913,Mobile,Los Angeles,2024-02-13 02:15:33
31685,PayPal,SUCCESS,00,1218,Mobile,Los Angeles,2024-02-13 03:01:22
31686,Stripe,SUCCESS,00,1248,Desktop,Chicago,2024-02-13 03:03:50
31687,AuthorizeNet,PENDING,99,139,Mobile,New York,2024-02-13 03:51:57
31688,Square,FAILED,12,137,POS,Dallas,2024-02-13 03:53:22
31689,Stripe,SUCCESS,00,165,ATM,Los Angeles,2024-02-13 04:00:23
31690,Stripe,SUCCESS,00,1136,Mobile,Dallas,2024-02-13 05:36:39
31691,PayPal,SUCCESS,00,859,Desktop,Los Angeles,2024-02-13 05:39:21
31692,Square,SUCCESS,00,184,ATM,Chicago,2024-02-13 06:20:55
31693,PayPal,SUCCESS,00,248,Mobile,New York,2024-02-13 06:37:54
31694,Square,SUCCESS,00,806,ATM,Dallas,2024-02-13 07:16:57
31695,PayPal,SUCCESS,00,196,POS,Los Angeles,2024-02-13 07:17:27
31696,Square,SUCCESS,00,736,Mobile,Chicago,2024-02-13 09:05:53
31697,Stripe,SUCCESS,00,1209,ATM,Chicago,2024-02-13 10:18:59
31698,Stripe,SUCCESS,00,878,POS,Chicago,2024-02-13 10:55:49
31699,PayPal,SUCCESS,00,821,Desktop,New York,2024-02-13 11:28:32
31700,Stripe,SUCCESS,00,1241,Desktop,Chicago,2024-02-13 11:30:16
31701,PayPal,SUCCESS,00,1099,Mobile,Dallas,2024-02-13 11:36:58
31702,Square,SUCCESS,00,777,Mobile,Dallas,2024-02-13 11:44:29
31703,PayPal,FAILED,05,512,Desktop,Los Angeles,2024-02-13 12:09:24
31704,AuthorizeNet,FAILED,12,557,POS,Dallas,2024-02-13 12:48:57
31705,Stripe,SUCCESS,00,122,Desktop,New York,2024-02-13 13:27:30
31706,Stripe,SUCCESS,00,1393,Desktop,Los Angeles,2024-02-13 13:29:30
31707,AuthorizeNet,FAILED,05,145,POS,Dallas,2024-02-13 13:40:07
31708,Square,SUCCESS,00,1017,POS,Dallas,2024-02-13 14:16:59
31709,Square,SUCCESS,00,584,Desktop,Los Angeles,2024-02-13 15:11:05
31710,Stripe,SUCCESS,00,376,ATM,Chicago,2024-02-13 15:28:19
31711,AuthorizeNet,SUCCESS,00,1219,POS,Chicago,2024-02-13 17:14:00
31712,Square,SUCCESS,00,1202,Mobile,New York,2024-02-13 17:17:50
31713,Square,FAILED,05,583,Mobile,New York,2024-02-13 17:24:35
31714,Stripe,SUCCESS,00,505,ATM,Los Angeles,2024-02-13 17:31:56
31715,Stripe,SUCCESS,00,996,Desktop,Los Angeles,2024-02-13 17:34:32
31716,Stripe,SUCCESS,00,1001,ATM,New York,2024-02-13 18:19:09
31717,PayPal,SUCCESS,00,606,POS,New York,2024-02-13 19:13:37
31718,Stripe,SUCCESS,00,439,Desktop,New York,2024-02-13 19:38:42
31719,PayPal,SUCCESS,00,1376,Desktop,Los Angeles,2024-02-13 19:44:12
31720,AuthorizeNet,SUCCESS,00,1491,Mobile,Dallas,2024-02-13 19:47:04
31721,Square,SUCCESS,00,460,Desktop,Dallas,2024-02-13 19:48:09
31722,Square,SUCCESS,00,360,Mobile,New York,2024-02-13 20:22:11
31723,Stripe,FAILED,05,696,Desktop,Los Angeles,2024-02-13 20:41:23
31724,AuthorizeNet,SUCCESS,00,1144,POS,Chicago,2024-02-13 20:46:45
31725,Stripe,SUCCESS,00,876,POS,Dallas,2024-02-13 21:12:57
31726,Stripe,SUCCESS,00,983,POS,Los Angeles,2024-02-13 23:45:55
31727,AuthorizeNet,SUCCESS,00,878,Mobile,New York,2024-02-13 23:47:10
31728,AuthorizeNet,SUCCESS,00,1410,ATM,Dallas,2024-02-14 00:06:58
31729,PayPal,SUCCESS,00,396,ATM,Dallas,2024-02-14 01:12:02
31730,PayPal,FAILED,12,1331,Desktop,Los Angeles,2024-02-14 02:07:11
31731,PayPal,SUCCESS,00,1395,Desktop,New York,2024-02-14 03:00:42
31732,AuthorizeNet,SUCCESS,00,759,Mobile,New York,2024-02-14 04:49:22
31733,AuthorizeNet,SUCCESS,00,1215,ATM,New York,2024-02-14 06:56:29
31734,AuthorizeNet,SUCCESS,00,1325,POS,Los Angeles,2024-02-14 07:48:40
31735,AuthorizeNet,SUCCESS,00,347,Mobile,Los Angeles,2024-02-14 08:35:40
31736,Square,SUCCESS,00,445,Desktop,Dallas,2024-02-14 09:30:41
31737,Stripe,SUCCESS,00,289,ATM,Los Angeles,2024-02-14 10:42:50
31738,AuthorizeNet,SUCCESS,00,1475,Desktop,Dallas,2024-02-14 11:06:20
31739,PayPal,SUCCESS,00,262,Mobile,Dallas,2024-02-14 12:05:56
31740,Stripe,SUCCESS,00,298,Mobile,Los Angeles,2024-02-14 12:12:49
31741,Square,SUCCESS,00,1214,Desktop,Dallas,2024-02-14 12:20:00
31742,PayPal,SUCCESS,00,1076,POS,Los Angeles,2024-02-14 12:44:03
31743,PayPal,FAILED,05,440,ATM,New York,2024-02-14 13:53:43
31744,Stripe,SUCCESS,00,779,Mobile,New York,2024-02-14 14:19:40
31745,Stripe,FAILED,05,1452,Desktop,Dallas,2024-02-14 14:43:10
31746,PayPal,SUCCESS,00,1472,Mobile,New York,2024-02-14 15:46:24
31747,Square,PENDING,99,959,ATM,New York,2024-02-14 16:40:09
31748,Square,SUCCESS,00,1205,Desktop,Dallas,2024-02-14 17:19:11
31749,Square,SUCCESS,00,1183,POS,Dallas,2024-02-14 17:46:24
31750,AuthorizeNet,SUCCESS,00,747,POS,Chicago,2024-02-14 19:04:20
31751,PayPal,FAILED,05,879,Desktop,Los Angeles,2024-02-14 19:26:13
31752,AuthorizeNet,SUCCESS,00,815,POS,Los Angeles,2024-02-14 19:46:37
31753,PayPal,SUCCESS,00,1327,Desktop,New York,2024-02-14 20:11:02
31754,AuthorizeNet,PENDING,99,645,Desktop,Chicago,2024-02-14 20:58:35
31755,PayPal,SUCCESS,00,854,Mobile,Chicago,2024-02-14 22:27:30
31756,Stripe,SUCCESS,00,1110,Mobile,Chicago,2024-02-14 22:33:40
31757,PayPal,SUCCESS,00,1350,Desktop,Chicago,2024-02-14 23:01:55
31758,Square,FAILED,12,601,POS,Chicago,2024-02-14 23:15:22
31759,AuthorizeNet,SUCCESS,00,346,Desktop,Los Angeles,2024-02-14 23:22:26
31760,PayPal,SUCCESS,00,1194,Mobile,New York,2024-02-15 00:09:43
31761,Square,SUCCESS,00,818,Desktop,Los Angeles,2024-02-15 00:25:02
31762,AuthorizeNet,SUCCESS,00,1029,Desktop,Dallas,2024-02-15 02:16:03
31763,Stripe,SUCCESS,00,1075,Mobile,Chicago,2024-02-15 02:47:25
31764,Square,SUCCESS,00,514,POS,Dallas,2024-02-15 03:13:39
31765,Stripe,SUCCESS,00,1362,Desktop,Los Angeles,2024-02-15 03:55:12
31766,Square,SUCCESS,00,555,Desktop,Chicago,2024-02-15 04:16:10
31767,Square,SUCCESS,00,274,Mobile,Los Angeles,2024-02-15 05:26:04
31768,Stripe,SUCCESS,00,721,Desktop,Los Angeles,2024-02-15 06:02:51
31769,Square,SUCCESS,00,1304,Mobile,Dallas,2024-02-15 06:08:11
31770,AuthorizeNet,SUCCESS,00,280,Desktop,Los Angeles,2024-02-15 06:11:13
31771,Square,SUCCESS,00,974,Mobile,New York,2024-02-15 06:11:53
31772,Stripe,SUCCESS,00,793,Mobile,Chicago,2024-02-15 06:49:12
31773,PayPal,SUCCESS,00,806,Mobile,Los Angeles,2024-02-15 07:10:56
31774,PayPal,SUCCESS,00,981,Desktop,New York,2024-02-15 07:36:03
31775,PayPal,SUCCESS,00,742,POS,New York,2024-02-15 07:58:07
31776,Stripe,FAILED,12,565,ATM,Dallas,2024-02-15 08:27:21
31777,Square,SUCCESS,00,462,ATM,Los Angeles,2024-02-15 10:19:58
31778,AuthorizeNet,SUCCESS,00,918,Mobile,Chicago,2024-02-15 11:31:54
31779,PayPal,SUCCESS,00,631,Desktop,Los Angeles,2024-02-15 11:32:37
31780,Stripe,SUCCESS,00,1458,Desktop,New York,2024-02-15 12:37:46
31781,Stripe,SUCCESS,00,526,Mobile,Dallas,2024-02-15 14:00:15
31782,Square,SUCCESS,00,254,ATM,Chicago,2024-02-15 14:31:44
31783,PayPal,SUCCESS,00,949,POS,Los Angeles,2024-02-15 14:33:17
31784,PayPal,SUCCESS,00,265,ATM,New York,2024-02-15 14:37:57
31785,PayPal,FAILED,05,901,Desktop,Los Angeles,2024-02-15 14:39:11
31786,AuthorizeNet,SUCCESS,00,786,Mobile,Chicago,2024-02-15 16:24:10
31787,Square,SUCCESS,00,326,ATM,Los Angeles,2024-02-15 16:33:37
31788,AuthorizeNet,SUCCESS,00,1034,ATM,New York,2024-02-15 16:45:38
31789,Square,SUCCESS,00,600,POS,Chicago,2024-02-15 17:31:36
31790,AuthorizeNet,SUCCESS,00,1227,Mobile,Los Angeles,2024-02-15 17:37:35
31791,AuthorizeNet,SUCCESS,00,543,Mobile,Chicago,2024-02-15 17:44:49
31792,Square,SUCCESS,00,822,ATM,Los Angeles,2024-02-15 18:26:16
31793,Stripe,SUCCESS,00,1412,ATM,Dallas,2024-02-15 19:03:18
31794,AuthorizeNet,SUCCESS,00,359,POS,New York,2024-02-15 19:28:49
31795,Square,FAILED,05,1233,Mobile,Dallas,2024-02-15 19:48:02
31796,PayPal,SUCCESS,00,1291,Mobile,Dallas,2024-02-15 20:04:47
31797,PayPal,SUCCESS,00,865,POS,New York,2024-02-15 20:06:23
31798,PayPal,FAILED,12,597,Mobile,Los Angeles,2024-02-15 20:30:41
31799,Stripe,SUCCESS,00,963,Mobile,Dallas,2024-02-15 20:40:38
31800,AuthorizeNet,SUCCESS,00,788,ATM,Dallas,2024-02-15 20:55:16
31801,Stripe,SUCCESS,00,1085,Mobile,Dallas,2024-02-15 20:59:32
31802,Square,SUCCESS,00,386,POS,Dallas,2024-02-15 22:02:52
31803,AuthorizeNet,SUCCESS,00,1373,Mobile,Los Angeles,2024-02-15 22:20:22
31804,Stripe,SUCCESS,00,934,POS,Los Angeles,2024-02-15 22:34:35
31805,PayPal,SUCCESS,00,1073,POS,Dallas,2024-02-15 23:03:39
31806,PayPal,SUCCESS,00,1480,POS,New York,2024-02-15 23:10:16
31807,Stripe,SUCCESS,00,121,ATM,Dallas,2024-02-16 00:00:09
31808,Stripe,SUCCESS,00,152,ATM,New York,2024-02-16 00:08:28
31809,Square,SUCCESS,00,104,POS,Chicago,2024-02-16 00:56:03
31810,Square,SUCCESS,00,844,ATM,Dallas,2024-02-16 00:57:06
31811,AuthorizeNet,SUCCESS,00,918,POS,New York,2024-02-16 00:57:22
31812,PayPal,SUCCESS,00,1175,POS,Chicago,2024-02-16 00:57:41
31813,PayPal,SUCCESS,00,1249,ATM,Dallas,2024-02-16 02:05:26
31814,Square,SUCCESS,00,1061,POS,Chicago,2024-02-16 02:22:14
31815,PayPal,SUCCESS,00,695,Mobile,Chicago,2024-02-16 02:23:47
31816,Square,SUCCESS,00,1448,Mobile,Los Angeles,2024-02-16 02:28:15
31817,Square,SUCCESS,00,1034,Mobile,Los Angeles,2024-02-16 03:05:50
31818,Stripe,SUCCESS,00,1401,Desktop,Chicago,2024-02-16 03:46:29
31819,AuthorizeNet,SUCCESS,00,517,Desktop,Dallas,2024-02-16 03:49:07
31820,Stripe,SUCCESS,00,190,POS,Chicago,2024-02-16 05:05:16
31821,Square,SUCCESS,00,1245,ATM,Los Angeles,2024-02-16 05:24:31
31822,Square,SUCCESS,00,977,Desktop,Dallas,2024-02-16 05:38:43
31823,Square,SUCCESS,00,231,ATM,Chicago,2024-02-16 06:06:20
31824,Square,SUCCESS,00,413,POS,Dallas,2024-02-16 06:28:12
31825,AuthorizeNet,SUCCESS,00,994,ATM,Dallas,2024-02-16 06:38:19
31826,Stripe,SUCCESS,00,256,Desktop,Los Angeles,2024-02-16 06:41:05
31827,AuthorizeNet,SUCCESS,00,1487,POS,Dallas,2024-02-16 06:53:39
31828,AuthorizeNet,SUCCESS,00,121,Desktop,Chicago,2024-02-16 08:59:25
31829,Stripe,SUCCESS,00,592,ATM,Chicago,2024-02-16 09:35:23
31830,Stripe,SUCCESS,00,663,Desktop,New York,2024-02-16 09:46:49
31831,PayPal,SUCCESS,00,233,Desktop,Dallas,2024-02-16 10:29:53
31832,Stripe,SUCCESS,00,1181,POS,Chicago,2024-02-16 12:07:09
31833,PayPal,SUCCESS,00,735,POS,Dallas,2024-02-16 12:16:16
31834,AuthorizeNet,FAILED,12,1182,POS,Chicago,2024-02-16 12:22:51
31835,AuthorizeNet,SUCCESS,00,801,ATM,New York,2024-02-16 15:16:25
31836,Stripe,SUCCESS,00,601,Mobile,Los Angeles,2024-02-16 15:39:53
31837,AuthorizeNet,FAILED,05,1344,ATM,Chicago,2024-02-16 16:58:53
31838,PayPal,SUCCESS,00,407,Mobile,Chicago,2024-02-16 17:17:46
31839,PayPal,SUCCESS,00,365,ATM,Los Angeles,2024-02-16 18:18:45
31840,PayPal,FAILED,12,302,Desktop,Chicago,2024-02-16 18:29:55
31841,AuthorizeNet,SUCCESS,00,1332,Mobile,Los Angeles,2024-02-16 19:43:22
31842,Square,SUCCESS,00,337,ATM,New York,2024-02-16 20:39:27
31843,AuthorizeNet,SUCCESS,00,566,Mobile,New York,2024-02-16 21:11:23
31844,Square,SUCCESS,00,1294,Desktop,Los Angeles,2024-02-16 22:32:11
31845,Square,SUCCESS,00,411,Desktop,Chicago,2024-02-16 23:32:52
31846,AuthorizeNet,SUCCESS,00,1404,ATM,Los Angeles,2024-02-16 23:56:57
31847,Square,SUCCESS,00,1445,POS,Chicago,2024-02-16 23:57:20
31848,Stripe,SUCCESS,00,1124,ATM,Chicago,2024-02-17 00:00:24
31849,Stripe,SUCCESS,00,795,POS,Dallas,2024-02-17 00:02:11
31850,AuthorizeNet,FAILED,12,396,POS,New York,2024-02-17 01:20:44
31851,AuthorizeNet,SUCCESS,00,761,POS,New York,2024-02-17 03:23:52
31852,Stripe,SUCCESS,00,1440,ATM,New York,2024-02-17 03:41:14
31853,Stripe,SUCCESS,00,1493,Desktop,Los Angeles,2024-02-17 04:30:20
31854,AuthorizeNet,SUCCESS,00,1251,Mobile,Los Angeles,2024-02-17 05:35:19
31855,AuthorizeNet,SUCCESS,00,1240,ATM,Chicago,2024-02-17 06:08:15
31856,AuthorizeNet,SUCCESS,00,1130,POS,Dallas,2024-02-17 06:50:36
31857,Square,SUCCESS,00,1128,Mobile,New York,2024-02-17 09:17:56
31858,Square,SUCCESS,00,200,Desktop,Chicago,2024-02-17 09:37:52
31859,Square,SUCCESS,00,1041,ATM,Dallas,2024-02-17 10:04:46
31860,PayPal,SUCCESS,00,437,Desktop,Los Angeles,2024-02-17 10:33:04
31861,PayPal,SUCCESS,00,935,Mobile,Dallas,2024-02-17 10:36:24
31862,Stripe,SUCCESS,00,990,Mobile,New York,2024-02-17 10:38:33
31863,PayPal,SUCCESS,00,770,POS,Los Angeles,2024-02-17 14:16:50
31864,Square,SUCCESS,00,1419,ATM,Los Angeles,2024-02-17 14:30:32
31865,Stripe,SUCCESS,00,242,ATM,Dallas,2024-02-17 14:47:14
31866,PayPal,SUCCESS,00,149,Desktop,New York,2024-02-17 14:53:01
31867,PayPal,SUCCESS,00,806,Desktop,Los Angeles,2024-02-17 18:05:05
31868,Stripe,SUCCESS,00,893,POS,Dallas,2024-02-17 18:47:15
31869,Stripe,SUCCESS,00,1205,POS,Chicago,2024-02-17 18:48:29
31870,Square,SUCCESS,00,1360,Desktop,Dallas,2024-02-17 18:54:15
31871,PayPal,SUCCESS,00,759,ATM,Dallas,2024-02-17 19:50:48
31872,Stripe,SUCCESS,00,928,Mobile,Dallas,2024-02-17 20:45:53
31873,AuthorizeNet,SUCCESS,00,187,Mobile,Dallas,2024-02-17 20:57:36
31874,PayPal,SUCCESS,00,1105,POS,Dallas,2024-02-17 22:01:16
31875,Stripe,SUCCESS,00,690,POS,Los Angeles,2024-02-17 22:11:41
31876,Square,SUCCESS,00,615,Mobile,Los Angeles,2024-02-17 22:18:07
31877,PayPal,SUCCESS,00,780,Desktop,Chicago,2024-02-17 23:00:04
31878,PayPal,FAILED,12,636,POS,Dallas,2024-02-17 23:01:56
31879,Stripe,SUCCESS,00,1103,POS,Los Angeles,2024-02-17 23:24:50
31880,AuthorizeNet,SUCCESS,00,125,POS,Dallas,2024-02-17 23:33:36
31881,Square,SUCCESS,00,247,ATM,Los Angeles,2024-02-18 02:05:38
31882,AuthorizeNet,SUCCESS,00,1366,Mobile,New York,2024-02-18 02:12:26
31883,Stripe,SUCCESS,00,336,Mobile,New York,2024-02-18 02:34:57
31884,AuthorizeNet,SUCCESS,00,433,POS,New York,2024-02-18 02:37:06
31885,Stripe,SUCCESS,00,819,Desktop,Chicago,2024-02-18 02:43:29
31886,AuthorizeNet,SUCCESS,00,143,Desktop,Dallas,2024-02-18 04:16:19
31887,Stripe,SUCCESS,00,1448,Mobile,Chicago,2024-02-18 05:00:46
31888,Stripe,SUCCESS,00,882,Desktop,Chicago,2024-02-18 06:36:10
31889,Stripe,SUCCESS,00,1180,ATM,Los Angeles,2024-02-18 06:39:50
31890,AuthorizeNet,SUCCESS,00,1301,Mobile,Los Angeles,2024-02-18 06:53:26
31891,Square,PENDING,99,1383,Desktop,New York,2024-02-18 07:28:16
31892,Square,SUCCESS,00,1325,ATM,New York,2024-02-18 07:29:54
31893,PayPal,SUCCESS,00,356,POS,Chicago,2024-02-18 09:12:39
31894,AuthorizeNet,PENDING,99,703,Mobile,Dallas,2024-02-18 10:04:57
31895,AuthorizeNet,SUCCESS,00,638,POS,Chicago,2024-02-18 10:07:00
31896,AuthorizeNet,SUCCESS,00,199,POS,Los Angeles,2024-02-18 10:25:58
31897,PayPal,SUCCESS,00,202,Desktop,Chicago,2024-02-18 11:24:28
31898,PayPal,SUCCESS,00,298,POS,Los Angeles,2024-02-18 13:03:23
31899,PayPal,SUCCESS,00,655,Desktop,Dallas,2024-02-18 14:06:08
31900,Square,SUCCESS,00,1267,Mobile,New York,2024-02-18 14:41:49
31901,AuthorizeNet,SUCCESS,00,824,ATM,New York,2024-02-18 14:58:36
31902,Stripe,FAILED,12,1112,Desktop,Chicago,2024-02-18 16:06:40
31903,Square,SUCCESS,00,147,POS,New York,2024-02-18 17:35:59
31904,Stripe,SUCCESS,00,889,Desktop,Los Angeles,2024-02-18 17:51:16
31905,AuthorizeNet,SUCCESS,00,764,Desktop,Dallas,2024-02-18 18:02:25
31906,PayPal,SUCCESS,00,1301,POS,Dallas,2024-02-18 18:29:33
31907,Stripe,FAILED,05,1439,Desktop,Chicago,2024-02-18 19:06:33
31908,PayPal,SUCCESS,00,326,Mobile,Dallas,2024-02-18 22:09:03
31909,PayPal,SUCCESS,00,100,POS,New York,2024-02-18 23:38:21
31910,PayPal,SUCCESS,00,1251,POS,Chicago,2024-02-19 00:28:24
31911,Square,FAILED,05,987,POS,Los Angeles,2024-02-19 00:55:40
31912,Stripe,FAILED,12,449,POS,New York,2024-02-19 02:00:46
31913,PayPal,SUCCESS,00,1251,Mobile,New York,2024-02-19 02:02:53
31914,Square,SUCCESS,00,518,ATM,Los Angeles,2024-02-19 02:26:20
31915,AuthorizeNet,SUCCESS,00,808,POS,Dallas,2024-02-19 02:33:31
31916,Stripe,SUCCESS,00,559,Desktop,Los Angeles,2024-02-19 02:52:36
31917,Stripe,SUCCESS,00,1375,ATM,New York,2024-02-19 03:56:29
31918,Stripe,FAILED,12,1428,ATM,New York,2024-02-19 04:57:49
31919,Square,SUCCESS,00,486,POS,Chicago,2024-02-19 05:06:18
31920,AuthorizeNet,SUCCESS,00,431,POS,Dallas,2024-02-19 05:12:21
31921,PayPal,SUCCESS,00,590,Desktop,Los Angeles,2024-02-19 05:35:56
31922,AuthorizeNet,SUCCESS,00,354,Desktop,New York,2024-02-19 05:56:07
31923,Square,SUCCESS,00,259,ATM,Chicago,2024-02-19 05:58:44
31924,Square,SUCCESS,00,247,POS,Los Angeles,2024-02-19 06:12:19
31925,AuthorizeNet,SUCCESS,00,1459,Mobile,New York,2024-02-19 06:44:03
31926,Stripe,SUCCESS,00,243,ATM,Dallas,2024-02-19 07:19:51
31927,PayPal,SUCCESS,00,915,ATM,New York,2024-02-19 07:21:22
31928,Square,SUCCESS,00,1045,Mobile,Dallas,2024-02-19 07:38:40
31929,PayPal,SUCCESS,00,1125,Desktop,Los Angeles,2024-02-19 08:12:21
31930,Stripe,SUCCESS,00,1277,ATM,Dallas,2024-02-19 09:27:09
31931,PayPal,SUCCESS,00,382,ATM,Los Angeles,2024-02-19 10:18:31
31932,Square,SUCCESS,00,1336,ATM,Los Angeles,2024-02-19 10:32:06
31933,Square,FAILED,05,1377,ATM,Chicago,2024-02-19 10:44:21
31934,AuthorizeNet,SUCCESS,00,420,ATM,New York,2024-02-19 10:57:17
31935,PayPal,SUCCESS,00,1154,ATM,New York,2024-02-19 11:19:43
31936,AuthorizeNet,SUCCESS,00,1269,ATM,Dallas,2024-02-19 12:06:10
31937,PayPal,SUCCESS,00,1487,ATM,New York,2024-02-19 13:38:27
31938,Stripe,SUCCESS,00,694,POS,New York,2024-02-19 14:17:06
31939,Stripe,SUCCESS,00,1465,Desktop,Chicago,2024-02-19 14:39:22
31940,Stripe,SUCCESS,00,1134,Desktop,New York,2024-02-19 14:40:16
31941,PayPal,PENDING,99,872,POS,Dallas,2024-02-19 15:03:14
31942,AuthorizeNet,SUCCESS,00,1175,POS,Chicago,2024-02-19 15:44:12
31943,Stripe,SUCCESS,00,924,Desktop,New York,2024-02-19 16:08:39
31944,AuthorizeNet,SUCCESS,00,1436,ATM,Chicago,2024-02-19 17:04:08
31945,PayPal,SUCCESS,00,987,Mobile,Chicago,2024-02-19 17:26:25
31946,AuthorizeNet,SUCCESS,00,796,Mobile,Dallas,2024-02-19 18:36:47
31947,Stripe,SUCCESS,00,169,ATM,New York,2024-02-19 18:39:19
31948,Stripe,SUCCESS,00,342,Mobile,New York,2024-02-19 18:50:59
31949,PayPal,SUCCESS,00,795,Desktop,Los Angeles,2024-02-19 19:00:41
31950,PayPal,SUCCESS,00,500,Mobile,Los Angeles,2024-02-19 19:14:52
31951,PayPal,SUCCESS,00,1198,Desktop,Dallas,2024-02-19 20:10:25
31952,PayPal,SUCCESS,00,260,POS,Chicago,2024-02-19 20:31:15
31953,Square,SUCCESS,00,609,ATM,Dallas,2024-02-19 20:59:14
31954,AuthorizeNet,SUCCESS,00,742,Desktop,Los Angeles,2024-02-19 21:23:09
31955,PayPal,SUCCESS,00,968,Mobile,Dallas,2024-02-19 21:45:41
31956,PayPal,SUCCESS,00,849,Mobile,Los Angeles,2024-02-19 21:53:31
31957,PayPal,FAILED,05,112,Desktop,Chicago,2024-02-19 22:22:32
31958,AuthorizeNet,SUCCESS,00,741,Mobile,New York,2024-02-20 01:02:45
31959,PayPal,SUCCESS,00,296,ATM,Dallas,2024-02-20 02:12:10
31960,AuthorizeNet,SUCCESS,00,1155,Desktop,Chicago,2024-02-20 03:50:14
31961,PayPal,SUCCESS,00,1319,Mobile,New York,2024-02-20 03:59:24
31962,Square,SUCCESS,00,1101,ATM,Chicago,2024-02-20 04:03:59
31963,Stripe,SUCCESS,00,1465,ATM,Los Angeles,2024-02-20 04:13:38
31964,Square,SUCCESS,00,125,POS,Los Angeles,2024-02-20 04:14:01
31965,AuthorizeNet,SUCCESS,00,254,ATM,Chicago,2024-02-20 04:54:18
31966,Stripe,SUCCESS,00,300,Mobile,New York,2024-02-20 05:00:16
31967,Stripe,SUCCESS,00,893,Desktop,Los Angeles,2024-02-20 05:00:31
31968,Stripe,FAILED,12,783,ATM,New York,2024-02-20 05:08:44
31969,PayPal,SUCCESS,00,1195,Mobile,Chicago,2024-02-20 05:43:03
31970,AuthorizeNet,SUCCESS,00,1430,ATM,Chicago,2024-02-20 06:09:04
31971,AuthorizeNet,SUCCESS,00,739,ATM,New York,2024-02-20 06:47:44
31972,AuthorizeNet,SUCCESS,00,1345,Desktop,Dallas,2024-02-20 07:13:28
31973,Stripe,SUCCESS,00,1252,ATM,New York,2024-02-20 07:30:58
31974,Stripe,SUCCESS,00,1353,Desktop,Los Angeles,2024-02-20 08:35:39
31975,PayPal,SUCCESS,00,409,ATM,Chicago,2024-02-20 08:37:51
31976,AuthorizeNet,SUCCESS,00,1058,ATM,Dallas,2024-02-20 08:41:02
31977,AuthorizeNet,SUCCESS,00,647,ATM,Chicago,2024-02-20 09:01:59
31978,Square,SUCCESS,00,372,ATM,New York,2024-02-20 09:26:58
31979,PayPal,SUCCESS,00,501,ATM,Los Angeles,2024-02-20 09:53:14
31980,Square,SUCCESS,00,1087,POS,Dallas,2024-02-20 09:53:26
31981,Square,SUCCESS,00,242,POS,New York,2024-02-20 10:07:51
31982,Square,SUCCESS,00,808,Mobile,Chicago,2024-02-20 14:00:54
31983,Stripe,SUCCESS,00,1310,Mobile,Chicago,2024-02-20 14:32:00
31984,AuthorizeNet,SUCCESS,00,985,POS,New York,2024-02-20 14:50:48
31985,Stripe,SUCCESS,00,1496,POS,New York,2024-02-20 15:44:35
31986,Stripe,SUCCESS,00,610,Desktop,Los Angeles,2024-02-20 15:55:55
31987,Square,SUCCESS,00,626,POS,Chicago,2024-02-20 16:45:48
31988,AuthorizeNet,SUCCESS,00,314,Desktop,Los Angeles,2024-02-20 16:52:44
31989,Stripe,SUCCESS,00,810,ATM,Chicago,2024-02-20 18:59:40
31990,Square,SUCCESS,00,595,Desktop,Los Angeles,2024-02-20 20:36:20
31991,AuthorizeNet,SUCCESS,00,765,ATM,Los Angeles,2024-02-20 21:55:33
31992,Stripe,SUCCESS,00,736,Mobile,Chicago,2024-02-20 21:55:56
31993,AuthorizeNet,SUCCESS,00,278,Mobile,Dallas,2024-02-20 22:34:56
31994,Square,SUCCESS,00,339,POS,Los Angeles,2024-02-20 22:47:51
31995,Square,FAILED,05,432,POS,Dallas,2024-02-20 22:48:12
31996,AuthorizeNet,SUCCESS,00,1021,Mobile,Chicago,2024-02-20 23:46:48
31997,AuthorizeNet,FAILED,05,563,ATM,Chicago,2024-02-21 00:48:37
31998,Square,SUCCESS,00,1428,Mobile,Chicago,2024-02-21 01:07:27
31999,PayPal,SUCCESS,00,150,Mobile,Los Angeles,2024-02-21 01:41:44
32000,AuthorizeNet,FAILED,12,470,ATM,Los Angeles,2024-02-21 01:53:42
32001,Stripe,SUCCESS,00,422,POS,Chicago,2024-02-21 02:48:17
32002,AuthorizeNet,SUCCESS,00,280,Mobile,New York,2024-02-21 02:54:52
32003,PayPal,SUCCESS,00,321,ATM,Dallas,2024-02-21 03:12:07
32004,Square,SUCCESS,00,556,Desktop,Chicago,2024-02-21 04:22:48
32005,AuthorizeNet,SUCCESS,00,1197,Desktop,Chicago,2024-02-21 06:16:04
32006,Stripe,SUCCESS,00,182,Mobile,Chicago,2024-02-21 06:26:57
32007,PayPal,SUCCESS,00,1267,POS,Los Angeles,2024-02-21 06:37:36
32008,PayPal,SUCCESS,00,529,POS,Chicago,2024-02-21 06:57:56
32009,PayPal,SUCCESS,00,1341,Desktop,New York,2024-02-21 07:50:12
32010,AuthorizeNet,SUCCESS,00,495,ATM,Chicago,2024-02-21 09:15:48
32011,Square,SUCCESS,00,362,Desktop,Chicago,2024-02-21 11:15:48
32012,AuthorizeNet,SUCCESS,00,1295,ATM,Chicago,2024-02-21 12:30:22
32013,Square,SUCCESS,00,1269,Mobile,Dallas,2024-02-21 13:20:46
32014,PayPal,SUCCESS,00,518,ATM,Dallas,2024-02-21 13:26:20
32015,PayPal,FAILED,05,1262,Mobile,Chicago,2024-02-21 14:50:25
32016,Square,SUCCESS,00,438,POS,Chicago,2024-02-21 14:52:48
32017,AuthorizeNet,SUCCESS,00,257,POS,Chicago,2024-02-21 15:04:11
32018,Stripe,SUCCESS,00,1375,Desktop,Los Angeles,2024-02-21 15:05:11
32019,AuthorizeNet,SUCCESS,00,1068,Mobile,Los Angeles,2024-02-21 15:12:05
32020,Square,SUCCESS,00,151,Desktop,Dallas,2024-02-21 15:44:09
32021,Stripe,FAILED,05,1140,ATM,New York,2024-02-21 16:23:04
32022,PayPal,SUCCESS,00,475,POS,Dallas,2024-02-21 17:00:36
32023,Stripe,SUCCESS,00,565,Mobile,Chicago,2024-02-21 17:48:13
32024,PayPal,SUCCESS,00,1304,ATM,Dallas,2024-02-21 17:54:30
32025,AuthorizeNet,SUCCESS,00,137,POS,Los Angeles,2024-02-21 18:26:47
32026,Square,SUCCESS,00,1424,Mobile,Chicago,2024-02-21 18:27:36
32027,PayPal,SUCCESS,00,461,Desktop,Dallas,2024-02-21 18:35:12
32028,AuthorizeNet,SUCCESS,00,979,ATM,Chicago,2024-02-21 18:36:38
32029,AuthorizeNet,SUCCESS,00,627,ATM,Chicago,2024-02-21 19:14:03
32030,Stripe,SUCCESS,00,313,POS,New York,2024-02-21 22:28:26
32031,PayPal,SUCCESS,00,265,Desktop,Los Angeles,2024-02-21 22:46:16
32032,Stripe,SUCCESS,00,1021,POS,Dallas,2024-02-21 23:20:17
32033,AuthorizeNet,SUCCESS,00,1335,Mobile,Chicago,2024-02-21 23:25:26
32034,Square,SUCCESS,00,513,ATM,Chicago,2024-02-22 01:18:38
32035,AuthorizeNet,SUCCESS,00,1179,POS,Los Angeles,2024-02-22 02:03:03
32036,AuthorizeNet,FAILED,12,635,ATM,Los Angeles,2024-02-22 02:54:48
32037,PayPal,SUCCESS,00,1461,Mobile,New York,2024-02-22 03:08:37
32038,PayPal,SUCCESS,00,501,ATM,Dallas,2024-02-22 03:27:13
32039,Stripe,SUCCESS,00,1116,Mobile,Chicago,2024-02-22 03:35:04
32040,Square,SUCCESS,00,707,ATM,New York,2024-02-22 04:03:17
32041,AuthorizeNet,SUCCESS,00,348,Mobile,Chicago,2024-02-22 04:16:03
32042,AuthorizeNet,SUCCESS,00,1389,Desktop,Dallas,2024-02-22 04:37:06
32043,Square,SUCCESS,00,924,Mobile,Dallas,2024-02-22 07:47:55
32044,AuthorizeNet,SUCCESS,00,717,Desktop,Chicago,2024-02-22 07:54:39
32045,PayPal,SUCCESS,00,494,ATM,Chicago,2024-02-22 08:17:59
32046,AuthorizeNet,SUCCESS,00,957,Mobile,New York,2024-02-22 08:29:39
32047,Stripe,SUCCESS,00,764,Desktop,New York,2024-02-22 08:53:44
32048,AuthorizeNet,SUCCESS,00,302,ATM,New York,2024-02-22 09:03:07
32049,AuthorizeNet,SUCCESS,00,230,POS,Los Angeles,2024-02-22 10:20:22
32050,Stripe,SUCCESS,00,546,Mobile,Dallas,2024-02-22 10:36:50
32051,AuthorizeNet,SUCCESS,00,241,Desktop,New York,2024-02-22 11:45:26
32052,Stripe,FAILED,12,1494,Desktop,Los Angeles,2024-02-22 11:50:39
32053,AuthorizeNet,SUCCESS,00,950,POS,Los Angeles,2024-02-22 12:16:13
32054,Stripe,SUCCESS,00,166,POS,Los Angeles,2024-02-22 13:14:32
32055,Stripe,SUCCESS,00,608,Mobile,Chicago,2024-02-22 14:08:00
32056,Stripe,SUCCESS,00,812,Desktop,Chicago,2024-02-22 14:45:19
32057,AuthorizeNet,SUCCESS,00,1430,Mobile,Chicago,2024-02-22 15:21:33
32058,AuthorizeNet,SUCCESS,00,394,Desktop,Chicago,2024-02-22 16:36:18
32059,Square,SUCCESS,00,1346,Mobile,Chicago,2024-02-22 17:03:49
32060,AuthorizeNet,SUCCESS,00,1198,POS,Chicago,2024-02-22 17:25:44
32061,Square,SUCCESS,00,1440,ATM,Los Angeles,2024-02-22 17:49:16
32062,Square,SUCCESS,00,1028,POS,Dallas,2024-02-22 18:11:54
32063,PayPal,SUCCESS,00,1494,Desktop,Chicago,2024-02-22 18:19:16
32064,Square,SUCCESS,00,1280,Desktop,New York,2024-02-22 18:49:16
32065,Stripe,SUCCESS,00,195,Desktop,New York,2024-02-22 19:05:51
32066,AuthorizeNet,SUCCESS,00,553,Mobile,Los Angeles,2024-02-22 20:26:10
32067,PayPal,SUCCESS,00,125,Mobile,New York,2024-02-22 20:54:53
32068,PayPal,SUCCESS,00,205,Desktop,Los Angeles,2024-02-22 21:12:41
32069,Square,SUCCESS,00,140,Desktop,Los Angeles,2024-02-22 22:25:49
32070,AuthorizeNet,SUCCESS,00,935,ATM,Chicago,2024-02-22 22:29:06
32071,PayPal,SUCCESS,00,639,ATM,Chicago,2024-02-22 22:52:01
32072,Stripe,SUCCESS,00,1226,Mobile,Dallas,2024-02-22 23:05:04
32073,PayPal,FAILED,05,369,Mobile,Los Angeles,2024-02-23 00:16:42
32074,AuthorizeNet,SUCCESS,00,1346,POS,Chicago,2024-02-23 01:03:20
32075,AuthorizeNet,FAILED,05,738,Desktop,Los Angeles,2024-02-23 01:45:38
32076,PayPal,SUCCESS,00,959,POS,New York,2024-02-23 01:54:58
32077,Stripe,SUCCESS,00,743,POS,Dallas,2024-02-23 02:44:50
32078,Stripe,PENDING,99,485,Mobile,Dallas,2024-02-23 02:56:07
32079,Square,SUCCESS,00,308,Desktop,Dallas,2024-02-23 04:25:45
32080,AuthorizeNet,SUCCESS,00,1082,ATM,New York,2024-02-23 05:28:13
32081,Square,SUCCESS,00,639,Mobile,Chicago,2024-02-23 06:12:19
32082,AuthorizeNet,SUCCESS,00,1005,ATM,New York,2024-02-23 08:34:21
32083,PayPal,SUCCESS,00,1114,POS,Chicago,2024-02-23 09:24:00
32084,AuthorizeNet,SUCCESS,00,344,ATM,Los Angeles,2024-02-23 09:53:06
32085,Stripe,SUCCESS,00,1208,POS,Dallas,2024-02-23 11:19:30
32086,PayPal,SUCCESS,00,755,POS,Chicago,2024-02-23 11:25:34
32087,AuthorizeNet,SUCCESS,00,110,ATM,Dallas,2024-02-23 11:50:22
32088,Square,SUCCESS,00,1018,POS,Chicago,2024-02-23 11:57:22
32089,PayPal,SUCCESS,00,804,Mobile,Los Angeles,2024-02-23 12:11:43
32090,Stripe,SUCCESS,00,728,POS,Dallas,2024-02-23 12:16:46
32091,AuthorizeNet,SUCCESS,00,1406,ATM,Dallas,2024-02-23 12:32:13
32092,Stripe,SUCCESS,00,642,ATM,Los Angeles,2024-02-23 13:53:08
32093,Stripe,SUCCESS,00,758,POS,Chicago,2024-02-23 14:42:56
32094,PayPal,SUCCESS,00,718,Desktop,Chicago,2024-02-23 15:20:35
32095,Stripe,SUCCESS,00,455,Desktop,Los Angeles,2024-02-23 15:23:56
32096,Stripe,SUCCESS,00,763,Desktop,Chicago,2024-02-23 15:42:50
32097,AuthorizeNet,SUCCESS,00,1392,Mobile,Dallas,2024-02-23 16:10:04
32098,Stripe,SUCCESS,00,484,Desktop,New York,2024-02-23 16:21:12
32099,Square,SUCCESS,00,1182,ATM,Los Angeles,2024-02-23 16:22:39
32100,Stripe,SUCCESS,00,749,ATM,Los Angeles,2024-02-23 16:28:45
32101,PayPal,SUCCESS,00,1420,Mobile,Chicago,2024-02-23 17:31:56
32102,Stripe,SUCCESS,00,135,Desktop,Dallas,2024-02-23 17:34:23
32103,PayPal,SUCCESS,00,479,POS,Dallas,2024-02-23 18:02:18
32104,Stripe,SUCCESS,00,1441,Mobile,Chicago,2024-02-23 19:06:17
32105,Stripe,SUCCESS,00,1191,Desktop,Dallas,2024-02-23 19:12:18
32106,PayPal,SUCCESS,00,367,ATM,Los Angeles,2024-02-23 19:27:14
32107,Square,SUCCESS,00,459,Mobile,Dallas,2024-02-23 19:39:35
32108,Stripe,SUCCESS,00,952,POS,Dallas,2024-02-23 20:09:34
32109,Stripe,SUCCESS,00,655,Mobile,Dallas,2024-02-23 21:09:34
32110,Square,SUCCESS,00,286,POS,Chicago,2024-02-23 21:42:42
32111,Square,SUCCESS,00,1048,Mobile,Chicago,2024-02-23 22:12:37
32112,PayPal,SUCCESS,00,352,ATM,New York,2024-02-23 22:31:20
32113,Square,SUCCESS,00,983,ATM,New York,2024-02-23 22:44:30
32114,Stripe,SUCCESS,00,836,Mobile,Los Angeles,2024-02-23 23:11:47
32115,Square,SUCCESS,00,401,Desktop,Los Angeles,2024-02-23 23:38:58
32116,AuthorizeNet,SUCCESS,00,168,Desktop,New York,2024-02-23 23:46:21
32117,Square,SUCCESS,00,1170,Mobile,Los Angeles,2024-02-24 00:08:50
32118,AuthorizeNet,FAILED,12,812,ATM,New York,2024-02-24 02:06:59
32119,PayPal,SUCCESS,00,1441,ATM,Chicago,2024-02-24 02:36:18
32120,Stripe,SUCCESS,00,619,Mobile,Chicago,2024-02-24 02:47:14
32121,AuthorizeNet,SUCCESS,00,903,Desktop,Chicago,2024-02-24 03:45:16
32122,Square,SUCCESS,00,463,Desktop,Los Angeles,2024-02-24 03:58:57
32123,AuthorizeNet,SUCCESS,00,763,POS,Dallas,2024-02-24 04:24:42
32124,PayPal,SUCCESS,00,704,Desktop,New York,2024-02-24 05:39:06
32125,AuthorizeNet,SUCCESS,00,461,POS,Dallas,2024-02-24 06:04:38
32126,PayPal,SUCCESS,00,803,ATM,Los Angeles,2024-02-24 06:10:31
32127,PayPal,SUCCESS,00,326,Desktop,New York,2024-02-24 06:11:27
32128,Square,SUCCESS,00,310,Desktop,Chicago,2024-02-24 06:35:28
32129,PayPal,SUCCESS,00,261,ATM,Chicago,2024-02-24 07:37:25
32130,Stripe,SUCCESS,00,181,Mobile,Los Angeles,2024-02-24 07:47:19
32131,Square,SUCCESS,00,1429,Desktop,Dallas,2024-02-24 08:27:18
32132,PayPal,SUCCESS,00,1226,Desktop,Dallas,2024-02-24 08:27:56
32133,Stripe,SUCCESS,00,889,POS,Chicago,2024-02-24 08:42:57
32134,AuthorizeNet,FAILED,12,750,ATM,Dallas,2024-02-24 09:35:33
32135,Stripe,SUCCESS,00,868,POS,New York,2024-02-24 10:03:01
32136,Square,SUCCESS,00,611,ATM,Los Angeles,2024-02-24 10:34:26
32137,AuthorizeNet,FAILED,05,430,Desktop,New York,2024-02-24 11:04:20
32138,Square,SUCCESS,00,1294,Mobile,Los Angeles,2024-02-24 11:09:35
32139,Stripe,FAILED,05,344,Mobile,Dallas,2024-02-24 11:13:42
32140,PayPal,SUCCESS,00,1366,ATM,Dallas,2024-02-24 11:17:54
32141,Stripe,SUCCESS,00,145,Desktop,Dallas,2024-02-24 11:38:58
32142,PayPal,SUCCESS,00,929,Mobile,New York,2024-02-24 12:02:59
32143,AuthorizeNet,SUCCESS,00,1070,POS,Chicago,2024-02-24 12:44:17
32144,Stripe,SUCCESS,00,1107,Desktop,Dallas,2024-02-24 12:55:09
32145,Stripe,SUCCESS,00,1249,Mobile,Dallas,2024-02-24 13:29:51
32146,Square,SUCCESS,00,1131,POS,Dallas,2024-02-24 14:36:48
32147,Stripe,SUCCESS,00,1397,Mobile,Dallas,2024-02-24 16:27:08
32148,PayPal,SUCCESS,00,1332,POS,Chicago,2024-02-24 16:45:32
32149,Square,SUCCESS,00,1355,POS,Los Angeles,2024-02-24 18:51:40
32150,Stripe,SUCCESS,00,1028,POS,Dallas,2024-02-24 19:07:07
32151,AuthorizeNet,FAILED,05,900,POS,New York,2024-02-24 19:28:14
32152,Square,FAILED,12,586,Mobile,Chicago,2024-02-24 19:32:30
32153,Stripe,SUCCESS,00,978,ATM,Dallas,2024-02-24 19:43:15
32154,AuthorizeNet,SUCCESS,00,374,Mobile,Dallas,2024-02-24 21:12:44
32155,Square,SUCCESS,00,1397,ATM,Dallas,2024-02-24 21:22:04
32156,AuthorizeNet,SUCCESS,00,840,POS,Dallas,2024-02-24 21:45:17
32157,Stripe,SUCCESS,00,1119,POS,New York,2024-02-24 22:47:30
32158,PayPal,SUCCESS,00,514,POS,Los Angeles,2024-02-24 22:54:15
32159,PayPal,SUCCESS,00,1486,POS,Dallas,2024-02-24 23:10:28
32160,Stripe,FAILED,12,1361,Mobile,New York,2024-02-24 23:38:20
32161,AuthorizeNet,SUCCESS,00,115,Mobile,Los Angeles,2024-02-24 23:57:58
32162,AuthorizeNet,SUCCESS,00,1258,ATM,Chicago,2024-02-25 00:34:04
32163,AuthorizeNet,SUCCESS,00,863,POS,New York,2024-02-25 00:58:26
32164,AuthorizeNet,SUCCESS,00,171,Desktop,Chicago,2024-02-25 02:56:30
32165,Square,SUCCESS,00,457,Mobile,Dallas,2024-02-25 03:21:30
32166,PayPal,SUCCESS,00,914,Mobile,New York,2024-02-25 04:02:43
32167,Stripe,SUCCESS,00,1043,POS,New York,2024-02-25 05:44:07
32168,Square,SUCCESS,00,174,Desktop,Dallas,2024-02-25 05:45:02
32169,Square,SUCCESS,00,187,ATM,Chicago,2024-02-25 05:51:31
32170,AuthorizeNet,SUCCESS,00,181,ATM,Dallas,2024-02-25 06:20:39
32171,Stripe,SUCCESS,00,194,Desktop,New York,2024-02-25 07:45:53
32172,PayPal,SUCCESS,00,825,Desktop,Los Angeles,2024-02-25 08:36:08
32173,AuthorizeNet,FAILED,05,1356,Mobile,Chicago,2024-02-25 10:47:22
32174,Square,SUCCESS,00,722,Mobile,Chicago,2024-02-25 12:10:37
32175,Stripe,SUCCESS,00,346,Mobile,New York,2024-02-25 12:45:00
32176,AuthorizeNet,SUCCESS,00,1208,Mobile,Dallas,2024-02-25 14:10:29
32177,Square,SUCCESS,00,1409,Mobile,Los Angeles,2024-02-25 14:22:53
32178,Square,SUCCESS,00,630,Desktop,Los Angeles,2024-02-25 14:26:59
32179,AuthorizeNet,SUCCESS,00,644,Mobile,Chicago,2024-02-25 15:56:44
32180,AuthorizeNet,SUCCESS,00,1003,Desktop,New York,2024-02-25 17:11:33
32181,Stripe,SUCCESS,00,1474,Desktop,New York,2024-02-25 17:16:55
32182,PayPal,SUCCESS,00,1114,ATM,Chicago,2024-02-25 17:29:13
32183,Stripe,SUCCESS,00,501,Mobile,Dallas,2024-02-25 17:49:56
32184,AuthorizeNet,SUCCESS,00,554,ATM,New York,2024-02-25 18:55:55
32185,Stripe,SUCCESS,00,1039,Desktop,Dallas,2024-02-25 19:58:08
32186,Square,SUCCESS,00,312,Mobile,New York,2024-02-25 22:04:15
32187,PayPal,SUCCESS,00,942,Mobile,New York,2024-02-25 22:43:50
32188,AuthorizeNet,SUCCESS,00,1339,POS,Chicago,2024-02-25 23:00:08
32189,Stripe,SUCCESS,00,483,ATM,Chicago,2024-02-26 00:10:37
32190,Stripe,SUCCESS,00,1034,POS,Chicago,2024-02-26 00:25:01
32191,Square,SUCCESS,00,1417,Desktop,Los Angeles,2024-02-26 02:54:47
32192,PayPal,FAILED,12,114,POS,New York,2024-02-26 02:58:30
32193,AuthorizeNet,SUCCESS,00,118,Desktop,Dallas,2024-02-26 03:18:38
32194,Square,SUCCESS,00,811,ATM,New York,2024-02-26 03:22:00
32195,Square,SUCCESS,00,932,Mobile,New York,2024-02-26 03:57:48
32196,Square,SUCCESS,00,793,POS,New York,2024-02-26 04:31:13
32197,Stripe,FAILED,05,346,ATM,New York,2024-02-26 04:43:54
32198,Square,FAILED,12,279,Mobile,Los Angeles,2024-02-26 06:17:48
32199,Stripe,SUCCESS,00,124,Desktop,Chicago,2024-02-26 07:13:59
32200,AuthorizeNet,SUCCESS,00,1294,ATM,Los Angeles,2024-02-26 07:39:42
32201,Square,SUCCESS,00,687,Mobile,New York,2024-02-26 08:36:14
32202,AuthorizeNet,SUCCESS,00,448,ATM,Los Angeles,2024-02-26 08:37:50
32203,PayPal,FAILED,05,286,Desktop,Los Angeles,2024-02-26 09:02:18
32204,Square,SUCCESS,00,705,Mobile,Dallas,2024-02-26 09:37:00
32205,Square,SUCCESS,00,893,POS,Los Angeles,2024-02-26 10:21:14
32206,AuthorizeNet,SUCCESS,00,1051,ATM,Dallas,2024-02-26 11:05:56
32207,Stripe,SUCCESS,00,988,Mobile,Dallas,2024-02-26 11:06:35
32208,Stripe,SUCCESS,00,684,ATM,Dallas,2024-02-26 11:59:54
32209,PayPal,SUCCESS,00,1471,Desktop,Chicago,2024-02-26 12:14:32
32210,AuthorizeNet,FAILED,12,1036,ATM,Chicago,2024-02-26 13:05:24
32211,Stripe,SUCCESS,00,882,Mobile,Los Angeles,2024-02-26 13:48:20
32212,Stripe,SUCCESS,00,412,ATM,New York,2024-02-26 14:39:20
32213,Stripe,SUCCESS,00,637,ATM,Los Angeles,2024-02-26 16:20:19
32214,Stripe,SUCCESS,00,1152,POS,New York,2024-02-26 16:21:40
32215,Square,SUCCESS,00,1422,Mobile,New York,2024-02-26 16:37:20
32216,AuthorizeNet,SUCCESS,00,556,POS,Dallas,2024-02-26 16:42:21
32217,AuthorizeNet,SUCCESS,00,1212,ATM,Chicago,2024-02-26 18:23:59
32218,Stripe,SUCCESS,00,930,Desktop,Los Angeles,2024-02-26 18:32:45
32219,Stripe,SUCCESS,00,231,Desktop,Chicago,2024-02-26 19:21:42
32220,Stripe,SUCCESS,00,358,Mobile,Los Angeles,2024-02-26 19:27:19
32221,Square,SUCCESS,00,1149,Mobile,Chicago,2024-02-26 20:30:12
32222,AuthorizeNet,SUCCESS,00,939,Desktop,Chicago,2024-02-26 21:15:53
32223,PayPal,SUCCESS,00,1134,Desktop,Dallas,2024-02-26 21:46:01
32224,AuthorizeNet,SUCCESS,00,1261,POS,Chicago,2024-02-26 23:32:21
32225,PayPal,SUCCESS,00,744,Mobile,Dallas,2024-02-26 23:43:40
32226,Stripe,SUCCESS,00,1366,POS,Chicago,2024-02-26 23:56:29
32227,PayPal,PENDING,99,1063,Mobile,Dallas,2024-02-27 01:14:21
32228,Square,SUCCESS,00,1237,POS,Chicago,2024-02-27 01:48:14
32229,Stripe,SUCCESS,00,337,Desktop,Los Angeles,2024-02-27 02:01:54
32230,Stripe,SUCCESS,00,1054,Mobile,Dallas,2024-02-27 05:03:10
32231,Square,SUCCESS,00,227,Mobile,Chicago,2024-02-27 07:17:12
32232,Stripe,SUCCESS,00,737,POS,New York,2024-02-27 07:27:07
32233,AuthorizeNet,SUCCESS,00,480,POS,Chicago,2024-02-27 08:04:55
32234,Stripe,SUCCESS,00,572,POS,New York,2024-02-27 08:27:30
32235,PayPal,SUCCESS,00,564,POS,Dallas,2024-02-27 09:56:53
32236,PayPal,SUCCESS,00,595,Desktop,New York,2024-02-27 10:59:01
32237,Square,SUCCESS,00,544,ATM,New York,2024-02-27 11:15:10
32238,AuthorizeNet,SUCCESS,00,195,Mobile,Dallas,2024-02-27 11:51:14
32239,Square,SUCCESS,00,264,ATM,Chicago,2024-02-27 12:15:12
32240,Stripe,SUCCESS,00,415,Mobile,Dallas,2024-02-27 12:36:40
32241,PayPal,SUCCESS,00,924,POS,Los Angeles,2024-02-27 12:55:31
32242,PayPal,SUCCESS,00,1303,Mobile,Chicago,2024-02-27 13:20:44
32243,Square,SUCCESS,00,1114,ATM,New York,2024-02-27 13:39:22
32244,Square,SUCCESS,00,354,POS,Dallas,2024-02-27 14:14:00
32245,PayPal,SUCCESS,00,137,Mobile,Los Angeles,2024-02-27 15:38:35
32246,PayPal,SUCCESS,00,1491,Desktop,Los Angeles,2024-02-27 15:44:55
32247,PayPal,SUCCESS,00,160,ATM,Dallas,2024-02-27 16:10:35
32248,Square,PENDING,99,476,Desktop,Chicago,2024-02-27 17:06:36
32249,PayPal,SUCCESS,00,332,POS,Dallas,2024-02-27 17:08:20
32250,AuthorizeNet,SUCCESS,00,1109,ATM,Chicago,2024-02-27 17:25:31
32251,AuthorizeNet,SUCCESS,00,443,Mobile,Dallas,2024-02-27 18:58:05
32252,PayPal,SUCCESS,00,1259,Mobile,Dallas,2024-02-27 19:14:04
32253,Stripe,SUCCESS,00,160,ATM,Los Angeles,2024-02-27 20:27:10
32254,PayPal,SUCCESS,00,435,Mobile,Chicago,2024-02-27 20:39:08
32255,Stripe,SUCCESS,00,398,Mobile,New York,2024-02-27 21:09:05
32256,AuthorizeNet,SUCCESS,00,1107,ATM,Los Angeles,2024-02-27 21:56:36
32257,Stripe,SUCCESS,00,760,ATM,Dallas,2024-02-27 22:28:54
32258,Stripe,SUCCESS,00,866,Mobile,Los Angeles,2024-02-27 22:33:53
32259,PayPal,SUCCESS,00,182,Desktop,Los Angeles,2024-02-27 23:36:49
32260,Stripe,SUCCESS,00,695,ATM,Dallas,2024-02-27 23:42:38
32261,PayPal,SUCCESS,00,619,ATM,Chicago,2024-02-28 00:29:28
32262,PayPal,SUCCESS,00,1365,POS,New York,2024-02-28 00:39:11
32263,Square,SUCCESS,00,592,ATM,Los Angeles,2024-02-28 01:12:51
32264,Stripe,SUCCESS,00,1061,Desktop,Dallas,2024-02-28 01:13:32
32265,Stripe,SUCCESS,00,885,Desktop,Dallas,2024-02-28 01:24:11
32266,AuthorizeNet,FAILED,12,526,Desktop,Chicago,2024-02-28 01:43:29
32267,Stripe,SUCCESS,00,691,Desktop,Dallas,2024-02-28 01:46:16
32268,AuthorizeNet,SUCCESS,00,892,ATM,Los Angeles,2024-02-28 02:46:22
32269,Stripe,PENDING,99,1442,ATM,New York,2024-02-28 02:50:15
32270,PayPal,SUCCESS,00,646,ATM,Los Angeles,2024-02-28 03:32:45
32271,PayPal,SUCCESS,00,333,ATM,Dallas,2024-02-28 08:00:59
32272,Stripe,SUCCESS,00,729,Mobile,Dallas,2024-02-28 08:18:10
32273,Stripe,SUCCESS,00,586,ATM,Los Angeles,2024-02-28 08:18:45
32274,Stripe,SUCCESS,00,1430,POS,New York,2024-02-28 08:19:55
32275,Square,SUCCESS,00,1072,ATM,Los Angeles,2024-02-28 10:04:37
32276,PayPal,SUCCESS,00,1451,ATM,Chicago,2024-02-28 11:20:24
32277,Square,SUCCESS,00,756,ATM,New York,2024-02-28 11:25:57
32278,Square,SUCCESS,00,928,POS,Dallas,2024-02-28 11:32:20
32279,AuthorizeNet,SUCCESS,00,1007,Desktop,Dallas,2024-02-28 11:59:16
32280,Square,SUCCESS,00,1391,ATM,Dallas,2024-02-28 13:53:26
32281,PayPal,SUCCESS,00,1313,ATM,Los Angeles,2024-02-28 14:31:50
32282,Stripe,FAILED,12,393,POS,Chicago,2024-02-28 15:25:06
32283,PayPal,SUCCESS,00,219,Mobile,Los Angeles,2024-02-28 15:40:51
32284,Square,SUCCESS,00,442,ATM,New York,2024-02-28 15:46:46
32285,PayPal,SUCCESS,00,242,Mobile,New York,2024-02-28 15:55:39
32286,AuthorizeNet,SUCCESS,00,670,Desktop,Los Angeles,2024-02-28 16:09:31
32287,Square,SUCCESS,00,1114,Desktop,New York,2024-02-28 17:36:25
32288,AuthorizeNet,SUCCESS,00,180,POS,Dallas,2024-02-28 17:40:38
32289,Stripe,SUCCESS,00,1074,Mobile,New York,2024-02-28 18:08:08
32290,Stripe,SUCCESS,00,1025,ATM,Dallas,2024-02-28 18:23:11
32291,PayPal,SUCCESS,00,598,ATM,Dallas,2024-02-28 19:41:07
32292,Square,SUCCESS,00,1129,POS,Dallas,2024-02-28 21:16:55
32293,Stripe,SUCCESS,00,921,POS,Los Angeles,2024-02-28 21:40:22
32294,Stripe,SUCCESS,00,501,ATM,New York,2024-02-28 22:09:39
32295,AuthorizeNet,SUCCESS,00,334,Mobile,Chicago,2024-02-28 23:08:21
32296,PayPal,SUCCESS,00,685,POS,Los Angeles,2024-02-28 23:28:14
32297,AuthorizeNet,SUCCESS,00,419,Mobile,Chicago,2024-02-28 23:43:35
32298,Square,SUCCESS,00,740,Mobile,Dallas,2024-02-29 00:04:08
32299,AuthorizeNet,SUCCESS,00,1012,Mobile,Dallas,2024-02-29 00:38:08
32300,Square,SUCCESS,00,1221,ATM,Los Angeles,2024-02-29 00:44:02
32301,Stripe,SUCCESS,00,810,ATM,New York,2024-02-29 01:17:37
32302,PayPal,SUCCESS,00,502,Desktop,Dallas,2024-02-29 02:32:31
32303,Stripe,SUCCESS,00,754,POS,Los Angeles,2024-02-29 02:58:54
32304,PayPal,SUCCESS,00,727,Mobile,Dallas,2024-02-29 03:47:17
32305,PayPal,SUCCESS,00,464,Desktop,Dallas,2024-02-29 03:58:43
32306,PayPal,SUCCESS,00,426,Desktop,Los Angeles,2024-02-29 04:34:55
32307,PayPal,SUCCESS,00,1291,Mobile,New York,2024-02-29 05:42:51
32308,Stripe,SUCCESS,00,1203,Desktop,New York,2024-02-29 06:15:39
32309,AuthorizeNet,SUCCESS,00,212,Desktop,New York,2024-02-29 07:13:39
32310,Square,SUCCESS,00,921,ATM,Dallas,2024-02-29 07:45:45
32311,Square,SUCCESS,00,1495,POS,New York,2024-02-29 07:46:47
32312,AuthorizeNet,SUCCESS,00,1250,ATM,New York,2024-02-29 10:01:29
32313,Square,SUCCESS,00,1478,Mobile,Dallas,2024-02-29 10:35:14
32314,Square,SUCCESS,00,164,Desktop,Chicago,2024-02-29 11:03:14
32315,Stripe,SUCCESS,00,1286,Mobile,Chicago,2024-02-29 12:19:56
32316,Stripe,FAILED,12,924,Mobile,Dallas,2024-02-29 12:22:21
32317,Square,SUCCESS,00,102,Mobile,Dallas,2024-02-29 12:46:55
32318,PayPal,SUCCESS,00,285,Desktop,Los Angeles,2024-02-29 12:55:28
32319,PayPal,SUCCESS,00,307,Mobile,Chicago,2024-02-29 12:55:42
32320,Square,FAILED,12,705,POS,Chicago,2024-02-29 13:01:42
32321,PayPal,SUCCESS,00,439,Desktop,Los Angeles,2024-02-29 13:43:29
32322,Stripe,SUCCESS,00,1058,POS,New York,2024-02-29 14:05:45
32323,PayPal,SUCCESS,00,455,ATM,Dallas,2024-02-29 14:12:09
32324,AuthorizeNet,SUCCESS,00,947,POS,Dallas,2024-02-29 14:23:46
32325,Stripe,SUCCESS,00,1395,Desktop,Chicago,2024-02-29 14:35:22
32326,Stripe,SUCCESS,00,583,POS,Los Angeles,2024-02-29 15:50:22
32327,Stripe,SUCCESS,00,572,POS,New York,2024-02-29 16:07:21
32328,PayPal,SUCCESS,00,1038,POS,Chicago,2024-02-29 17:39:17
32329,PayPal,SUCCESS,00,267,ATM,Chicago,2024-02-29 19:11:21
32330,PayPal,SUCCESS,00,1365,ATM,New York,2024-02-29 19:24:57
32331,Square,SUCCESS,00,338,POS,New York,2024-02-29 20:17:29
32332,PayPal,SUCCESS,00,310,POS,Dallas,2024-02-29 21:11:41
32333,AuthorizeNet,SUCCESS,00,1169,Mobile,Los Angeles,2024-02-29 21:28:39
32334,AuthorizeNet,SUCCESS,00,999,Desktop,Chicago,2024-02-29 21:30:20
32335,PayPal,SUCCESS,00,155,POS,Dallas,2024-02-29 22:02:09
32336,Stripe,SUCCESS,00,716,POS,Chicago,2024-03-01 01:07:26
32337,AuthorizeNet,SUCCESS,00,1208,Mobile,Los Angeles,2024-03-01 01:15:24
32338,AuthorizeNet,SUCCESS,00,1188,ATM,New York,2024-03-01 01:21:39
32339,Stripe,SUCCESS,00,591,POS,Dallas,2024-03-01 02:37:50
32340,AuthorizeNet,SUCCESS,00,501,POS,Dallas,2024-03-01 03:18:15
32341,Stripe,SUCCESS,00,513,Mobile,Dallas,2024-03-01 03:34:09
32342,PayPal,SUCCESS,00,1045,Mobile,Chicago,2024-03-01 04:29:13
32343,Square,SUCCESS,00,1051,Desktop,Dallas,2024-03-01 05:00:28
32344,Stripe,SUCCESS,00,376,Desktop,Chicago,2024-03-01 05:41:53
32345,PayPal,SUCCESS,00,570,ATM,New York,2024-03-01 06:10:05
32346,PayPal,SUCCESS,00,1214,Mobile,New York,2024-03-01 07:44:12
32347,AuthorizeNet,SUCCESS,00,467,ATM,Dallas,2024-03-01 07:54:15
32348,Stripe,SUCCESS,00,1180,Mobile,Chicago,2024-03-01 08:09:44
32349,Stripe,SUCCESS,00,1099,Desktop,Chicago,2024-03-01 08:49:06
32350,Stripe,SUCCESS,00,111,Desktop,New York,2024-03-01 09:00:48
32351,Stripe,SUCCESS,00,414,ATM,Los Angeles,2024-03-01 10:41:33
32352,Square,SUCCESS,00,499,ATM,Chicago,2024-03-01 10:41:35
32353,PayPal,SUCCESS,00,1056,ATM,New York,2024-03-01 11:31:28
32354,AuthorizeNet,SUCCESS,00,328,Mobile,Los Angeles,2024-03-01 11:54:55
32355,PayPal,SUCCESS,00,1106,Mobile,New York,2024-03-01 12:31:39
32356,Stripe,SUCCESS,00,198,ATM,Chicago,2024-03-01 12:43:36
32357,Stripe,FAILED,05,1095,Mobile,New York,2024-03-01 13:20:46
32358,PayPal,SUCCESS,00,193,ATM,Los Angeles,2024-03-01 13:23:42
32359,Square,SUCCESS,00,811,Desktop,New York,2024-03-01 13:57:40
32360,Stripe,SUCCESS,00,824,ATM,New York,2024-03-01 14:39:58
32361,Square,SUCCESS,00,533,ATM,Chicago,2024-03-01 15:39:28
32362,AuthorizeNet,SUCCESS,00,127,Mobile,Dallas,2024-03-01 15:47:58
32363,Stripe,SUCCESS,00,1448,POS,Chicago,2024-03-01 16:32:55
32364,Square,SUCCESS,00,734,POS,Dallas,2024-03-01 16:37:19
32365,PayPal,SUCCESS,00,536,ATM,New York,2024-03-01 17:10:10
32366,PayPal,SUCCESS,00,1342,Mobile,Dallas,2024-03-01 17:30:11
32367,PayPal,SUCCESS,00,1274,POS,Dallas,2024-03-01 19:02:08
32368,Square,SUCCESS,00,657,POS,New York,2024-03-01 19:08:14
32369,PayPal,SUCCESS,00,1202,POS,Los Angeles,2024-03-01 20:48:44
32370,Square,SUCCESS,00,845,ATM,Los Angeles,2024-03-01 20:58:30
32371,Square,SUCCESS,00,695,ATM,New York,2024-03-01 21:01:07
32372,Stripe,PENDING,99,1114,Mobile,Dallas,2024-03-01 22:54:15
32373,Stripe,SUCCESS,00,942,Desktop,Chicago,2024-03-02 00:06:54
32374,Square,SUCCESS,00,1451,ATM,Dallas,2024-03-02 00:58:41
32375,Square,SUCCESS,00,1485,Desktop,New York,2024-03-02 01:36:20
32376,Square,SUCCESS,00,1461,POS,Chicago,2024-03-02 02:00:45
32377,Square,SUCCESS,00,820,POS,Dallas,2024-03-02 02:18:36
32378,Stripe,SUCCESS,00,150,Mobile,Chicago,2024-03-02 03:04:27
32379,Stripe,SUCCESS,00,886,POS,New York,2024-03-02 04:00:20
32380,Square,FAILED,12,439,Desktop,Dallas,2024-03-02 04:14:23
32381,PayPal,FAILED,05,1270,Mobile,Dallas,2024-03-02 04:29:09
32382,Square,SUCCESS,00,1347,POS,Dallas,2024-03-02 06:38:36
32383,Stripe,FAILED,05,690,Desktop,Los Angeles,2024-03-02 06:50:01
32384,PayPal,SUCCESS,00,676,Desktop,Chicago,2024-03-02 07:06:10
32385,Square,SUCCESS,00,1156,Desktop,Dallas,2024-03-02 08:17:13
32386,PayPal,SUCCESS,00,1066,POS,Dallas,2024-03-02 08:46:56
32387,AuthorizeNet,SUCCESS,00,320,Mobile,New York,2024-03-02 09:09:46
32388,PayPal,SUCCESS,00,564,Mobile,Los Angeles,2024-03-02 09:37:40
32389,Square,SUCCESS,00,877,Mobile,New York,2024-03-02 09:41:00
32390,PayPal,SUCCESS,00,881,POS,Los Angeles,2024-03-02 09:51:25
32391,Square,SUCCESS,00,757,POS,Dallas,2024-03-02 10:41:45
32392,AuthorizeNet,SUCCESS,00,953,Mobile,Dallas,2024-03-02 11:12:33
32393,Square,SUCCESS,00,1119,ATM,Chicago,2024-03-02 12:11:09
32394,Square,SUCCESS,00,1361,Desktop,Dallas,2024-03-02 12:46:19
32395,PayPal,SUCCESS,00,1072,Desktop,Los Angeles,2024-03-02 13:29:13
32396,Stripe,SUCCESS,00,1403,ATM,Chicago,2024-03-02 13:40:40
32397,Stripe,SUCCESS,00,188,ATM,Dallas,2024-03-02 13:41:14
32398,PayPal,SUCCESS,00,468,Desktop,Los Angeles,2024-03-02 13:48:07
32399,AuthorizeNet,SUCCESS,00,965,Desktop,Chicago,2024-03-02 13:52:56
32400,Stripe,FAILED,12,1058,POS,Dallas,2024-03-02 14:27:56
32401,Square,SUCCESS,00,828,Desktop,New York,2024-03-02 14:51:58
32402,PayPal,SUCCESS,00,426,Desktop,Chicago,2024-03-02 15:04:35
32403,Square,SUCCESS,00,406,ATM,New York,2024-03-02 15:19:18
32404,AuthorizeNet,SUCCESS,00,818,ATM,Dallas,2024-03-02 15:48:09
32405,PayPal,SUCCESS,00,983,POS,Los Angeles,2024-03-02 16:19:53
32406,Stripe,SUCCESS,00,579,Mobile,Dallas,2024-03-02 17:22:40
32407,Stripe,SUCCESS,00,116,ATM,New York,2024-03-02 18:36:03
32408,AuthorizeNet,SUCCESS,00,1492,POS,Chicago,2024-03-02 18:51:42
32409,AuthorizeNet,FAILED,05,1294,Mobile,Chicago,2024-03-02 20:09:48
32410,PayPal,FAILED,12,1305,Mobile,Chicago,2024-03-02 21:11:39
32411,Stripe,SUCCESS,00,788,Mobile,New York,2024-03-02 21:42:14
32412,AuthorizeNet,SUCCESS,00,1252,ATM,Los Angeles,2024-03-02 21:51:10
32413,Stripe,SUCCESS,00,1345,POS,New York,2024-03-02 22:10:25
32414,Square,SUCCESS,00,834,Desktop,Dallas,2024-03-02 22:15:07
32415,Stripe,SUCCESS,00,762,POS,Los Angeles,2024-03-02 22:22:46
32416,PayPal,SUCCESS,00,686,ATM,New York,2024-03-02 22:27:18
32417,Stripe,FAILED,05,1421,POS,Dallas,2024-03-02 22:30:46
32418,Stripe,SUCCESS,00,447,Mobile,Los Angeles,2024-03-02 22:42:03
32419,PayPal,SUCCESS,00,1143,ATM,Dallas,2024-03-02 23:07:59
32420,Stripe,SUCCESS,00,306,POS,Los Angeles,2024-03-02 23:18:55
32421,Square,SUCCESS,00,982,ATM,New York,2024-03-02 23:35:08
32422,Square,SUCCESS,00,1003,ATM,Chicago,2024-03-03 00:01:50
32423,Square,SUCCESS,00,278,Desktop,New York,2024-03-03 00:25:39
32424,Stripe,SUCCESS,00,1481,POS,Dallas,2024-03-03 00:30:37
32425,PayPal,SUCCESS,00,972,Mobile,Chicago,2024-03-03 00:47:13
32426,AuthorizeNet,FAILED,12,496,Desktop,New York,2024-03-03 00:52:10
32427,PayPal,SUCCESS,00,781,Desktop,Chicago,2024-03-03 01:53:15
32428,PayPal,SUCCESS,00,1431,POS,New York,2024-03-03 02:32:36
32429,AuthorizeNet,SUCCESS,00,898,Desktop,Chicago,2024-03-03 02:54:57
32430,Stripe,FAILED,12,1193,ATM,New York,2024-03-03 02:55:46
32431,PayPal,SUCCESS,00,143,POS,Dallas,2024-03-03 04:41:27
32432,AuthorizeNet,SUCCESS,00,967,POS,Los Angeles,2024-03-03 07:17:44
32433,AuthorizeNet,SUCCESS,00,1189,Mobile,Los Angeles,2024-03-03 07:35:59
32434,PayPal,SUCCESS,00,715,ATM,Dallas,2024-03-03 07:58:21
32435,Stripe,SUCCESS,00,594,Desktop,Dallas,2024-03-03 08:13:34
32436,AuthorizeNet,SUCCESS,00,176,POS,Chicago,2024-03-03 08:15:28
32437,PayPal,SUCCESS,00,773,Desktop,Chicago,2024-03-03 08:16:10
32438,PayPal,SUCCESS,00,639,Desktop,New York,2024-03-03 08:43:49
32439,AuthorizeNet,SUCCESS,00,1188,POS,Dallas,2024-03-03 09:39:09
32440,Square,SUCCESS,00,977,Mobile,Los Angeles,2024-03-03 10:02:41
32441,AuthorizeNet,SUCCESS,00,299,Mobile,Los Angeles,2024-03-03 10:16:17
32442,AuthorizeNet,SUCCESS,00,301,POS,New York,2024-03-03 10:27:25
32443,Square,SUCCESS,00,1128,ATM,Dallas,2024-03-03 11:22:28
32444,AuthorizeNet,SUCCESS,00,175,ATM,Dallas,2024-03-03 11:26:02
32445,PayPal,SUCCESS,00,316,POS,Dallas,2024-03-03 12:37:58
32446,Square,SUCCESS,00,559,Mobile,Chicago,2024-03-03 12:43:47
32447,PayPal,SUCCESS,00,1243,Mobile,Chicago,2024-03-03 13:21:45
32448,Square,SUCCESS,00,411,Mobile,Dallas,2024-03-03 14:35:40
32449,Stripe,SUCCESS,00,284,Desktop,Los Angeles,2024-03-03 16:38:27
32450,AuthorizeNet,FAILED,12,655,ATM,Chicago,2024-03-03 16:44:13
32451,AuthorizeNet,SUCCESS,00,1477,POS,Dallas,2024-03-03 17:19:49
32452,Stripe,SUCCESS,00,1279,ATM,Dallas,2024-03-03 17:46:51
32453,Square,SUCCESS,00,345,ATM,Dallas,2024-03-03 17:49:26
32454,PayPal,SUCCESS,00,1005,Mobile,Dallas,2024-03-03 17:51:29
32455,AuthorizeNet,SUCCESS,00,165,POS,Los Angeles,2024-03-03 18:07:36
32456,PayPal,SUCCESS,00,746,Desktop,New York,2024-03-03 18:36:53
32457,Stripe,SUCCESS,00,452,ATM,Chicago,2024-03-03 19:58:44
32458,PayPal,SUCCESS,00,459,POS,Chicago,2024-03-03 20:10:34
32459,AuthorizeNet,SUCCESS,00,1374,Mobile,Chicago,2024-03-03 20:25:51
32460,Stripe,FAILED,12,921,Mobile,Chicago,2024-03-03 21:43:09
32461,Stripe,SUCCESS,00,135,POS,Chicago,2024-03-03 21:59:37
32462,AuthorizeNet,SUCCESS,00,155,POS,New York,2024-03-04 00:11:06
32463,AuthorizeNet,PENDING,99,1126,Desktop,Dallas,2024-03-04 01:15:20
32464,PayPal,FAILED,12,680,Desktop,New York,2024-03-04 01:25:17
32465,Square,SUCCESS,00,875,Mobile,Dallas,2024-03-04 02:32:10
32466,Square,SUCCESS,00,412,ATM,Dallas,2024-03-04 02:49:14
32467,Stripe,SUCCESS,00,529,Mobile,Los Angeles,2024-03-04 03:03:07
32468,AuthorizeNet,SUCCESS,00,363,Mobile,Los Angeles,2024-03-04 03:07:21
32469,PayPal,SUCCESS,00,1121,Mobile,Dallas,2024-03-04 03:19:25
32470,PayPal,SUCCESS,00,305,POS,Chicago,2024-03-04 03:58:49
32471,Stripe,SUCCESS,00,953,ATM,Dallas,2024-03-04 04:59:46
32472,PayPal,SUCCESS,00,680,Desktop,Dallas,2024-03-04 05:12:08
32473,PayPal,FAILED,05,498,Mobile,Los Angeles,2024-03-04 05:13:37
32474,PayPal,SUCCESS,00,1234,Desktop,Chicago,2024-03-04 05:16:00
32475,PayPal,SUCCESS,00,1171,Mobile,Los Angeles,2024-03-04 06:18:46
32476,PayPal,SUCCESS,00,1098,Mobile,Dallas,2024-03-04 06:47:55
32477,AuthorizeNet,SUCCESS,00,157,POS,Chicago,2024-03-04 06:55:46
32478,Square,SUCCESS,00,705,ATM,Los Angeles,2024-03-04 07:52:04
32479,Square,SUCCESS,00,924,ATM,Los Angeles,2024-03-04 07:57:47
32480,Square,SUCCESS,00,463,ATM,Los Angeles,2024-03-04 08:11:57
32481,Square,SUCCESS,00,865,POS,Los Angeles,2024-03-04 09:44:52
32482,PayPal,SUCCESS,00,1409,POS,Chicago,2024-03-04 10:50:01
32483,AuthorizeNet,SUCCESS,00,1025,POS,Chicago,2024-03-04 12:22:53
32484,Stripe,SUCCESS,00,1191,ATM,Chicago,2024-03-04 12:35:51
32485,PayPal,SUCCESS,00,697,Desktop,Chicago,2024-03-04 12:37:26
32486,Square,SUCCESS,00,1312,Mobile,Chicago,2024-03-04 13:25:44
32487,Square,SUCCESS,00,681,ATM,Chicago,2024-03-04 13:38:56
32488,PayPal,SUCCESS,00,608,ATM,Los Angeles,2024-03-04 14:05:48
32489,Stripe,FAILED,05,853,Mobile,Dallas,2024-03-04 15:36:11
32490,AuthorizeNet,SUCCESS,00,800,POS,Los Angeles,2024-03-04 15:40:27
32491,PayPal,SUCCESS,00,1347,POS,Los Angeles,2024-03-04 16:12:30
32492,Square,SUCCESS,00,1268,POS,Los Angeles,2024-03-04 18:14:45
32493,AuthorizeNet,FAILED,05,1035,POS,Los Angeles,2024-03-04 18:20:36
32494,Square,SUCCESS,00,754,Mobile,Los Angeles,2024-03-04 19:22:42
32495,Stripe,SUCCESS,00,535,POS,Dallas,2024-03-04 19:33:30
32496,Square,SUCCESS,00,108,ATM,New York,2024-03-04 21:16:11
32497,Square,SUCCESS,00,1179,ATM,Los Angeles,2024-03-04 22:13:44
32498,Stripe,SUCCESS,00,806,Desktop,Dallas,2024-03-04 22:29:00
32499,Stripe,SUCCESS,00,538,Mobile,New York,2024-03-04 22:30:06
32500,AuthorizeNet,SUCCESS,00,1375,ATM,Dallas,2024-03-04 23:00:17
32501,AuthorizeNet,SUCCESS,00,1293,Desktop,Dallas,2024-03-04 23:14:04
32502,AuthorizeNet,SUCCESS,00,173,Mobile,Dallas,2024-03-05 00:09:21
32503,Square,FAILED,05,1418,POS,Dallas,2024-03-05 00:23:41
32504,PayPal,FAILED,12,1218,ATM,Dallas,2024-03-05 00:35:16
32505,AuthorizeNet,SUCCESS,00,873,ATM,Chicago,2024-03-05 00:37:16
32506,PayPal,SUCCESS,00,973,POS,New York,2024-03-05 00:47:13
32507,Stripe,SUCCESS,00,1094,POS,Los Angeles,2024-03-05 01:03:21
32508,Square,SUCCESS,00,613,Mobile,New York,2024-03-05 02:02:12
32509,Stripe,SUCCESS,00,245,Mobile,Dallas,2024-03-05 03:40:22
32510,AuthorizeNet,SUCCESS,00,785,ATM,Los Angeles,2024-03-05 04:45:55
32511,Stripe,SUCCESS,00,751,Desktop,Los Angeles,2024-03-05 05:41:06
32512,Square,SUCCESS,00,1265,POS,New York,2024-03-05 06:55:44
32513,PayPal,SUCCESS,00,345,ATM,Los Angeles,2024-03-05 07:50:12
32514,Square,FAILED,12,1476,ATM,Dallas,2024-03-05 08:34:58
32515,PayPal,SUCCESS,00,951,POS,Chicago,2024-03-05 10:32:54
32516,PayPal,SUCCESS,00,537,Mobile,New York,2024-03-05 10:36:18
32517,AuthorizeNet,SUCCESS,00,879,ATM,Dallas,2024-03-05 10:36:28
32518,Stripe,SUCCESS,00,101,Desktop,New York,2024-03-05 11:08:13
32519,AuthorizeNet,SUCCESS,00,1172,ATM,Dallas,2024-03-05 11:31:14
32520,PayPal,SUCCESS,00,387,Desktop,Los Angeles,2024-03-05 12:24:30
32521,AuthorizeNet,SUCCESS,00,696,POS,Los Angeles,2024-03-05 13:27:06
32522,AuthorizeNet,SUCCESS,00,422,POS,Chicago,2024-03-05 13:33:35
32523,Stripe,SUCCESS,00,947,Mobile,Los Angeles,2024-03-05 13:35:01
32524,Stripe,SUCCESS,00,108,ATM,Los Angeles,2024-03-05 13:49:03
32525,AuthorizeNet,SUCCESS,00,1259,POS,Los Angeles,2024-03-05 13:52:15
32526,PayPal,SUCCESS,00,1425,POS,Dallas,2024-03-05 14:07:01
32527,PayPal,SUCCESS,00,1245,POS,Chicago,2024-03-05 15:26:53
32528,Square,SUCCESS,00,411,POS,New York,2024-03-05 16:34:18
32529,AuthorizeNet,SUCCESS,00,172,Mobile,New York,2024-03-05 17:09:10
32530,Square,SUCCESS,00,238,POS,Dallas,2024-03-05 17:20:28
32531,AuthorizeNet,FAILED,05,897,Desktop,Los Angeles,2024-03-05 17:38:38
32532,PayPal,SUCCESS,00,578,POS,New York,2024-03-05 18:41:58
32533,AuthorizeNet,SUCCESS,00,989,Desktop,Dallas,2024-03-05 20:11:32
32534,Square,SUCCESS,00,1144,POS,Dallas,2024-03-05 21:47:11
32535,AuthorizeNet,SUCCESS,00,491,POS,Dallas,2024-03-05 22:10:46
32536,PayPal,SUCCESS,00,1113,ATM,Dallas,2024-03-05 23:24:05
32537,PayPal,SUCCESS,00,963,Mobile,New York,2024-03-05 23:25:26
32538,AuthorizeNet,SUCCESS,00,882,Desktop,New York,2024-03-05 23:54:46
32539,Stripe,SUCCESS,00,459,Mobile,Dallas,2024-03-06 00:11:20
32540,AuthorizeNet,SUCCESS,00,458,Desktop,Dallas,2024-03-06 00:36:20
32541,Stripe,SUCCESS,00,136,ATM,Dallas,2024-03-06 01:16:17
32542,AuthorizeNet,SUCCESS,00,898,Desktop,Chicago,2024-03-06 01:27:09
32543,PayPal,SUCCESS,00,227,ATM,Chicago,2024-03-06 01:37:55
32544,Square,SUCCESS,00,866,Desktop,Dallas,2024-03-06 02:18:52
32545,PayPal,PENDING,99,493,ATM,Los Angeles,2024-03-06 02:47:14
32546,Stripe,SUCCESS,00,1353,Desktop,Dallas,2024-03-06 03:00:04
32547,PayPal,FAILED,05,1408,POS,Los Angeles,2024-03-06 03:01:23
32548,PayPal,SUCCESS,00,973,ATM,Chicago,2024-03-06 03:15:17
32549,AuthorizeNet,SUCCESS,00,873,POS,Dallas,2024-03-06 03:46:34
32550,PayPal,SUCCESS,00,1170,POS,New York,2024-03-06 04:48:47
32551,Stripe,SUCCESS,00,882,Mobile,Chicago,2024-03-06 05:15:14
32552,Square,SUCCESS,00,100,Desktop,Los Angeles,2024-03-06 08:39:22
32553,Stripe,SUCCESS,00,416,Mobile,Dallas,2024-03-06 09:02:36
32554,PayPal,SUCCESS,00,275,ATM,Chicago,2024-03-06 09:34:49
32555,Square,SUCCESS,00,1138,POS,Dallas,2024-03-06 10:27:30
32556,Stripe,FAILED,12,856,Mobile,New York,2024-03-06 10:27:40
32557,PayPal,SUCCESS,00,578,ATM,New York,2024-03-06 10:43:56
32558,Stripe,PENDING,99,912,Mobile,Los Angeles,2024-03-06 11:06:15
32559,AuthorizeNet,SUCCESS,00,263,ATM,New York,2024-03-06 11:46:16
32560,Square,SUCCESS,00,179,Mobile,Dallas,2024-03-06 12:48:28
32561,Stripe,SUCCESS,00,1054,ATM,Chicago,2024-03-06 12:58:58
32562,PayPal,SUCCESS,00,946,ATM,Dallas,2024-03-06 13:49:41
32563,Square,SUCCESS,00,1426,ATM,Chicago,2024-03-06 14:06:40
32564,AuthorizeNet,SUCCESS,00,502,POS,New York,2024-03-06 15:56:55
32565,PayPal,SUCCESS,00,771,POS,Dallas,2024-03-06 16:19:12
32566,Stripe,SUCCESS,00,678,POS,New York,2024-03-06 17:24:55
32567,PayPal,SUCCESS,00,268,ATM,Los Angeles,2024-03-06 18:31:30
32568,Stripe,SUCCESS,00,551,POS,New York,2024-03-06 18:38:52
32569,AuthorizeNet,SUCCESS,00,1447,Desktop,New York,2024-03-06 18:51:14
32570,AuthorizeNet,FAILED,12,1032,Desktop,Dallas,2024-03-06 19:21:34
32571,Square,SUCCESS,00,679,Desktop,Los Angeles,2024-03-06 20:03:17
32572,Square,FAILED,12,869,Desktop,Los Angeles,2024-03-06 21:18:52
32573,AuthorizeNet,SUCCESS,00,1309,Desktop,Chicago,2024-03-06 22:15:34
32574,PayPal,SUCCESS,00,1120,POS,Chicago,2024-03-06 23:16:35
32575,PayPal,SUCCESS,00,1067,ATM,Chicago,2024-03-06 23:51:37
32576,AuthorizeNet,SUCCESS,00,266,Desktop,Chicago,2024-03-06 23:54:49
32577,Square,SUCCESS,00,907,ATM,Chicago,2024-03-07 00:57:49
32578,PayPal,SUCCESS,00,1091,ATM,Chicago,2024-03-07 01:22:28
32579,Stripe,SUCCESS,00,295,Mobile,Los Angeles,2024-03-07 01:34:08
32580,Square,SUCCESS,00,1119,ATM,Los Angeles,2024-03-07 01:52:52
32581,Stripe,SUCCESS,00,1459,ATM,New York,2024-03-07 02:29:45
32582,AuthorizeNet,SUCCESS,00,376,Desktop,Dallas,2024-03-07 03:51:09
32583,AuthorizeNet,SUCCESS,00,987,Mobile,Chicago,2024-03-07 03:53:39
32584,Square,SUCCESS,00,1197,Mobile,New York,2024-03-07 04:14:30
32585,PayPal,SUCCESS,00,225,ATM,New York,2024-03-07 04:16:15
32586,PayPal,FAILED,12,1438,ATM,Dallas,2024-03-07 04:42:12
32587,PayPal,FAILED,05,177,Desktop,Dallas,2024-03-07 05:10:03
32588,Square,PENDING,99,1448,Mobile,Chicago,2024-03-07 06:33:03
32589,PayPal,SUCCESS,00,1474,Mobile,New York,2024-03-07 07:06:07
32590,PayPal,SUCCESS,00,860,POS,Chicago,2024-03-07 07:56:23
32591,PayPal,SUCCESS,00,1137,ATM,New York,2024-03-07 07:57:44
32592,PayPal,SUCCESS,00,1109,Mobile,Chicago,2024-03-07 08:49:51
32593,Stripe,SUCCESS,00,886,Desktop,Dallas,2024-03-07 08:50:25
32594,AuthorizeNet,SUCCESS,00,469,Mobile,Dallas,2024-03-07 09:12:23
32595,Stripe,SUCCESS,00,410,ATM,New York,2024-03-07 10:37:21
32596,PayPal,SUCCESS,00,353,Mobile,Los Angeles,2024-03-07 11:31:59
32597,AuthorizeNet,SUCCESS,00,1280,Desktop,Chicago,2024-03-07 11:36:05
32598,PayPal,SUCCESS,00,590,Desktop,Chicago,2024-03-07 12:07:06
32599,Square,SUCCESS,00,883,ATM,New York,2024-03-07 15:33:48
32600,PayPal,SUCCESS,00,1340,POS,Chicago,2024-03-07 15:55:39
32601,PayPal,SUCCESS,00,585,POS,Chicago,2024-03-07 16:12:31
32602,AuthorizeNet,FAILED,12,1194,Desktop,New York,2024-03-07 18:16:52
32603,Square,SUCCESS,00,453,Desktop,Los Angeles,2024-03-07 18:49:07
32604,Square,SUCCESS,00,1133,POS,Dallas,2024-03-07 19:16:37
32605,PayPal,FAILED,05,571,Mobile,Chicago,2024-03-07 19:53:25
32606,Square,SUCCESS,00,904,Desktop,Chicago,2024-03-07 20:39:44
32607,Stripe,SUCCESS,00,641,POS,Chicago,2024-03-07 23:07:53
32608,AuthorizeNet,SUCCESS,00,552,Mobile,Dallas,2024-03-08 00:16:52
32609,Stripe,SUCCESS,00,1034,POS,New York,2024-03-08 00:25:24
32610,PayPal,SUCCESS,00,1086,Mobile,Dallas,2024-03-08 00:41:42
32611,PayPal,SUCCESS,00,1363,POS,Los Angeles,2024-03-08 00:48:44
32612,Stripe,FAILED,12,480,Mobile,Dallas,2024-03-08 02:09:47
32613,AuthorizeNet,SUCCESS,00,1311,Desktop,New York,2024-03-08 02:53:22
32614,PayPal,SUCCESS,00,1472,Desktop,Chicago,2024-03-08 02:59:22
32615,Stripe,SUCCESS,00,934,Desktop,Los Angeles,2024-03-08 03:15:03
32616,Stripe,PENDING,99,916,ATM,Los Angeles,2024-03-08 03:25:17
32617,Stripe,FAILED,05,663,ATM,Dallas,2024-03-08 03:53:11
32618,AuthorizeNet,SUCCESS,00,658,Desktop,Dallas,2024-03-08 04:01:44
32619,AuthorizeNet,SUCCESS,00,735,Mobile,Dallas,2024-03-08 04:20:25
32620,PayPal,SUCCESS,00,271,ATM,New York,2024-03-08 06:38:14
32621,Stripe,SUCCESS,00,642,POS,New York,2024-03-08 08:50:01
32622,Square,FAILED,12,704,Mobile,Dallas,2024-03-08 09:40:52
32623,Square,SUCCESS,00,624,Mobile,Los Angeles,2024-03-08 10:20:27
32624,Stripe,SUCCESS,00,629,POS,New York,2024-03-08 10:49:12
32625,Stripe,SUCCESS,00,237,POS,Los Angeles,2024-03-08 11:42:48
32626,Stripe,SUCCESS,00,288,ATM,Los Angeles,2024-03-08 11:52:25
32627,PayPal,SUCCESS,00,367,ATM,Dallas,2024-03-08 11:53:37
32628,Stripe,SUCCESS,00,302,POS,Dallas,2024-03-08 12:34:26
32629,Square,SUCCESS,00,1282,Desktop,Chicago,2024-03-08 15:01:09
32630,AuthorizeNet,SUCCESS,00,1367,Desktop,New York,2024-03-08 15:06:31
32631,Square,SUCCESS,00,1288,Mobile,Los Angeles,2024-03-08 15:26:30
32632,Stripe,SUCCESS,00,1221,ATM,Dallas,2024-03-08 16:36:09
32633,Square,SUCCESS,00,1181,Desktop,Chicago,2024-03-08 16:42:03
32634,AuthorizeNet,SUCCESS,00,859,Desktop,Chicago,2024-03-08 16:53:01
32635,AuthorizeNet,SUCCESS,00,613,Desktop,New York,2024-03-08 16:59:03
32636,AuthorizeNet,SUCCESS,00,1383,Mobile,Dallas,2024-03-08 17:21:56
32637,AuthorizeNet,SUCCESS,00,427,POS,Los Angeles,2024-03-08 18:02:46
32638,Square,SUCCESS,00,346,Desktop,Dallas,2024-03-08 18:11:48
32639,Square,SUCCESS,00,560,Desktop,Los Angeles,2024-03-08 18:16:56
32640,PayPal,SUCCESS,00,807,Mobile,Los Angeles,2024-03-08 18:28:38
32641,Square,SUCCESS,00,584,Desktop,Dallas,2024-03-08 18:54:51
32642,PayPal,SUCCESS,00,149,Mobile,Dallas,2024-03-08 19:24:38
32643,Stripe,SUCCESS,00,719,ATM,Chicago,2024-03-08 19:26:23
32644,AuthorizeNet,SUCCESS,00,1198,Desktop,Dallas,2024-03-08 20:05:57
32645,Square,SUCCESS,00,810,Mobile,Dallas,2024-03-08 20:08:42
32646,Square,SUCCESS,00,1041,Desktop,Dallas,2024-03-08 21:04:33
32647,PayPal,SUCCESS,00,958,POS,Dallas,2024-03-08 21:59:56
32648,PayPal,SUCCESS,00,605,Mobile,Chicago,2024-03-08 22:23:08
32649,AuthorizeNet,SUCCESS,00,158,Desktop,Dallas,2024-03-08 22:49:38
32650,AuthorizeNet,SUCCESS,00,1045,ATM,Los Angeles,2024-03-08 23:50:50
32651,PayPal,SUCCESS,00,236,Mobile,Dallas,2024-03-09 00:44:11
32652,PayPal,SUCCESS,00,966,ATM,New York,2024-03-09 01:21:58
32653,Stripe,SUCCESS,00,1003,POS,New York,2024-03-09 02:39:54
32654,Square,SUCCESS,00,152,Mobile,Dallas,2024-03-09 02:54:23
32655,Stripe,SUCCESS,00,280,POS,Chicago,2024-03-09 03:11:00
32656,AuthorizeNet,FAILED,12,1354,ATM,New York,2024-03-09 03:57:28
32657,AuthorizeNet,SUCCESS,00,1189,Desktop,Chicago,2024-03-09 05:21:03
32658,Stripe,FAILED,12,1285,POS,New York,2024-03-09 05:55:56
32659,AuthorizeNet,SUCCESS,00,412,Mobile,New York,2024-03-09 07:30:07
32660,PayPal,SUCCESS,00,757,POS,Los Angeles,2024-03-09 07:35:24
32661,AuthorizeNet,SUCCESS,00,475,ATM,Chicago,2024-03-09 08:07:25
32662,Stripe,SUCCESS,00,661,Mobile,Chicago,2024-03-09 08:44:26
32663,PayPal,SUCCESS,00,915,ATM,Chicago,2024-03-09 08:45:34
32664,AuthorizeNet,SUCCESS,00,1300,ATM,Chicago,2024-03-09 09:59:46
32665,Stripe,FAILED,05,1425,Mobile,Dallas,2024-03-09 10:48:43
32666,AuthorizeNet,SUCCESS,00,1262,Mobile,Chicago,2024-03-09 10:55:06
32667,AuthorizeNet,SUCCESS,00,662,POS,Los Angeles,2024-03-09 10:57:18
32668,Square,SUCCESS,00,373,POS,Los Angeles,2024-03-09 11:22:40
32669,AuthorizeNet,SUCCESS,00,1294,Mobile,Los Angeles,2024-03-09 11:59:03
32670,Stripe,SUCCESS,00,1270,Mobile,Los Angeles,2024-03-09 13:49:58
32671,PayPal,SUCCESS,00,1176,ATM,New York,2024-03-09 14:11:12
32672,PayPal,SUCCESS,00,907,Mobile,Los Angeles,2024-03-09 14:38:08
32673,Stripe,SUCCESS,00,149,Desktop,New York,2024-03-09 15:35:21
32674,Stripe,SUCCESS,00,707,Mobile,Chicago,2024-03-09 15:59:25
32675,Stripe,FAILED,05,1335,POS,Los Angeles,2024-03-09 16:09:28
32676,AuthorizeNet,SUCCESS,00,150,ATM,Los Angeles,2024-03-09 17:29:49
32677,Stripe,SUCCESS,00,650,Mobile,New York,2024-03-09 17:35:38
32678,PayPal,SUCCESS,00,1354,ATM,Chicago,2024-03-09 17:42:22
32679,PayPal,SUCCESS,00,1384,Desktop,Chicago,2024-03-09 17:45:08
32680,Stripe,SUCCESS,00,130,Desktop,Chicago,2024-03-09 18:16:49
32681,AuthorizeNet,SUCCESS,00,212,Mobile,Dallas,2024-03-09 19:05:12
32682,Square,SUCCESS,00,584,Desktop,Dallas,2024-03-09 21:03:34
32683,PayPal,SUCCESS,00,1310,POS,Dallas,2024-03-09 21:11:54
32684,AuthorizeNet,PENDING,99,623,ATM,Los Angeles,2024-03-09 21:26:02
32685,Stripe,SUCCESS,00,362,Mobile,Los Angeles,2024-03-09 22:13:54
32686,PayPal,SUCCESS,00,177,POS,Dallas,2024-03-09 22:27:40
32687,Stripe,SUCCESS,00,271,POS,Los Angeles,2024-03-10 00:34:28
32688,PayPal,SUCCESS,00,606,ATM,Chicago,2024-03-10 00:43:31
32689,Stripe,SUCCESS,00,1108,POS,Dallas,2024-03-10 02:55:46
32690,Stripe,SUCCESS,00,1049,Mobile,Chicago,2024-03-10 03:37:09
32691,PayPal,SUCCESS,00,981,Desktop,New York,2024-03-10 04:42:16
32692,PayPal,SUCCESS,00,454,ATM,Dallas,2024-03-10 05:44:31
32693,PayPal,SUCCESS,00,990,ATM,New York,2024-03-10 08:18:21
32694,Stripe,SUCCESS,00,705,ATM,New York,2024-03-10 09:20:18
32695,Square,SUCCESS,00,766,POS,Dallas,2024-03-10 09:35:33
32696,PayPal,SUCCESS,00,699,POS,New York,2024-03-10 10:05:51
32697,PayPal,SUCCESS,00,1046,Desktop,Dallas,2024-03-10 10:28:02
32698,Square,FAILED,12,1023,Mobile,Chicago,2024-03-10 11:33:00
32699,AuthorizeNet,SUCCESS,00,515,Mobile,New York,2024-03-10 11:49:37
32700,AuthorizeNet,SUCCESS,00,1048,POS,Los Angeles,2024-03-10 11:53:00
32701,AuthorizeNet,SUCCESS,00,424,POS,Los Angeles,2024-03-10 13:04:36
32702,Stripe,SUCCESS,00,1266,POS,New York,2024-03-10 13:10:14
32703,PayPal,SUCCESS,00,879,Desktop,Dallas,2024-03-10 14:12:52
32704,Square,SUCCESS,00,629,Mobile,Dallas,2024-03-10 15:34:05
32705,Stripe,FAILED,05,1392,ATM,Dallas,2024-03-10 15:35:34
32706,Stripe,SUCCESS,00,717,Mobile,Chicago,2024-03-10 16:21:25
32707,Square,SUCCESS,00,748,Desktop,Chicago,2024-03-10 16:29:38
32708,PayPal,SUCCESS,00,1351,Mobile,Chicago,2024-03-10 16:50:15
32709,PayPal,SUCCESS,00,1218,ATM,Dallas,2024-03-10 18:15:52
32710,Stripe,SUCCESS,00,550,ATM,Dallas,2024-03-10 18:23:01
32711,Square,SUCCESS,00,588,Mobile,New York,2024-03-10 18:33:05
32712,Square,SUCCESS,00,259,ATM,Chicago,2024-03-10 19:46:53
32713,Stripe,FAILED,05,788,Mobile,New York,2024-03-10 19:56:26
32714,Square,SUCCESS,00,1233,Desktop,Los Angeles,2024-03-10 19:57:57
32715,PayPal,SUCCESS,00,696,Desktop,New York,2024-03-10 20:05:15
32716,PayPal,SUCCESS,00,413,Desktop,Chicago,2024-03-10 21:03:27
32717,PayPal,SUCCESS,00,577,POS,Los Angeles,2024-03-10 21:16:03
32718,Square,SUCCESS,00,540,Desktop,Dallas,2024-03-10 21:30:06
32719,Stripe,SUCCESS,00,742,ATM,Los Angeles,2024-03-10 21:36:13
32720,PayPal,FAILED,12,1262,ATM,New York,2024-03-10 22:14:41
32721,AuthorizeNet,SUCCESS,00,734,Mobile,Chicago,2024-03-10 23:40:22
32722,Stripe,SUCCESS,00,1231,ATM,New York,2024-03-11 01:29:04
32723,Square,SUCCESS,00,1271,Mobile,Los Angeles,2024-03-11 01:52:15
32724,PayPal,SUCCESS,00,993,Mobile,Dallas,2024-03-11 04:01:34
32725,AuthorizeNet,SUCCESS,00,601,Desktop,Dallas,2024-03-11 04:58:35
32726,PayPal,SUCCESS,00,667,Desktop,New York,2024-03-11 05:46:33
32727,PayPal,SUCCESS,00,471,ATM,Chicago,2024-03-11 09:05:34
32728,PayPal,SUCCESS,00,780,ATM,Chicago,2024-03-11 09:13:55
32729,AuthorizeNet,SUCCESS,00,363,ATM,Los Angeles,2024-03-11 09:28:51
32730,Stripe,SUCCESS,00,326,POS,Chicago,2024-03-11 10:17:16
32731,Stripe,SUCCESS,00,495,Desktop,Los Angeles,2024-03-11 11:49:07
32732,Square,SUCCESS,00,1399,ATM,Los Angeles,2024-03-11 12:32:59
32733,PayPal,SUCCESS,00,1320,ATM,Chicago,2024-03-11 12:51:05
32734,AuthorizeNet,FAILED,12,531,POS,Dallas,2024-03-11 13:05:25
32735,PayPal,SUCCESS,00,407,POS,Los Angeles,2024-03-11 13:19:46
32736,PayPal,SUCCESS,00,754,Mobile,New York,2024-03-11 15:29:55
32737,AuthorizeNet,SUCCESS,00,404,Mobile,Dallas,2024-03-11 15:33:08
32738,Square,SUCCESS,00,1217,POS,New York,2024-03-11 16:05:30
32739,AuthorizeNet,SUCCESS,00,1052,Mobile,New York,2024-03-11 16:14:53
32740,Square,SUCCESS,00,1341,ATM,Los Angeles,2024-03-11 16:54:02
32741,AuthorizeNet,SUCCESS,00,934,Desktop,Chicago,2024-03-11 17:20:10
32742,AuthorizeNet,SUCCESS,00,263,Desktop,Dallas,2024-03-11 17:47:17
32743,AuthorizeNet,SUCCESS,00,365,Desktop,New York,2024-03-11 18:27:28
32744,Square,SUCCESS,00,1133,Mobile,Chicago,2024-03-11 19:05:28
32745,AuthorizeNet,SUCCESS,00,297,ATM,New York,2024-03-11 19:14:12
32746,Stripe,SUCCESS,00,543,Mobile,Dallas,2024-03-11 19:15:07
32747,PayPal,SUCCESS,00,412,POS,New York,2024-03-11 20:31:55
32748,AuthorizeNet,FAILED,12,1032,ATM,Los Angeles,2024-03-11 22:41:55
32749,Square,SUCCESS,00,548,Mobile,Chicago,2024-03-11 23:28:36
32750,PayPal,PENDING,99,726,POS,Los Angeles,2024-03-12 00:05:41
32751,PayPal,SUCCESS,00,979,ATM,New York,2024-03-12 01:44:31
32752,Stripe,SUCCESS,00,1129,Mobile,Los Angeles,2024-03-12 02:17:52
32753,AuthorizeNet,PENDING,99,452,Desktop,Dallas,2024-03-12 02:25:24
32754,AuthorizeNet,SUCCESS,00,744,ATM,Dallas,2024-03-12 02:41:02
32755,AuthorizeNet,SUCCESS,00,1055,POS,Los Angeles,2024-03-12 05:04:26
32756,Square,SUCCESS,00,173,Mobile,New York,2024-03-12 05:11:01
32757,PayPal,FAILED,05,1417,ATM,Dallas,2024-03-12 05:49:27
32758,PayPal,SUCCESS,00,308,Desktop,Los Angeles,2024-03-12 05:55:48
32759,PayPal,SUCCESS,00,1296,ATM,Dallas,2024-03-12 07:19:33
32760,AuthorizeNet,SUCCESS,00,1121,ATM,New York,2024-03-12 08:20:46
32761,Stripe,SUCCESS,00,453,Mobile,Chicago,2024-03-12 08:50:33
32762,PayPal,SUCCESS,00,498,ATM,Dallas,2024-03-12 09:10:35
32763,AuthorizeNet,SUCCESS,00,1139,POS,Chicago,2024-03-12 09:16:09
32764,Stripe,SUCCESS,00,739,ATM,Los Angeles,2024-03-12 09:59:39
32765,PayPal,SUCCESS,00,319,ATM,Chicago,2024-03-12 10:06:30
32766,AuthorizeNet,FAILED,12,1380,Mobile,Los Angeles,2024-03-12 11:38:05
32767,Square,SUCCESS,00,456,Mobile,Los Angeles,2024-03-12 12:38:58
32768,Stripe,SUCCESS,00,953,POS,Los Angeles,2024-03-12 13:28:10
32769,Square,SUCCESS,00,666,Desktop,Dallas,2024-03-12 15:09:47
32770,Stripe,SUCCESS,00,1133,Desktop,Dallas,2024-03-12 16:52:05
32771,PayPal,SUCCESS,00,1039,POS,Dallas,2024-03-12 17:20:24
32772,Square,SUCCESS,00,554,POS,Dallas,2024-03-12 17:23:26
32773,PayPal,FAILED,05,1429,Desktop,Chicago,2024-03-12 17:24:53
32774,Square,SUCCESS,00,430,POS,New York,2024-03-12 18:37:54
32775,AuthorizeNet,SUCCESS,00,210,Desktop,Chicago,2024-03-12 19:51:43
32776,Square,FAILED,12,1378,Mobile,Dallas,2024-03-12 20:36:54
32777,Square,SUCCESS,00,989,ATM,Chicago,2024-03-12 21:03:40
32778,AuthorizeNet,SUCCESS,00,1049,Mobile,Dallas,2024-03-12 21:19:25
32779,Square,SUCCESS,00,919,POS,New York,2024-03-12 22:50:23
32780,PayPal,SUCCESS,00,814,Desktop,Dallas,2024-03-13 00:22:55
32781,AuthorizeNet,SUCCESS,00,1392,Mobile,Los Angeles,2024-03-13 00:50:32
32782,AuthorizeNet,SUCCESS,00,828,Desktop,Chicago,2024-03-13 01:27:45
32783,Stripe,SUCCESS,00,928,POS,Chicago,2024-03-13 02:37:06
32784,Square,SUCCESS,00,711,Mobile,Los Angeles,2024-03-13 03:56:08
32785,AuthorizeNet,SUCCESS,00,1372,Mobile,Dallas,2024-03-13 04:10:46
32786,Stripe,SUCCESS,00,886,ATM,Los Angeles,2024-03-13 04:25:05
32787,AuthorizeNet,SUCCESS,00,1440,ATM,New York,2024-03-13 04:34:44
32788,AuthorizeNet,SUCCESS,00,1491,Desktop,New York,2024-03-13 04:49:11
32789,Square,SUCCESS,00,593,Mobile,Dallas,2024-03-13 05:39:12
32790,Stripe,SUCCESS,00,812,Mobile,Chicago,2024-03-13 05:53:34
32791,PayPal,SUCCESS,00,1216,Desktop,New York,2024-03-13 06:07:10
32792,Square,SUCCESS,00,1093,ATM,Los Angeles,2024-03-13 06:59:13
32793,Square,SUCCESS,00,1365,ATM,Dallas,2024-03-13 07:13:21
32794,AuthorizeNet,PENDING,99,1276,Desktop,Chicago,2024-03-13 07:19:20
32795,PayPal,SUCCESS,00,162,Mobile,Dallas,2024-03-13 07:28:20
32796,AuthorizeNet,SUCCESS,00,534,POS,Chicago,2024-03-13 07:30:52
32797,Stripe,FAILED,05,575,POS,Dallas,2024-03-13 08:46:46
32798,PayPal,SUCCESS,00,1216,ATM,Dallas,2024-03-13 09:25:59
32799,Stripe,SUCCESS,00,150,Desktop,New York,2024-03-13 10:32:29
32800,AuthorizeNet,SUCCESS,00,1103,ATM,Dallas,2024-03-13 10:36:48
32801,Square,SUCCESS,00,1487,ATM,New York,2024-03-13 10:49:03
32802,Square,SUCCESS,00,1307,Desktop,New York,2024-03-13 10:57:31
32803,Square,SUCCESS,00,536,POS,Chicago,2024-03-13 11:37:08
32804,AuthorizeNet,FAILED,12,523,Mobile,Dallas,2024-03-13 12:51:45
32805,Square,SUCCESS,00,1141,ATM,New York,2024-03-13 13:01:13
32806,Square,SUCCESS,00,1192,POS,Los Angeles,2024-03-13 13:03:28
32807,PayPal,SUCCESS,00,375,ATM,Dallas,2024-03-13 13:07:59
32808,AuthorizeNet,SUCCESS,00,219,ATM,Los Angeles,2024-03-13 16:00:36
32809,Stripe,SUCCESS,00,783,POS,Dallas,2024-03-13 16:43:06
32810,Stripe,SUCCESS,00,692,Mobile,Chicago,2024-03-13 17:08:32
32811,Square,SUCCESS,00,1479,Desktop,New York,2024-03-13 18:03:30
32812,Stripe,SUCCESS,00,162,ATM,Dallas,2024-03-13 18:40:43
32813,PayPal,SUCCESS,00,306,ATM,Dallas,2024-03-13 18:49:23
32814,AuthorizeNet,SUCCESS,00,1389,Mobile,Chicago,2024-03-13 19:01:03
32815,AuthorizeNet,SUCCESS,00,209,POS,Chicago,2024-03-13 19:57:40
32816,PayPal,SUCCESS,00,187,Mobile,Dallas,2024-03-13 20:37:49
32817,Stripe,SUCCESS,00,723,POS,New York,2024-03-13 21:32:14
32818,PayPal,SUCCESS,00,1029,Desktop,New York,2024-03-13 21:48:19
32819,PayPal,SUCCESS,00,582,Desktop,Chicago,2024-03-13 22:14:16
32820,Square,SUCCESS,00,106,ATM,New York,2024-03-13 22:18:29
32821,Stripe,SUCCESS,00,121,Desktop,Dallas,2024-03-13 22:27:51
32822,PayPal,SUCCESS,00,332,POS,Dallas,2024-03-13 23:00:54
32823,Stripe,PENDING,99,696,Desktop,Chicago,2024-03-14 01:43:02
32824,Stripe,FAILED,12,100,Desktop,Dallas,2024-03-14 02:53:02
32825,AuthorizeNet,SUCCESS,00,515,POS,Chicago,2024-03-14 03:15:56
32826,AuthorizeNet,SUCCESS,00,718,Mobile,Dallas,2024-03-14 03:21:39
32827,PayPal,SUCCESS,00,564,Mobile,Los Angeles,2024-03-14 03:45:19
32828,Stripe,SUCCESS,00,848,ATM,Dallas,2024-03-14 04:53:52
32829,PayPal,SUCCESS,00,698,POS,Dallas,2024-03-14 06:06:33
32830,Square,PENDING,99,475,ATM,New York,2024-03-14 06:28:50
32831,AuthorizeNet,SUCCESS,00,477,POS,Los Angeles,2024-03-14 07:06:17
32832,AuthorizeNet,SUCCESS,00,856,ATM,Chicago,2024-03-14 08:44:53
32833,Stripe,PENDING,99,224,POS,New York,2024-03-14 09:02:12
32834,AuthorizeNet,SUCCESS,00,772,Mobile,New York,2024-03-14 09:12:06
32835,Stripe,SUCCESS,00,657,ATM,Dallas,2024-03-14 09:20:36
32836,Stripe,SUCCESS,00,112,Desktop,New York,2024-03-14 09:58:19
32837,Square,SUCCESS,00,566,ATM,Dallas,2024-03-14 11:18:18
32838,Square,SUCCESS,00,1246,Desktop,Chicago,2024-03-14 11:49:48
32839,AuthorizeNet,SUCCESS,00,1055,Desktop,Dallas,2024-03-14 13:33:43
32840,PayPal,SUCCESS,00,1166,Mobile,Chicago,2024-03-14 13:43:41
32841,Square,SUCCESS,00,493,POS,Los Angeles,2024-03-14 14:03:14
32842,AuthorizeNet,SUCCESS,00,561,POS,Dallas,2024-03-14 14:06:43
32843,Square,SUCCESS,00,244,ATM,Chicago,2024-03-14 17:38:58
32844,AuthorizeNet,SUCCESS,00,1347,ATM,New York,2024-03-14 18:00:20
32845,Stripe,SUCCESS,00,802,POS,New York,2024-03-14 18:02:41
32846,PayPal,SUCCESS,00,911,Mobile,Chicago,2024-03-14 18:03:05
32847,Square,SUCCESS,00,1089,Desktop,Dallas,2024-03-14 18:03:47
32848,AuthorizeNet,SUCCESS,00,203,ATM,Los Angeles,2024-03-14 18:30:58
32849,Square,SUCCESS,00,1085,Desktop,New York,2024-03-14 18:40:00
32850,AuthorizeNet,SUCCESS,00,1158,POS,Dallas,2024-03-14 19:10:11
32851,AuthorizeNet,SUCCESS,00,918,Desktop,Los Angeles,2024-03-14 19:36:01
32852,Square,SUCCESS,00,430,POS,Los Angeles,2024-03-14 20:17:26
32853,Stripe,SUCCESS,00,1293,Desktop,Chicago,2024-03-14 20:25:01
32854,AuthorizeNet,SUCCESS,00,990,ATM,Dallas,2024-03-14 21:39:45
32855,PayPal,SUCCESS,00,403,POS,New York,2024-03-14 22:14:26
32856,AuthorizeNet,SUCCESS,00,1021,POS,Dallas,2024-03-14 23:52:41
32857,Stripe,SUCCESS,00,1096,Desktop,Dallas,2024-03-15 01:17:05
32858,PayPal,SUCCESS,00,1031,POS,Dallas,2024-03-15 05:47:37
32859,AuthorizeNet,SUCCESS,00,1256,Mobile,Los Angeles,2024-03-15 06:01:17
32860,AuthorizeNet,SUCCESS,00,658,Desktop,Los Angeles,2024-03-15 06:40:23
32861,PayPal,SUCCESS,00,1241,Desktop,Los Angeles,2024-03-15 07:28:13
32862,Square,PENDING,99,499,Desktop,Chicago,2024-03-15 07:35:03
32863,PayPal,SUCCESS,00,143,Mobile,New York,2024-03-15 08:59:44
32864,Square,SUCCESS,00,275,Mobile,Los Angeles,2024-03-15 09:46:15
32865,Square,SUCCESS,00,1004,ATM,New York,2024-03-15 10:51:53
32866,PayPal,SUCCESS,00,1272,ATM,Dallas,2024-03-15 11:12:26
32867,PayPal,SUCCESS,00,576,Mobile,New York,2024-03-15 11:38:59
32868,Stripe,SUCCESS,00,1331,Desktop,Chicago,2024-03-15 12:03:40
32869,Square,SUCCESS,00,1300,Mobile,Dallas,2024-03-15 12:06:03
32870,AuthorizeNet,SUCCESS,00,449,ATM,New York,2024-03-15 13:05:36
32871,Square,PENDING,99,459,Mobile,Los Angeles,2024-03-15 13:05:43
32872,Square,SUCCESS,00,748,ATM,Los Angeles,2024-03-15 13:40:58
32873,Square,SUCCESS,00,1360,POS,Los Angeles,2024-03-15 14:27:52
32874,PayPal,SUCCESS,00,397,Mobile,New York,2024-03-15 14:49:36
32875,AuthorizeNet,SUCCESS,00,488,Desktop,Chicago,2024-03-15 15:44:31
32876,Square,SUCCESS,00,307,POS,Los Angeles,2024-03-15 15:57:43
32877,AuthorizeNet,SUCCESS,00,659,Mobile,New York,2024-03-15 16:11:29
32878,Stripe,FAILED,12,1102,Mobile,Los Angeles,2024-03-15 16:56:47
32879,AuthorizeNet,SUCCESS,00,502,ATM,Los Angeles,2024-03-15 18:21:12
32880,Square,SUCCESS,00,725,ATM,New York,2024-03-15 18:38:11
32881,Square,SUCCESS,00,843,POS,Chicago,2024-03-15 20:14:21
32882,Square,SUCCESS,00,1217,Mobile,Los Angeles,2024-03-15 20:50:00
32883,Square,SUCCESS,00,134,Desktop,Los Angeles,2024-03-15 21:06:52
32884,Square,SUCCESS,00,1116,POS,Chicago,2024-03-15 21:13:17
32885,AuthorizeNet,SUCCESS,00,1327,Desktop,Chicago,2024-03-15 21:45:49
32886,Square,SUCCESS,00,611,POS,Chicago,2024-03-15 22:04:33
32887,Square,SUCCESS,00,392,Desktop,Dallas,2024-03-15 22:40:44
32888,PayPal,SUCCESS,00,1157,ATM,Dallas,2024-03-15 23:25:08
32889,PayPal,SUCCESS,00,251,Desktop,Chicago,2024-03-15 23:28:10
32890,Stripe,SUCCESS,00,133,POS,New York,2024-03-15 23:43:53
32891,AuthorizeNet,SUCCESS,00,836,Desktop,New York,2024-03-16 00:29:10
32892,AuthorizeNet,SUCCESS,00,1433,Desktop,Los Angeles,2024-03-16 00:31:59
32893,AuthorizeNet,SUCCESS,00,105,Mobile,Los Angeles,2024-03-16 00:33:04
32894,Stripe,FAILED,12,1349,Mobile,Dallas,2024-03-16 01:19:13
32895,Stripe,PENDING,99,1278,ATM,Dallas,2024-03-16 01:59:24
32896,Square,SUCCESS,00,267,Mobile,Chicago,2024-03-16 02:31:21
32897,PayPal,SUCCESS,00,853,Mobile,Los Angeles,2024-03-16 03:02:30
32898,PayPal,SUCCESS,00,1300,POS,Chicago,2024-03-16 03:25:49
32899,Stripe,SUCCESS,00,1450,POS,Chicago,2024-03-16 04:21:03
32900,AuthorizeNet,SUCCESS,00,1251,Desktop,Dallas,2024-03-16 04:33:33
32901,PayPal,SUCCESS,00,894,Mobile,New York,2024-03-16 05:35:13
32902,PayPal,SUCCESS,00,417,ATM,Dallas,2024-03-16 05:58:47
32903,Stripe,SUCCESS,00,1488,Mobile,Chicago,2024-03-16 06:32:23
32904,Square,SUCCESS,00,1035,Desktop,Los Angeles,2024-03-16 06:35:20
32905,Stripe,SUCCESS,00,292,Mobile,Dallas,2024-03-16 08:52:23
32906,AuthorizeNet,SUCCESS,00,114,ATM,Los Angeles,2024-03-16 09:35:35
32907,Square,SUCCESS,00,394,ATM,New York,2024-03-16 09:57:41
32908,PayPal,SUCCESS,00,1052,ATM,Chicago,2024-03-16 11:25:24
32909,Square,SUCCESS,00,600,Desktop,New York,2024-03-16 11:34:50
32910,Stripe,SUCCESS,00,262,ATM,Los Angeles,2024-03-16 11:55:37
32911,Square,SUCCESS,00,811,Desktop,Dallas,2024-03-16 11:57:10
32912,Stripe,SUCCESS,00,530,ATM,Chicago,2024-03-16 12:02:19
32913,PayPal,SUCCESS,00,835,Desktop,Chicago,2024-03-16 12:18:36
32914,PayPal,FAILED,12,1033,Mobile,Chicago,2024-03-16 12:38:16
32915,Stripe,SUCCESS,00,1462,Mobile,Los Angeles,2024-03-16 13:05:17
32916,PayPal,SUCCESS,00,1017,Desktop,Dallas,2024-03-16 13:44:36
32917,AuthorizeNet,FAILED,05,464,POS,New York,2024-03-16 13:49:48
32918,AuthorizeNet,SUCCESS,00,1258,Desktop,New York,2024-03-16 14:10:28
32919,AuthorizeNet,FAILED,05,1065,Mobile,Chicago,2024-03-16 14:34:11
32920,Square,SUCCESS,00,731,Mobile,Chicago,2024-03-16 15:36:58
32921,PayPal,SUCCESS,00,644,Desktop,Los Angeles,2024-03-16 16:42:13
32922,AuthorizeNet,SUCCESS,00,709,POS,Chicago,2024-03-16 17:58:56
32923,Stripe,PENDING,99,695,Mobile,New York,2024-03-16 18:17:49
32924,PayPal,SUCCESS,00,464,POS,New York,2024-03-16 18:27:17
32925,Stripe,SUCCESS,00,512,POS,Los Angeles,2024-03-16 19:16:16
32926,AuthorizeNet,SUCCESS,00,1443,Mobile,Chicago,2024-03-16 19:17:28
32927,PayPal,SUCCESS,00,467,Mobile,Los Angeles,2024-03-16 19:44:56
32928,AuthorizeNet,SUCCESS,00,213,POS,Chicago,2024-03-16 20:00:49
32929,AuthorizeNet,SUCCESS,00,1261,POS,Los Angeles,2024-03-16 20:34:30
32930,Square,SUCCESS,00,224,ATM,Los Angeles,2024-03-16 21:15:38
32931,AuthorizeNet,SUCCESS,00,1137,ATM,Dallas,2024-03-16 21:28:48
32932,Square,SUCCESS,00,1290,ATM,Dallas,2024-03-16 22:10:41
32933,AuthorizeNet,SUCCESS,00,632,ATM,Chicago,2024-03-16 23:10:39
32934,Square,SUCCESS,00,139,Desktop,Dallas,2024-03-16 23:36:46
32935,Stripe,SUCCESS,00,413,Mobile,Dallas,2024-03-16 23:46:48
32936,Square,SUCCESS,00,530,Mobile,New York,2024-03-17 01:15:20
32937,PayPal,SUCCESS,00,1254,Desktop,New York,2024-03-17 01:57:24
32938,AuthorizeNet,SUCCESS,00,1449,POS,Los Angeles,2024-03-17 02:36:36
32939,AuthorizeNet,SUCCESS,00,136,Desktop,Los Angeles,2024-03-17 02:56:24
32940,Square,SUCCESS,00,117,Mobile,Chicago,2024-03-17 03:20:13
32941,Stripe,SUCCESS,00,1425,ATM,Chicago,2024-03-17 04:16:30
32942,Stripe,SUCCESS,00,761,Desktop,New York,2024-03-17 04:46:50
32943,Stripe,SUCCESS,00,233,POS,New York,2024-03-17 04:50:40
32944,Stripe,FAILED,12,1211,Mobile,Dallas,2024-03-17 05:05:58
32945,Square,SUCCESS,00,1470,Mobile,Chicago,2024-03-17 07:09:46
32946,AuthorizeNet,FAILED,12,1137,POS,Dallas,2024-03-17 07:31:07
32947,AuthorizeNet,SUCCESS,00,1449,POS,Chicago,2024-03-17 08:01:51
32948,Stripe,SUCCESS,00,827,Mobile,Dallas,2024-03-17 08:43:04
32949,Stripe,SUCCESS,00,286,Mobile,New York,2024-03-17 10:40:54
32950,Stripe,SUCCESS,00,951,Desktop,New York,2024-03-17 11:02:40
32951,PayPal,SUCCESS,00,918,ATM,Chicago,2024-03-17 11:57:53
32952,Stripe,SUCCESS,00,412,Desktop,New York,2024-03-17 13:36:14
32953,AuthorizeNet,SUCCESS,00,272,Desktop,Dallas,2024-03-17 13:53:03
32954,AuthorizeNet,SUCCESS,00,1158,POS,Chicago,2024-03-17 14:17:28
32955,AuthorizeNet,SUCCESS,00,1270,POS,Chicago,2024-03-17 14:23:54
32956,AuthorizeNet,SUCCESS,00,1101,Desktop,Dallas,2024-03-17 14:31:45
32957,Stripe,SUCCESS,00,1014,Desktop,Chicago,2024-03-17 14:44:02
32958,Square,PENDING,99,756,Desktop,New York,2024-03-17 15:10:06
32959,Stripe,SUCCESS,00,1424,Mobile,Los Angeles,2024-03-17 15:37:20
32960,PayPal,SUCCESS,00,487,POS,Los Angeles,2024-03-17 15:46:02
32961,Square,SUCCESS,00,719,Mobile,Dallas,2024-03-17 16:00:28
32962,AuthorizeNet,SUCCESS,00,575,ATM,Chicago,2024-03-17 16:03:10
32963,Stripe,SUCCESS,00,688,ATM,Los Angeles,2024-03-17 16:57:28
32964,Stripe,SUCCESS,00,226,ATM,New York,2024-03-17 17:11:19
32965,AuthorizeNet,SUCCESS,00,1055,ATM,Dallas,2024-03-17 17:37:10
32966,PayPal,SUCCESS,00,1347,Desktop,Los Angeles,2024-03-17 18:41:36
32967,AuthorizeNet,SUCCESS,00,1207,POS,Los Angeles,2024-03-17 19:57:42
32968,PayPal,SUCCESS,00,1434,ATM,Los Angeles,2024-03-17 20:12:30
32969,Square,SUCCESS,00,514,POS,Chicago,2024-03-17 21:26:23
32970,AuthorizeNet,SUCCESS,00,1268,Desktop,Los Angeles,2024-03-17 21:53:08
32971,Square,SUCCESS,00,284,ATM,Los Angeles,2024-03-17 22:08:14
32972,PayPal,SUCCESS,00,801,POS,Chicago,2024-03-18 00:34:57
32973,AuthorizeNet,SUCCESS,00,879,Desktop,New York,2024-03-18 00:41:40
32974,Square,SUCCESS,00,1238,ATM,Los Angeles,2024-03-18 01:10:39
32975,AuthorizeNet,SUCCESS,00,714,ATM,Dallas,2024-03-18 03:34:42
32976,AuthorizeNet,SUCCESS,00,152,Mobile,New York,2024-03-18 03:40:20
32977,AuthorizeNet,SUCCESS,00,813,ATM,Chicago,2024-03-18 03:45:57
32978,PayPal,SUCCESS,00,579,Desktop,Chicago,2024-03-18 03:48:56
32979,Square,SUCCESS,00,1225,Desktop,Dallas,2024-03-18 04:28:50
32980,PayPal,SUCCESS,00,1051,Mobile,Chicago,2024-03-18 04:46:08
32981,AuthorizeNet,SUCCESS,00,1018,Desktop,Chicago,2024-03-18 05:18:20
32982,PayPal,SUCCESS,00,679,Mobile,New York,2024-03-18 05:40:17
32983,Stripe,SUCCESS,00,1376,ATM,New York,2024-03-18 06:07:40
32984,AuthorizeNet,SUCCESS,00,303,ATM,Dallas,2024-03-18 06:26:35
32985,Square,SUCCESS,00,532,ATM,Dallas,2024-03-18 06:54:05
32986,Square,SUCCESS,00,295,ATM,Dallas,2024-03-18 07:05:19
32987,AuthorizeNet,SUCCESS,00,1410,ATM,New York,2024-03-18 07:16:56
32988,Stripe,SUCCESS,00,564,Desktop,Dallas,2024-03-18 07:19:06
32989,Stripe,SUCCESS,00,1115,Mobile,Chicago,2024-03-18 08:07:24
32990,Square,SUCCESS,00,1314,POS,Dallas,2024-03-18 09:33:42
32991,Stripe,PENDING,99,732,ATM,Chicago,2024-03-18 09:49:02
32992,AuthorizeNet,SUCCESS,00,630,ATM,Dallas,2024-03-18 10:07:08
32993,AuthorizeNet,SUCCESS,00,1063,Mobile,Chicago,2024-03-18 10:36:35
32994,Stripe,SUCCESS,00,277,Mobile,New York,2024-03-18 11:04:29
32995,AuthorizeNet,FAILED,05,1434,Desktop,Dallas,2024-03-18 11:05:53
32996,Square,SUCCESS,00,1474,ATM,New York,2024-03-18 11:13:07
32997,Square,SUCCESS,00,944,POS,Dallas,2024-03-18 13:49:09
32998,AuthorizeNet,SUCCESS,00,1471,POS,Los Angeles,2024-03-18 13:56:07
32999,PayPal,SUCCESS,00,154,POS,Los Angeles,2024-03-18 14:49:31
33000,PayPal,SUCCESS,00,853,ATM,Los Angeles,2024-03-18 15:20:49
33001,Square,SUCCESS,00,1205,POS,Dallas,2024-03-18 16:08:05
33002,AuthorizeNet,SUCCESS,00,422,POS,New York,2024-03-18 16:45:30
33003,PayPal,FAILED,05,1145,POS,Los Angeles,2024-03-18 17:12:42
33004,Stripe,SUCCESS,00,268,POS,Dallas,2024-03-18 17:25:14
33005,AuthorizeNet,SUCCESS,00,881,ATM,Dallas,2024-03-18 19:23:37
33006,Stripe,SUCCESS,00,170,Desktop,New York,2024-03-18 19:42:17
33007,Square,SUCCESS,00,1043,ATM,Los Angeles,2024-03-18 19:46:52
33008,Stripe,SUCCESS,00,492,Desktop,New York,2024-03-18 21:03:35
33009,Stripe,SUCCESS,00,344,ATM,Dallas,2024-03-18 22:51:21
33010,Square,SUCCESS,00,303,Desktop,Los Angeles,2024-03-18 23:32:59
33011,PayPal,SUCCESS,00,797,Desktop,Chicago,2024-03-18 23:37:09
33012,Stripe,SUCCESS,00,1345,Desktop,New York,2024-03-19 00:12:04
33013,PayPal,SUCCESS,00,600,Desktop,New York,2024-03-19 00:39:52
33014,AuthorizeNet,SUCCESS,00,1318,Desktop,Chicago,2024-03-19 01:21:50
33015,PayPal,SUCCESS,00,1383,POS,Los Angeles,2024-03-19 01:35:28
33016,Stripe,SUCCESS,00,194,Mobile,Los Angeles,2024-03-19 01:55:11
33017,PayPal,SUCCESS,00,465,ATM,Los Angeles,2024-03-19 01:57:27
33018,Square,SUCCESS,00,1026,ATM,Los Angeles,2024-03-19 03:06:43
33019,AuthorizeNet,SUCCESS,00,1427,Mobile,Los Angeles,2024-03-19 03:26:09
33020,Stripe,SUCCESS,00,874,ATM,Chicago,2024-03-19 03:51:42
33021,PayPal,SUCCESS,00,1157,Mobile,New York,2024-03-19 05:28:53
33022,AuthorizeNet,SUCCESS,00,248,ATM,New York,2024-03-19 06:15:31
33023,PayPal,SUCCESS,00,1163,ATM,Los Angeles,2024-03-19 07:00:07
33024,AuthorizeNet,SUCCESS,00,462,POS,New York,2024-03-19 07:40:04
33025,Square,SUCCESS,00,599,ATM,Chicago,2024-03-19 08:28:33
33026,PayPal,SUCCESS,00,791,POS,Dallas,2024-03-19 08:41:22
33027,Stripe,SUCCESS,00,1145,Desktop,Chicago,2024-03-19 08:42:32
33028,AuthorizeNet,SUCCESS,00,560,ATM,New York,2024-03-19 08:46:34
33029,AuthorizeNet,SUCCESS,00,1231,Mobile,Chicago,2024-03-19 09:02:49
33030,AuthorizeNet,SUCCESS,00,1290,POS,Dallas,2024-03-19 09:41:50
33031,AuthorizeNet,SUCCESS,00,870,POS,Dallas,2024-03-19 09:45:31
33032,Square,SUCCESS,00,210,Mobile,Los Angeles,2024-03-19 11:36:33
33033,AuthorizeNet,FAILED,05,1428,Mobile,Los Angeles,2024-03-19 12:00:49
33034,AuthorizeNet,SUCCESS,00,1023,ATM,Dallas,2024-03-19 12:18:31
33035,PayPal,SUCCESS,00,1452,Mobile,Chicago,2024-03-19 12:49:11
33036,PayPal,SUCCESS,00,846,ATM,Chicago,2024-03-19 14:12:29
33037,Square,SUCCESS,00,575,Mobile,Dallas,2024-03-19 14:47:33
33038,PayPal,SUCCESS,00,133,POS,Dallas,2024-03-19 15:25:23
33039,Square,SUCCESS,00,1103,Mobile,Chicago,2024-03-19 15:40:39
33040,Square,SUCCESS,00,445,ATM,Chicago,2024-03-19 15:54:56
33041,PayPal,SUCCESS,00,469,Desktop,Chicago,2024-03-19 15:56:39
33042,Square,SUCCESS,00,766,POS,New York,2024-03-19 16:04:40
33043,Stripe,SUCCESS,00,1416,POS,Chicago,2024-03-19 16:55:03
33044,PayPal,SUCCESS,00,650,Desktop,Chicago,2024-03-19 17:10:30
33045,PayPal,SUCCESS,00,595,POS,Chicago,2024-03-19 17:20:22
33046,Stripe,SUCCESS,00,1434,Mobile,Los Angeles,2024-03-19 17:59:21
33047,Square,SUCCESS,00,842,POS,Dallas,2024-03-19 19:13:18
33048,Stripe,SUCCESS,00,909,POS,New York,2024-03-19 19:22:19
33049,PayPal,SUCCESS,00,1249,POS,Dallas,2024-03-19 19:26:18
33050,AuthorizeNet,SUCCESS,00,1470,POS,New York,2024-03-19 19:41:31
33051,PayPal,SUCCESS,00,1456,Desktop,New York,2024-03-19 20:34:54
33052,AuthorizeNet,SUCCESS,00,1380,POS,Dallas,2024-03-19 21:16:47
33053,Square,SUCCESS,00,1044,Desktop,Chicago,2024-03-19 22:51:14
33054,PayPal,SUCCESS,00,713,Mobile,Los Angeles,2024-03-19 22:58:03
33055,AuthorizeNet,SUCCESS,00,1262,Mobile,New York,2024-03-19 23:14:30
33056,AuthorizeNet,SUCCESS,00,679,Mobile,New York,2024-03-19 23:55:35
33057,PayPal,SUCCESS,00,286,Desktop,New York,2024-03-20 01:27:18
33058,AuthorizeNet,SUCCESS,00,1186,POS,Chicago,2024-03-20 02:13:49
33059,AuthorizeNet,SUCCESS,00,660,Desktop,Dallas,2024-03-20 02:20:18
33060,PayPal,SUCCESS,00,418,Desktop,Chicago,2024-03-20 05:18:14
33061,PayPal,SUCCESS,00,269,Mobile,Dallas,2024-03-20 06:10:59
33062,PayPal,SUCCESS,00,1446,ATM,Chicago,2024-03-20 07:02:40
33063,Square,SUCCESS,00,1420,Desktop,Dallas,2024-03-20 08:17:37
33064,AuthorizeNet,SUCCESS,00,902,POS,Chicago,2024-03-20 09:17:16
33065,AuthorizeNet,FAILED,05,118,ATM,Dallas,2024-03-20 09:45:26
33066,AuthorizeNet,SUCCESS,00,470,POS,Chicago,2024-03-20 09:56:16
33067,Stripe,SUCCESS,00,1009,Mobile,Los Angeles,2024-03-20 10:03:11
33068,AuthorizeNet,SUCCESS,00,965,ATM,Dallas,2024-03-20 10:03:22
33069,Stripe,SUCCESS,00,1168,ATM,Chicago,2024-03-20 10:06:43
33070,Square,SUCCESS,00,964,Mobile,Chicago,2024-03-20 10:18:58
33071,Square,SUCCESS,00,740,Mobile,Dallas,2024-03-20 11:03:42
33072,Square,SUCCESS,00,915,Mobile,New York,2024-03-20 11:44:05
33073,Stripe,SUCCESS,00,1326,Mobile,Los Angeles,2024-03-20 12:20:45
33074,Stripe,SUCCESS,00,1243,ATM,Chicago,2024-03-20 12:21:00
33075,Square,SUCCESS,00,812,Desktop,Chicago,2024-03-20 12:46:24
33076,AuthorizeNet,SUCCESS,00,1217,Desktop,Los Angeles,2024-03-20 13:43:55
33077,Square,SUCCESS,00,1264,POS,Chicago,2024-03-20 14:27:01
33078,PayPal,FAILED,12,705,Mobile,Dallas,2024-03-20 14:28:42
33079,PayPal,SUCCESS,00,1216,POS,Los Angeles,2024-03-20 15:06:06
33080,AuthorizeNet,SUCCESS,00,177,ATM,Chicago,2024-03-20 15:27:55
33081,AuthorizeNet,SUCCESS,00,847,Mobile,Chicago,2024-03-20 15:35:14
33082,AuthorizeNet,FAILED,12,1375,POS,Dallas,2024-03-20 15:42:45
33083,PayPal,SUCCESS,00,1159,ATM,New York,2024-03-20 16:07:06
33084,PayPal,SUCCESS,00,640,ATM,New York,2024-03-20 18:07:59
33085,Square,PENDING,99,1484,POS,New York,2024-03-20 19:43:20
33086,Stripe,SUCCESS,00,1345,POS,New York,2024-03-20 22:02:50
33087,Stripe,SUCCESS,00,282,Mobile,Chicago,2024-03-20 22:20:57
33088,PayPal,SUCCESS,00,787,Desktop,Dallas,2024-03-20 23:33:20
33089,AuthorizeNet,SUCCESS,00,1232,Desktop,New York,2024-03-20 23:50:34
33090,Stripe,SUCCESS,00,1458,ATM,Chicago,2024-03-21 01:33:10
33091,AuthorizeNet,SUCCESS,00,234,Desktop,Dallas,2024-03-21 02:14:17
33092,PayPal,SUCCESS,00,709,ATM,Chicago,2024-03-21 02:16:00
33093,AuthorizeNet,SUCCESS,00,377,Desktop,Los Angeles,2024-03-21 02:18:49
33094,PayPal,SUCCESS,00,1291,ATM,Los Angeles,2024-03-21 05:02:54
33095,Square,FAILED,05,1330,Desktop,Dallas,2024-03-21 05:42:19
33096,PayPal,FAILED,12,1073,Desktop,Los Angeles,2024-03-21 07:16:54
33097,PayPal,SUCCESS,00,1462,Mobile,Dallas,2024-03-21 09:09:50
33098,Square,SUCCESS,00,1280,Mobile,Chicago,2024-03-21 09:13:50
33099,Square,SUCCESS,00,185,ATM,New York,2024-03-21 10:26:49
33100,Square,SUCCESS,00,456,POS,New York,2024-03-21 11:46:19
33101,Stripe,FAILED,05,563,POS,Dallas,2024-03-21 11:51:41
33102,PayPal,SUCCESS,00,134,Desktop,New York,2024-03-21 11:51:58
33103,Square,SUCCESS,00,1068,Mobile,New York,2024-03-21 12:17:04
33104,Square,SUCCESS,00,715,ATM,New York,2024-03-21 12:19:43
33105,Square,SUCCESS,00,957,POS,Chicago,2024-03-21 14:41:18
33106,Stripe,SUCCESS,00,588,Desktop,Chicago,2024-03-21 15:12:39
33107,Stripe,SUCCESS,00,815,POS,New York,2024-03-21 15:13:40
33108,Square,SUCCESS,00,292,Mobile,Dallas,2024-03-21 15:35:52
33109,Square,SUCCESS,00,585,Desktop,Los Angeles,2024-03-21 16:04:52
33110,Stripe,SUCCESS,00,390,ATM,Los Angeles,2024-03-21 16:36:25
33111,Square,SUCCESS,00,1449,Mobile,Los Angeles,2024-03-21 18:24:36
33112,PayPal,SUCCESS,00,1307,POS,New York,2024-03-21 18:38:43
33113,AuthorizeNet,SUCCESS,00,1197,POS,Dallas,2024-03-21 18:48:28
33114,Stripe,SUCCESS,00,1116,Desktop,Chicago,2024-03-21 18:50:14
33115,AuthorizeNet,SUCCESS,00,108,Desktop,New York,2024-03-21 21:41:22
33116,PayPal,SUCCESS,00,646,ATM,Chicago,2024-03-21 21:50:47
33117,AuthorizeNet,SUCCESS,00,529,Mobile,Los Angeles,2024-03-21 22:21:40
33118,Square,SUCCESS,00,406,Mobile,Chicago,2024-03-21 22:43:30
33119,Square,SUCCESS,00,307,Mobile,Chicago,2024-03-21 22:44:51
33120,AuthorizeNet,SUCCESS,00,1467,POS,Chicago,2024-03-21 22:47:29
33121,PayPal,SUCCESS,00,1325,POS,Chicago,2024-03-21 23:38:19
33122,Stripe,SUCCESS,00,854,Mobile,New York,2024-03-22 00:05:35
33123,Square,SUCCESS,00,1218,ATM,Los Angeles,2024-03-22 00:17:00
33124,AuthorizeNet,SUCCESS,00,988,Desktop,New York,2024-03-22 00:47:41
33125,Stripe,SUCCESS,00,1286,Mobile,New York,2024-03-22 01:38:33
33126,PayPal,SUCCESS,00,1015,POS,Chicago,2024-03-22 01:43:14
33127,Stripe,SUCCESS,00,250,Desktop,New York,2024-03-22 02:13:07
33128,Square,SUCCESS,00,289,Desktop,Chicago,2024-03-22 02:18:50
33129,Square,SUCCESS,00,1311,Mobile,New York,2024-03-22 02:57:17
33130,Square,SUCCESS,00,234,ATM,New York,2024-03-22 03:45:17
33131,AuthorizeNet,FAILED,05,1248,POS,Chicago,2024-03-22 04:07:49
33132,AuthorizeNet,SUCCESS,00,181,POS,Chicago,2024-03-22 04:17:21
33133,Stripe,SUCCESS,00,667,Desktop,Dallas,2024-03-22 04:54:44
33134,Stripe,SUCCESS,00,616,Desktop,New York,2024-03-22 05:05:28
33135,AuthorizeNet,SUCCESS,00,529,Desktop,New York,2024-03-22 05:40:36
33136,AuthorizeNet,SUCCESS,00,529,POS,Los Angeles,2024-03-22 05:45:38
33137,Square,SUCCESS,00,1470,ATM,Chicago,2024-03-22 06:02:15
33138,PayPal,FAILED,12,1157,POS,Dallas,2024-03-22 06:05:50
33139,Square,SUCCESS,00,982,Desktop,Los Angeles,2024-03-22 06:43:36
33140,AuthorizeNet,SUCCESS,00,289,Mobile,New York,2024-03-22 06:57:55
33141,Stripe,SUCCESS,00,1034,Desktop,Chicago,2024-03-22 07:52:45
33142,Square,SUCCESS,00,1356,ATM,Dallas,2024-03-22 08:23:56
33143,Square,SUCCESS,00,126,POS,New York,2024-03-22 09:10:58
33144,AuthorizeNet,SUCCESS,00,449,Desktop,Los Angeles,2024-03-22 10:36:39
33145,PayPal,SUCCESS,00,930,POS,Chicago,2024-03-22 10:37:05
33146,Stripe,SUCCESS,00,180,Desktop,Los Angeles,2024-03-22 12:14:36
33147,AuthorizeNet,SUCCESS,00,1215,ATM,Los Angeles,2024-03-22 12:28:24
33148,Stripe,FAILED,12,1499,ATM,Los Angeles,2024-03-22 12:57:17
33149,Square,SUCCESS,00,1159,POS,Los Angeles,2024-03-22 18:52:25
33150,AuthorizeNet,SUCCESS,00,271,ATM,New York,2024-03-22 19:06:03
33151,Stripe,SUCCESS,00,1269,Desktop,Chicago,2024-03-22 19:44:12
33152,Square,SUCCESS,00,1408,POS,New York,2024-03-22 21:34:41
33153,Stripe,SUCCESS,00,884,POS,New York,2024-03-22 23:01:01
33154,PayPal,SUCCESS,00,1102,POS,Chicago,2024-03-22 23:18:46
33155,Stripe,SUCCESS,00,258,POS,Chicago,2024-03-22 23:39:59
33156,Square,SUCCESS,00,253,Mobile,Los Angeles,2024-03-23 00:06:23
33157,PayPal,SUCCESS,00,1028,Desktop,Dallas,2024-03-23 00:30:04
33158,AuthorizeNet,FAILED,12,335,POS,Los Angeles,2024-03-23 02:08:29
33159,AuthorizeNet,SUCCESS,00,618,ATM,New York,2024-03-23 02:52:17
33160,Square,SUCCESS,00,1463,POS,Los Angeles,2024-03-23 03:51:08
33161,PayPal,SUCCESS,00,1112,POS,Los Angeles,2024-03-23 04:12:55
33162,Square,SUCCESS,00,724,Desktop,New York,2024-03-23 04:19:24
33163,AuthorizeNet,SUCCESS,00,944,ATM,New York,2024-03-23 04:30:40
33164,Square,SUCCESS,00,812,ATM,Los Angeles,2024-03-23 04:51:22
33165,AuthorizeNet,SUCCESS,00,110,Mobile,New York,2024-03-23 05:35:45
33166,Stripe,SUCCESS,00,592,Mobile,Dallas,2024-03-23 07:23:10
33167,PayPal,SUCCESS,00,800,Mobile,Chicago,2024-03-23 08:21:45
33168,AuthorizeNet,SUCCESS,00,326,Mobile,Dallas,2024-03-23 09:28:47
33169,PayPal,SUCCESS,00,248,ATM,Dallas,2024-03-23 11:02:41
33170,Stripe,SUCCESS,00,1019,POS,Dallas,2024-03-23 11:16:38
33171,PayPal,SUCCESS,00,740,Mobile,Dallas,2024-03-23 11:41:45
33172,Stripe,SUCCESS,00,1065,ATM,Los Angeles,2024-03-23 11:52:54
33173,Stripe,SUCCESS,00,122,ATM,New York,2024-03-23 12:07:28
33174,AuthorizeNet,SUCCESS,00,971,POS,Dallas,2024-03-23 12:57:46
33175,Square,SUCCESS,00,671,Desktop,Chicago,2024-03-23 13:32:40
33176,Stripe,SUCCESS,00,360,ATM,New York,2024-03-23 13:43:42
33177,Square,SUCCESS,00,1359,POS,New York,2024-03-23 14:37:03
33178,Square,SUCCESS,00,1422,Mobile,Dallas,2024-03-23 14:42:04
33179,Square,SUCCESS,00,799,Desktop,New York,2024-03-23 14:43:47
33180,Square,SUCCESS,00,1097,Desktop,Chicago,2024-03-23 16:42:05
33181,Stripe,SUCCESS,00,1060,ATM,Chicago,2024-03-23 17:32:15
33182,AuthorizeNet,SUCCESS,00,673,Desktop,New York,2024-03-23 18:26:23
33183,Square,SUCCESS,00,276,ATM,Los Angeles,2024-03-23 18:52:18
33184,PayPal,SUCCESS,00,640,POS,Los Angeles,2024-03-23 19:30:19
33185,AuthorizeNet,SUCCESS,00,231,ATM,Los Angeles,2024-03-23 20:57:35
33186,PayPal,SUCCESS,00,1311,Desktop,New York,2024-03-23 21:08:23
33187,AuthorizeNet,SUCCESS,00,1298,Desktop,Dallas,2024-03-23 21:15:29
33188,Stripe,SUCCESS,00,497,ATM,Los Angeles,2024-03-23 21:17:18
33189,Square,SUCCESS,00,1204,POS,Chicago,2024-03-23 21:28:39
33190,AuthorizeNet,SUCCESS,00,610,Mobile,Los Angeles,2024-03-24 00:40:59
33191,Square,FAILED,05,904,POS,Los Angeles,2024-03-24 01:06:46
33192,Stripe,FAILED,12,1306,ATM,Dallas,2024-03-24 01:19:14
33193,AuthorizeNet,SUCCESS,00,577,Mobile,Chicago,2024-03-24 01:49:49
33194,AuthorizeNet,SUCCESS,00,711,Mobile,Los Angeles,2024-03-24 02:19:18
33195,Square,SUCCESS,00,350,ATM,Los Angeles,2024-03-24 03:12:32
33196,Square,SUCCESS,00,407,ATM,Los Angeles,2024-03-24 03:29:40
33197,PayPal,SUCCESS,00,1358,ATM,Chicago,2024-03-24 05:08:47
33198,PayPal,SUCCESS,00,165,Desktop,Los Angeles,2024-03-24 05:36:03
33199,Stripe,SUCCESS,00,721,ATM,New York,2024-03-24 05:42:39
33200,AuthorizeNet,SUCCESS,00,543,ATM,New York,2024-03-24 05:49:11
33201,AuthorizeNet,SUCCESS,00,1168,Desktop,Dallas,2024-03-24 06:09:59
33202,Square,SUCCESS,00,489,POS,Dallas,2024-03-24 07:02:01
33203,PayPal,SUCCESS,00,595,Desktop,Dallas,2024-03-24 07:39:05
33204,Stripe,SUCCESS,00,1146,Desktop,Chicago,2024-03-24 07:48:51
33205,PayPal,SUCCESS,00,294,POS,New York,2024-03-24 08:06:03
33206,AuthorizeNet,SUCCESS,00,1042,Mobile,Los Angeles,2024-03-24 08:26:12
33207,Square,SUCCESS,00,996,Desktop,Los Angeles,2024-03-24 09:54:24
33208,Square,SUCCESS,00,1307,ATM,Los Angeles,2024-03-24 09:57:08
33209,AuthorizeNet,SUCCESS,00,1022,Desktop,New York,2024-03-24 10:13:34
33210,AuthorizeNet,SUCCESS,00,1416,Desktop,Los Angeles,2024-03-24 11:37:01
33211,Square,SUCCESS,00,874,ATM,New York,2024-03-24 14:13:14
33212,Square,SUCCESS,00,1022,Desktop,Chicago,2024-03-24 16:16:00
33213,AuthorizeNet,SUCCESS,00,1446,Desktop,Chicago,2024-03-24 17:49:28
33214,Stripe,SUCCESS,00,1122,ATM,New York,2024-03-24 18:53:56
33215,Stripe,SUCCESS,00,591,Desktop,Los Angeles,2024-03-24 19:40:45
33216,PayPal,SUCCESS,00,347,ATM,Los Angeles,2024-03-24 20:48:25
33217,Square,SUCCESS,00,852,Desktop,New York,2024-03-24 21:03:58
33218,AuthorizeNet,SUCCESS,00,526,ATM,Dallas,2024-03-24 21:14:46
33219,PayPal,SUCCESS,00,1201,POS,Chicago,2024-03-24 22:19:54
33220,Square,SUCCESS,00,265,POS,Dallas,2024-03-24 23:43:23
33221,PayPal,SUCCESS,00,641,Desktop,Los Angeles,2024-03-24 23:54:56
33222,Stripe,SUCCESS,00,732,Desktop,Dallas,2024-03-25 00:15:28
33223,PayPal,SUCCESS,00,261,Desktop,Chicago,2024-03-25 00:46:36
33224,PayPal,FAILED,12,210,ATM,Chicago,2024-03-25 02:20:24
33225,AuthorizeNet,SUCCESS,00,1276,POS,Dallas,2024-03-25 02:53:45
33226,AuthorizeNet,SUCCESS,00,855,POS,Los Angeles,2024-03-25 03:49:16
33227,Stripe,SUCCESS,00,772,Desktop,Los Angeles,2024-03-25 04:01:28
33228,PayPal,FAILED,12,1229,Desktop,Chicago,2024-03-25 04:34:57
33229,PayPal,SUCCESS,00,1225,Mobile,New York,2024-03-25 05:08:57
33230,PayPal,SUCCESS,00,963,Desktop,Chicago,2024-03-25 05:28:49
33231,Stripe,FAILED,05,829,Mobile,Chicago,2024-03-25 05:53:16
33232,AuthorizeNet,SUCCESS,00,412,Mobile,Chicago,2024-03-25 06:52:53
33233,PayPal,SUCCESS,00,712,Mobile,Dallas,2024-03-25 07:16:28
33234,PayPal,SUCCESS,00,1394,Mobile,Dallas,2024-03-25 07:16:52
33235,Square,FAILED,05,159,ATM,Chicago,2024-03-25 07:40:23
33236,Stripe,SUCCESS,00,955,Desktop,Chicago,2024-03-25 09:15:47
33237,Square,FAILED,05,264,Desktop,New York,2024-03-25 09:44:54
33238,PayPal,SUCCESS,00,1229,Desktop,Chicago,2024-03-25 09:53:06
33239,Square,SUCCESS,00,366,POS,Dallas,2024-03-25 11:37:37
33240,Stripe,SUCCESS,00,1200,Mobile,New York,2024-03-25 11:41:29
33241,Stripe,SUCCESS,00,548,POS,Los Angeles,2024-03-25 12:03:35
33242,Square,SUCCESS,00,675,POS,New York,2024-03-25 12:21:55
33243,Stripe,SUCCESS,00,690,Desktop,New York,2024-03-25 12:22:22
33244,Stripe,SUCCESS,00,417,POS,New York,2024-03-25 12:27:27
33245,AuthorizeNet,SUCCESS,00,1498,ATM,Dallas,2024-03-25 12:43:41
33246,Square,SUCCESS,00,1035,Mobile,Los Angeles,2024-03-25 12:51:19
33247,AuthorizeNet,SUCCESS,00,1072,Mobile,Los Angeles,2024-03-25 14:34:39
33248,PayPal,SUCCESS,00,1157,ATM,Chicago,2024-03-25 14:47:07
33249,PayPal,SUCCESS,00,923,Mobile,Dallas,2024-03-25 15:12:01
33250,PayPal,SUCCESS,00,547,Desktop,Los Angeles,2024-03-25 15:43:40
33251,Square,SUCCESS,00,641,ATM,Los Angeles,2024-03-25 16:07:38
33252,AuthorizeNet,SUCCESS,00,549,Desktop,Los Angeles,2024-03-25 17:44:02
33253,AuthorizeNet,SUCCESS,00,327,Mobile,Dallas,2024-03-25 18:14:30
33254,AuthorizeNet,SUCCESS,00,1441,POS,Los Angeles,2024-03-25 18:34:52
33255,AuthorizeNet,SUCCESS,00,940,Mobile,New York,2024-03-25 18:49:55
33256,Stripe,SUCCESS,00,1311,Mobile,New York,2024-03-25 19:08:19
33257,PayPal,SUCCESS,00,1467,POS,Los Angeles,2024-03-25 20:40:17
33258,Square,SUCCESS,00,1180,POS,Los Angeles,2024-03-25 20:49:53
33259,PayPal,SUCCESS,00,1445,Desktop,Chicago,2024-03-25 20:52:15
33260,PayPal,SUCCESS,00,1355,Desktop,Los Angeles,2024-03-25 21:25:39
33261,PayPal,SUCCESS,00,543,Mobile,Los Angeles,2024-03-25 21:39:43
33262,Square,SUCCESS,00,1487,Mobile,Los Angeles,2024-03-25 23:36:54
33263,Stripe,SUCCESS,00,1191,ATM,Chicago,2024-03-25 23:57:31
33264,Square,SUCCESS,00,231,Desktop,Los Angeles,2024-03-26 00:34:47
33265,AuthorizeNet,SUCCESS,00,691,Mobile,Los Angeles,2024-03-26 01:24:51
33266,Stripe,SUCCESS,00,516,POS,Los Angeles,2024-03-26 02:20:12
33267,AuthorizeNet,SUCCESS,00,324,POS,New York,2024-03-26 02:43:50
33268,AuthorizeNet,SUCCESS,00,239,Desktop,New York,2024-03-26 03:09:04
33269,PayPal,SUCCESS,00,518,Mobile,New York,2024-03-26 03:15:51
33270,Square,SUCCESS,00,913,Mobile,Dallas,2024-03-26 04:58:34
33271,Square,SUCCESS,00,1322,Desktop,Los Angeles,2024-03-26 04:59:25
33272,PayPal,SUCCESS,00,1288,POS,Dallas,2024-03-26 05:13:55
33273,Square,SUCCESS,00,634,ATM,Los Angeles,2024-03-26 05:29:54
33274,Stripe,SUCCESS,00,139,POS,New York,2024-03-26 07:03:00
33275,Square,SUCCESS,00,200,POS,Los Angeles,2024-03-26 07:22:17
33276,Square,SUCCESS,00,1000,Mobile,Los Angeles,2024-03-26 07:50:20
33277,AuthorizeNet,SUCCESS,00,1022,Desktop,Dallas,2024-03-26 08:19:32
33278,AuthorizeNet,SUCCESS,00,146,ATM,Los Angeles,2024-03-26 08:21:35
33279,Square,SUCCESS,00,363,ATM,Dallas,2024-03-26 09:10:24
33280,AuthorizeNet,SUCCESS,00,1008,Desktop,Dallas,2024-03-26 09:12:01
33281,PayPal,SUCCESS,00,1118,Desktop,Chicago,2024-03-26 09:46:14
33282,PayPal,SUCCESS,00,1007,ATM,Dallas,2024-03-26 11:10:03
33283,PayPal,SUCCESS,00,733,ATM,Dallas,2024-03-26 11:24:42
33284,AuthorizeNet,SUCCESS,00,1399,Desktop,Dallas,2024-03-26 12:01:43
33285,AuthorizeNet,SUCCESS,00,201,Mobile,Chicago,2024-03-26 13:04:09
33286,PayPal,SUCCESS,00,766,POS,Los Angeles,2024-03-26 14:55:24
33287,AuthorizeNet,SUCCESS,00,1309,ATM,Los Angeles,2024-03-26 15:14:00
33288,Square,SUCCESS,00,1468,Mobile,Chicago,2024-03-26 18:17:41
33289,AuthorizeNet,SUCCESS,00,361,POS,Dallas,2024-03-26 19:03:08
33290,Stripe,SUCCESS,00,540,Desktop,New York,2024-03-26 19:34:07
33291,AuthorizeNet,SUCCESS,00,658,ATM,Chicago,2024-03-26 19:56:41
33292,AuthorizeNet,SUCCESS,00,1216,Mobile,Los Angeles,2024-03-26 20:11:45
33293,AuthorizeNet,SUCCESS,00,100,ATM,Dallas,2024-03-26 20:31:09
33294,PayPal,SUCCESS,00,1488,Desktop,Los Angeles,2024-03-26 22:19:17
33295,Square,SUCCESS,00,252,Desktop,Dallas,2024-03-26 22:31:12
33296,PayPal,SUCCESS,00,784,Mobile,Los Angeles,2024-03-26 22:42:57
33297,AuthorizeNet,SUCCESS,00,302,Desktop,New York,2024-03-26 22:52:31
33298,Square,SUCCESS,00,899,ATM,New York,2024-03-26 23:07:52
33299,Square,FAILED,05,959,Desktop,Los Angeles,2024-03-27 01:47:02
33300,PayPal,SUCCESS,00,883,Mobile,Chicago,2024-03-27 01:49:12
33301,AuthorizeNet,SUCCESS,00,566,POS,Los Angeles,2024-03-27 01:58:17
33302,PayPal,SUCCESS,00,330,Mobile,Dallas,2024-03-27 02:27:58
33303,Square,SUCCESS,00,399,Desktop,New York,2024-03-27 02:52:30
33304,Stripe,FAILED,12,1260,Mobile,New York,2024-03-27 03:23:14
33305,Stripe,SUCCESS,00,608,Mobile,Los Angeles,2024-03-27 03:23:25
33306,PayPal,SUCCESS,00,764,POS,Los Angeles,2024-03-27 03:58:33
33307,AuthorizeNet,SUCCESS,00,1036,ATM,Dallas,2024-03-27 04:30:57
33308,Square,SUCCESS,00,831,POS,New York,2024-03-27 06:10:03
33309,Square,SUCCESS,00,970,ATM,Los Angeles,2024-03-27 06:43:32
33310,Square,SUCCESS,00,1450,Desktop,New York,2024-03-27 07:30:06
33311,AuthorizeNet,SUCCESS,00,970,POS,Dallas,2024-03-27 08:14:38
33312,Square,SUCCESS,00,664,ATM,Dallas,2024-03-27 08:41:37
33313,Stripe,SUCCESS,00,773,Mobile,Chicago,2024-03-27 08:45:20
33314,PayPal,FAILED,12,1091,Desktop,New York,2024-03-27 09:02:41
33315,Stripe,FAILED,05,1322,POS,Chicago,2024-03-27 09:28:34
33316,AuthorizeNet,SUCCESS,00,203,ATM,Dallas,2024-03-27 09:43:40
33317,Square,SUCCESS,00,1021,POS,Dallas,2024-03-27 11:30:10
33318,AuthorizeNet,PENDING,99,1305,Desktop,Dallas,2024-03-27 12:13:40
33319,PayPal,SUCCESS,00,1128,Desktop,Los Angeles,2024-03-27 13:08:54
33320,Stripe,SUCCESS,00,959,POS,Chicago,2024-03-27 13:10:43
33321,Square,SUCCESS,00,1187,Desktop,Dallas,2024-03-27 13:35:36
33322,Stripe,SUCCESS,00,1339,Desktop,Chicago,2024-03-27 14:15:19
33323,Square,SUCCESS,00,667,Mobile,Chicago,2024-03-27 14:38:26
33324,PayPal,SUCCESS,00,1479,POS,Los Angeles,2024-03-27 15:18:50
33325,Stripe,SUCCESS,00,105,ATM,New York,2024-03-27 15:48:35
33326,AuthorizeNet,SUCCESS,00,1246,Mobile,New York,2024-03-27 16:32:32
33327,AuthorizeNet,SUCCESS,00,323,Mobile,New York,2024-03-27 16:51:44
33328,AuthorizeNet,SUCCESS,00,413,POS,Chicago,2024-03-27 17:44:38
33329,PayPal,SUCCESS,00,1251,POS,New York,2024-03-27 18:30:35
33330,Square,SUCCESS,00,201,ATM,Dallas,2024-03-27 19:16:20
33331,Square,PENDING,99,1466,ATM,New York,2024-03-27 19:41:55
33332,AuthorizeNet,SUCCESS,00,767,Mobile,Chicago,2024-03-27 19:48:49
33333,Stripe,PENDING,99,405,ATM,Los Angeles,2024-03-27 20:12:33
33334,Square,SUCCESS,00,510,ATM,Chicago,2024-03-27 21:02:44
33335,AuthorizeNet,SUCCESS,00,372,POS,Los Angeles,2024-03-27 21:25:13
33336,AuthorizeNet,SUCCESS,00,1194,Desktop,New York,2024-03-27 21:57:55
33337,Square,SUCCESS,00,1093,Mobile,New York,2024-03-27 22:23:56
33338,AuthorizeNet,SUCCESS,00,125,Mobile,Los Angeles,2024-03-28 03:10:41
33339,Stripe,SUCCESS,00,1370,ATM,Chicago,2024-03-28 04:00:03
33340,AuthorizeNet,SUCCESS,00,417,POS,Chicago,2024-03-28 06:18:59
33341,Stripe,SUCCESS,00,1471,ATM,New York,2024-03-28 06:28:18
33342,Stripe,SUCCESS,00,127,Desktop,Dallas,2024-03-28 06:33:31
33343,AuthorizeNet,SUCCESS,00,138,Mobile,Los Angeles,2024-03-28 06:52:07
33344,Square,SUCCESS,00,1426,Mobile,Chicago,2024-03-28 07:29:51
33345,AuthorizeNet,SUCCESS,00,855,ATM,New York,2024-03-28 07:45:06
33346,AuthorizeNet,FAILED,12,1385,ATM,Los Angeles,2024-03-28 08:04:35
33347,Square,SUCCESS,00,1365,Mobile,Dallas,2024-03-28 08:33:25
33348,AuthorizeNet,SUCCESS,00,819,Mobile,Dallas,2024-03-28 09:11:53
33349,PayPal,SUCCESS,00,222,POS,New York,2024-03-28 09:39:40
33350,Stripe,SUCCESS,00,635,POS,New York,2024-03-28 09:46:47
33351,Stripe,SUCCESS,00,763,Mobile,New York,2024-03-28 11:16:56
33352,Stripe,SUCCESS,00,1399,POS,New York,2024-03-28 12:46:05
33353,Stripe,SUCCESS,00,1270,Desktop,Los Angeles,2024-03-28 13:09:56
33354,PayPal,FAILED,12,1133,ATM,Dallas,2024-03-28 13:14:56
33355,AuthorizeNet,SUCCESS,00,1342,Mobile,New York,2024-03-28 13:21:31
33356,Stripe,SUCCESS,00,1180,ATM,Chicago,2024-03-28 14:27:12
33357,Stripe,SUCCESS,00,668,ATM,Dallas,2024-03-28 14:54:57
33358,Square,SUCCESS,00,950,Mobile,New York,2024-03-28 15:10:01
33359,Stripe,SUCCESS,00,202,Desktop,New York,2024-03-28 15:30:20
33360,PayPal,SUCCESS,00,505,Mobile,Los Angeles,2024-03-28 15:57:21
33361,PayPal,SUCCESS,00,693,POS,Dallas,2024-03-28 16:00:26
33362,Square,SUCCESS,00,772,Mobile,New York,2024-03-28 16:51:51
33363,PayPal,SUCCESS,00,462,ATM,Chicago,2024-03-28 18:51:36
33364,Stripe,SUCCESS,00,1282,ATM,Chicago,2024-03-28 19:55:20
33365,Square,SUCCESS,00,192,POS,Los Angeles,2024-03-28 20:51:53
33366,PayPal,SUCCESS,00,1287,ATM,Dallas,2024-03-28 21:23:53
33367,AuthorizeNet,SUCCESS,00,942,POS,Chicago,2024-03-28 21:36:15
33368,PayPal,SUCCESS,00,1186,ATM,New York,2024-03-28 23:07:06
33369,Stripe,SUCCESS,00,1231,POS,Chicago,2024-03-28 23:14:49
33370,PayPal,SUCCESS,00,1311,Mobile,Los Angeles,2024-03-28 23:38:54
33371,Stripe,FAILED,05,303,Desktop,Chicago,2024-03-28 23:44:00
33372,PayPal,SUCCESS,00,490,Desktop,New York,2024-03-28 23:59:55
33373,PayPal,SUCCESS,00,1346,ATM,Chicago,2024-03-29 00:54:12
33374,AuthorizeNet,SUCCESS,00,119,Mobile,Dallas,2024-03-29 02:03:48
33375,Square,PENDING,99,662,POS,Chicago,2024-03-29 02:46:20
33376,PayPal,SUCCESS,00,1195,ATM,Chicago,2024-03-29 04:07:05
33377,Stripe,SUCCESS,00,975,ATM,New York,2024-03-29 04:59:37
33378,PayPal,SUCCESS,00,678,Mobile,Los Angeles,2024-03-29 05:04:51
33379,AuthorizeNet,SUCCESS,00,183,Desktop,Dallas,2024-03-29 05:12:55
33380,Square,SUCCESS,00,629,ATM,Los Angeles,2024-03-29 06:23:25
33381,Square,SUCCESS,00,1357,Desktop,Los Angeles,2024-03-29 06:57:57
33382,AuthorizeNet,SUCCESS,00,232,POS,New York,2024-03-29 07:19:14
33383,Stripe,SUCCESS,00,1075,Desktop,Los Angeles,2024-03-29 07:56:02
33384,AuthorizeNet,SUCCESS,00,560,Mobile,Chicago,2024-03-29 10:23:50
33385,AuthorizeNet,SUCCESS,00,1055,POS,Chicago,2024-03-29 11:28:16
33386,Square,SUCCESS,00,491,ATM,New York,2024-03-29 12:28:45
33387,Stripe,SUCCESS,00,1158,Mobile,New York,2024-03-29 14:46:10
33388,Stripe,SUCCESS,00,270,Desktop,Dallas,2024-03-29 15:29:42
33389,Square,PENDING,99,1353,POS,New York,2024-03-29 15:35:24
33390,AuthorizeNet,SUCCESS,00,1089,Mobile,Los Angeles,2024-03-29 16:13:11
33391,Stripe,SUCCESS,00,448,Mobile,Chicago,2024-03-29 16:28:17
33392,Stripe,SUCCESS,00,105,ATM,New York,2024-03-29 16:51:35
33393,PayPal,SUCCESS,00,855,ATM,Chicago,2024-03-29 18:09:38
33394,Stripe,SUCCESS,00,1381,Mobile,Los Angeles,2024-03-29 18:15:06
33395,AuthorizeNet,SUCCESS,00,947,Mobile,Dallas,2024-03-29 18:16:31
33396,Stripe,SUCCESS,00,1495,Desktop,Dallas,2024-03-29 18:53:39
33397,AuthorizeNet,SUCCESS,00,203,Mobile,New York,2024-03-29 20:16:06
33398,PayPal,SUCCESS,00,939,Mobile,Dallas,2024-03-29 22:02:13
33399,AuthorizeNet,SUCCESS,00,1322,Mobile,Dallas,2024-03-29 22:19:35
33400,PayPal,SUCCESS,00,1123,Desktop,Dallas,2024-03-29 22:23:29
33401,Stripe,SUCCESS,00,429,Mobile,Dallas,2024-03-29 22:26:40
33402,Square,SUCCESS,00,713,Desktop,New York,2024-03-29 23:58:31
33403,Stripe,SUCCESS,00,554,Desktop,New York,2024-03-30 01:09:18
33404,PayPal,FAILED,12,314,POS,Los Angeles,2024-03-30 01:25:37
33405,PayPal,SUCCESS,00,486,Desktop,Chicago,2024-03-30 01:26:35
33406,AuthorizeNet,SUCCESS,00,1404,Desktop,New York,2024-03-30 01:58:57
33407,AuthorizeNet,SUCCESS,00,332,POS,Chicago,2024-03-30 02:10:20
33408,Square,SUCCESS,00,1459,Desktop,Dallas,2024-03-30 03:00:52
33409,AuthorizeNet,SUCCESS,00,513,Desktop,Chicago,2024-03-30 03:21:42
33410,PayPal,SUCCESS,00,381,POS,Los Angeles,2024-03-30 03:33:25
33411,Stripe,SUCCESS,00,1027,ATM,Dallas,2024-03-30 04:27:31
33412,PayPal,SUCCESS,00,729,POS,Chicago,2024-03-30 04:38:23
33413,Stripe,SUCCESS,00,299,Mobile,Dallas,2024-03-30 04:45:09
33414,AuthorizeNet,FAILED,12,1431,POS,New York,2024-03-30 05:24:09
33415,AuthorizeNet,SUCCESS,00,408,POS,Los Angeles,2024-03-30 06:00:01
33416,Square,SUCCESS,00,102,ATM,New York,2024-03-30 06:56:02
33417,Square,SUCCESS,00,849,Desktop,Chicago,2024-03-30 07:18:48
33418,AuthorizeNet,SUCCESS,00,151,Mobile,Los Angeles,2024-03-30 07:20:08
33419,Stripe,SUCCESS,00,1034,POS,Chicago,2024-03-30 07:25:05
33420,Stripe,SUCCESS,00,692,POS,Dallas,2024-03-30 07:53:32
33421,PayPal,SUCCESS,00,1245,ATM,Chicago,2024-03-30 09:47:54
33422,Square,SUCCESS,00,1024,ATM,Dallas,2024-03-30 10:20:58
33423,Stripe,SUCCESS,00,514,POS,New York,2024-03-30 10:32:26
33424,PayPal,SUCCESS,00,165,Desktop,Los Angeles,2024-03-30 10:51:20
33425,Square,SUCCESS,00,1305,POS,Chicago,2024-03-30 10:51:36
33426,PayPal,SUCCESS,00,790,Mobile,Dallas,2024-03-30 11:16:35
33427,Square,SUCCESS,00,1189,ATM,Dallas,2024-03-30 11:31:35
33428,Square,SUCCESS,00,1040,Mobile,Los Angeles,2024-03-30 13:34:50
33429,Stripe,SUCCESS,00,253,POS,New York,2024-03-30 15:30:36
33430,PayPal,SUCCESS,00,1004,POS,New York,2024-03-30 15:43:37
33431,AuthorizeNet,SUCCESS,00,1111,POS,Los Angeles,2024-03-30 17:17:11
33432,AuthorizeNet,SUCCESS,00,558,POS,Dallas,2024-03-30 17:23:39
33433,PayPal,SUCCESS,00,183,Desktop,Chicago,2024-03-30 17:43:14
33434,AuthorizeNet,SUCCESS,00,269,ATM,Dallas,2024-03-30 18:18:07
33435,AuthorizeNet,SUCCESS,00,659,Mobile,Dallas,2024-03-30 18:27:11
33436,Stripe,SUCCESS,00,1251,POS,Dallas,2024-03-30 18:27:49
33437,Stripe,SUCCESS,00,1497,POS,Los Angeles,2024-03-30 18:35:14
33438,AuthorizeNet,FAILED,12,942,Desktop,Chicago,2024-03-30 19:05:05
33439,Stripe,SUCCESS,00,205,ATM,Chicago,2024-03-30 19:52:52
33440,PayPal,SUCCESS,00,198,Mobile,Chicago,2024-03-30 20:59:03
33441,PayPal,SUCCESS,00,113,Mobile,Los Angeles,2024-03-30 20:59:54
33442,Stripe,FAILED,12,667,POS,Dallas,2024-03-30 22:50:56
33443,AuthorizeNet,SUCCESS,00,1356,ATM,Chicago,2024-03-30 22:52:51
33444,PayPal,SUCCESS,00,1051,Desktop,Chicago,2024-03-30 23:22:27
33445,PayPal,SUCCESS,00,458,Mobile,New York,2024-03-31 01:42:22
33446,Square,SUCCESS,00,278,Desktop,Chicago,2024-03-31 03:31:29
33447,AuthorizeNet,SUCCESS,00,1186,Desktop,Chicago,2024-03-31 03:50:12
33448,PayPal,SUCCESS,00,280,Mobile,Los Angeles,2024-03-31 05:02:24
33449,AuthorizeNet,SUCCESS,00,712,Desktop,Los Angeles,2024-03-31 05:47:38
33450,AuthorizeNet,FAILED,12,1461,Mobile,Chicago,2024-03-31 05:48:17
33451,Square,SUCCESS,00,140,POS,Los Angeles,2024-03-31 05:49:02
33452,AuthorizeNet,SUCCESS,00,990,Mobile,Chicago,2024-03-31 07:27:53
33453,PayPal,SUCCESS,00,311,POS,Los Angeles,2024-03-31 07:42:15
33454,Stripe,SUCCESS,00,123,ATM,Los Angeles,2024-03-31 09:30:10
33455,AuthorizeNet,SUCCESS,00,498,POS,New York,2024-03-31 09:36:07
33456,Stripe,FAILED,12,240,Desktop,Chicago,2024-03-31 09:52:43
33457,Square,SUCCESS,00,434,POS,Dallas,2024-03-31 10:14:39
33458,PayPal,SUCCESS,00,199,Mobile,New York,2024-03-31 11:38:51
33459,PayPal,FAILED,05,836,ATM,Los Angeles,2024-03-31 12:08:20
33460,Square,SUCCESS,00,372,POS,Chicago,2024-03-31 12:31:58
33461,AuthorizeNet,SUCCESS,00,1293,POS,New York,2024-03-31 12:44:50
33462,AuthorizeNet,SUCCESS,00,886,Desktop,New York,2024-03-31 12:59:25
33463,PayPal,SUCCESS,00,524,Desktop,Chicago,2024-03-31 13:48:04
33464,Stripe,SUCCESS,00,283,ATM,Dallas,2024-03-31 13:53:55
33465,Square,SUCCESS,00,604,Mobile,Los Angeles,2024-03-31 14:50:01
33466,AuthorizeNet,SUCCESS,00,1373,ATM,Chicago,2024-03-31 15:40:17
33467,Stripe,SUCCESS,00,687,Desktop,Los Angeles,2024-03-31 16:03:44
33468,Square,SUCCESS,00,1387,Mobile,New York,2024-03-31 16:15:57
33469,AuthorizeNet,SUCCESS,00,1178,Mobile,New York,2024-03-31 16:34:47
33470,AuthorizeNet,SUCCESS,00,747,Desktop,Dallas,2024-03-31 17:47:28
33471,Stripe,SUCCESS,00,114,POS,Los Angeles,2024-03-31 19:37:22
33472,PayPal,SUCCESS,00,457,Mobile,Los Angeles,2024-03-31 19:58:54
33473,AuthorizeNet,SUCCESS,00,710,Mobile,Dallas,2024-03-31 22:39:38
33474,AuthorizeNet,SUCCESS,00,1483,Desktop,Chicago,2024-03-31 23:32:37
33475,Square,SUCCESS,00,320,Desktop,Los Angeles,2024-03-31 23:45:31
33476,Stripe,SUCCESS,00,1491,POS,Chicago,2024-03-31 23:49:42
33477,AuthorizeNet,SUCCESS,00,1351,Mobile,Chicago,2024-04-01 00:22:59
33478,AuthorizeNet,SUCCESS,00,1154,POS,Dallas,2024-04-01 00:25:48
33479,Stripe,SUCCESS,00,752,Mobile,Los Angeles,2024-04-01 00:42:39
33480,Square,SUCCESS,00,976,Mobile,Dallas,2024-04-01 03:16:54
33481,Stripe,SUCCESS,00,1038,Desktop,New York,2024-04-01 03:19:23
33482,Square,SUCCESS,00,306,POS,Dallas,2024-04-01 03:24:44
33483,PayPal,SUCCESS,00,281,Desktop,Chicago,2024-04-01 03:32:49
33484,AuthorizeNet,SUCCESS,00,1251,Mobile,Los Angeles,2024-04-01 04:23:50
33485,AuthorizeNet,SUCCESS,00,1260,POS,Chicago,2024-04-01 04:24:23
33486,Stripe,SUCCESS,00,815,POS,New York,2024-04-01 04:46:07
33487,PayPal,SUCCESS,00,1280,Desktop,New York,2024-04-01 05:03:36
33488,Square,SUCCESS,00,1298,Mobile,Dallas,2024-04-01 05:05:02
33489,PayPal,FAILED,05,373,ATM,Dallas,2024-04-01 05:32:27
33490,PayPal,SUCCESS,00,994,Desktop,Los Angeles,2024-04-01 06:51:15
33491,AuthorizeNet,SUCCESS,00,831,POS,Dallas,2024-04-01 07:59:32
33492,AuthorizeNet,SUCCESS,00,697,POS,Los Angeles,2024-04-01 08:10:26
33493,Stripe,SUCCESS,00,246,Desktop,Chicago,2024-04-01 08:15:44
33494,Square,FAILED,12,218,ATM,New York,2024-04-01 08:52:36
33495,Square,SUCCESS,00,941,Desktop,Chicago,2024-04-01 09:30:36
33496,PayPal,SUCCESS,00,637,ATM,Chicago,2024-04-01 09:51:11
33497,PayPal,SUCCESS,00,1078,POS,Dallas,2024-04-01 10:19:41
33498,Stripe,SUCCESS,00,1058,Mobile,Dallas,2024-04-01 10:41:18
33499,Stripe,PENDING,99,796,POS,Chicago,2024-04-01 12:24:56
33500,PayPal,SUCCESS,00,617,Mobile,Chicago,2024-04-01 14:02:05
33501,Square,SUCCESS,00,1447,POS,Los Angeles,2024-04-01 15:55:41
33502,Square,SUCCESS,00,1102,Mobile,Dallas,2024-04-01 16:43:25
33503,PayPal,SUCCESS,00,1035,Mobile,Los Angeles,2024-04-01 17:25:30
33504,Stripe,SUCCESS,00,1193,Desktop,Dallas,2024-04-01 18:08:43
33505,Stripe,SUCCESS,00,310,ATM,Chicago,2024-04-01 19:45:04
33506,Stripe,SUCCESS,00,1061,POS,Dallas,2024-04-01 21:24:41
33507,AuthorizeNet,SUCCESS,00,880,ATM,Los Angeles,2024-04-01 22:16:58
33508,PayPal,SUCCESS,00,1348,POS,New York,2024-04-01 22:19:43
33509,Stripe,SUCCESS,00,1127,POS,Chicago,2024-04-01 23:04:07
33510,Stripe,SUCCESS,00,815,Mobile,Dallas,2024-04-01 23:47:49
33511,Square,PENDING,99,1212,Mobile,Chicago,2024-04-01 23:52:30
33512,Stripe,SUCCESS,00,440,Mobile,New York,2024-04-02 00:01:42
33513,Square,SUCCESS,00,689,Desktop,New York,2024-04-02 01:06:46
33514,PayPal,SUCCESS,00,1315,POS,Chicago,2024-04-02 01:16:44
33515,AuthorizeNet,SUCCESS,00,546,POS,New York,2024-04-02 01:51:11
33516,Stripe,FAILED,12,907,ATM,Dallas,2024-04-02 02:22:07
33517,AuthorizeNet,SUCCESS,00,1022,POS,Los Angeles,2024-04-02 03:19:12
33518,AuthorizeNet,FAILED,12,176,POS,New York,2024-04-02 04:13:29
33519,AuthorizeNet,SUCCESS,00,1298,ATM,Chicago,2024-04-02 05:21:25
33520,AuthorizeNet,FAILED,12,1298,ATM,Chicago,2024-04-02 05:38:10
33521,Stripe,SUCCESS,00,1233,ATM,Dallas,2024-04-02 05:43:17
33522,Stripe,SUCCESS,00,466,Mobile,Chicago,2024-04-02 06:50:15
33523,AuthorizeNet,SUCCESS,00,328,ATM,Los Angeles,2024-04-02 08:20:43
33524,AuthorizeNet,SUCCESS,00,184,POS,Dallas,2024-04-02 08:20:49
33525,Stripe,FAILED,05,1151,POS,Dallas,2024-04-02 08:56:32
33526,Stripe,FAILED,12,1114,Mobile,Chicago,2024-04-02 09:29:06
33527,PayPal,SUCCESS,00,1039,Desktop,Dallas,2024-04-02 09:31:20
33528,Square,FAILED,12,999,Desktop,Dallas,2024-04-02 09:33:44
33529,AuthorizeNet,SUCCESS,00,562,POS,Los Angeles,2024-04-02 09:49:58
33530,AuthorizeNet,SUCCESS,00,1210,Desktop,New York,2024-04-02 10:32:48
33531,PayPal,SUCCESS,00,246,Mobile,Chicago,2024-04-02 11:06:17
33532,Square,SUCCESS,00,564,Mobile,New York,2024-04-02 13:11:43
33533,AuthorizeNet,FAILED,05,571,Desktop,Chicago,2024-04-02 13:23:18
33534,Square,SUCCESS,00,1190,Mobile,Los Angeles,2024-04-02 13:57:08
33535,Stripe,SUCCESS,00,991,Desktop,Dallas,2024-04-02 15:54:55
33536,Square,SUCCESS,00,209,Desktop,Dallas,2024-04-02 16:01:58
33537,Stripe,SUCCESS,00,1424,ATM,Los Angeles,2024-04-02 16:12:20
33538,AuthorizeNet,SUCCESS,00,1165,ATM,Los Angeles,2024-04-02 16:19:47
33539,PayPal,SUCCESS,00,1471,Desktop,New York,2024-04-02 16:57:52
33540,Square,SUCCESS,00,1442,ATM,Los Angeles,2024-04-02 17:11:14
33541,Stripe,SUCCESS,00,205,Desktop,New York,2024-04-02 17:19:02
33542,Square,SUCCESS,00,634,Mobile,Los Angeles,2024-04-02 18:05:46
33543,Stripe,SUCCESS,00,387,Mobile,Dallas,2024-04-02 18:07:53
33544,Square,SUCCESS,00,249,Desktop,Los Angeles,2024-04-02 18:46:47
33545,Stripe,SUCCESS,00,1342,ATM,Chicago,2024-04-02 19:25:27
33546,Square,FAILED,12,1439,Desktop,New York,2024-04-02 20:33:00
33547,Square,SUCCESS,00,1422,Desktop,Chicago,2024-04-02 20:36:28
33548,AuthorizeNet,SUCCESS,00,822,ATM,Los Angeles,2024-04-02 21:17:02
33549,AuthorizeNet,SUCCESS,00,471,ATM,Los Angeles,2024-04-02 21:42:08
33550,Stripe,SUCCESS,00,458,POS,Chicago,2024-04-02 22:44:46
33551,Stripe,SUCCESS,00,185,ATM,New York,2024-04-02 22:47:19
33552,Square,SUCCESS,00,103,Mobile,Chicago,2024-04-02 22:55:39
33553,Stripe,SUCCESS,00,1435,ATM,New York,2024-04-02 23:15:04
33554,AuthorizeNet,SUCCESS,00,581,Mobile,Los Angeles,2024-04-03 00:59:46
33555,Stripe,SUCCESS,00,1015,ATM,Chicago,2024-04-03 01:12:03
33556,AuthorizeNet,SUCCESS,00,171,POS,Dallas,2024-04-03 01:45:51
33557,PayPal,SUCCESS,00,1373,ATM,Dallas,2024-04-03 01:51:47
33558,AuthorizeNet,SUCCESS,00,945,POS,Los Angeles,2024-04-03 02:41:13
33559,AuthorizeNet,SUCCESS,00,1133,Mobile,Dallas,2024-04-03 02:55:21
33560,Stripe,SUCCESS,00,449,POS,Chicago,2024-04-03 02:59:51
33561,Square,SUCCESS,00,858,POS,New York,2024-04-03 03:26:53
33562,PayPal,SUCCESS,00,1056,Desktop,Los Angeles,2024-04-03 04:03:54
33563,Stripe,SUCCESS,00,678,Desktop,Los Angeles,2024-04-03 04:50:18
33564,AuthorizeNet,SUCCESS,00,1330,Mobile,Chicago,2024-04-03 04:57:55
33565,PayPal,SUCCESS,00,388,Desktop,New York,2024-04-03 05:04:50
33566,PayPal,SUCCESS,00,296,Desktop,Dallas,2024-04-03 05:24:36
33567,PayPal,SUCCESS,00,1012,POS,New York,2024-04-03 06:10:22
33568,PayPal,SUCCESS,00,397,POS,Dallas,2024-04-03 07:12:46
33569,AuthorizeNet,PENDING,99,825,ATM,New York,2024-04-03 07:29:52
33570,AuthorizeNet,SUCCESS,00,1387,POS,Chicago,2024-04-03 08:35:21
33571,Stripe,SUCCESS,00,716,POS,Dallas,2024-04-03 08:38:05
33572,PayPal,SUCCESS,00,340,Mobile,New York,2024-04-03 08:54:06
33573,AuthorizeNet,FAILED,05,1300,Mobile,Chicago,2024-04-03 08:58:42
33574,Stripe,SUCCESS,00,1339,ATM,New York,2024-04-03 09:35:40
33575,Stripe,FAILED,05,1195,ATM,New York,2024-04-03 09:55:45
33576,AuthorizeNet,SUCCESS,00,1284,Desktop,Los Angeles,2024-04-03 11:40:01
33577,AuthorizeNet,SUCCESS,00,224,Mobile,New York,2024-04-03 11:43:59
33578,PayPal,SUCCESS,00,1174,Mobile,Los Angeles,2024-04-03 13:01:01
33579,Square,SUCCESS,00,1062,POS,Dallas,2024-04-03 14:08:38
33580,Square,FAILED,12,815,Desktop,Dallas,2024-04-03 14:13:25
33581,PayPal,SUCCESS,00,1283,Desktop,Los Angeles,2024-04-03 14:25:59
33582,Stripe,SUCCESS,00,1223,ATM,Los Angeles,2024-04-03 15:14:50
33583,PayPal,SUCCESS,00,242,Mobile,Dallas,2024-04-03 16:12:32
33584,PayPal,SUCCESS,00,823,Mobile,New York,2024-04-03 16:46:06
33585,PayPal,SUCCESS,00,1102,Mobile,New York,2024-04-03 17:30:29
33586,PayPal,SUCCESS,00,309,POS,New York,2024-04-03 18:34:54
33587,PayPal,SUCCESS,00,199,POS,Dallas,2024-04-03 18:39:55
33588,Stripe,SUCCESS,00,1347,POS,Chicago,2024-04-03 19:00:06
33589,Square,SUCCESS,00,926,Desktop,Chicago,2024-04-03 20:15:33
33590,PayPal,SUCCESS,00,798,Mobile,Dallas,2024-04-03 22:45:20
33591,AuthorizeNet,SUCCESS,00,483,Desktop,Dallas,2024-04-03 23:32:48
33592,Stripe,SUCCESS,00,566,POS,Los Angeles,2024-04-03 23:38:31
33593,AuthorizeNet,SUCCESS,00,1096,Desktop,Los Angeles,2024-04-03 23:44:30
33594,AuthorizeNet,SUCCESS,00,702,POS,New York,2024-04-04 00:10:38
33595,PayPal,SUCCESS,00,797,Desktop,New York,2024-04-04 00:38:18
33596,Stripe,SUCCESS,00,694,ATM,Dallas,2024-04-04 00:41:42
33597,Stripe,SUCCESS,00,849,Mobile,Los Angeles,2024-04-04 00:43:45
33598,AuthorizeNet,SUCCESS,00,1293,Mobile,New York,2024-04-04 01:52:07
33599,AuthorizeNet,SUCCESS,00,869,POS,New York,2024-04-04 02:19:57
33600,PayPal,SUCCESS,00,755,Desktop,Chicago,2024-04-04 02:41:18
33601,Square,FAILED,05,320,Desktop,Dallas,2024-04-04 03:02:15
33602,AuthorizeNet,SUCCESS,00,570,Mobile,Dallas,2024-04-04 04:47:45
33603,Square,SUCCESS,00,1184,Desktop,New York,2024-04-04 05:59:59
33604,AuthorizeNet,FAILED,12,810,POS,Chicago,2024-04-04 06:06:05
33605,Stripe,SUCCESS,00,1009,Mobile,Dallas,2024-04-04 07:41:17
33606,PayPal,SUCCESS,00,155,POS,Dallas,2024-04-04 09:19:59
33607,PayPal,SUCCESS,00,832,Mobile,Dallas,2024-04-04 10:34:01
33608,Square,SUCCESS,00,257,Desktop,Los Angeles,2024-04-04 12:13:09
33609,Square,SUCCESS,00,422,Desktop,Dallas,2024-04-04 12:43:26
33610,PayPal,SUCCESS,00,1134,Desktop,Chicago,2024-04-04 14:30:30
33611,Square,SUCCESS,00,173,POS,Chicago,2024-04-04 14:43:32
33612,Square,SUCCESS,00,838,ATM,Dallas,2024-04-04 15:05:14
33613,AuthorizeNet,SUCCESS,00,649,POS,Dallas,2024-04-04 15:48:42
33614,AuthorizeNet,SUCCESS,00,847,Mobile,New York,2024-04-04 15:52:03
33615,Square,SUCCESS,00,979,Mobile,New York,2024-04-04 16:10:46
33616,PayPal,SUCCESS,00,744,Desktop,Los Angeles,2024-04-04 17:02:11
33617,Stripe,FAILED,05,1008,Desktop,New York,2024-04-04 17:50:20
33618,Stripe,SUCCESS,00,777,ATM,New York,2024-04-04 18:15:19
33619,PayPal,SUCCESS,00,1153,ATM,Los Angeles,2024-04-04 18:22:15
33620,PayPal,SUCCESS,00,427,ATM,Dallas,2024-04-04 19:08:40
33621,Stripe,SUCCESS,00,209,Desktop,Chicago,2024-04-04 19:53:02
33622,AuthorizeNet,SUCCESS,00,862,Desktop,Los Angeles,2024-04-04 20:17:13
33623,PayPal,SUCCESS,00,961,POS,Los Angeles,2024-04-04 20:31:27
33624,Stripe,SUCCESS,00,1298,Mobile,Chicago,2024-04-04 21:35:08
33625,PayPal,SUCCESS,00,1399,POS,New York,2024-04-04 21:52:46
33626,Square,SUCCESS,00,1489,Desktop,New York,2024-04-04 23:36:39
33627,Square,SUCCESS,00,1483,ATM,Los Angeles,2024-04-05 00:29:23
33628,AuthorizeNet,SUCCESS,00,238,Desktop,New York,2024-04-05 01:38:02
33629,AuthorizeNet,SUCCESS,00,1152,Mobile,Chicago,2024-04-05 02:09:10
33630,PayPal,SUCCESS,00,754,POS,Dallas,2024-04-05 02:49:48
33631,Square,SUCCESS,00,1231,Desktop,Los Angeles,2024-04-05 06:43:11
33632,PayPal,SUCCESS,00,1278,Desktop,Dallas,2024-04-05 07:14:17
33633,AuthorizeNet,SUCCESS,00,719,Desktop,New York,2024-04-05 07:38:40
33634,PayPal,SUCCESS,00,1400,POS,Chicago,2024-04-05 08:00:35
33635,Stripe,SUCCESS,00,1182,Desktop,Dallas,2024-04-05 08:21:22
33636,AuthorizeNet,SUCCESS,00,593,Mobile,Chicago,2024-04-05 08:56:39
33637,AuthorizeNet,SUCCESS,00,180,POS,Dallas,2024-04-05 09:32:18
33638,Stripe,SUCCESS,00,1479,ATM,Los Angeles,2024-04-05 09:38:59
33639,Square,SUCCESS,00,614,Mobile,Los Angeles,2024-04-05 09:40:18
33640,Stripe,SUCCESS,00,1115,POS,New York,2024-04-05 10:04:41
33641,Stripe,SUCCESS,00,1258,POS,Chicago,2024-04-05 11:24:00
33642,AuthorizeNet,SUCCESS,00,973,Desktop,Chicago,2024-04-05 11:52:04
33643,Square,FAILED,05,832,ATM,New York,2024-04-05 12:38:42
33644,PayPal,SUCCESS,00,351,POS,New York,2024-04-05 12:46:05
33645,AuthorizeNet,SUCCESS,00,1250,Mobile,Los Angeles,2024-04-05 13:11:33
33646,Square,SUCCESS,00,535,POS,Dallas,2024-04-05 14:08:32
33647,AuthorizeNet,SUCCESS,00,342,Mobile,Dallas,2024-04-05 15:04:28
33648,Stripe,FAILED,12,1268,Mobile,Los Angeles,2024-04-05 15:14:55
33649,AuthorizeNet,SUCCESS,00,819,Mobile,Dallas,2024-04-05 15:25:24
33650,AuthorizeNet,FAILED,12,1229,Mobile,Dallas,2024-04-05 15:52:06
33651,Square,SUCCESS,00,1387,ATM,Chicago,2024-04-05 16:25:01
33652,Stripe,SUCCESS,00,464,Desktop,Los Angeles,2024-04-05 16:53:10
33653,PayPal,SUCCESS,00,955,ATM,Dallas,2024-04-05 18:02:58
33654,Stripe,SUCCESS,00,473,Desktop,Los Angeles,2024-04-05 19:15:11
33655,PayPal,SUCCESS,00,560,Mobile,Los Angeles,2024-04-05 19:19:06
33656,Square,SUCCESS,00,660,ATM,Dallas,2024-04-05 20:13:43
33657,Stripe,SUCCESS,00,1173,ATM,Los Angeles,2024-04-05 20:16:00
33658,AuthorizeNet,SUCCESS,00,574,Mobile,Chicago,2024-04-05 20:39:32
33659,Square,SUCCESS,00,702,Desktop,Los Angeles,2024-04-05 21:26:40
33660,PayPal,SUCCESS,00,1161,Desktop,Dallas,2024-04-05 22:55:29
33661,Stripe,SUCCESS,00,596,ATM,Los Angeles,2024-04-05 23:06:24
33662,PayPal,SUCCESS,00,820,POS,Chicago,2024-04-05 23:55:34
33663,PayPal,SUCCESS,00,320,ATM,Dallas,2024-04-06 01:00:56
33664,AuthorizeNet,SUCCESS,00,127,POS,Dallas,2024-04-06 03:06:24
33665,Stripe,SUCCESS,00,1192,Desktop,Chicago,2024-04-06 03:22:51
33666,AuthorizeNet,SUCCESS,00,401,POS,Dallas,2024-04-06 03:47:28
33667,Square,SUCCESS,00,270,Desktop,Dallas,2024-04-06 04:18:34
33668,PayPal,SUCCESS,00,153,ATM,Los Angeles,2024-04-06 05:11:34
33669,AuthorizeNet,SUCCESS,00,360,ATM,Dallas,2024-04-06 06:19:49
33670,Square,SUCCESS,00,392,Desktop,Dallas,2024-04-06 07:03:34
33671,Square,SUCCESS,00,729,POS,Dallas,2024-04-06 08:33:38
33672,Square,SUCCESS,00,705,Mobile,Dallas,2024-04-06 09:50:55
33673,AuthorizeNet,SUCCESS,00,877,POS,Dallas,2024-04-06 10:48:44
33674,PayPal,SUCCESS,00,847,Desktop,Dallas,2024-04-06 12:45:47
33675,PayPal,SUCCESS,00,1106,POS,Chicago,2024-04-06 12:47:55
33676,Stripe,SUCCESS,00,1107,Mobile,Los Angeles,2024-04-06 12:53:04
33677,AuthorizeNet,SUCCESS,00,367,POS,New York,2024-04-06 13:09:38
33678,AuthorizeNet,SUCCESS,00,1152,Mobile,Los Angeles,2024-04-06 13:51:11
33679,Square,FAILED,05,1363,ATM,Dallas,2024-04-06 14:49:09
33680,PayPal,SUCCESS,00,429,ATM,Los Angeles,2024-04-06 15:11:31
33681,Stripe,SUCCESS,00,605,Mobile,Los Angeles,2024-04-06 16:39:41
33682,Stripe,SUCCESS,00,1016,Mobile,Chicago,2024-04-06 16:54:54
33683,Square,SUCCESS,00,1294,ATM,Los Angeles,2024-04-06 17:04:12
33684,Stripe,SUCCESS,00,830,ATM,Chicago,2024-04-06 17:23:25
33685,Stripe,SUCCESS,00,1210,POS,Chicago,2024-04-06 17:33:25
33686,Stripe,SUCCESS,00,1096,Desktop,New York,2024-04-06 18:40:32
33687,Stripe,SUCCESS,00,1211,Mobile,Dallas,2024-04-06 19:17:13
33688,Stripe,SUCCESS,00,691,Mobile,Los Angeles,2024-04-06 19:49:39
33689,AuthorizeNet,SUCCESS,00,452,Mobile,Chicago,2024-04-06 20:01:42
33690,Stripe,SUCCESS,00,1380,Desktop,New York,2024-04-06 20:18:39
33691,Stripe,SUCCESS,00,887,POS,Dallas,2024-04-06 20:29:16
33692,Square,SUCCESS,00,1021,POS,Los Angeles,2024-04-06 20:36:37
33693,AuthorizeNet,SUCCESS,00,1004,POS,Dallas,2024-04-06 21:00:11
33694,AuthorizeNet,SUCCESS,00,689,Mobile,Dallas,2024-04-06 22:13:31
33695,PayPal,SUCCESS,00,987,Desktop,Los Angeles,2024-04-06 23:01:50
33696,Stripe,SUCCESS,00,1247,ATM,Chicago,2024-04-06 23:06:15
33697,AuthorizeNet,SUCCESS,00,156,ATM,Chicago,2024-04-06 23:13:33
33698,Stripe,SUCCESS,00,879,ATM,Los Angeles,2024-04-06 23:14:23
33699,PayPal,SUCCESS,00,383,Desktop,Chicago,2024-04-06 23:34:09
33700,AuthorizeNet,SUCCESS,00,222,ATM,New York,2024-04-06 23:41:09
33701,Stripe,FAILED,05,892,Desktop,Dallas,2024-04-07 02:51:36
33702,Square,SUCCESS,00,584,POS,New York,2024-04-07 02:58:31
33703,PayPal,SUCCESS,00,230,Desktop,Chicago,2024-04-07 03:20:06
33704,Square,SUCCESS,00,1005,ATM,Los Angeles,2024-04-07 03:27:39
33705,Stripe,FAILED,05,1179,POS,Dallas,2024-04-07 05:21:17
33706,Stripe,SUCCESS,00,631,Desktop,Dallas,2024-04-07 05:35:46
33707,Stripe,SUCCESS,00,1033,POS,Los Angeles,2024-04-07 05:38:15
33708,Stripe,FAILED,12,156,Desktop,New York,2024-04-07 06:20:37
33709,Stripe,SUCCESS,00,1359,ATM,Los Angeles,2024-04-07 08:03:14
33710,PayPal,SUCCESS,00,1147,ATM,Chicago,2024-04-07 08:34:16
33711,Stripe,SUCCESS,00,877,Desktop,Chicago,2024-04-07 09:03:24
33712,AuthorizeNet,SUCCESS,00,1229,ATM,Dallas,2024-04-07 09:03:37
33713,AuthorizeNet,SUCCESS,00,1118,Mobile,New York,2024-04-07 09:35:20
33714,PayPal,SUCCESS,00,967,Desktop,New York,2024-04-07 10:12:56
33715,PayPal,SUCCESS,00,1084,Desktop,Dallas,2024-04-07 10:38:33
33716,Stripe,SUCCESS,00,569,POS,Chicago,2024-04-07 10:41:49
33717,Square,SUCCESS,00,508,ATM,New York,2024-04-07 10:53:47
33718,Square,SUCCESS,00,867,Mobile,Los Angeles,2024-04-07 11:48:56
33719,PayPal,SUCCESS,00,973,POS,Chicago,2024-04-07 12:38:57
33720,Stripe,SUCCESS,00,785,ATM,Chicago,2024-04-07 13:43:01
33721,Square,FAILED,05,1237,ATM,Chicago,2024-04-07 14:13:11
33722,PayPal,SUCCESS,00,1228,POS,Los Angeles,2024-04-07 14:28:18
33723,Stripe,SUCCESS,00,1286,POS,Los Angeles,2024-04-07 14:44:58
33724,PayPal,SUCCESS,00,799,POS,Chicago,2024-04-07 14:59:58
33725,PayPal,SUCCESS,00,236,ATM,Dallas,2024-04-07 15:27:17
33726,PayPal,SUCCESS,00,238,POS,Los Angeles,2024-04-07 16:01:37
33727,Square,SUCCESS,00,694,POS,Chicago,2024-04-07 16:01:46
33728,AuthorizeNet,SUCCESS,00,1058,Mobile,New York,2024-04-07 16:01:47
33729,AuthorizeNet,FAILED,05,564,Desktop,Dallas,2024-04-07 16:34:19
33730,Square,SUCCESS,00,156,Mobile,Los Angeles,2024-04-07 17:20:26
33731,Square,SUCCESS,00,1295,Desktop,New York,2024-04-07 17:27:05
33732,Square,SUCCESS,00,605,ATM,Dallas,2024-04-07 17:35:31
33733,Square,SUCCESS,00,1022,ATM,Chicago,2024-04-07 17:43:19
33734,AuthorizeNet,FAILED,12,1053,ATM,Chicago,2024-04-07 18:02:10
33735,AuthorizeNet,SUCCESS,00,826,Mobile,Dallas,2024-04-07 18:08:22
33736,PayPal,SUCCESS,00,748,Mobile,Chicago,2024-04-07 18:52:34
33737,PayPal,SUCCESS,00,486,Mobile,New York,2024-04-07 19:58:45
33738,Stripe,PENDING,99,1030,ATM,Los Angeles,2024-04-07 21:10:29
33739,PayPal,SUCCESS,00,426,Mobile,Chicago,2024-04-07 21:35:28
33740,PayPal,SUCCESS,00,1017,ATM,New York,2024-04-07 23:32:58
33741,PayPal,SUCCESS,00,1109,Mobile,Dallas,2024-04-08 01:02:46
33742,PayPal,SUCCESS,00,427,POS,Chicago,2024-04-08 01:13:41
33743,PayPal,SUCCESS,00,864,ATM,Chicago,2024-04-08 01:22:00
33744,PayPal,SUCCESS,00,1104,ATM,Dallas,2024-04-08 01:57:18
33745,PayPal,SUCCESS,00,1261,POS,Dallas,2024-04-08 02:00:44
33746,PayPal,PENDING,99,323,Mobile,New York,2024-04-08 02:35:04
33747,AuthorizeNet,SUCCESS,00,1280,ATM,Dallas,2024-04-08 03:37:43
33748,AuthorizeNet,SUCCESS,00,849,POS,Dallas,2024-04-08 03:38:49
33749,AuthorizeNet,SUCCESS,00,781,Mobile,Chicago,2024-04-08 05:06:22
33750,Stripe,SUCCESS,00,675,Mobile,Los Angeles,2024-04-08 05:34:31
33751,Stripe,SUCCESS,00,114,POS,New York,2024-04-08 06:17:29
33752,PayPal,SUCCESS,00,987,Mobile,Chicago,2024-04-08 07:40:10
33753,PayPal,SUCCESS,00,1083,Desktop,Chicago,2024-04-08 07:51:54
33754,AuthorizeNet,SUCCESS,00,1326,ATM,Dallas,2024-04-08 08:04:07
33755,Square,SUCCESS,00,1202,Mobile,Chicago,2024-04-08 08:16:58
33756,Stripe,SUCCESS,00,861,ATM,New York,2024-04-08 08:32:20
33757,AuthorizeNet,SUCCESS,00,824,Mobile,Dallas,2024-04-08 08:38:09
33758,AuthorizeNet,SUCCESS,00,1054,POS,New York,2024-04-08 08:48:26
33759,Square,SUCCESS,00,1413,POS,Chicago,2024-04-08 09:51:59
33760,Square,SUCCESS,00,307,ATM,Chicago,2024-04-08 09:56:49
33761,PayPal,SUCCESS,00,828,ATM,Chicago,2024-04-08 10:29:05
33762,PayPal,SUCCESS,00,1205,Mobile,Dallas,2024-04-08 10:52:58
33763,AuthorizeNet,SUCCESS,00,1034,Desktop,Chicago,2024-04-08 11:25:07
33764,Square,SUCCESS,00,713,Desktop,Chicago,2024-04-08 11:29:11
33765,PayPal,SUCCESS,00,1276,Mobile,New York,2024-04-08 13:41:03
33766,Square,SUCCESS,00,884,Desktop,Dallas,2024-04-08 14:12:20
33767,AuthorizeNet,SUCCESS,00,1290,Mobile,Los Angeles,2024-04-08 15:13:27
33768,AuthorizeNet,SUCCESS,00,1412,Desktop,New York,2024-04-08 15:26:58
33769,Stripe,SUCCESS,00,488,ATM,Chicago,2024-04-08 15:50:29
33770,AuthorizeNet,SUCCESS,00,629,Desktop,Los Angeles,2024-04-08 16:06:15
33771,Stripe,SUCCESS,00,275,POS,Dallas,2024-04-08 16:22:24
33772,Square,FAILED,12,1190,ATM,Chicago,2024-04-08 17:06:27
33773,Stripe,FAILED,05,844,ATM,Dallas,2024-04-08 17:19:11
33774,Stripe,FAILED,12,892,Mobile,Los Angeles,2024-04-08 17:33:32
33775,Stripe,SUCCESS,00,1475,Mobile,Dallas,2024-04-08 18:01:20
33776,PayPal,SUCCESS,00,650,Mobile,Dallas,2024-04-08 18:17:11
33777,AuthorizeNet,SUCCESS,00,427,Mobile,Chicago,2024-04-08 19:31:21
33778,AuthorizeNet,SUCCESS,00,1138,Mobile,Dallas,2024-04-08 21:08:06
33779,AuthorizeNet,SUCCESS,00,158,Desktop,Los Angeles,2024-04-08 21:15:06
33780,PayPal,SUCCESS,00,553,Desktop,New York,2024-04-08 21:16:23
33781,PayPal,SUCCESS,00,312,ATM,Chicago,2024-04-08 21:39:14
33782,Stripe,SUCCESS,00,1135,POS,Dallas,2024-04-08 23:03:34
33783,AuthorizeNet,SUCCESS,00,650,POS,Chicago,2024-04-08 23:16:22
33784,PayPal,FAILED,12,1496,Mobile,Chicago,2024-04-08 23:18:37
33785,AuthorizeNet,SUCCESS,00,302,ATM,Dallas,2024-04-08 23:42:34
33786,Stripe,SUCCESS,00,911,POS,Chicago,2024-04-09 00:44:43
33787,Square,SUCCESS,00,171,Desktop,Chicago,2024-04-09 02:05:04
33788,Square,SUCCESS,00,369,ATM,Dallas,2024-04-09 02:44:33
33789,AuthorizeNet,FAILED,05,1246,Desktop,Los Angeles,2024-04-09 03:35:38
33790,Stripe,SUCCESS,00,819,POS,New York,2024-04-09 04:29:12
33791,Stripe,SUCCESS,00,1095,ATM,Los Angeles,2024-04-09 05:50:03
33792,PayPal,SUCCESS,00,497,Mobile,New York,2024-04-09 06:21:45
33793,PayPal,SUCCESS,00,744,ATM,Los Angeles,2024-04-09 06:41:18
33794,Stripe,SUCCESS,00,514,Desktop,Chicago,2024-04-09 07:08:54
33795,PayPal,PENDING,99,214,Desktop,Los Angeles,2024-04-09 07:12:39
33796,Stripe,SUCCESS,00,890,ATM,Los Angeles,2024-04-09 07:17:02
33797,Stripe,SUCCESS,00,459,Mobile,Los Angeles,2024-04-09 07:40:14
33798,Square,SUCCESS,00,1144,POS,New York,2024-04-09 07:59:07
33799,Square,SUCCESS,00,1073,Desktop,Dallas,2024-04-09 09:07:24
33800,AuthorizeNet,SUCCESS,00,1063,Mobile,Dallas,2024-04-09 09:21:14
33801,AuthorizeNet,SUCCESS,00,1451,POS,Chicago,2024-04-09 09:27:42
33802,AuthorizeNet,FAILED,12,1397,ATM,Los Angeles,2024-04-09 09:36:46
33803,Square,SUCCESS,00,301,Desktop,Dallas,2024-04-09 10:46:36
33804,PayPal,SUCCESS,00,1401,Mobile,Dallas,2024-04-09 11:22:52
33805,Stripe,SUCCESS,00,583,Desktop,Los Angeles,2024-04-09 11:33:03
33806,PayPal,SUCCESS,00,1279,Desktop,New York,2024-04-09 12:24:14
33807,PayPal,SUCCESS,00,370,Desktop,Chicago,2024-04-09 13:14:00
33808,Stripe,SUCCESS,00,1409,Mobile,Los Angeles,2024-04-09 13:39:11
33809,AuthorizeNet,SUCCESS,00,682,Desktop,Los Angeles,2024-04-09 14:03:02
33810,Square,SUCCESS,00,884,Desktop,Chicago,2024-04-09 14:16:27
33811,Square,SUCCESS,00,1443,ATM,New York,2024-04-09 14:19:33
33812,Stripe,SUCCESS,00,458,Mobile,Chicago,2024-04-09 14:22:48
33813,AuthorizeNet,SUCCESS,00,144,POS,New York,2024-04-09 14:25:53
33814,PayPal,SUCCESS,00,560,ATM,Dallas,2024-04-09 15:02:30
33815,AuthorizeNet,SUCCESS,00,189,Desktop,New York,2024-04-09 16:07:34
33816,AuthorizeNet,SUCCESS,00,856,POS,Chicago,2024-04-09 18:05:32
33817,Stripe,SUCCESS,00,1077,Desktop,Dallas,2024-04-09 18:28:53
33818,AuthorizeNet,FAILED,12,422,ATM,Los Angeles,2024-04-09 20:17:20
33819,Stripe,SUCCESS,00,554,Mobile,Los Angeles,2024-04-09 20:29:25
33820,PayPal,SUCCESS,00,361,Desktop,Dallas,2024-04-09 21:04:09
33821,PayPal,SUCCESS,00,511,ATM,New York,2024-04-09 21:49:23
33822,Stripe,SUCCESS,00,1447,Desktop,Los Angeles,2024-04-09 22:06:20
33823,PayPal,SUCCESS,00,780,Mobile,Los Angeles,2024-04-09 23:47:29
33824,AuthorizeNet,SUCCESS,00,592,POS,Los Angeles,2024-04-10 00:27:11
33825,Square,SUCCESS,00,812,POS,New York,2024-04-10 01:16:50
33826,Square,SUCCESS,00,1202,Desktop,Los Angeles,2024-04-10 01:46:04
33827,PayPal,SUCCESS,00,981,Mobile,New York,2024-04-10 01:58:52
33828,PayPal,SUCCESS,00,1075,POS,Los Angeles,2024-04-10 02:21:50
33829,Stripe,SUCCESS,00,1155,ATM,New York,2024-04-10 03:54:25
33830,Stripe,SUCCESS,00,1277,Mobile,Chicago,2024-04-10 03:58:53
33831,AuthorizeNet,SUCCESS,00,254,Mobile,Los Angeles,2024-04-10 04:06:43
33832,AuthorizeNet,SUCCESS,00,1496,ATM,Dallas,2024-04-10 06:23:43
33833,PayPal,SUCCESS,00,1241,Desktop,Dallas,2024-04-10 08:37:03
33834,Square,SUCCESS,00,579,POS,New York,2024-04-10 08:49:36
33835,Square,SUCCESS,00,858,Desktop,Dallas,2024-04-10 10:06:12
33836,Square,SUCCESS,00,891,POS,Los Angeles,2024-04-10 13:36:43
33837,Stripe,SUCCESS,00,1159,ATM,New York,2024-04-10 15:09:28
33838,Stripe,SUCCESS,00,900,Desktop,New York,2024-04-10 15:15:59
33839,Stripe,SUCCESS,00,210,Mobile,New York,2024-04-10 15:39:51
33840,Square,SUCCESS,00,1441,Mobile,Los Angeles,2024-04-10 16:08:38
33841,PayPal,SUCCESS,00,1226,Mobile,Dallas,2024-04-10 16:20:56
33842,Stripe,SUCCESS,00,1488,POS,Dallas,2024-04-10 16:49:02
33843,Stripe,FAILED,05,270,POS,Dallas,2024-04-10 17:49:38
33844,AuthorizeNet,SUCCESS,00,1304,POS,New York,2024-04-10 17:52:33
33845,Stripe,FAILED,05,254,Mobile,Los Angeles,2024-04-10 18:26:25
33846,PayPal,SUCCESS,00,1211,POS,Chicago,2024-04-10 18:47:58
33847,AuthorizeNet,SUCCESS,00,1411,Desktop,New York,2024-04-10 19:13:33
33848,Square,SUCCESS,00,469,Mobile,Los Angeles,2024-04-10 19:28:02
33849,PayPal,SUCCESS,00,183,Desktop,New York,2024-04-10 19:40:05
33850,Stripe,SUCCESS,00,1200,POS,Dallas,2024-04-10 19:49:44
33851,AuthorizeNet,SUCCESS,00,216,ATM,Chicago,2024-04-10 19:57:14
33852,PayPal,SUCCESS,00,1472,Desktop,Chicago,2024-04-10 20:21:23
33853,PayPal,SUCCESS,00,239,Desktop,Los Angeles,2024-04-10 20:51:49
33854,Square,SUCCESS,00,808,ATM,Chicago,2024-04-10 21:23:01
33855,AuthorizeNet,SUCCESS,00,139,Desktop,New York,2024-04-10 21:41:12
33856,PayPal,FAILED,12,635,ATM,Los Angeles,2024-04-10 21:45:25
33857,Square,SUCCESS,00,143,Mobile,Dallas,2024-04-10 23:08:56
33858,Square,SUCCESS,00,1498,Mobile,Chicago,2024-04-10 23:21:14
33859,PayPal,SUCCESS,00,820,POS,Los Angeles,2024-04-10 23:26:08
33860,Stripe,SUCCESS,00,408,ATM,Dallas,2024-04-11 00:37:06
33861,Stripe,SUCCESS,00,702,ATM,Chicago,2024-04-11 00:56:03
33862,PayPal,FAILED,12,1106,POS,New York,2024-04-11 01:31:42
33863,Stripe,SUCCESS,00,1311,POS,Dallas,2024-04-11 01:38:22
33864,PayPal,SUCCESS,00,216,ATM,Dallas,2024-04-11 03:19:18
33865,AuthorizeNet,SUCCESS,00,1320,POS,New York,2024-04-11 03:26:40
33866,Stripe,SUCCESS,00,1065,POS,New York,2024-04-11 04:25:54
33867,AuthorizeNet,FAILED,05,1099,ATM,Chicago,2024-04-11 04:31:26
33868,Stripe,SUCCESS,00,811,Mobile,New York,2024-04-11 05:19:12
33869,AuthorizeNet,SUCCESS,00,511,Mobile,New York,2024-04-11 05:19:18
33870,Stripe,SUCCESS,00,293,ATM,Dallas,2024-04-11 05:32:26
33871,Square,SUCCESS,00,912,Desktop,Los Angeles,2024-04-11 06:10:15
33872,PayPal,SUCCESS,00,297,ATM,Chicago,2024-04-11 06:14:42
33873,Square,SUCCESS,00,887,POS,New York,2024-04-11 07:34:57
33874,PayPal,SUCCESS,00,1326,Desktop,Chicago,2024-04-11 08:16:27
33875,Square,SUCCESS,00,566,Desktop,New York,2024-04-11 08:44:19
33876,Square,FAILED,12,1223,ATM,Chicago,2024-04-11 10:05:29
33877,Square,SUCCESS,00,405,Desktop,Chicago,2024-04-11 11:08:24
33878,Square,SUCCESS,00,1391,POS,New York,2024-04-11 12:34:19
33879,PayPal,SUCCESS,00,277,POS,Chicago,2024-04-11 12:37:15
33880,PayPal,SUCCESS,00,170,Desktop,New York,2024-04-11 12:38:41
33881,PayPal,SUCCESS,00,1331,ATM,Los Angeles,2024-04-11 12:42:03
33882,Square,SUCCESS,00,432,Desktop,Los Angeles,2024-04-11 14:10:24
33883,Stripe,SUCCESS,00,544,Desktop,New York,2024-04-11 14:13:56
33884,Square,SUCCESS,00,323,ATM,New York,2024-04-11 14:33:30
33885,AuthorizeNet,SUCCESS,00,901,Desktop,Los Angeles,2024-04-11 15:20:25
33886,AuthorizeNet,SUCCESS,00,1287,ATM,New York,2024-04-11 15:20:46
33887,AuthorizeNet,SUCCESS,00,571,Mobile,New York,2024-04-11 15:29:20
33888,PayPal,SUCCESS,00,1382,Mobile,New York,2024-04-11 15:39:11
33889,Stripe,SUCCESS,00,675,ATM,Los Angeles,2024-04-11 16:28:09
33890,PayPal,SUCCESS,00,177,POS,New York,2024-04-11 16:53:11
33891,Stripe,SUCCESS,00,106,POS,Chicago,2024-04-11 17:10:02
33892,Square,SUCCESS,00,500,POS,Chicago,2024-04-11 17:52:03
33893,PayPal,SUCCESS,00,293,Desktop,New York,2024-04-11 18:04:16
33894,Square,SUCCESS,00,645,ATM,Los Angeles,2024-04-11 19:23:45
33895,Stripe,SUCCESS,00,585,POS,Chicago,2024-04-11 19:38:45
33896,Stripe,SUCCESS,00,1405,ATM,Chicago,2024-04-11 20:46:38
33897,Stripe,SUCCESS,00,1373,ATM,Los Angeles,2024-04-11 23:11:45
33898,AuthorizeNet,FAILED,12,524,Desktop,New York,2024-04-11 23:44:47
33899,Square,SUCCESS,00,723,ATM,Los Angeles,2024-04-12 04:22:02
33900,PayPal,SUCCESS,00,1214,POS,Los Angeles,2024-04-12 05:44:17
33901,Stripe,SUCCESS,00,1308,ATM,Chicago,2024-04-12 06:10:03
33902,PayPal,FAILED,12,279,ATM,Chicago,2024-04-12 06:15:10
33903,AuthorizeNet,SUCCESS,00,104,Desktop,Los Angeles,2024-04-12 06:32:51
33904,Square,SUCCESS,00,159,POS,Dallas,2024-04-12 06:41:34
33905,PayPal,SUCCESS,00,713,POS,New York,2024-04-12 08:40:53
33906,Square,SUCCESS,00,1324,ATM,New York,2024-04-12 09:41:05
33907,Square,SUCCESS,00,470,POS,Chicago,2024-04-12 10:11:16
33908,Stripe,SUCCESS,00,232,Mobile,Dallas,2024-04-12 10:20:34
33909,Square,FAILED,05,1263,ATM,New York,2024-04-12 10:23:18
33910,Stripe,SUCCESS,00,164,ATM,Dallas,2024-04-12 10:31:25
33911,Stripe,SUCCESS,00,1404,POS,Los Angeles,2024-04-12 10:48:39
33912,Square,SUCCESS,00,186,POS,Chicago,2024-04-12 11:42:37
33913,PayPal,SUCCESS,00,983,Mobile,Los Angeles,2024-04-12 12:02:25
33914,AuthorizeNet,SUCCESS,00,1449,POS,New York,2024-04-12 12:24:01
33915,Square,SUCCESS,00,1012,POS,Chicago,2024-04-12 12:45:14
33916,PayPal,FAILED,12,1441,Mobile,Chicago,2024-04-12 14:48:18
33917,Square,SUCCESS,00,200,ATM,Dallas,2024-04-12 14:54:23
33918,Stripe,SUCCESS,00,865,Mobile,Dallas,2024-04-12 15:03:43
33919,AuthorizeNet,SUCCESS,00,339,ATM,Chicago,2024-04-12 15:33:24
33920,Square,SUCCESS,00,385,POS,Dallas,2024-04-12 17:04:14
33921,Stripe,SUCCESS,00,529,Mobile,New York,2024-04-12 17:26:52
33922,Stripe,SUCCESS,00,778,ATM,Dallas,2024-04-12 18:09:42
33923,Stripe,SUCCESS,00,1214,Mobile,Los Angeles,2024-04-12 18:38:48
33924,Stripe,SUCCESS,00,142,ATM,Dallas,2024-04-12 19:17:04
33925,AuthorizeNet,SUCCESS,00,984,Mobile,Chicago,2024-04-12 19:48:47
33926,Stripe,SUCCESS,00,1403,Mobile,Los Angeles,2024-04-12 20:59:06
33927,AuthorizeNet,SUCCESS,00,1275,POS,New York,2024-04-12 20:59:34
33928,Stripe,SUCCESS,00,533,ATM,Dallas,2024-04-12 21:44:51
33929,Stripe,SUCCESS,00,913,Desktop,New York,2024-04-12 21:54:16
33930,Square,SUCCESS,00,1465,POS,Los Angeles,2024-04-12 22:08:39
33931,Square,SUCCESS,00,1223,Desktop,Chicago,2024-04-12 22:12:17
33932,AuthorizeNet,SUCCESS,00,825,Desktop,New York,2024-04-12 23:06:36
33933,Stripe,SUCCESS,00,430,POS,New York,2024-04-12 23:39:51
33934,Stripe,SUCCESS,00,611,Mobile,Dallas,2024-04-13 00:15:25
33935,Square,FAILED,05,1344,ATM,Chicago,2024-04-13 00:27:44
33936,AuthorizeNet,SUCCESS,00,209,POS,Los Angeles,2024-04-13 00:48:56
33937,AuthorizeNet,SUCCESS,00,1282,Mobile,Los Angeles,2024-04-13 01:04:13
33938,AuthorizeNet,SUCCESS,00,1056,ATM,New York,2024-04-13 01:34:55
33939,PayPal,SUCCESS,00,1133,Desktop,Dallas,2024-04-13 02:57:07
33940,Square,FAILED,12,286,Desktop,Chicago,2024-04-13 03:42:35
33941,Square,SUCCESS,00,376,Desktop,Los Angeles,2024-04-13 04:37:15
33942,AuthorizeNet,SUCCESS,00,1245,Desktop,Los Angeles,2024-04-13 04:47:30
33943,Square,SUCCESS,00,736,Desktop,Chicago,2024-04-13 05:24:20
33944,PayPal,FAILED,12,1025,ATM,Chicago,2024-04-13 05:27:07
33945,PayPal,SUCCESS,00,308,ATM,Dallas,2024-04-13 05:48:55
33946,PayPal,PENDING,99,948,POS,Dallas,2024-04-13 07:18:53
33947,Stripe,SUCCESS,00,894,Desktop,New York,2024-04-13 07:48:51
33948,Stripe,SUCCESS,00,949,POS,Chicago,2024-04-13 08:12:50
33949,Stripe,SUCCESS,00,1371,POS,Los Angeles,2024-04-13 08:29:21
33950,AuthorizeNet,SUCCESS,00,1241,Desktop,Los Angeles,2024-04-13 08:46:42
33951,PayPal,SUCCESS,00,1383,Desktop,Dallas,2024-04-13 09:01:05
33952,PayPal,SUCCESS,00,173,Mobile,Chicago,2024-04-13 10:09:52
33953,Square,SUCCESS,00,692,ATM,Los Angeles,2024-04-13 12:10:00
33954,Square,FAILED,12,771,ATM,Chicago,2024-04-13 12:14:50
33955,AuthorizeNet,SUCCESS,00,1086,Desktop,Dallas,2024-04-13 13:38:22
33956,Stripe,SUCCESS,00,270,Desktop,New York,2024-04-13 15:00:39
33957,AuthorizeNet,SUCCESS,00,335,Mobile,Los Angeles,2024-04-13 15:36:24
33958,PayPal,SUCCESS,00,1028,POS,New York,2024-04-13 16:56:11
33959,PayPal,FAILED,05,212,Mobile,New York,2024-04-13 17:00:02
33960,PayPal,SUCCESS,00,225,Desktop,New York,2024-04-13 17:15:20
33961,PayPal,SUCCESS,00,1115,Mobile,Dallas,2024-04-13 18:49:30
33962,AuthorizeNet,SUCCESS,00,1310,Mobile,New York,2024-04-13 18:50:42
33963,AuthorizeNet,SUCCESS,00,543,Mobile,Los Angeles,2024-04-13 18:54:16
33964,AuthorizeNet,SUCCESS,00,941,Desktop,Los Angeles,2024-04-13 19:17:52
33965,AuthorizeNet,SUCCESS,00,1064,POS,Dallas,2024-04-13 20:34:08
33966,PayPal,SUCCESS,00,1459,Mobile,New York,2024-04-13 22:41:46
33967,Square,SUCCESS,00,670,Mobile,Chicago,2024-04-13 22:45:05
33968,AuthorizeNet,SUCCESS,00,1149,Desktop,Dallas,2024-04-14 00:05:30
33969,Stripe,SUCCESS,00,1326,Mobile,Chicago,2024-04-14 01:21:08
33970,AuthorizeNet,SUCCESS,00,678,Desktop,Chicago,2024-04-14 01:29:18
33971,PayPal,SUCCESS,00,183,ATM,Dallas,2024-04-14 02:32:56
33972,PayPal,SUCCESS,00,1471,Mobile,Los Angeles,2024-04-14 03:29:03
33973,AuthorizeNet,SUCCESS,00,1057,ATM,Chicago,2024-04-14 03:37:19
33974,Stripe,SUCCESS,00,134,POS,Chicago,2024-04-14 04:12:37
33975,PayPal,SUCCESS,00,1069,Mobile,Chicago,2024-04-14 04:21:12
33976,AuthorizeNet,SUCCESS,00,569,ATM,Dallas,2024-04-14 04:47:47
33977,Square,SUCCESS,00,837,ATM,Los Angeles,2024-04-14 04:53:09
33978,PayPal,SUCCESS,00,1463,POS,Chicago,2024-04-14 05:04:22
33979,Stripe,SUCCESS,00,1178,Mobile,Dallas,2024-04-14 06:01:41
33980,Square,SUCCESS,00,1317,POS,Chicago,2024-04-14 09:12:57
33981,Square,SUCCESS,00,551,POS,Chicago,2024-04-14 10:09:24
33982,Stripe,SUCCESS,00,837,Mobile,New York,2024-04-14 10:41:15
33983,Stripe,FAILED,05,806,Mobile,Chicago,2024-04-14 13:11:58
33984,AuthorizeNet,SUCCESS,00,1200,POS,Chicago,2024-04-14 13:26:21
33985,Stripe,SUCCESS,00,947,ATM,Chicago,2024-04-14 14:28:27
33986,AuthorizeNet,SUCCESS,00,162,Mobile,Chicago,2024-04-14 14:30:03
33987,Square,FAILED,05,178,POS,Los Angeles,2024-04-14 14:55:50
33988,AuthorizeNet,SUCCESS,00,1161,ATM,Chicago,2024-04-14 15:37:34
33989,PayPal,SUCCESS,00,767,ATM,Chicago,2024-04-14 16:21:42
33990,Stripe,SUCCESS,00,1039,ATM,Chicago,2024-04-14 16:39:57
33991,PayPal,SUCCESS,00,787,Mobile,Los Angeles,2024-04-14 17:06:51
33992,Stripe,FAILED,12,206,ATM,Chicago,2024-04-14 17:49:51
33993,AuthorizeNet,SUCCESS,00,794,POS,Los Angeles,2024-04-14 18:30:32
33994,AuthorizeNet,SUCCESS,00,304,Mobile,New York,2024-04-14 18:41:36
33995,Stripe,SUCCESS,00,161,Desktop,Chicago,2024-04-14 18:58:02
33996,Stripe,SUCCESS,00,1242,POS,New York,2024-04-14 19:29:21
33997,PayPal,SUCCESS,00,808,Mobile,Los Angeles,2024-04-14 19:59:33
33998,PayPal,SUCCESS,00,1367,Mobile,Los Angeles,2024-04-14 20:39:04
33999,PayPal,SUCCESS,00,1190,POS,Los Angeles,2024-04-14 22:47:22
34000,AuthorizeNet,SUCCESS,00,1341,Desktop,Los Angeles,2024-04-14 23:27:52
34001,Stripe,SUCCESS,00,351,POS,Los Angeles,2024-04-15 00:07:36
34002,PayPal,SUCCESS,00,489,Desktop,Los Angeles,2024-04-15 00:29:28
34003,Square,SUCCESS,00,1130,ATM,Los Angeles,2024-04-15 00:35:32
34004,PayPal,SUCCESS,00,445,Mobile,Chicago,2024-04-15 01:18:48
34005,PayPal,FAILED,05,522,Desktop,Dallas,2024-04-15 01:38:14
34006,PayPal,SUCCESS,00,1492,Desktop,New York,2024-04-15 02:42:10
34007,AuthorizeNet,SUCCESS,00,510,ATM,Chicago,2024-04-15 03:29:33
34008,AuthorizeNet,SUCCESS,00,1051,Desktop,New York,2024-04-15 04:19:05
34009,PayPal,SUCCESS,00,1266,Desktop,Los Angeles,2024-04-15 04:28:57
34010,Square,SUCCESS,00,1234,ATM,Los Angeles,2024-04-15 06:07:13
34011,Square,SUCCESS,00,1046,Mobile,Los Angeles,2024-04-15 06:52:00
34012,Square,SUCCESS,00,1101,Desktop,Los Angeles,2024-04-15 07:24:31
34013,Square,SUCCESS,00,1358,POS,Dallas,2024-04-15 07:30:24
34014,AuthorizeNet,SUCCESS,00,896,ATM,Los Angeles,2024-04-15 07:38:26
34015,Square,SUCCESS,00,452,Desktop,New York,2024-04-15 07:49:17
34016,Stripe,SUCCESS,00,1431,ATM,Dallas,2024-04-15 08:14:53
34017,Square,SUCCESS,00,1110,POS,Dallas,2024-04-15 08:37:27
34018,Square,SUCCESS,00,208,Mobile,Dallas,2024-04-15 09:27:59
34019,Square,SUCCESS,00,1113,POS,Los Angeles,2024-04-15 09:54:12
34020,AuthorizeNet,SUCCESS,00,738,Mobile,Los Angeles,2024-04-15 10:16:53
34021,Square,SUCCESS,00,818,POS,New York,2024-04-15 11:13:49
34022,AuthorizeNet,FAILED,12,1150,ATM,Chicago,2024-04-15 11:23:07
34023,Stripe,SUCCESS,00,1400,POS,Chicago,2024-04-15 11:24:40
34024,PayPal,SUCCESS,00,251,Desktop,Chicago,2024-04-15 11:27:56
34025,PayPal,SUCCESS,00,776,POS,Chicago,2024-04-15 12:21:35
34026,PayPal,SUCCESS,00,591,Mobile,Chicago,2024-04-15 13:15:05
34027,AuthorizeNet,FAILED,05,1075,ATM,New York,2024-04-15 13:55:07
34028,PayPal,FAILED,12,360,POS,Dallas,2024-04-15 14:04:03
34029,AuthorizeNet,SUCCESS,00,1064,POS,Chicago,2024-04-15 14:16:56
34030,PayPal,SUCCESS,00,1261,POS,Chicago,2024-04-15 16:19:46
34031,AuthorizeNet,SUCCESS,00,838,Desktop,Los Angeles,2024-04-15 16:30:02
34032,AuthorizeNet,SUCCESS,00,1483,Mobile,New York,2024-04-15 16:48:09
34033,Square,SUCCESS,00,123,Desktop,New York,2024-04-15 17:20:04
34034,Stripe,SUCCESS,00,1124,ATM,Dallas,2024-04-15 17:26:20
34035,AuthorizeNet,SUCCESS,00,336,Mobile,Los Angeles,2024-04-15 18:21:18
34036,Square,SUCCESS,00,1362,Mobile,New York,2024-04-15 18:32:04
34037,AuthorizeNet,SUCCESS,00,146,ATM,New York,2024-04-15 19:20:57
34038,PayPal,SUCCESS,00,668,ATM,Los Angeles,2024-04-15 20:39:29
34039,Square,SUCCESS,00,1102,ATM,New York,2024-04-15 21:46:40
34040,Square,SUCCESS,00,1267,POS,Dallas,2024-04-15 22:29:53
34041,AuthorizeNet,SUCCESS,00,312,ATM,Chicago,2024-04-15 22:59:51
34042,Square,SUCCESS,00,876,Mobile,Dallas,2024-04-15 23:56:38
34043,Stripe,SUCCESS,00,1155,ATM,Dallas,2024-04-16 01:28:15
34044,Stripe,SUCCESS,00,416,ATM,Dallas,2024-04-16 01:42:06
34045,Stripe,FAILED,05,270,ATM,Chicago,2024-04-16 01:52:02
34046,Square,FAILED,12,760,ATM,Dallas,2024-04-16 02:03:55
34047,AuthorizeNet,SUCCESS,00,1159,ATM,New York,2024-04-16 02:31:28
34048,PayPal,SUCCESS,00,1420,Mobile,Dallas,2024-04-16 03:19:31
34049,AuthorizeNet,SUCCESS,00,716,Mobile,Los Angeles,2024-04-16 03:19:50
34050,AuthorizeNet,FAILED,12,623,POS,Dallas,2024-04-16 03:58:51
34051,Square,SUCCESS,00,512,Desktop,Chicago,2024-04-16 04:22:08
34052,Square,SUCCESS,00,1402,Mobile,Chicago,2024-04-16 04:26:09
34053,Stripe,FAILED,05,988,Desktop,New York,2024-04-16 04:58:33
34054,AuthorizeNet,SUCCESS,00,1368,Desktop,Chicago,2024-04-16 05:12:55
34055,Square,SUCCESS,00,429,Desktop,New York,2024-04-16 06:40:08
34056,Square,SUCCESS,00,950,POS,Chicago,2024-04-16 06:45:06
34057,AuthorizeNet,SUCCESS,00,1176,Mobile,Chicago,2024-04-16 06:50:04
34058,PayPal,SUCCESS,00,330,POS,Dallas,2024-04-16 07:44:42
34059,PayPal,FAILED,05,1254,POS,Los Angeles,2024-04-16 07:54:04
34060,AuthorizeNet,SUCCESS,00,1392,POS,Los Angeles,2024-04-16 08:56:09
34061,AuthorizeNet,SUCCESS,00,206,POS,New York,2024-04-16 09:57:15
34062,Square,SUCCESS,00,517,POS,Chicago,2024-04-16 10:04:06
34063,Stripe,SUCCESS,00,1499,Mobile,Dallas,2024-04-16 10:33:40
34064,Stripe,SUCCESS,00,1014,ATM,Dallas,2024-04-16 10:44:22
34065,Square,SUCCESS,00,610,Mobile,Los Angeles,2024-04-16 10:58:20
34066,AuthorizeNet,SUCCESS,00,1374,Mobile,Chicago,2024-04-16 11:42:39
34067,Square,SUCCESS,00,858,ATM,Dallas,2024-04-16 11:47:39
34068,AuthorizeNet,FAILED,12,832,Mobile,New York,2024-04-16 13:56:41
34069,PayPal,SUCCESS,00,1019,Mobile,Chicago,2024-04-16 15:41:20
34070,Square,SUCCESS,00,670,ATM,Los Angeles,2024-04-16 16:10:31
34071,PayPal,SUCCESS,00,181,Mobile,New York,2024-04-16 16:34:37
34072,PayPal,SUCCESS,00,372,POS,Chicago,2024-04-16 16:41:10
34073,Stripe,SUCCESS,00,1341,ATM,New York,2024-04-16 16:55:16
34074,AuthorizeNet,SUCCESS,00,1354,Mobile,Chicago,2024-04-16 19:01:45
34075,Square,SUCCESS,00,571,Mobile,Chicago,2024-04-16 19:08:29
34076,Stripe,SUCCESS,00,480,Desktop,Chicago,2024-04-16 20:06:22
34077,AuthorizeNet,SUCCESS,00,925,POS,Dallas,2024-04-16 20:09:14
34078,AuthorizeNet,SUCCESS,00,447,POS,Los Angeles,2024-04-16 20:25:54
34079,PayPal,FAILED,05,117,Mobile,Dallas,2024-04-16 20:40:14
34080,AuthorizeNet,SUCCESS,00,1359,ATM,Dallas,2024-04-16 21:18:33
34081,PayPal,SUCCESS,00,890,Desktop,Dallas,2024-04-16 23:01:40
34082,AuthorizeNet,SUCCESS,00,1221,Mobile,Dallas,2024-04-16 23:11:37
34083,AuthorizeNet,SUCCESS,00,408,Mobile,Dallas,2024-04-16 23:19:38
34084,PayPal,SUCCESS,00,1305,POS,Los Angeles,2024-04-16 23:54:55
34085,PayPal,SUCCESS,00,430,Mobile,Chicago,2024-04-17 00:41:05
34086,Square,SUCCESS,00,399,POS,New York,2024-04-17 00:50:19
34087,PayPal,SUCCESS,00,430,ATM,Chicago,2024-04-17 01:02:37
34088,PayPal,SUCCESS,00,426,ATM,Chicago,2024-04-17 01:20:42
34089,Stripe,SUCCESS,00,312,Mobile,Dallas,2024-04-17 01:49:55
34090,Square,SUCCESS,00,1400,POS,New York,2024-04-17 01:53:41
34091,PayPal,SUCCESS,00,389,ATM,Chicago,2024-04-17 02:49:43
34092,Stripe,SUCCESS,00,522,Desktop,Chicago,2024-04-17 04:16:21
34093,PayPal,PENDING,99,757,Mobile,New York,2024-04-17 05:05:10
34094,Stripe,SUCCESS,00,1369,POS,Los Angeles,2024-04-17 05:59:10
34095,AuthorizeNet,SUCCESS,00,843,POS,Chicago,2024-04-17 06:42:38
34096,Square,SUCCESS,00,1156,POS,New York,2024-04-17 06:43:53
34097,Square,SUCCESS,00,409,Mobile,Chicago,2024-04-17 06:54:15
34098,Square,SUCCESS,00,825,ATM,New York,2024-04-17 07:10:49
34099,Square,SUCCESS,00,228,ATM,Chicago,2024-04-17 07:29:24
34100,Square,SUCCESS,00,1333,ATM,Chicago,2024-04-17 07:58:26
34101,Stripe,SUCCESS,00,798,Mobile,New York,2024-04-17 08:18:04
34102,Stripe,SUCCESS,00,457,Desktop,Chicago,2024-04-17 09:00:48
34103,Square,PENDING,99,803,POS,Los Angeles,2024-04-17 09:06:19
34104,Stripe,SUCCESS,00,230,Desktop,Dallas,2024-04-17 10:48:44
34105,Stripe,SUCCESS,00,1064,ATM,Los Angeles,2024-04-17 11:53:39
34106,Stripe,SUCCESS,00,746,ATM,New York,2024-04-17 12:38:19
34107,Square,SUCCESS,00,789,Desktop,Chicago,2024-04-17 12:47:36
34108,AuthorizeNet,SUCCESS,00,1224,Mobile,New York,2024-04-17 13:08:07
34109,PayPal,SUCCESS,00,1043,POS,New York,2024-04-17 14:06:21
34110,AuthorizeNet,SUCCESS,00,936,Desktop,Chicago,2024-04-17 14:26:14
34111,AuthorizeNet,PENDING,99,1211,Mobile,Los Angeles,2024-04-17 15:12:38
34112,Square,SUCCESS,00,1005,POS,Dallas,2024-04-17 15:28:17
34113,Square,SUCCESS,00,251,POS,New York,2024-04-17 15:42:54
34114,PayPal,SUCCESS,00,1446,ATM,Dallas,2024-04-17 16:33:07
34115,PayPal,SUCCESS,00,328,POS,Dallas,2024-04-17 17:30:44
34116,Stripe,SUCCESS,00,1267,POS,New York,2024-04-17 18:39:09
34117,AuthorizeNet,SUCCESS,00,749,POS,Chicago,2024-04-17 19:01:19
34118,AuthorizeNet,SUCCESS,00,934,ATM,Los Angeles,2024-04-17 19:51:32
34119,Square,SUCCESS,00,700,Mobile,New York,2024-04-17 20:16:56
34120,AuthorizeNet,SUCCESS,00,823,ATM,Dallas,2024-04-17 20:26:00
34121,AuthorizeNet,SUCCESS,00,581,ATM,Dallas,2024-04-17 20:37:13
34122,PayPal,FAILED,12,768,Desktop,Los Angeles,2024-04-17 21:21:08
34123,AuthorizeNet,SUCCESS,00,190,Desktop,New York,2024-04-17 22:42:10
34124,Square,SUCCESS,00,749,ATM,New York,2024-04-17 23:03:38
34125,Square,SUCCESS,00,890,ATM,Dallas,2024-04-17 23:39:24
34126,PayPal,SUCCESS,00,1099,POS,Chicago,2024-04-18 01:51:24
34127,Square,SUCCESS,00,955,POS,New York,2024-04-18 01:52:10
34128,Square,SUCCESS,00,970,Desktop,Chicago,2024-04-18 02:30:32
34129,PayPal,SUCCESS,00,886,POS,Dallas,2024-04-18 02:33:46
34130,Square,SUCCESS,00,185,Desktop,Dallas,2024-04-18 02:33:59
34131,AuthorizeNet,SUCCESS,00,196,Desktop,New York,2024-04-18 04:43:14
34132,Square,SUCCESS,00,965,Mobile,Chicago,2024-04-18 05:50:05
34133,Stripe,SUCCESS,00,703,Desktop,Dallas,2024-04-18 07:21:48
34134,Stripe,SUCCESS,00,727,Desktop,New York,2024-04-18 08:34:38
34135,PayPal,SUCCESS,00,1363,POS,Dallas,2024-04-18 08:50:10
34136,PayPal,SUCCESS,00,1297,POS,Chicago,2024-04-18 09:22:20
34137,AuthorizeNet,SUCCESS,00,1149,ATM,Dallas,2024-04-18 11:24:20
34138,Square,SUCCESS,00,932,Mobile,Los Angeles,2024-04-18 11:44:01
34139,PayPal,SUCCESS,00,1442,Desktop,New York,2024-04-18 12:20:13
34140,PayPal,SUCCESS,00,1424,POS,Los Angeles,2024-04-18 13:36:45
34141,Stripe,SUCCESS,00,768,POS,Dallas,2024-04-18 14:05:36
34142,Stripe,SUCCESS,00,1450,Desktop,Dallas,2024-04-18 14:21:07
34143,Square,SUCCESS,00,1206,ATM,New York,2024-04-18 14:59:40
34144,PayPal,SUCCESS,00,1126,Desktop,New York,2024-04-18 15:15:23
34145,Stripe,SUCCESS,00,759,ATM,Dallas,2024-04-18 15:32:28
34146,AuthorizeNet,SUCCESS,00,430,POS,Los Angeles,2024-04-18 15:52:21
34147,Stripe,SUCCESS,00,772,Desktop,Chicago,2024-04-18 19:10:34
34148,Square,SUCCESS,00,288,Desktop,Chicago,2024-04-18 19:18:57
34149,Stripe,FAILED,05,1025,POS,Dallas,2024-04-18 20:01:05
34150,PayPal,SUCCESS,00,1243,Desktop,Dallas,2024-04-18 20:23:20
34151,PayPal,SUCCESS,00,156,Desktop,Dallas,2024-04-18 20:40:44
34152,AuthorizeNet,SUCCESS,00,259,POS,Chicago,2024-04-18 20:49:29
34153,Stripe,SUCCESS,00,491,POS,Chicago,2024-04-18 23:06:47
34154,AuthorizeNet,SUCCESS,00,489,POS,Los Angeles,2024-04-18 23:46:35
34155,Stripe,SUCCESS,00,428,POS,New York,2024-04-19 00:09:11
34156,Stripe,SUCCESS,00,951,Mobile,Dallas,2024-04-19 00:35:39
34157,Stripe,SUCCESS,00,1371,Desktop,Dallas,2024-04-19 01:02:14
34158,Square,SUCCESS,00,469,Mobile,Chicago,2024-04-19 01:27:04
34159,Square,SUCCESS,00,454,ATM,Dallas,2024-04-19 02:21:26
34160,PayPal,SUCCESS,00,494,POS,New York,2024-04-19 02:28:06
34161,Square,SUCCESS,00,1163,Desktop,Los Angeles,2024-04-19 03:10:46
34162,AuthorizeNet,SUCCESS,00,338,Mobile,New York,2024-04-19 03:16:58
34163,AuthorizeNet,SUCCESS,00,1095,ATM,Dallas,2024-04-19 03:31:23
34164,PayPal,SUCCESS,00,427,Mobile,Chicago,2024-04-19 03:53:46
34165,Square,SUCCESS,00,1224,POS,Chicago,2024-04-19 04:21:13
34166,PayPal,SUCCESS,00,136,Mobile,Chicago,2024-04-19 04:39:24
34167,Square,SUCCESS,00,1152,ATM,New York,2024-04-19 04:45:16
34168,Square,SUCCESS,00,1405,POS,New York,2024-04-19 05:07:51
34169,Stripe,SUCCESS,00,1371,POS,New York,2024-04-19 05:11:54
34170,PayPal,SUCCESS,00,1495,Desktop,Chicago,2024-04-19 06:04:41
34171,PayPal,SUCCESS,00,287,Mobile,Chicago,2024-04-19 06:28:09
34172,PayPal,SUCCESS,00,1097,ATM,New York,2024-04-19 06:57:29
34173,Square,SUCCESS,00,862,Desktop,Chicago,2024-04-19 07:09:06
34174,PayPal,SUCCESS,00,222,Mobile,Dallas,2024-04-19 07:33:21
34175,AuthorizeNet,SUCCESS,00,441,POS,Dallas,2024-04-19 07:54:13
34176,AuthorizeNet,SUCCESS,00,1455,Mobile,Los Angeles,2024-04-19 07:58:08
34177,PayPal,SUCCESS,00,229,Desktop,Chicago,2024-04-19 07:59:58
34178,Stripe,SUCCESS,00,296,ATM,Los Angeles,2024-04-19 08:37:09
34179,AuthorizeNet,SUCCESS,00,1364,Mobile,Dallas,2024-04-19 09:39:18
34180,Square,SUCCESS,00,971,POS,Chicago,2024-04-19 09:40:49
34181,Square,SUCCESS,00,1435,POS,Los Angeles,2024-04-19 09:53:44
34182,Square,SUCCESS,00,1053,Desktop,Dallas,2024-04-19 10:00:48
34183,Stripe,SUCCESS,00,1157,Mobile,Los Angeles,2024-04-19 10:55:04
34184,Square,SUCCESS,00,229,Mobile,Los Angeles,2024-04-19 10:59:18
34185,PayPal,SUCCESS,00,500,ATM,Dallas,2024-04-19 11:19:38
34186,Stripe,FAILED,12,1067,POS,New York,2024-04-19 11:40:59
34187,Stripe,SUCCESS,00,1437,Desktop,New York,2024-04-19 12:21:08
34188,Stripe,SUCCESS,00,313,Desktop,New York,2024-04-19 12:49:41
34189,Square,SUCCESS,00,382,Mobile,Chicago,2024-04-19 12:51:18
34190,Square,SUCCESS,00,1057,Desktop,Chicago,2024-04-19 13:08:41
34191,Stripe,SUCCESS,00,216,POS,Dallas,2024-04-19 13:11:11
34192,PayPal,SUCCESS,00,417,Desktop,Chicago,2024-04-19 13:25:31
34193,Square,SUCCESS,00,1365,ATM,Dallas,2024-04-19 13:58:02
34194,Square,SUCCESS,00,1162,ATM,New York,2024-04-19 14:36:26
34195,AuthorizeNet,SUCCESS,00,701,ATM,New York,2024-04-19 16:16:51
34196,PayPal,SUCCESS,00,776,Desktop,Dallas,2024-04-19 18:12:07
34197,Square,SUCCESS,00,287,POS,Los Angeles,2024-04-19 18:48:08
34198,Square,SUCCESS,00,197,ATM,Chicago,2024-04-19 19:14:16
34199,Stripe,SUCCESS,00,467,Desktop,Dallas,2024-04-19 19:52:17
34200,Stripe,SUCCESS,00,1491,ATM,Chicago,2024-04-19 21:24:34
34201,AuthorizeNet,SUCCESS,00,1315,POS,Dallas,2024-04-19 21:33:42
34202,PayPal,SUCCESS,00,1015,Desktop,Chicago,2024-04-19 21:38:27
34203,AuthorizeNet,SUCCESS,00,1283,ATM,Chicago,2024-04-19 22:01:46
34204,PayPal,SUCCESS,00,742,Mobile,Dallas,2024-04-19 22:04:34
34205,Stripe,SUCCESS,00,1071,Mobile,New York,2024-04-19 22:08:22
34206,Stripe,SUCCESS,00,1346,ATM,Los Angeles,2024-04-19 22:38:47
34207,PayPal,SUCCESS,00,386,Desktop,New York,2024-04-19 22:58:05
34208,PayPal,SUCCESS,00,1475,Mobile,Dallas,2024-04-19 22:59:42
34209,PayPal,SUCCESS,00,1026,Mobile,Dallas,2024-04-19 23:12:04
34210,PayPal,SUCCESS,00,871,Mobile,Los Angeles,2024-04-19 23:35:12
34211,PayPal,SUCCESS,00,1439,ATM,Los Angeles,2024-04-19 23:41:04
34212,AuthorizeNet,SUCCESS,00,1322,ATM,Los Angeles,2024-04-19 23:59:29
34213,Stripe,SUCCESS,00,847,Mobile,Dallas,2024-04-20 00:12:57
34214,Stripe,SUCCESS,00,732,Mobile,Dallas,2024-04-20 00:36:40
34215,AuthorizeNet,SUCCESS,00,236,ATM,New York,2024-04-20 01:56:56
34216,AuthorizeNet,SUCCESS,00,640,Desktop,Chicago,2024-04-20 02:30:11
34217,Square,SUCCESS,00,1333,Desktop,Chicago,2024-04-20 02:48:10
34218,Stripe,FAILED,12,1180,Mobile,New York,2024-04-20 03:30:09
34219,Square,FAILED,05,772,ATM,Los Angeles,2024-04-20 04:21:45
34220,AuthorizeNet,SUCCESS,00,1244,Mobile,Chicago,2024-04-20 04:49:46
34221,Stripe,SUCCESS,00,724,Desktop,Dallas,2024-04-20 05:00:37
34222,Square,SUCCESS,00,1005,Mobile,New York,2024-04-20 05:00:43
34223,AuthorizeNet,SUCCESS,00,471,ATM,Chicago,2024-04-20 05:04:50
34224,Stripe,PENDING,99,766,Desktop,Dallas,2024-04-20 05:45:41
34225,PayPal,SUCCESS,00,452,Desktop,Los Angeles,2024-04-20 05:59:05
34226,PayPal,SUCCESS,00,1322,POS,Dallas,2024-04-20 06:02:18
34227,Square,SUCCESS,00,1461,Mobile,Chicago,2024-04-20 06:34:21
34228,AuthorizeNet,SUCCESS,00,1069,Mobile,New York,2024-04-20 07:33:07
34229,Square,SUCCESS,00,462,ATM,New York,2024-04-20 07:34:58
34230,Stripe,SUCCESS,00,898,ATM,Chicago,2024-04-20 09:04:07
34231,AuthorizeNet,SUCCESS,00,433,ATM,New York,2024-04-20 09:31:40
34232,Square,FAILED,12,666,ATM,Chicago,2024-04-20 12:39:38
34233,Square,SUCCESS,00,804,Mobile,Los Angeles,2024-04-20 12:45:52
34234,AuthorizeNet,SUCCESS,00,321,ATM,New York,2024-04-20 13:00:37
34235,Stripe,SUCCESS,00,548,Mobile,Dallas,2024-04-20 13:43:16
34236,AuthorizeNet,SUCCESS,00,214,Mobile,Chicago,2024-04-20 14:06:22
34237,Square,SUCCESS,00,311,ATM,Los Angeles,2024-04-20 15:32:43
34238,AuthorizeNet,SUCCESS,00,246,Desktop,Dallas,2024-04-20 15:54:12
34239,AuthorizeNet,SUCCESS,00,1292,Mobile,Dallas,2024-04-20 15:59:01
34240,AuthorizeNet,SUCCESS,00,1374,ATM,Dallas,2024-04-20 16:06:26
34241,PayPal,SUCCESS,00,793,ATM,Chicago,2024-04-20 17:00:15
34242,Stripe,SUCCESS,00,486,ATM,New York,2024-04-20 18:14:34
34243,AuthorizeNet,FAILED,05,476,Desktop,Los Angeles,2024-04-20 18:36:07
34244,PayPal,SUCCESS,00,929,POS,Dallas,2024-04-20 18:38:23
34245,AuthorizeNet,FAILED,05,103,Mobile,New York,2024-04-20 18:57:30
34246,PayPal,SUCCESS,00,916,POS,New York,2024-04-20 19:10:20
34247,PayPal,SUCCESS,00,1108,ATM,Dallas,2024-04-20 19:48:42
34248,AuthorizeNet,SUCCESS,00,620,Desktop,Chicago,2024-04-20 20:03:32
34249,AuthorizeNet,SUCCESS,00,1104,Mobile,Los Angeles,2024-04-20 20:53:22
34250,Square,FAILED,12,1281,Desktop,Dallas,2024-04-20 21:23:09
34251,AuthorizeNet,FAILED,05,896,POS,Chicago,2024-04-20 23:47:40
34252,PayPal,SUCCESS,00,700,Mobile,New York,2024-04-20 23:48:00
34253,AuthorizeNet,SUCCESS,00,719,POS,Chicago,2024-04-20 23:54:52
34254,PayPal,SUCCESS,00,975,Desktop,New York,2024-04-21 00:40:28
34255,PayPal,SUCCESS,00,1215,POS,Los Angeles,2024-04-21 01:00:14
34256,AuthorizeNet,SUCCESS,00,1394,ATM,Dallas,2024-04-21 01:04:32
34257,PayPal,SUCCESS,00,1109,POS,Los Angeles,2024-04-21 01:31:02
34258,PayPal,SUCCESS,00,950,ATM,Los Angeles,2024-04-21 02:00:48
34259,Stripe,SUCCESS,00,1182,POS,Chicago,2024-04-21 02:27:53
34260,Square,FAILED,12,314,POS,New York,2024-04-21 02:32:00
34261,Stripe,SUCCESS,00,1434,Mobile,Los Angeles,2024-04-21 02:54:06
34262,AuthorizeNet,SUCCESS,00,1206,Mobile,Dallas,2024-04-21 03:12:16
34263,PayPal,SUCCESS,00,897,Desktop,New York,2024-04-21 03:12:43
34264,Square,FAILED,12,1395,Mobile,Chicago,2024-04-21 03:21:00
34265,Square,SUCCESS,00,372,Mobile,Los Angeles,2024-04-21 03:43:05
34266,PayPal,SUCCESS,00,1067,ATM,Los Angeles,2024-04-21 04:01:16
34267,PayPal,SUCCESS,00,1313,Desktop,Dallas,2024-04-21 05:17:14
34268,Stripe,SUCCESS,00,416,ATM,Chicago,2024-04-21 05:18:55
34269,Square,FAILED,05,670,Desktop,Chicago,2024-04-21 06:09:33
34270,PayPal,SUCCESS,00,1081,ATM,New York,2024-04-21 06:36:47
34271,Stripe,SUCCESS,00,1300,POS,New York,2024-04-21 06:45:37
34272,Square,SUCCESS,00,595,ATM,Dallas,2024-04-21 07:20:14
34273,Stripe,SUCCESS,00,734,Desktop,New York,2024-04-21 07:56:01
34274,AuthorizeNet,SUCCESS,00,199,POS,New York,2024-04-21 08:27:24
34275,Stripe,SUCCESS,00,1458,ATM,Chicago,2024-04-21 08:55:11
34276,Square,SUCCESS,00,1072,Desktop,Chicago,2024-04-21 09:09:40
34277,AuthorizeNet,SUCCESS,00,331,Mobile,Dallas,2024-04-21 10:24:37
34278,AuthorizeNet,SUCCESS,00,201,Desktop,Chicago,2024-04-21 11:01:11
34279,Stripe,SUCCESS,00,276,ATM,New York,2024-04-21 11:24:52
34280,AuthorizeNet,SUCCESS,00,265,Desktop,Chicago,2024-04-21 11:34:14
34281,Square,SUCCESS,00,618,Mobile,Dallas,2024-04-21 11:35:27
34282,Stripe,SUCCESS,00,460,Mobile,Chicago,2024-04-21 11:50:19
34283,Square,SUCCESS,00,186,ATM,Dallas,2024-04-21 13:27:42
34284,Square,SUCCESS,00,659,Mobile,Dallas,2024-04-21 13:40:17
34285,PayPal,SUCCESS,00,1119,ATM,Chicago,2024-04-21 13:52:16
34286,Square,SUCCESS,00,1296,POS,Los Angeles,2024-04-21 14:32:13
34287,Square,SUCCESS,00,886,Mobile,New York,2024-04-21 14:40:22
34288,Square,SUCCESS,00,1218,ATM,Los Angeles,2024-04-21 15:32:54
34289,AuthorizeNet,SUCCESS,00,964,ATM,New York,2024-04-21 16:29:27
34290,PayPal,SUCCESS,00,879,Desktop,Los Angeles,2024-04-21 16:50:25
34291,Square,SUCCESS,00,1252,POS,New York,2024-04-21 17:13:26
34292,PayPal,SUCCESS,00,339,Mobile,Dallas,2024-04-21 17:27:17
34293,PayPal,SUCCESS,00,580,POS,Dallas,2024-04-21 17:37:53
34294,AuthorizeNet,SUCCESS,00,1310,POS,Chicago,2024-04-21 17:48:22
34295,Stripe,SUCCESS,00,297,Desktop,Los Angeles,2024-04-21 19:08:09
34296,PayPal,SUCCESS,00,1030,ATM,New York,2024-04-21 19:11:17
34297,AuthorizeNet,SUCCESS,00,1373,POS,New York,2024-04-21 20:30:10
34298,Stripe,SUCCESS,00,914,Mobile,Los Angeles,2024-04-21 20:46:54
34299,PayPal,SUCCESS,00,172,Mobile,Chicago,2024-04-21 21:49:31
34300,PayPal,SUCCESS,00,192,Mobile,Dallas,2024-04-21 22:09:14
34301,PayPal,SUCCESS,00,322,POS,Chicago,2024-04-21 23:25:55
34302,Stripe,SUCCESS,00,700,Mobile,Los Angeles,2024-04-21 23:30:24
34303,AuthorizeNet,SUCCESS,00,1394,Desktop,Chicago,2024-04-21 23:50:17
34304,PayPal,SUCCESS,00,1029,Mobile,Los Angeles,2024-04-22 00:24:05
34305,PayPal,SUCCESS,00,1039,Desktop,New York,2024-04-22 00:37:36
34306,Stripe,SUCCESS,00,1232,Mobile,Los Angeles,2024-04-22 00:43:13
34307,PayPal,SUCCESS,00,1020,POS,Dallas,2024-04-22 01:55:56
34308,AuthorizeNet,SUCCESS,00,153,Desktop,New York,2024-04-22 03:51:36
34309,AuthorizeNet,FAILED,05,1052,Mobile,New York,2024-04-22 03:55:15
34310,Stripe,SUCCESS,00,1339,POS,New York,2024-04-22 04:23:34
34311,PayPal,SUCCESS,00,207,Mobile,New York,2024-04-22 04:42:40
34312,Stripe,SUCCESS,00,1166,POS,Chicago,2024-04-22 06:56:09
34313,Stripe,SUCCESS,00,1215,Desktop,New York,2024-04-22 08:02:31
34314,Square,SUCCESS,00,164,Mobile,Dallas,2024-04-22 08:15:03
34315,AuthorizeNet,SUCCESS,00,1011,POS,Dallas,2024-04-22 09:16:07
34316,PayPal,SUCCESS,00,813,Desktop,Dallas,2024-04-22 10:02:09
34317,AuthorizeNet,SUCCESS,00,837,Mobile,Dallas,2024-04-22 10:24:33
34318,Square,SUCCESS,00,147,ATM,Los Angeles,2024-04-22 10:47:31
34319,Stripe,SUCCESS,00,287,Desktop,Chicago,2024-04-22 10:48:12
34320,Square,SUCCESS,00,747,Desktop,Los Angeles,2024-04-22 11:30:20
34321,PayPal,SUCCESS,00,448,Mobile,Chicago,2024-04-22 11:59:18
34322,AuthorizeNet,SUCCESS,00,151,POS,Los Angeles,2024-04-22 12:38:02
34323,Stripe,SUCCESS,00,1381,Desktop,New York,2024-04-22 13:01:02
34324,Stripe,PENDING,99,1070,POS,Chicago,2024-04-22 15:38:01
34325,Square,SUCCESS,00,1269,Desktop,Chicago,2024-04-22 16:38:52
34326,AuthorizeNet,SUCCESS,00,162,Desktop,Chicago,2024-04-22 17:50:56
34327,Square,SUCCESS,00,1033,Desktop,Chicago,2024-04-22 18:52:59
34328,Stripe,SUCCESS,00,568,Desktop,Chicago,2024-04-22 19:39:13
34329,AuthorizeNet,SUCCESS,00,160,POS,Los Angeles,2024-04-22 19:41:07
34330,AuthorizeNet,SUCCESS,00,471,Desktop,Chicago,2024-04-22 19:56:10
34331,Stripe,SUCCESS,00,268,POS,Chicago,2024-04-22 20:29:43
34332,PayPal,SUCCESS,00,938,POS,New York,2024-04-22 21:11:43
34333,Square,SUCCESS,00,1486,POS,Chicago,2024-04-22 21:13:42
34334,Square,SUCCESS,00,1411,Desktop,New York,2024-04-22 23:13:34
34335,Square,SUCCESS,00,1011,ATM,Los Angeles,2024-04-23 00:23:33
34336,PayPal,SUCCESS,00,959,Desktop,Los Angeles,2024-04-23 00:37:37
34337,AuthorizeNet,PENDING,99,1149,Mobile,Los Angeles,2024-04-23 01:08:12
34338,Stripe,PENDING,99,1454,Desktop,Chicago,2024-04-23 02:29:46
34339,Stripe,SUCCESS,00,106,ATM,Dallas,2024-04-23 03:34:46
34340,Stripe,SUCCESS,00,1218,POS,Dallas,2024-04-23 05:05:06
34341,AuthorizeNet,SUCCESS,00,1426,POS,Dallas,2024-04-23 06:26:55
34342,PayPal,PENDING,99,1042,Mobile,Dallas,2024-04-23 07:10:45
34343,AuthorizeNet,SUCCESS,00,1421,POS,Chicago,2024-04-23 07:25:54
34344,AuthorizeNet,SUCCESS,00,647,ATM,Dallas,2024-04-23 07:51:41
34345,AuthorizeNet,SUCCESS,00,785,POS,Los Angeles,2024-04-23 07:52:32
34346,PayPal,SUCCESS,00,475,Mobile,Dallas,2024-04-23 08:32:02
34347,PayPal,SUCCESS,00,1237,POS,New York,2024-04-23 08:33:20
34348,Square,FAILED,12,800,ATM,Los Angeles,2024-04-23 09:08:13
34349,AuthorizeNet,SUCCESS,00,380,POS,New York,2024-04-23 09:37:39
34350,Square,FAILED,12,959,Mobile,New York,2024-04-23 10:12:57
34351,AuthorizeNet,SUCCESS,00,892,POS,Los Angeles,2024-04-23 10:18:48
34352,PayPal,SUCCESS,00,923,POS,New York,2024-04-23 11:47:09
34353,AuthorizeNet,SUCCESS,00,159,Desktop,New York,2024-04-23 12:34:33
34354,Square,SUCCESS,00,1387,Mobile,Chicago,2024-04-23 12:37:30
34355,PayPal,SUCCESS,00,1321,Mobile,New York,2024-04-23 14:48:13
34356,PayPal,SUCCESS,00,1344,Mobile,Chicago,2024-04-23 15:25:01
34357,Square,SUCCESS,00,1208,Desktop,New York,2024-04-23 17:17:05
34358,AuthorizeNet,SUCCESS,00,191,Mobile,New York,2024-04-23 17:50:05
34359,Square,FAILED,05,209,ATM,Los Angeles,2024-04-23 18:22:43
34360,Square,SUCCESS,00,1401,Mobile,Chicago,2024-04-23 19:20:20
34361,Square,SUCCESS,00,1078,ATM,Los Angeles,2024-04-23 20:58:48
34362,Stripe,SUCCESS,00,963,Mobile,Los Angeles,2024-04-23 21:38:18
34363,Square,SUCCESS,00,887,ATM,Chicago,2024-04-23 21:51:50
34364,Stripe,SUCCESS,00,1389,Desktop,Los Angeles,2024-04-23 22:02:39
34365,AuthorizeNet,SUCCESS,00,767,ATM,New York,2024-04-23 22:22:09
34366,Square,SUCCESS,00,1384,ATM,New York,2024-04-23 22:34:53
34367,Stripe,SUCCESS,00,772,Desktop,Chicago,2024-04-23 23:16:57
34368,Stripe,SUCCESS,00,691,ATM,New York,2024-04-23 23:32:32
34369,PayPal,SUCCESS,00,971,ATM,Dallas,2024-04-24 00:44:48
34370,Stripe,SUCCESS,00,578,ATM,Dallas,2024-04-24 01:01:57
34371,Stripe,SUCCESS,00,300,Desktop,New York,2024-04-24 01:33:10
34372,Square,SUCCESS,00,703,Desktop,New York,2024-04-24 01:37:29
34373,AuthorizeNet,SUCCESS,00,1376,Mobile,New York,2024-04-24 03:57:30
34374,AuthorizeNet,SUCCESS,00,1480,ATM,Dallas,2024-04-24 04:31:01
34375,Square,SUCCESS,00,1225,Mobile,Chicago,2024-04-24 05:07:17
34376,AuthorizeNet,SUCCESS,00,166,POS,New York,2024-04-24 05:47:48
34377,AuthorizeNet,FAILED,05,392,ATM,Dallas,2024-04-24 09:19:20
34378,Stripe,SUCCESS,00,1484,Mobile,Dallas,2024-04-24 11:36:29
34379,Stripe,SUCCESS,00,1480,POS,New York,2024-04-24 12:42:23
34380,Square,SUCCESS,00,580,Mobile,Chicago,2024-04-24 13:00:04
34381,PayPal,SUCCESS,00,521,Mobile,Los Angeles,2024-04-24 13:02:27
34382,Square,SUCCESS,00,1001,ATM,Los Angeles,2024-04-24 13:05:16
34383,AuthorizeNet,SUCCESS,00,291,ATM,Los Angeles,2024-04-24 14:11:48
34384,Square,SUCCESS,00,900,ATM,Los Angeles,2024-04-24 14:49:36
34385,PayPal,SUCCESS,00,633,POS,New York,2024-04-24 15:10:45
34386,AuthorizeNet,PENDING,99,643,Desktop,Chicago,2024-04-24 15:20:30
34387,Square,SUCCESS,00,1362,Mobile,Dallas,2024-04-24 15:23:03
34388,Square,SUCCESS,00,262,Mobile,Dallas,2024-04-24 16:25:08
34389,PayPal,SUCCESS,00,916,ATM,Los Angeles,2024-04-24 16:35:37
34390,PayPal,SUCCESS,00,663,POS,Chicago,2024-04-24 17:01:11
34391,AuthorizeNet,SUCCESS,00,148,POS,Chicago,2024-04-24 17:38:08
34392,PayPal,SUCCESS,00,486,ATM,Chicago,2024-04-24 19:16:50
34393,AuthorizeNet,SUCCESS,00,560,Mobile,New York,2024-04-24 19:59:49
34394,Stripe,SUCCESS,00,689,Mobile,Los Angeles,2024-04-24 21:00:51
34395,AuthorizeNet,SUCCESS,00,1423,Mobile,Los Angeles,2024-04-24 21:19:02
34396,AuthorizeNet,SUCCESS,00,1224,Mobile,Dallas,2024-04-24 22:06:59
34397,Stripe,FAILED,05,806,ATM,New York,2024-04-24 23:28:07
34398,Square,SUCCESS,00,1488,POS,Dallas,2024-04-24 23:45:34
34399,PayPal,SUCCESS,00,718,ATM,New York,2024-04-25 00:29:33
34400,Square,SUCCESS,00,718,POS,New York,2024-04-25 00:50:26
34401,AuthorizeNet,SUCCESS,00,1158,ATM,Dallas,2024-04-25 00:56:59
34402,PayPal,SUCCESS,00,559,Mobile,Dallas,2024-04-25 02:51:20
34403,PayPal,SUCCESS,00,942,Desktop,Chicago,2024-04-25 03:29:22
34404,AuthorizeNet,SUCCESS,00,557,Desktop,New York,2024-04-25 03:57:29
34405,Stripe,SUCCESS,00,625,Mobile,Dallas,2024-04-25 04:08:09
34406,Stripe,SUCCESS,00,813,Desktop,New York,2024-04-25 04:27:13
34407,AuthorizeNet,SUCCESS,00,940,Desktop,Chicago,2024-04-25 05:21:48
34408,Square,SUCCESS,00,391,Desktop,New York,2024-04-25 06:28:29
34409,AuthorizeNet,SUCCESS,00,347,POS,Los Angeles,2024-04-25 08:20:30
34410,AuthorizeNet,SUCCESS,00,1174,Desktop,New York,2024-04-25 08:21:02
34411,AuthorizeNet,SUCCESS,00,855,ATM,Dallas,2024-04-25 08:47:09
34412,AuthorizeNet,SUCCESS,00,171,ATM,Dallas,2024-04-25 11:12:01
34413,Stripe,SUCCESS,00,445,Desktop,Los Angeles,2024-04-25 11:52:14
34414,Square,SUCCESS,00,1259,Desktop,Dallas,2024-04-25 12:00:08
34415,Square,SUCCESS,00,975,Mobile,Chicago,2024-04-25 12:07:04
34416,AuthorizeNet,SUCCESS,00,786,Mobile,Dallas,2024-04-25 12:19:32
34417,Square,PENDING,99,255,ATM,Dallas,2024-04-25 12:41:52
34418,PayPal,SUCCESS,00,1013,Mobile,New York,2024-04-25 13:14:08
34419,PayPal,SUCCESS,00,1193,POS,Los Angeles,2024-04-25 13:48:48
34420,PayPal,SUCCESS,00,490,Mobile,Chicago,2024-04-25 14:20:15
34421,PayPal,SUCCESS,00,663,ATM,Dallas,2024-04-25 15:00:11
34422,Stripe,SUCCESS,00,1124,POS,Los Angeles,2024-04-25 16:07:40
34423,Square,SUCCESS,00,546,POS,Los Angeles,2024-04-25 18:48:24
34424,Square,SUCCESS,00,1148,POS,Chicago,2024-04-25 19:44:33
34425,Stripe,FAILED,05,474,Mobile,New York,2024-04-25 20:11:50
34426,Square,SUCCESS,00,1092,Desktop,Chicago,2024-04-26 00:04:55
34427,Stripe,SUCCESS,00,595,Mobile,Los Angeles,2024-04-26 00:28:15
34428,AuthorizeNet,SUCCESS,00,652,POS,Dallas,2024-04-26 00:29:55
34429,PayPal,SUCCESS,00,1367,ATM,Los Angeles,2024-04-26 01:05:59
34430,Stripe,SUCCESS,00,920,POS,New York,2024-04-26 01:20:36
34431,Stripe,SUCCESS,00,942,POS,Chicago,2024-04-26 03:18:18
34432,Square,SUCCESS,00,1155,ATM,Los Angeles,2024-04-26 03:35:11
34433,AuthorizeNet,SUCCESS,00,228,Mobile,New York,2024-04-26 04:28:20
34434,AuthorizeNet,SUCCESS,00,205,Desktop,Dallas,2024-04-26 04:36:56
34435,Square,SUCCESS,00,315,ATM,Dallas,2024-04-26 05:00:36
34436,Stripe,SUCCESS,00,757,ATM,Chicago,2024-04-26 05:30:38
34437,Square,FAILED,05,328,Desktop,Chicago,2024-04-26 08:00:57
34438,Stripe,SUCCESS,00,570,Desktop,Los Angeles,2024-04-26 08:12:07
34439,PayPal,SUCCESS,00,141,Desktop,Los Angeles,2024-04-26 08:27:32
34440,PayPal,SUCCESS,00,383,POS,Los Angeles,2024-04-26 08:42:28
34441,PayPal,SUCCESS,00,343,Desktop,Chicago,2024-04-26 09:00:56
34442,PayPal,SUCCESS,00,117,Desktop,New York,2024-04-26 09:04:35
34443,Square,FAILED,05,911,Desktop,Los Angeles,2024-04-26 09:12:19
34444,Square,SUCCESS,00,223,ATM,Dallas,2024-04-26 11:02:07
34445,PayPal,SUCCESS,00,344,ATM,New York,2024-04-26 12:31:45
34446,PayPal,SUCCESS,00,580,ATM,New York,2024-04-26 13:38:45
34447,AuthorizeNet,SUCCESS,00,1079,ATM,Los Angeles,2024-04-26 13:46:18
34448,Square,SUCCESS,00,1004,Mobile,Los Angeles,2024-04-26 13:50:06
34449,AuthorizeNet,SUCCESS,00,1350,Desktop,Dallas,2024-04-26 14:11:26
34450,AuthorizeNet,SUCCESS,00,383,Mobile,Dallas,2024-04-26 14:29:24
34451,PayPal,SUCCESS,00,461,Desktop,Los Angeles,2024-04-26 14:55:54
34452,AuthorizeNet,SUCCESS,00,306,POS,Chicago,2024-04-26 15:00:29
34453,Stripe,FAILED,05,1142,POS,Los Angeles,2024-04-26 16:00:55
34454,Square,SUCCESS,00,1112,POS,Dallas,2024-04-26 16:05:13
34455,PayPal,SUCCESS,00,1195,ATM,Chicago,2024-04-26 16:09:18
34456,AuthorizeNet,SUCCESS,00,1495,Desktop,Chicago,2024-04-26 16:43:50
34457,Square,SUCCESS,00,553,ATM,Los Angeles,2024-04-26 17:12:06
34458,AuthorizeNet,SUCCESS,00,159,ATM,Chicago,2024-04-26 17:57:59
34459,PayPal,SUCCESS,00,669,POS,Los Angeles,2024-04-26 18:00:29
34460,AuthorizeNet,SUCCESS,00,1079,ATM,New York,2024-04-26 18:23:49
34461,AuthorizeNet,SUCCESS,00,1264,ATM,Chicago,2024-04-26 18:28:00
34462,AuthorizeNet,SUCCESS,00,1484,Desktop,Dallas,2024-04-26 19:00:56
34463,Square,SUCCESS,00,896,Mobile,Los Angeles,2024-04-26 19:20:21
34464,Stripe,SUCCESS,00,224,ATM,New York,2024-04-26 19:52:15
34465,PayPal,SUCCESS,00,820,ATM,Chicago,2024-04-26 19:53:45
34466,PayPal,SUCCESS,00,1491,Desktop,Los Angeles,2024-04-26 20:30:19
34467,PayPal,SUCCESS,00,704,Desktop,Los Angeles,2024-04-26 20:44:13
34468,Square,SUCCESS,00,1017,ATM,Chicago,2024-04-26 22:18:38
34469,AuthorizeNet,SUCCESS,00,1058,Desktop,New York,2024-04-26 22:52:49
34470,Square,SUCCESS,00,101,POS,Dallas,2024-04-26 23:04:14
34471,Square,SUCCESS,00,315,Mobile,Los Angeles,2024-04-26 23:22:10
34472,Stripe,SUCCESS,00,461,ATM,Los Angeles,2024-04-27 02:35:18
34473,Square,SUCCESS,00,703,ATM,Dallas,2024-04-27 02:38:41
34474,AuthorizeNet,FAILED,12,871,ATM,Dallas,2024-04-27 02:51:49
34475,AuthorizeNet,SUCCESS,00,1034,Desktop,Chicago,2024-04-27 03:02:23
34476,Stripe,FAILED,12,1073,Mobile,New York,2024-04-27 04:34:24
34477,Square,SUCCESS,00,478,Desktop,Los Angeles,2024-04-27 04:56:11
34478,AuthorizeNet,SUCCESS,00,1391,ATM,Chicago,2024-04-27 05:48:09
34479,PayPal,SUCCESS,00,1215,Mobile,New York,2024-04-27 05:55:30
34480,AuthorizeNet,SUCCESS,00,1232,ATM,Dallas,2024-04-27 06:14:13
34481,PayPal,SUCCESS,00,626,Mobile,Los Angeles,2024-04-27 07:37:39
34482,Stripe,SUCCESS,00,562,Desktop,New York,2024-04-27 08:14:18
34483,PayPal,SUCCESS,00,1411,Desktop,Los Angeles,2024-04-27 09:03:08
34484,PayPal,SUCCESS,00,869,Mobile,Chicago,2024-04-27 09:15:12
34485,Stripe,SUCCESS,00,963,Desktop,New York,2024-04-27 10:16:22
34486,AuthorizeNet,SUCCESS,00,286,Desktop,Dallas,2024-04-27 10:33:50
34487,Square,SUCCESS,00,521,Desktop,New York,2024-04-27 11:38:25
34488,Square,SUCCESS,00,1334,Desktop,Los Angeles,2024-04-27 13:11:01
34489,AuthorizeNet,FAILED,05,1006,POS,New York,2024-04-27 13:19:00
34490,Square,SUCCESS,00,1380,POS,Los Angeles,2024-04-27 14:04:08
34491,AuthorizeNet,SUCCESS,00,1065,POS,Los Angeles,2024-04-27 14:57:52
34492,AuthorizeNet,SUCCESS,00,379,Desktop,Chicago,2024-04-27 17:58:02
34493,Square,SUCCESS,00,551,Mobile,Dallas,2024-04-27 18:09:12
34494,Stripe,SUCCESS,00,570,Mobile,Chicago,2024-04-27 18:34:17
34495,Square,SUCCESS,00,1493,ATM,New York,2024-04-27 20:13:15
34496,AuthorizeNet,PENDING,99,372,Desktop,Dallas,2024-04-27 20:36:11
34497,Square,SUCCESS,00,737,POS,New York,2024-04-27 21:09:43
34498,Stripe,SUCCESS,00,986,ATM,Dallas,2024-04-27 22:21:56
34499,Stripe,SUCCESS,00,1153,POS,Chicago,2024-04-28 02:02:31
34500,PayPal,SUCCESS,00,1356,Mobile,Chicago,2024-04-28 02:08:30
34501,Square,SUCCESS,00,111,Mobile,Dallas,2024-04-28 02:41:13
34502,Square,SUCCESS,00,328,Desktop,Los Angeles,2024-04-28 02:44:13
34503,Square,SUCCESS,00,231,ATM,Los Angeles,2024-04-28 04:55:10
34504,AuthorizeNet,SUCCESS,00,330,Mobile,New York,2024-04-28 04:58:52
34505,Square,SUCCESS,00,1172,ATM,Dallas,2024-04-28 06:32:46
34506,Square,SUCCESS,00,505,POS,Los Angeles,2024-04-28 06:37:20
34507,PayPal,SUCCESS,00,543,Desktop,Chicago,2024-04-28 06:45:23
34508,Square,SUCCESS,00,105,ATM,Dallas,2024-04-28 06:58:10
34509,Square,SUCCESS,00,809,Desktop,Dallas,2024-04-28 07:02:01
34510,AuthorizeNet,SUCCESS,00,232,POS,Chicago,2024-04-28 07:02:22
34511,AuthorizeNet,SUCCESS,00,620,ATM,Dallas,2024-04-28 07:25:54
34512,Square,SUCCESS,00,1029,ATM,Los Angeles,2024-04-28 07:33:13
34513,PayPal,SUCCESS,00,1221,Desktop,Dallas,2024-04-28 07:43:10
34514,AuthorizeNet,SUCCESS,00,329,Mobile,New York,2024-04-28 08:06:40
34515,PayPal,SUCCESS,00,333,Mobile,Dallas,2024-04-28 09:48:00
34516,Stripe,SUCCESS,00,1133,POS,New York,2024-04-28 10:23:45
34517,Square,SUCCESS,00,393,ATM,Chicago,2024-04-28 10:30:34
34518,Stripe,SUCCESS,00,1044,ATM,Chicago,2024-04-28 10:37:15
34519,AuthorizeNet,SUCCESS,00,1372,POS,Dallas,2024-04-28 11:19:52
34520,Stripe,SUCCESS,00,738,Desktop,Los Angeles,2024-04-28 11:19:57
34521,PayPal,SUCCESS,00,423,Mobile,Los Angeles,2024-04-28 11:24:58
34522,PayPal,SUCCESS,00,1344,POS,Los Angeles,2024-04-28 12:09:27
34523,PayPal,SUCCESS,00,950,Desktop,Dallas,2024-04-28 12:14:41
34524,Square,SUCCESS,00,1044,Desktop,Dallas,2024-04-28 12:23:10
34525,PayPal,SUCCESS,00,210,Mobile,Dallas,2024-04-28 12:29:38
34526,PayPal,SUCCESS,00,1242,Mobile,Los Angeles,2024-04-28 13:07:49
34527,AuthorizeNet,SUCCESS,00,503,ATM,Dallas,2024-04-28 15:22:19
34528,AuthorizeNet,SUCCESS,00,543,Mobile,Dallas,2024-04-28 16:10:56
34529,AuthorizeNet,SUCCESS,00,576,POS,Los Angeles,2024-04-28 16:12:08
34530,AuthorizeNet,SUCCESS,00,764,ATM,Los Angeles,2024-04-28 17:48:01
34531,PayPal,SUCCESS,00,137,Desktop,New York,2024-04-28 18:18:33
34532,AuthorizeNet,SUCCESS,00,712,POS,Los Angeles,2024-04-28 18:39:17
34533,AuthorizeNet,SUCCESS,00,998,POS,New York,2024-04-28 19:05:28
34534,Square,SUCCESS,00,1081,POS,Dallas,2024-04-28 19:12:02
34535,Square,SUCCESS,00,519,Mobile,Chicago,2024-04-28 20:00:57
34536,PayPal,SUCCESS,00,660,POS,Los Angeles,2024-04-28 20:33:36
34537,PayPal,SUCCESS,00,832,ATM,New York,2024-04-28 21:35:29
34538,Stripe,SUCCESS,00,1392,POS,New York,2024-04-28 22:10:51
34539,Square,SUCCESS,00,1234,ATM,Chicago,2024-04-28 23:16:45
34540,AuthorizeNet,SUCCESS,00,751,Desktop,Chicago,2024-04-28 23:24:15
34541,Stripe,PENDING,99,1256,Desktop,Los Angeles,2024-04-28 23:53:16
34542,AuthorizeNet,SUCCESS,00,656,Desktop,New York,2024-04-29 02:05:19
34543,PayPal,SUCCESS,00,540,Desktop,Los Angeles,2024-04-29 02:23:45
34544,PayPal,SUCCESS,00,721,Mobile,Chicago,2024-04-29 02:55:49
34545,Square,SUCCESS,00,113,ATM,New York,2024-04-29 02:56:18
34546,Stripe,SUCCESS,00,1006,ATM,Dallas,2024-04-29 03:20:36
34547,AuthorizeNet,SUCCESS,00,1178,Desktop,Chicago,2024-04-29 03:30:12
34548,Stripe,SUCCESS,00,1276,Mobile,New York,2024-04-29 04:47:46
34549,Square,SUCCESS,00,1302,POS,Los Angeles,2024-04-29 04:56:40
34550,PayPal,SUCCESS,00,667,ATM,Chicago,2024-04-29 05:30:21
34551,Square,FAILED,05,216,Mobile,New York,2024-04-29 05:32:52
34552,PayPal,SUCCESS,00,369,Mobile,Los Angeles,2024-04-29 06:56:54
34553,Stripe,SUCCESS,00,1188,Mobile,Chicago,2024-04-29 07:02:34
34554,Stripe,SUCCESS,00,293,Desktop,Los Angeles,2024-04-29 07:30:47
34555,PayPal,SUCCESS,00,1339,ATM,New York,2024-04-29 08:05:48
34556,Stripe,SUCCESS,00,1300,POS,Dallas,2024-04-29 08:51:46
34557,Square,SUCCESS,00,947,Mobile,Los Angeles,2024-04-29 09:25:27
34558,Stripe,SUCCESS,00,1470,Desktop,Los Angeles,2024-04-29 09:50:38
34559,Stripe,SUCCESS,00,288,ATM,Dallas,2024-04-29 10:01:13
34560,AuthorizeNet,SUCCESS,00,1076,ATM,Chicago,2024-04-29 10:05:29
34561,PayPal,SUCCESS,00,336,ATM,Dallas,2024-04-29 12:45:51
34562,Square,PENDING,99,838,Desktop,Dallas,2024-04-29 13:01:22
34563,Stripe,SUCCESS,00,386,POS,Dallas,2024-04-29 13:39:46
34564,PayPal,SUCCESS,00,402,ATM,Chicago,2024-04-29 13:58:59
34565,AuthorizeNet,SUCCESS,00,864,Mobile,Dallas,2024-04-29 15:09:49
34566,AuthorizeNet,SUCCESS,00,1265,Desktop,Chicago,2024-04-29 15:14:10
34567,PayPal,SUCCESS,00,998,ATM,Chicago,2024-04-29 15:56:18
34568,Stripe,FAILED,12,1176,ATM,Dallas,2024-04-29 16:05:49
34569,Square,SUCCESS,00,975,Mobile,Los Angeles,2024-04-29 17:00:32
34570,AuthorizeNet,SUCCESS,00,891,POS,Los Angeles,2024-04-29 17:10:35
34571,PayPal,FAILED,05,1422,ATM,Dallas,2024-04-29 17:10:41
34572,AuthorizeNet,SUCCESS,00,550,Desktop,Chicago,2024-04-29 17:52:41
34573,Square,FAILED,05,1133,ATM,New York,2024-04-29 18:02:18
34574,AuthorizeNet,FAILED,12,975,ATM,New York,2024-04-29 18:31:15
34575,Stripe,SUCCESS,00,492,Desktop,Chicago,2024-04-29 19:23:43
34576,Stripe,SUCCESS,00,933,POS,Los Angeles,2024-04-29 19:25:12
34577,Square,SUCCESS,00,1149,Desktop,New York,2024-04-29 19:40:07
34578,AuthorizeNet,SUCCESS,00,1010,Mobile,Dallas,2024-04-29 20:21:45
34579,AuthorizeNet,SUCCESS,00,1418,POS,Los Angeles,2024-04-29 21:44:54
34580,AuthorizeNet,SUCCESS,00,981,POS,New York,2024-04-29 21:49:16
34581,AuthorizeNet,SUCCESS,00,1189,Mobile,Chicago,2024-04-29 22:51:31
34582,AuthorizeNet,SUCCESS,00,1459,POS,Chicago,2024-04-29 23:07:13
34583,Square,SUCCESS,00,1159,Desktop,New York,2024-04-29 23:37:43
34584,Square,SUCCESS,00,656,POS,New York,2024-04-30 02:39:40
34585,Stripe,SUCCESS,00,831,POS,Dallas,2024-04-30 02:40:21
34586,Square,SUCCESS,00,1352,ATM,Dallas,2024-04-30 04:23:46
34587,PayPal,SUCCESS,00,1208,Desktop,Dallas,2024-04-30 05:12:55
34588,Stripe,SUCCESS,00,758,Mobile,Chicago,2024-04-30 06:00:24
34589,PayPal,SUCCESS,00,171,Mobile,Dallas,2024-04-30 06:11:47
34590,Stripe,SUCCESS,00,213,ATM,Dallas,2024-04-30 06:28:36
34591,Square,SUCCESS,00,624,Mobile,Dallas,2024-04-30 06:45:53
34592,AuthorizeNet,SUCCESS,00,824,Mobile,Dallas,2024-04-30 06:48:55
34593,Square,SUCCESS,00,1175,ATM,New York,2024-04-30 06:57:13
34594,Stripe,SUCCESS,00,1145,Mobile,Los Angeles,2024-04-30 07:45:32
34595,PayPal,SUCCESS,00,251,ATM,Los Angeles,2024-04-30 08:13:15
34596,PayPal,SUCCESS,00,443,ATM,Los Angeles,2024-04-30 09:20:34
34597,PayPal,SUCCESS,00,201,Mobile,Chicago,2024-04-30 09:24:17
34598,Stripe,SUCCESS,00,724,Desktop,New York,2024-04-30 10:10:45
34599,PayPal,SUCCESS,00,1154,ATM,Chicago,2024-04-30 10:22:03
34600,AuthorizeNet,SUCCESS,00,712,Mobile,Chicago,2024-04-30 10:22:30
34601,AuthorizeNet,SUCCESS,00,1274,POS,New York,2024-04-30 10:49:24
34602,Square,SUCCESS,00,833,ATM,New York,2024-04-30 11:38:25
34603,Square,SUCCESS,00,1233,POS,New York,2024-04-30 12:19:18
34604,Stripe,SUCCESS,00,1048,ATM,Los Angeles,2024-04-30 12:31:13
34605,AuthorizeNet,SUCCESS,00,652,ATM,Los Angeles,2024-04-30 12:38:50
34606,Square,SUCCESS,00,782,POS,Dallas,2024-04-30 14:08:18
34607,AuthorizeNet,SUCCESS,00,222,POS,Los Angeles,2024-04-30 14:40:13
34608,Stripe,SUCCESS,00,1059,Desktop,Los Angeles,2024-04-30 15:13:04
34609,AuthorizeNet,FAILED,05,122,Desktop,Los Angeles,2024-04-30 15:19:11
34610,Stripe,SUCCESS,00,949,Mobile,Dallas,2024-04-30 16:09:22
34611,AuthorizeNet,SUCCESS,00,1323,POS,Los Angeles,2024-04-30 17:49:17
34612,Square,SUCCESS,00,338,ATM,Chicago,2024-04-30 18:15:58
34613,AuthorizeNet,SUCCESS,00,696,Mobile,Chicago,2024-04-30 18:44:14
34614,AuthorizeNet,SUCCESS,00,1371,ATM,Los Angeles,2024-04-30 19:12:25
34615,Stripe,SUCCESS,00,907,Mobile,Chicago,2024-04-30 20:03:04
34616,PayPal,SUCCESS,00,993,ATM,Chicago,2024-04-30 20:11:28
34617,AuthorizeNet,SUCCESS,00,729,Mobile,New York,2024-04-30 20:36:38
34618,Square,SUCCESS,00,754,Desktop,Dallas,2024-04-30 20:48:30
34619,Square,SUCCESS,00,705,POS,Los Angeles,2024-04-30 20:52:06
34620,AuthorizeNet,SUCCESS,00,208,Desktop,Dallas,2024-04-30 21:05:55
34621,Stripe,SUCCESS,00,797,POS,Los Angeles,2024-04-30 21:12:19
34622,PayPal,SUCCESS,00,958,POS,Los Angeles,2024-04-30 21:18:23
34623,PayPal,SUCCESS,00,1113,Mobile,Los Angeles,2024-04-30 21:51:10
34624,AuthorizeNet,SUCCESS,00,1355,Desktop,Chicago,2024-04-30 22:27:59
34625,AuthorizeNet,SUCCESS,00,983,ATM,Dallas,2024-04-30 23:10:49
34626,Stripe,SUCCESS,00,391,ATM,Los Angeles,2024-05-01 00:02:48
34627,PayPal,SUCCESS,00,145,Mobile,Los Angeles,2024-05-01 00:50:49
34628,Square,SUCCESS,00,1076,POS,Los Angeles,2024-05-01 01:09:31
34629,PayPal,SUCCESS,00,667,Desktop,Chicago,2024-05-01 02:39:04
34630,Stripe,SUCCESS,00,1465,Desktop,Dallas,2024-05-01 02:43:57
34631,PayPal,SUCCESS,00,254,Mobile,Chicago,2024-05-01 02:52:16
34632,PayPal,PENDING,99,457,Desktop,Dallas,2024-05-01 03:11:07
34633,PayPal,SUCCESS,00,980,POS,Los Angeles,2024-05-01 03:37:57
34634,AuthorizeNet,SUCCESS,00,476,Mobile,Los Angeles,2024-05-01 04:03:27
34635,PayPal,FAILED,05,285,Mobile,Los Angeles,2024-05-01 04:27:22
34636,AuthorizeNet,SUCCESS,00,1094,Mobile,Chicago,2024-05-01 04:46:59
34637,AuthorizeNet,SUCCESS,00,732,ATM,Dallas,2024-05-01 05:21:36
34638,AuthorizeNet,SUCCESS,00,778,POS,New York,2024-05-01 06:25:05
34639,Stripe,SUCCESS,00,231,Desktop,Chicago,2024-05-01 06:44:11
34640,Stripe,SUCCESS,00,1349,POS,Chicago,2024-05-01 07:14:43
34641,Stripe,SUCCESS,00,540,Desktop,Dallas,2024-05-01 08:27:11
34642,AuthorizeNet,SUCCESS,00,528,POS,Chicago,2024-05-01 08:31:25
34643,PayPal,FAILED,05,1233,Mobile,Chicago,2024-05-01 09:10:59
34644,AuthorizeNet,SUCCESS,00,1369,Desktop,Los Angeles,2024-05-01 10:05:29
34645,PayPal,SUCCESS,00,1431,Mobile,Dallas,2024-05-01 10:46:18
34646,Square,PENDING,99,658,Desktop,Dallas,2024-05-01 11:03:30
34647,Stripe,SUCCESS,00,149,ATM,Chicago,2024-05-01 13:12:04
34648,Stripe,SUCCESS,00,876,Mobile,Chicago,2024-05-01 13:13:53
34649,AuthorizeNet,PENDING,99,1345,POS,Dallas,2024-05-01 13:20:56
34650,PayPal,SUCCESS,00,512,Mobile,New York,2024-05-01 14:04:36
34651,Stripe,SUCCESS,00,1063,POS,Los Angeles,2024-05-01 15:49:46
34652,PayPal,SUCCESS,00,912,Desktop,Chicago,2024-05-01 16:45:11
34653,PayPal,SUCCESS,00,739,Desktop,New York,2024-05-01 17:07:39
34654,Stripe,SUCCESS,00,1274,Desktop,Los Angeles,2024-05-01 18:15:16
34655,Square,SUCCESS,00,1276,ATM,New York,2024-05-01 18:19:31
34656,PayPal,SUCCESS,00,1113,POS,Dallas,2024-05-01 20:04:05
34657,PayPal,SUCCESS,00,1099,Desktop,Chicago,2024-05-01 22:00:14
34658,AuthorizeNet,SUCCESS,00,819,ATM,New York,2024-05-01 23:29:21
34659,PayPal,SUCCESS,00,1378,Desktop,Los Angeles,2024-05-02 01:02:30
34660,PayPal,SUCCESS,00,1089,ATM,Chicago,2024-05-02 01:06:30
34661,PayPal,SUCCESS,00,834,Desktop,Chicago,2024-05-02 01:09:31
34662,Stripe,SUCCESS,00,374,ATM,Chicago,2024-05-02 01:27:30
34663,PayPal,SUCCESS,00,1455,Mobile,Los Angeles,2024-05-02 01:29:58
34664,Square,SUCCESS,00,1483,Mobile,Los Angeles,2024-05-02 02:04:35
34665,Square,SUCCESS,00,422,Mobile,Los Angeles,2024-05-02 02:09:50
34666,PayPal,SUCCESS,00,292,POS,Los Angeles,2024-05-02 03:21:13
34667,PayPal,SUCCESS,00,728,ATM,Los Angeles,2024-05-02 05:08:53
34668,PayPal,FAILED,12,1239,ATM,Chicago,2024-05-02 05:40:01
34669,Stripe,SUCCESS,00,311,ATM,Los Angeles,2024-05-02 05:43:00
34670,PayPal,SUCCESS,00,903,Desktop,Los Angeles,2024-05-02 06:49:58
34671,PayPal,SUCCESS,00,164,Mobile,Los Angeles,2024-05-02 07:35:43
34672,Square,SUCCESS,00,1024,Mobile,New York,2024-05-02 08:02:26
34673,PayPal,SUCCESS,00,1092,POS,New York,2024-05-02 09:09:19
34674,AuthorizeNet,SUCCESS,00,1153,Mobile,Dallas,2024-05-02 09:12:29
34675,Stripe,SUCCESS,00,704,Desktop,Los Angeles,2024-05-02 09:30:25
34676,Square,SUCCESS,00,1425,Mobile,New York,2024-05-02 10:27:05
34677,Square,SUCCESS,00,1263,ATM,New York,2024-05-02 12:17:35
34678,Stripe,SUCCESS,00,1448,Mobile,Dallas,2024-05-02 12:54:47
34679,AuthorizeNet,SUCCESS,00,308,ATM,Chicago,2024-05-02 13:11:59
34680,Square,SUCCESS,00,264,Desktop,Los Angeles,2024-05-02 13:20:21
34681,PayPal,SUCCESS,00,541,POS,Los Angeles,2024-05-02 14:29:51
34682,Stripe,SUCCESS,00,240,Desktop,Los Angeles,2024-05-02 15:12:52
34683,AuthorizeNet,SUCCESS,00,832,ATM,New York,2024-05-02 16:15:43
34684,Square,SUCCESS,00,1051,ATM,Chicago,2024-05-02 16:16:32
34685,PayPal,SUCCESS,00,978,Mobile,Chicago,2024-05-02 16:24:59
34686,AuthorizeNet,FAILED,12,146,ATM,Dallas,2024-05-02 16:35:21
34687,Square,SUCCESS,00,852,POS,Chicago,2024-05-02 18:01:18
34688,Square,SUCCESS,00,893,ATM,Dallas,2024-05-02 18:04:44
34689,PayPal,SUCCESS,00,1440,POS,Chicago,2024-05-02 18:39:25
34690,AuthorizeNet,SUCCESS,00,388,Mobile,Dallas,2024-05-02 18:57:58
34691,AuthorizeNet,SUCCESS,00,695,POS,Chicago,2024-05-02 19:18:24
34692,AuthorizeNet,SUCCESS,00,649,ATM,Dallas,2024-05-02 19:47:58
34693,AuthorizeNet,SUCCESS,00,1182,Mobile,Los Angeles,2024-05-02 19:55:40
34694,Stripe,FAILED,12,1301,POS,Chicago,2024-05-02 19:56:28
34695,Stripe,SUCCESS,00,855,ATM,Chicago,2024-05-02 19:58:10
34696,AuthorizeNet,SUCCESS,00,1177,Mobile,New York,2024-05-02 20:14:50
34697,PayPal,SUCCESS,00,256,POS,Los Angeles,2024-05-02 21:30:24
34698,AuthorizeNet,SUCCESS,00,220,Mobile,Los Angeles,2024-05-02 21:47:40
34699,PayPal,FAILED,05,649,Desktop,New York,2024-05-02 21:50:57
34700,PayPal,SUCCESS,00,1322,POS,Dallas,2024-05-02 23:05:38
34701,AuthorizeNet,SUCCESS,00,945,POS,Los Angeles,2024-05-02 23:07:46
34702,PayPal,SUCCESS,00,699,Mobile,Los Angeles,2024-05-03 00:08:47
34703,AuthorizeNet,FAILED,05,960,ATM,Chicago,2024-05-03 00:18:47
34704,PayPal,SUCCESS,00,924,Desktop,Dallas,2024-05-03 00:40:39
34705,PayPal,SUCCESS,00,1356,ATM,New York,2024-05-03 01:28:25
34706,Stripe,SUCCESS,00,118,POS,Chicago,2024-05-03 02:32:16
34707,AuthorizeNet,SUCCESS,00,562,Desktop,Chicago,2024-05-03 02:35:05
34708,AuthorizeNet,SUCCESS,00,515,Mobile,New York,2024-05-03 03:11:14
34709,PayPal,SUCCESS,00,448,POS,Los Angeles,2024-05-03 04:06:06
34710,PayPal,SUCCESS,00,981,ATM,New York,2024-05-03 05:18:51
34711,PayPal,SUCCESS,00,1045,POS,Dallas,2024-05-03 05:22:00
34712,Stripe,SUCCESS,00,1415,Mobile,New York,2024-05-03 08:02:56
34713,Square,SUCCESS,00,1304,Desktop,Chicago,2024-05-03 08:16:28
34714,Stripe,SUCCESS,00,723,Desktop,New York,2024-05-03 08:22:52
34715,Square,SUCCESS,00,1328,POS,New York,2024-05-03 09:08:33
34716,Square,SUCCESS,00,414,POS,Chicago,2024-05-03 09:17:16
34717,Square,SUCCESS,00,1180,Desktop,Los Angeles,2024-05-03 09:29:45
34718,AuthorizeNet,SUCCESS,00,314,ATM,New York,2024-05-03 09:48:10
34719,Square,SUCCESS,00,148,ATM,Los Angeles,2024-05-03 09:50:06
34720,Square,SUCCESS,00,377,ATM,Dallas,2024-05-03 11:02:12
34721,AuthorizeNet,FAILED,05,1140,Mobile,Los Angeles,2024-05-03 11:03:40
34722,AuthorizeNet,SUCCESS,00,468,Mobile,Chicago,2024-05-03 11:07:22
34723,Stripe,SUCCESS,00,1463,Desktop,Dallas,2024-05-03 11:57:59
34724,Square,FAILED,12,868,ATM,Chicago,2024-05-03 12:28:09
34725,PayPal,SUCCESS,00,1427,ATM,Los Angeles,2024-05-03 12:41:55
34726,AuthorizeNet,SUCCESS,00,1164,POS,Dallas,2024-05-03 12:54:59
34727,Stripe,SUCCESS,00,1092,ATM,Chicago,2024-05-03 13:17:10
34728,Stripe,SUCCESS,00,645,Mobile,Dallas,2024-05-03 14:02:31
34729,PayPal,SUCCESS,00,1256,ATM,Los Angeles,2024-05-03 14:26:14
34730,AuthorizeNet,SUCCESS,00,473,Mobile,Dallas,2024-05-03 14:33:12
34731,PayPal,SUCCESS,00,1337,ATM,Dallas,2024-05-03 15:15:16
34732,Square,SUCCESS,00,1225,Desktop,Los Angeles,2024-05-03 16:15:14
34733,PayPal,SUCCESS,00,586,Desktop,Los Angeles,2024-05-03 17:10:52
34734,Stripe,SUCCESS,00,812,Mobile,Chicago,2024-05-03 17:38:10
34735,Stripe,SUCCESS,00,1487,ATM,New York,2024-05-03 19:01:02
34736,Stripe,SUCCESS,00,452,Mobile,New York,2024-05-03 19:17:09
34737,PayPal,SUCCESS,00,117,ATM,New York,2024-05-03 20:54:24
34738,Stripe,SUCCESS,00,161,Mobile,New York,2024-05-03 20:55:50
34739,Square,FAILED,05,1365,POS,Los Angeles,2024-05-03 21:06:40
34740,Square,SUCCESS,00,287,Mobile,Chicago,2024-05-03 23:14:14
34741,Stripe,SUCCESS,00,1246,ATM,Los Angeles,2024-05-03 23:18:42
34742,PayPal,SUCCESS,00,590,ATM,Chicago,2024-05-03 23:48:24
34743,PayPal,SUCCESS,00,233,ATM,Chicago,2024-05-04 00:09:01
34744,PayPal,SUCCESS,00,607,ATM,New York,2024-05-04 01:29:13
34745,PayPal,SUCCESS,00,428,ATM,Chicago,2024-05-04 01:55:39
34746,Stripe,SUCCESS,00,1350,Mobile,Dallas,2024-05-04 02:02:34
34747,AuthorizeNet,SUCCESS,00,1078,POS,New York,2024-05-04 02:52:49
34748,Square,SUCCESS,00,104,POS,Chicago,2024-05-04 03:23:25
34749,Stripe,SUCCESS,00,1305,POS,Los Angeles,2024-05-04 04:25:49
34750,Square,SUCCESS,00,1056,ATM,Los Angeles,2024-05-04 04:51:31
34751,PayPal,SUCCESS,00,766,ATM,New York,2024-05-04 04:52:06
34752,AuthorizeNet,SUCCESS,00,916,POS,Dallas,2024-05-04 05:39:34
34753,Square,PENDING,99,420,Desktop,Los Angeles,2024-05-04 07:03:32
34754,Square,SUCCESS,00,1394,Mobile,New York,2024-05-04 07:40:06
34755,Square,SUCCESS,00,660,ATM,Los Angeles,2024-05-04 08:02:32
34756,AuthorizeNet,SUCCESS,00,246,Mobile,New York,2024-05-04 09:32:41
34757,Square,SUCCESS,00,1114,Mobile,Los Angeles,2024-05-04 10:25:43
34758,PayPal,SUCCESS,00,1356,ATM,Los Angeles,2024-05-04 10:39:06
34759,Stripe,SUCCESS,00,1150,ATM,New York,2024-05-04 10:58:14
34760,Stripe,SUCCESS,00,1095,ATM,Los Angeles,2024-05-04 11:58:05
34761,AuthorizeNet,SUCCESS,00,1473,Mobile,Chicago,2024-05-04 12:46:36
34762,Stripe,PENDING,99,1342,POS,New York,2024-05-04 14:06:28
34763,AuthorizeNet,FAILED,05,995,POS,Chicago,2024-05-04 15:03:22
34764,Square,SUCCESS,00,844,POS,New York,2024-05-04 15:14:50
34765,AuthorizeNet,SUCCESS,00,695,Desktop,Los Angeles,2024-05-04 15:35:04
34766,Stripe,SUCCESS,00,1295,POS,Chicago,2024-05-04 15:53:21
34767,AuthorizeNet,SUCCESS,00,586,POS,New York,2024-05-04 16:35:42
34768,AuthorizeNet,SUCCESS,00,270,POS,New York,2024-05-04 16:56:34
34769,Stripe,SUCCESS,00,1282,Mobile,Chicago,2024-05-04 17:19:03
34770,AuthorizeNet,SUCCESS,00,939,Mobile,New York,2024-05-04 17:48:56
34771,Stripe,SUCCESS,00,924,Mobile,Los Angeles,2024-05-04 18:18:46
34772,Square,SUCCESS,00,529,Desktop,Dallas,2024-05-04 18:37:19
34773,Square,SUCCESS,00,1383,Mobile,Chicago,2024-05-04 19:08:22
34774,Stripe,SUCCESS,00,100,Mobile,Los Angeles,2024-05-04 19:09:10
34775,PayPal,SUCCESS,00,439,ATM,New York,2024-05-04 19:26:32
34776,PayPal,SUCCESS,00,561,Desktop,New York,2024-05-04 19:44:22
34777,PayPal,SUCCESS,00,933,Desktop,New York,2024-05-04 19:46:06
34778,AuthorizeNet,SUCCESS,00,825,Desktop,New York,2024-05-04 19:53:02
34779,PayPal,SUCCESS,00,127,POS,New York,2024-05-04 20:06:43
34780,PayPal,SUCCESS,00,158,Mobile,Dallas,2024-05-04 20:20:41
34781,PayPal,SUCCESS,00,1483,Desktop,Chicago,2024-05-04 20:45:09
34782,PayPal,SUCCESS,00,331,ATM,Dallas,2024-05-04 21:40:37
34783,Stripe,SUCCESS,00,774,Desktop,Chicago,2024-05-04 22:37:01
34784,AuthorizeNet,SUCCESS,00,662,POS,New York,2024-05-04 22:50:21
34785,Stripe,PENDING,99,915,Mobile,Chicago,2024-05-05 00:11:08
34786,AuthorizeNet,SUCCESS,00,189,Desktop,New York,2024-05-05 00:50:39
34787,Square,SUCCESS,00,793,ATM,Dallas,2024-05-05 00:59:03
34788,AuthorizeNet,SUCCESS,00,1199,ATM,Dallas,2024-05-05 04:15:20
34789,AuthorizeNet,SUCCESS,00,330,POS,New York,2024-05-05 04:53:31
34790,Stripe,SUCCESS,00,142,Mobile,Dallas,2024-05-05 05:04:43
34791,Square,SUCCESS,00,232,ATM,Chicago,2024-05-05 05:12:04
34792,AuthorizeNet,SUCCESS,00,252,Mobile,Dallas,2024-05-05 05:55:24
34793,PayPal,SUCCESS,00,416,Mobile,Dallas,2024-05-05 06:19:07
34794,Stripe,SUCCESS,00,449,POS,Dallas,2024-05-05 06:24:11
34795,AuthorizeNet,SUCCESS,00,1421,Mobile,Los Angeles,2024-05-05 06:25:32
34796,Square,PENDING,99,1100,POS,New York,2024-05-05 07:32:09
34797,Stripe,SUCCESS,00,1063,Mobile,Chicago,2024-05-05 07:55:23
34798,Square,SUCCESS,00,648,Desktop,Dallas,2024-05-05 08:27:12
34799,Square,SUCCESS,00,769,Desktop,New York,2024-05-05 09:15:15
34800,Stripe,SUCCESS,00,1197,POS,Los Angeles,2024-05-05 10:27:51
34801,AuthorizeNet,SUCCESS,00,737,Mobile,Chicago,2024-05-05 10:34:05
34802,PayPal,SUCCESS,00,1485,ATM,Los Angeles,2024-05-05 11:35:06
34803,Stripe,SUCCESS,00,603,Mobile,Dallas,2024-05-05 11:36:02
34804,AuthorizeNet,SUCCESS,00,968,POS,New York,2024-05-05 12:28:47
34805,Square,SUCCESS,00,1238,POS,New York,2024-05-05 12:31:50
34806,AuthorizeNet,SUCCESS,00,1188,Desktop,Chicago,2024-05-05 14:25:07
34807,Square,FAILED,05,1307,POS,Chicago,2024-05-05 18:21:43
34808,PayPal,SUCCESS,00,1325,ATM,New York,2024-05-05 19:17:28
34809,Stripe,SUCCESS,00,537,ATM,New York,2024-05-05 20:19:16
34810,AuthorizeNet,SUCCESS,00,1163,ATM,Los Angeles,2024-05-05 20:33:01
34811,Stripe,SUCCESS,00,367,Mobile,Chicago,2024-05-05 21:54:23
34812,PayPal,SUCCESS,00,598,POS,Los Angeles,2024-05-05 23:34:00
34813,Stripe,SUCCESS,00,893,Mobile,Chicago,2024-05-06 00:17:19
34814,PayPal,SUCCESS,00,286,POS,Dallas,2024-05-06 00:28:21
34815,Stripe,SUCCESS,00,204,Mobile,Chicago,2024-05-06 01:28:56
34816,AuthorizeNet,SUCCESS,00,1043,Desktop,Dallas,2024-05-06 02:02:50
34817,AuthorizeNet,SUCCESS,00,350,Mobile,Chicago,2024-05-06 04:09:02
34818,Square,SUCCESS,00,857,ATM,Chicago,2024-05-06 04:09:32
34819,Square,SUCCESS,00,1056,Mobile,Los Angeles,2024-05-06 04:21:33
34820,PayPal,SUCCESS,00,869,Mobile,Dallas,2024-05-06 04:38:20
34821,PayPal,SUCCESS,00,675,Desktop,Dallas,2024-05-06 06:04:09
34822,Square,SUCCESS,00,828,Mobile,New York,2024-05-06 07:53:27
34823,Square,SUCCESS,00,978,ATM,Los Angeles,2024-05-06 07:55:18
34824,PayPal,SUCCESS,00,126,Mobile,Chicago,2024-05-06 09:32:48
34825,Stripe,SUCCESS,00,771,ATM,Dallas,2024-05-06 10:19:07
34826,PayPal,SUCCESS,00,520,Desktop,New York,2024-05-06 10:38:00
34827,Square,SUCCESS,00,454,Desktop,Dallas,2024-05-06 10:43:46
34828,AuthorizeNet,SUCCESS,00,115,POS,New York,2024-05-06 10:46:20
34829,AuthorizeNet,SUCCESS,00,419,ATM,Dallas,2024-05-06 11:08:30
34830,PayPal,PENDING,99,489,POS,Dallas,2024-05-06 11:18:16
34831,AuthorizeNet,SUCCESS,00,1290,ATM,Chicago,2024-05-06 11:27:05
34832,Square,SUCCESS,00,156,ATM,Chicago,2024-05-06 12:40:14
34833,Stripe,SUCCESS,00,270,ATM,New York,2024-05-06 15:09:55
34834,AuthorizeNet,SUCCESS,00,1187,Desktop,Dallas,2024-05-06 15:38:46
34835,AuthorizeNet,PENDING,99,1401,Desktop,Los Angeles,2024-05-06 16:12:39
34836,Square,SUCCESS,00,571,Desktop,New York,2024-05-06 16:24:55
34837,AuthorizeNet,SUCCESS,00,449,POS,Dallas,2024-05-06 17:09:50
34838,AuthorizeNet,SUCCESS,00,954,Desktop,Dallas,2024-05-06 18:16:05
34839,AuthorizeNet,SUCCESS,00,554,Desktop,New York,2024-05-06 19:00:11
34840,Square,FAILED,12,409,ATM,Chicago,2024-05-06 19:35:02
34841,PayPal,SUCCESS,00,1152,ATM,New York,2024-05-06 21:37:17
34842,AuthorizeNet,SUCCESS,00,1429,Mobile,Los Angeles,2024-05-06 21:43:34
34843,PayPal,SUCCESS,00,1441,ATM,New York,2024-05-06 21:55:15
34844,AuthorizeNet,SUCCESS,00,320,ATM,Chicago,2024-05-06 22:21:47
34845,Stripe,SUCCESS,00,344,ATM,New York,2024-05-06 23:05:53
34846,Square,SUCCESS,00,590,POS,Los Angeles,2024-05-06 23:07:50
34847,AuthorizeNet,SUCCESS,00,1437,ATM,Los Angeles,2024-05-06 23:35:29
34848,PayPal,SUCCESS,00,848,ATM,Los Angeles,2024-05-06 23:49:38
34849,AuthorizeNet,SUCCESS,00,1437,Desktop,Dallas,2024-05-07 00:50:48
34850,AuthorizeNet,SUCCESS,00,516,Mobile,Dallas,2024-05-07 00:59:27
34851,PayPal,SUCCESS,00,126,Mobile,Dallas,2024-05-07 02:08:19
34852,PayPal,SUCCESS,00,205,Mobile,Chicago,2024-05-07 02:24:15
34853,AuthorizeNet,SUCCESS,00,1428,Desktop,Chicago,2024-05-07 02:29:51
34854,PayPal,SUCCESS,00,887,POS,New York,2024-05-07 02:58:03
34855,Stripe,SUCCESS,00,1152,Mobile,New York,2024-05-07 04:05:01
34856,Square,SUCCESS,00,262,ATM,New York,2024-05-07 04:08:04
34857,PayPal,SUCCESS,00,864,ATM,Los Angeles,2024-05-07 04:55:28
34858,AuthorizeNet,SUCCESS,00,752,ATM,Los Angeles,2024-05-07 05:06:44
34859,Stripe,SUCCESS,00,130,POS,Dallas,2024-05-07 06:41:13
34860,PayPal,SUCCESS,00,707,POS,Los Angeles,2024-05-07 08:20:02
34861,PayPal,SUCCESS,00,1183,ATM,Los Angeles,2024-05-07 09:59:35
34862,Stripe,SUCCESS,00,1109,ATM,New York,2024-05-07 10:29:45
34863,PayPal,FAILED,05,792,Desktop,Los Angeles,2024-05-07 11:11:50
34864,PayPal,SUCCESS,00,664,Desktop,New York,2024-05-07 11:42:59
34865,Square,PENDING,99,639,POS,Los Angeles,2024-05-07 11:56:42
34866,Stripe,SUCCESS,00,555,Desktop,New York,2024-05-07 13:25:26
34867,Square,SUCCESS,00,1204,POS,Dallas,2024-05-07 15:11:23
34868,Stripe,SUCCESS,00,529,POS,Dallas,2024-05-07 15:25:12
34869,Square,SUCCESS,00,1098,ATM,New York,2024-05-07 15:30:17
34870,Square,SUCCESS,00,166,Desktop,Los Angeles,2024-05-07 15:46:58
34871,PayPal,SUCCESS,00,377,ATM,Los Angeles,2024-05-07 17:35:40
34872,PayPal,SUCCESS,00,1419,POS,New York,2024-05-07 17:37:04
34873,Square,SUCCESS,00,515,POS,Chicago,2024-05-07 18:27:40
34874,AuthorizeNet,SUCCESS,00,136,Desktop,Los Angeles,2024-05-07 19:15:13
34875,Square,SUCCESS,00,1121,Desktop,Los Angeles,2024-05-07 20:16:12
34876,AuthorizeNet,SUCCESS,00,629,Mobile,New York,2024-05-07 20:52:01
34877,Square,SUCCESS,00,1274,Desktop,New York,2024-05-07 21:03:38
34878,AuthorizeNet,SUCCESS,00,120,POS,Chicago,2024-05-07 21:16:50
34879,Stripe,SUCCESS,00,512,Desktop,Dallas,2024-05-07 21:41:09
34880,Square,FAILED,12,1041,Desktop,Dallas,2024-05-07 22:17:10
34881,Stripe,SUCCESS,00,327,POS,New York,2024-05-08 00:27:13
34882,PayPal,SUCCESS,00,286,Mobile,Dallas,2024-05-08 02:47:56
34883,Stripe,SUCCESS,00,1345,POS,New York,2024-05-08 02:54:55
34884,AuthorizeNet,SUCCESS,00,282,Desktop,Dallas,2024-05-08 03:52:45
34885,Stripe,SUCCESS,00,1280,Desktop,Dallas,2024-05-08 03:57:07
34886,AuthorizeNet,SUCCESS,00,105,Mobile,Los Angeles,2024-05-08 04:27:46
34887,Square,SUCCESS,00,435,Mobile,Dallas,2024-05-08 04:27:50
34888,AuthorizeNet,PENDING,99,969,Desktop,Chicago,2024-05-08 04:29:01
34889,AuthorizeNet,SUCCESS,00,1259,Mobile,Chicago,2024-05-08 06:15:16
34890,Square,SUCCESS,00,582,POS,New York,2024-05-08 07:42:53
34891,AuthorizeNet,SUCCESS,00,263,Mobile,Chicago,2024-05-08 08:19:48
34892,AuthorizeNet,SUCCESS,00,817,Desktop,New York,2024-05-08 08:57:27
34893,Square,SUCCESS,00,128,Desktop,Chicago,2024-05-08 10:08:36
34894,PayPal,SUCCESS,00,1219,Mobile,Dallas,2024-05-08 10:15:55
34895,Square,SUCCESS,00,596,ATM,Chicago,2024-05-08 10:43:12
34896,Stripe,SUCCESS,00,668,ATM,Chicago,2024-05-08 11:02:28
34897,AuthorizeNet,SUCCESS,00,424,POS,Dallas,2024-05-08 12:09:03
34898,Square,SUCCESS,00,299,ATM,Chicago,2024-05-08 13:13:24
34899,Stripe,SUCCESS,00,1350,Desktop,Dallas,2024-05-08 13:34:27
34900,PayPal,SUCCESS,00,1250,ATM,New York,2024-05-08 13:35:10
34901,Square,SUCCESS,00,445,Mobile,Chicago,2024-05-08 13:36:58
34902,PayPal,FAILED,12,335,POS,New York,2024-05-08 13:37:30
34903,Square,SUCCESS,00,650,Mobile,Dallas,2024-05-08 14:08:10
34904,PayPal,SUCCESS,00,930,Mobile,New York,2024-05-08 14:42:28
34905,Square,SUCCESS,00,1018,Mobile,Dallas,2024-05-08 14:42:56
34906,AuthorizeNet,SUCCESS,00,1020,Desktop,Chicago,2024-05-08 15:26:58
34907,Stripe,SUCCESS,00,448,POS,Dallas,2024-05-08 15:37:45
34908,PayPal,FAILED,12,1244,Mobile,Dallas,2024-05-08 16:11:01
34909,PayPal,SUCCESS,00,392,Desktop,Los Angeles,2024-05-08 16:15:44
34910,AuthorizeNet,FAILED,12,1171,Mobile,Los Angeles,2024-05-08 16:58:23
34911,AuthorizeNet,SUCCESS,00,1329,POS,Dallas,2024-05-08 17:57:10
34912,PayPal,FAILED,12,151,ATM,Chicago,2024-05-08 18:02:55
34913,Stripe,SUCCESS,00,1419,ATM,New York,2024-05-08 19:15:42
34914,AuthorizeNet,SUCCESS,00,472,Desktop,Los Angeles,2024-05-08 21:30:13
34915,PayPal,SUCCESS,00,916,Desktop,Chicago,2024-05-08 22:28:28
34916,Stripe,FAILED,12,1121,POS,New York,2024-05-08 22:40:21
34917,AuthorizeNet,SUCCESS,00,533,Desktop,Dallas,2024-05-09 00:41:31
34918,PayPal,SUCCESS,00,188,ATM,New York,2024-05-09 01:26:31
34919,AuthorizeNet,SUCCESS,00,688,Desktop,Los Angeles,2024-05-09 01:27:42
34920,Square,SUCCESS,00,454,ATM,Dallas,2024-05-09 02:29:15
34921,Square,SUCCESS,00,244,Mobile,Dallas,2024-05-09 02:53:18
34922,Stripe,SUCCESS,00,121,Mobile,Dallas,2024-05-09 02:58:29
34923,Stripe,SUCCESS,00,762,Mobile,Chicago,2024-05-09 03:17:50
34924,Square,SUCCESS,00,818,POS,Dallas,2024-05-09 03:27:56
34925,AuthorizeNet,SUCCESS,00,457,ATM,Dallas,2024-05-09 04:39:20
34926,PayPal,SUCCESS,00,863,POS,Chicago,2024-05-09 05:44:33
34927,Square,SUCCESS,00,607,ATM,Los Angeles,2024-05-09 05:51:59
34928,Stripe,SUCCESS,00,879,POS,Chicago,2024-05-09 06:51:13
34929,Square,SUCCESS,00,1245,Desktop,Los Angeles,2024-05-09 07:09:30
34930,Stripe,SUCCESS,00,1355,POS,Chicago,2024-05-09 07:35:07
34931,AuthorizeNet,SUCCESS,00,598,Desktop,Chicago,2024-05-09 08:59:12
34932,PayPal,SUCCESS,00,116,Mobile,Los Angeles,2024-05-09 09:16:04
34933,AuthorizeNet,SUCCESS,00,209,Mobile,Dallas,2024-05-09 09:28:10
34934,Stripe,SUCCESS,00,252,Mobile,Los Angeles,2024-05-09 09:40:36
34935,Square,SUCCESS,00,467,Mobile,Dallas,2024-05-09 10:34:56
34936,Square,SUCCESS,00,1380,Mobile,New York,2024-05-09 11:01:42
34937,PayPal,SUCCESS,00,1082,ATM,Chicago,2024-05-09 11:01:59
34938,PayPal,SUCCESS,00,965,POS,Chicago,2024-05-09 11:47:44
34939,PayPal,SUCCESS,00,1439,Mobile,Dallas,2024-05-09 12:22:04
34940,PayPal,FAILED,12,427,ATM,Dallas,2024-05-09 12:38:23
34941,Square,SUCCESS,00,1243,Desktop,New York,2024-05-09 13:55:32
34942,AuthorizeNet,FAILED,12,647,Mobile,New York,2024-05-09 13:59:38
34943,AuthorizeNet,SUCCESS,00,235,ATM,Chicago,2024-05-09 14:06:18
34944,PayPal,SUCCESS,00,1207,Desktop,New York,2024-05-09 14:50:59
34945,PayPal,SUCCESS,00,615,ATM,New York,2024-05-09 15:07:18
34946,Stripe,SUCCESS,00,325,ATM,Dallas,2024-05-09 16:14:37
34947,AuthorizeNet,SUCCESS,00,1034,Desktop,Chicago,2024-05-09 16:16:14
34948,Stripe,SUCCESS,00,1460,ATM,Chicago,2024-05-09 16:20:44
34949,AuthorizeNet,SUCCESS,00,197,POS,Dallas,2024-05-09 16:52:17
34950,Stripe,SUCCESS,00,944,Desktop,New York,2024-05-09 17:33:33
34951,Stripe,SUCCESS,00,417,Mobile,Los Angeles,2024-05-09 17:36:33
34952,AuthorizeNet,SUCCESS,00,861,Mobile,Dallas,2024-05-09 17:41:48
34953,PayPal,SUCCESS,00,207,POS,Los Angeles,2024-05-09 18:14:53
34954,AuthorizeNet,SUCCESS,00,778,ATM,Los Angeles,2024-05-09 18:58:54
34955,Square,SUCCESS,00,934,Mobile,New York,2024-05-09 19:15:05
34956,AuthorizeNet,SUCCESS,00,349,Mobile,Dallas,2024-05-09 19:19:00
34957,Stripe,FAILED,05,1330,POS,Dallas,2024-05-09 20:34:33
34958,Stripe,SUCCESS,00,567,ATM,Los Angeles,2024-05-09 21:15:09
34959,Stripe,SUCCESS,00,334,POS,Chicago,2024-05-09 22:16:11
34960,PayPal,FAILED,12,1455,Mobile,Chicago,2024-05-09 22:19:30
34961,AuthorizeNet,SUCCESS,00,1036,Desktop,Dallas,2024-05-10 00:26:24
34962,PayPal,SUCCESS,00,1201,Desktop,New York,2024-05-10 00:50:04
34963,Stripe,SUCCESS,00,569,Desktop,Chicago,2024-05-10 01:01:32
34964,AuthorizeNet,SUCCESS,00,866,Desktop,Dallas,2024-05-10 01:42:49
34965,PayPal,SUCCESS,00,762,Desktop,Dallas,2024-05-10 03:26:17
34966,AuthorizeNet,SUCCESS,00,1467,Mobile,Chicago,2024-05-10 03:26:33
34967,Stripe,SUCCESS,00,388,Mobile,New York,2024-05-10 03:44:06
34968,AuthorizeNet,SUCCESS,00,800,Mobile,Dallas,2024-05-10 05:03:31
34969,PayPal,FAILED,05,579,ATM,Dallas,2024-05-10 05:23:52
34970,Stripe,SUCCESS,00,795,ATM,Dallas,2024-05-10 05:30:07
34971,PayPal,SUCCESS,00,150,Desktop,Dallas,2024-05-10 07:04:34
34972,Square,SUCCESS,00,1287,POS,Chicago,2024-05-10 07:34:48
34973,AuthorizeNet,SUCCESS,00,365,POS,Dallas,2024-05-10 08:10:37
34974,Square,SUCCESS,00,291,POS,Los Angeles,2024-05-10 08:26:32
34975,Stripe,SUCCESS,00,181,Mobile,Chicago,2024-05-10 08:45:16
34976,AuthorizeNet,FAILED,12,970,Desktop,Chicago,2024-05-10 09:10:58
34977,AuthorizeNet,SUCCESS,00,1405,Desktop,Los Angeles,2024-05-10 09:21:13
34978,Square,SUCCESS,00,350,Desktop,Chicago,2024-05-10 10:11:49
34979,AuthorizeNet,SUCCESS,00,1443,POS,Dallas,2024-05-10 10:40:32
34980,PayPal,SUCCESS,00,1412,ATM,Dallas,2024-05-10 11:50:22
34981,AuthorizeNet,SUCCESS,00,277,Mobile,Dallas,2024-05-10 12:27:58
34982,Stripe,SUCCESS,00,507,POS,New York,2024-05-10 12:56:51
34983,PayPal,SUCCESS,00,986,ATM,Chicago,2024-05-10 13:29:27
34984,Stripe,SUCCESS,00,837,Mobile,Chicago,2024-05-10 14:18:52
34985,Square,SUCCESS,00,1302,POS,New York,2024-05-10 14:19:39
34986,AuthorizeNet,FAILED,12,527,ATM,Chicago,2024-05-10 15:39:08
34987,AuthorizeNet,SUCCESS,00,535,Mobile,Chicago,2024-05-10 15:48:43
34988,Stripe,SUCCESS,00,1140,POS,Dallas,2024-05-10 16:06:45
34989,Stripe,SUCCESS,00,410,Desktop,Chicago,2024-05-10 16:21:39
34990,Square,SUCCESS,00,1027,ATM,Dallas,2024-05-10 16:36:10
34991,Stripe,SUCCESS,00,143,POS,Dallas,2024-05-10 16:52:35
34992,AuthorizeNet,SUCCESS,00,176,Desktop,Chicago,2024-05-10 18:03:57
34993,PayPal,SUCCESS,00,222,POS,Los Angeles,2024-05-10 19:53:44
34994,PayPal,SUCCESS,00,601,Mobile,New York,2024-05-10 19:59:32
34995,Square,SUCCESS,00,324,Desktop,Dallas,2024-05-10 20:04:11
34996,AuthorizeNet,PENDING,99,1139,Mobile,Chicago,2024-05-10 20:51:54
34997,Stripe,SUCCESS,00,1032,ATM,Los Angeles,2024-05-10 22:04:40
34998,AuthorizeNet,SUCCESS,00,774,POS,Chicago,2024-05-11 00:18:05
34999,Stripe,SUCCESS,00,1273,ATM,Chicago,2024-05-11 00:21:44
35000,PayPal,SUCCESS,00,711,POS,Chicago,2024-05-11 00:42:36
35001,Stripe,SUCCESS,00,762,Desktop,New York,2024-05-11 01:49:59
35002,Stripe,SUCCESS,00,775,Desktop,New York,2024-05-11 04:56:30
35003,Stripe,SUCCESS,00,899,Mobile,Los Angeles,2024-05-11 05:41:46
35004,Square,SUCCESS,00,254,Desktop,Los Angeles,2024-05-11 06:23:52
35005,PayPal,SUCCESS,00,189,Mobile,Chicago,2024-05-11 06:27:13
35006,Stripe,SUCCESS,00,295,Desktop,Los Angeles,2024-05-11 07:38:30
35007,Square,SUCCESS,00,1271,Mobile,Dallas,2024-05-11 08:46:23
35008,Stripe,SUCCESS,00,1008,ATM,Los Angeles,2024-05-11 08:58:21
35009,Square,SUCCESS,00,1319,POS,Chicago,2024-05-11 09:15:21
35010,PayPal,SUCCESS,00,1058,Desktop,New York,2024-05-11 09:19:48
35011,Square,FAILED,05,1027,Mobile,Dallas,2024-05-11 09:30:58
35012,AuthorizeNet,SUCCESS,00,905,ATM,Los Angeles,2024-05-11 10:03:52
35013,PayPal,SUCCESS,00,1390,ATM,Los Angeles,2024-05-11 10:48:37
35014,Stripe,SUCCESS,00,450,Desktop,Los Angeles,2024-05-11 11:30:51
35015,Square,SUCCESS,00,1220,Mobile,New York,2024-05-11 14:08:14
35016,Stripe,FAILED,12,1165,ATM,New York,2024-05-11 14:18:53
35017,Square,SUCCESS,00,319,Mobile,Dallas,2024-05-11 14:41:55
35018,AuthorizeNet,SUCCESS,00,235,Desktop,Los Angeles,2024-05-11 14:51:59
35019,AuthorizeNet,SUCCESS,00,1201,Desktop,Chicago,2024-05-11 14:58:20
35020,Stripe,SUCCESS,00,1058,POS,New York,2024-05-11 15:07:25
35021,PayPal,SUCCESS,00,1465,ATM,New York,2024-05-11 16:19:36
35022,Square,SUCCESS,00,681,ATM,Chicago,2024-05-11 17:29:06
35023,PayPal,SUCCESS,00,505,ATM,Chicago,2024-05-11 17:55:17
35024,PayPal,SUCCESS,00,754,Mobile,Dallas,2024-05-11 18:14:52
35025,Stripe,SUCCESS,00,863,Desktop,Dallas,2024-05-11 18:51:07
35026,Stripe,SUCCESS,00,643,ATM,Chicago,2024-05-11 20:23:07
35027,AuthorizeNet,SUCCESS,00,409,Mobile,Los Angeles,2024-05-11 20:41:19
35028,PayPal,SUCCESS,00,1331,Desktop,Chicago,2024-05-11 21:01:57
35029,PayPal,SUCCESS,00,389,ATM,Dallas,2024-05-11 21:48:42
35030,AuthorizeNet,SUCCESS,00,1061,POS,Los Angeles,2024-05-11 21:52:51
35031,Square,SUCCESS,00,468,Desktop,Chicago,2024-05-11 22:05:42
35032,Square,SUCCESS,00,253,ATM,New York,2024-05-11 22:10:22
35033,AuthorizeNet,SUCCESS,00,414,POS,New York,2024-05-11 22:24:05
35034,Stripe,SUCCESS,00,620,Mobile,Los Angeles,2024-05-11 23:02:13
35035,PayPal,SUCCESS,00,602,ATM,Chicago,2024-05-11 23:30:55
35036,Square,SUCCESS,00,386,ATM,Dallas,2024-05-11 23:53:15
35037,PayPal,SUCCESS,00,252,Mobile,Dallas,2024-05-12 00:54:55
35038,Stripe,SUCCESS,00,1284,POS,Dallas,2024-05-12 01:13:47
35039,Square,SUCCESS,00,413,Desktop,Los Angeles,2024-05-12 02:18:47
35040,AuthorizeNet,SUCCESS,00,597,Desktop,Los Angeles,2024-05-12 03:36:25
35041,PayPal,PENDING,99,428,Desktop,Chicago,2024-05-12 03:47:23
35042,Stripe,SUCCESS,00,364,ATM,Chicago,2024-05-12 04:23:08
35043,Square,SUCCESS,00,1109,POS,New York,2024-05-12 05:07:22
35044,AuthorizeNet,SUCCESS,00,1249,Desktop,Los Angeles,2024-05-12 05:17:04
35045,Stripe,SUCCESS,00,1045,ATM,Dallas,2024-05-12 05:54:42
35046,Square,FAILED,12,1370,POS,Chicago,2024-05-12 07:25:53
35047,PayPal,SUCCESS,00,289,POS,Los Angeles,2024-05-12 08:01:15
35048,Square,SUCCESS,00,238,Mobile,Dallas,2024-05-12 08:35:22
35049,AuthorizeNet,SUCCESS,00,172,ATM,New York,2024-05-12 09:48:19
35050,AuthorizeNet,SUCCESS,00,286,ATM,Chicago,2024-05-12 11:15:21
35051,Square,SUCCESS,00,930,Mobile,Los Angeles,2024-05-12 11:29:47
35052,Square,SUCCESS,00,1032,ATM,Dallas,2024-05-12 11:42:06
35053,PayPal,SUCCESS,00,400,Mobile,Dallas,2024-05-12 12:22:45
35054,AuthorizeNet,SUCCESS,00,185,Mobile,Chicago,2024-05-12 12:31:26
35055,AuthorizeNet,SUCCESS,00,455,ATM,Dallas,2024-05-12 13:21:00
35056,Stripe,SUCCESS,00,873,Mobile,Chicago,2024-05-12 13:41:43
35057,PayPal,SUCCESS,00,509,Mobile,New York,2024-05-12 14:17:30
35058,Square,SUCCESS,00,486,Mobile,Chicago,2024-05-12 14:34:37
35059,Square,SUCCESS,00,1443,POS,Los Angeles,2024-05-12 14:47:37
35060,Square,SUCCESS,00,740,ATM,Los Angeles,2024-05-12 15:50:17
35061,Stripe,SUCCESS,00,242,ATM,Chicago,2024-05-12 15:59:37
35062,AuthorizeNet,SUCCESS,00,1220,POS,Los Angeles,2024-05-12 16:29:18
35063,PayPal,SUCCESS,00,761,POS,New York,2024-05-12 16:54:54
35064,Square,SUCCESS,00,1179,Desktop,Dallas,2024-05-12 17:57:25
35065,AuthorizeNet,SUCCESS,00,392,Mobile,Los Angeles,2024-05-12 18:30:43
35066,Stripe,SUCCESS,00,633,Desktop,Los Angeles,2024-05-12 18:38:23
35067,PayPal,SUCCESS,00,530,Mobile,New York,2024-05-12 18:54:21
35068,PayPal,FAILED,12,937,Desktop,Chicago,2024-05-12 19:35:35
35069,Stripe,SUCCESS,00,468,POS,Chicago,2024-05-12 20:24:36
35070,Stripe,SUCCESS,00,1062,POS,Chicago,2024-05-12 20:27:42
35071,Square,SUCCESS,00,460,ATM,Chicago,2024-05-12 21:49:43
35072,Square,SUCCESS,00,1465,Desktop,New York,2024-05-12 23:08:11
35073,AuthorizeNet,SUCCESS,00,793,ATM,Chicago,2024-05-12 23:13:38
35074,Stripe,SUCCESS,00,1020,POS,Dallas,2024-05-12 23:49:46
35075,PayPal,FAILED,05,443,Desktop,New York,2024-05-13 03:13:35
35076,PayPal,SUCCESS,00,347,Mobile,Dallas,2024-05-13 04:05:24
35077,AuthorizeNet,SUCCESS,00,865,POS,Dallas,2024-05-13 04:50:51
35078,Stripe,SUCCESS,00,958,POS,Chicago,2024-05-13 04:55:29
35079,Square,FAILED,05,983,Mobile,Los Angeles,2024-05-13 05:24:37
35080,PayPal,SUCCESS,00,1332,Mobile,Dallas,2024-05-13 06:22:18
35081,AuthorizeNet,SUCCESS,00,1487,POS,Dallas,2024-05-13 08:13:19
35082,Square,SUCCESS,00,1178,POS,Dallas,2024-05-13 10:13:58
35083,AuthorizeNet,SUCCESS,00,993,Mobile,Dallas,2024-05-13 10:19:20
35084,PayPal,PENDING,99,1175,POS,Los Angeles,2024-05-13 10:39:10
35085,Square,SUCCESS,00,869,POS,Chicago,2024-05-13 11:12:41
35086,AuthorizeNet,SUCCESS,00,1487,ATM,Chicago,2024-05-13 12:26:16
35087,Square,SUCCESS,00,599,POS,Chicago,2024-05-13 12:55:49
35088,Stripe,SUCCESS,00,1183,POS,Dallas,2024-05-13 15:18:51
35089,Stripe,SUCCESS,00,715,Desktop,New York,2024-05-13 15:53:13
35090,Stripe,SUCCESS,00,285,Desktop,New York,2024-05-13 16:25:52
35091,Square,PENDING,99,677,ATM,Dallas,2024-05-13 18:02:34
35092,Square,SUCCESS,00,983,Desktop,New York,2024-05-13 18:52:13
35093,AuthorizeNet,SUCCESS,00,908,ATM,Dallas,2024-05-13 19:59:31
35094,Stripe,SUCCESS,00,842,Desktop,New York,2024-05-13 20:42:16
35095,Stripe,SUCCESS,00,1258,Desktop,Chicago,2024-05-13 20:58:03
35096,Stripe,SUCCESS,00,846,POS,Chicago,2024-05-13 21:10:23
35097,AuthorizeNet,SUCCESS,00,728,Mobile,New York,2024-05-13 21:24:04
35098,PayPal,SUCCESS,00,867,ATM,New York,2024-05-13 22:02:51
35099,Stripe,SUCCESS,00,1414,Desktop,Los Angeles,2024-05-13 22:04:52
35100,AuthorizeNet,SUCCESS,00,1359,Mobile,Dallas,2024-05-13 23:26:39
35101,Square,SUCCESS,00,1081,ATM,Los Angeles,2024-05-13 23:50:57
35102,Square,SUCCESS,00,250,Mobile,Dallas,2024-05-14 00:17:17
35103,AuthorizeNet,FAILED,05,1164,Mobile,Dallas,2024-05-14 00:51:03
35104,Stripe,SUCCESS,00,863,Desktop,New York,2024-05-14 01:11:25
35105,Stripe,SUCCESS,00,1101,POS,New York,2024-05-14 01:21:21
35106,PayPal,SUCCESS,00,1443,ATM,Dallas,2024-05-14 02:33:05
35107,Square,SUCCESS,00,584,POS,Chicago,2024-05-14 03:46:27
35108,Stripe,SUCCESS,00,660,ATM,New York,2024-05-14 05:18:09
35109,AuthorizeNet,FAILED,05,1082,POS,Chicago,2024-05-14 05:29:32
35110,Stripe,SUCCESS,00,1183,Desktop,Chicago,2024-05-14 09:02:28
35111,PayPal,SUCCESS,00,807,Mobile,Los Angeles,2024-05-14 09:37:19
35112,AuthorizeNet,FAILED,12,397,Desktop,Los Angeles,2024-05-14 10:29:18
35113,AuthorizeNet,SUCCESS,00,1056,Desktop,Chicago,2024-05-14 11:58:05
35114,AuthorizeNet,SUCCESS,00,1347,Mobile,New York,2024-05-14 12:20:31
35115,AuthorizeNet,SUCCESS,00,1175,Mobile,Los Angeles,2024-05-14 12:45:48
35116,AuthorizeNet,SUCCESS,00,1271,Mobile,Los Angeles,2024-05-14 13:32:27
35117,AuthorizeNet,SUCCESS,00,905,ATM,New York,2024-05-14 13:34:19
35118,Stripe,SUCCESS,00,712,Mobile,Chicago,2024-05-14 13:49:24
35119,Stripe,SUCCESS,00,463,Mobile,Los Angeles,2024-05-14 15:41:33
35120,PayPal,SUCCESS,00,108,Desktop,Dallas,2024-05-14 15:51:45
35121,PayPal,SUCCESS,00,1162,Mobile,Chicago,2024-05-14 18:02:39
35122,Stripe,SUCCESS,00,536,POS,New York,2024-05-14 18:22:31
35123,AuthorizeNet,PENDING,99,386,POS,New York,2024-05-14 19:06:03
35124,Square,SUCCESS,00,1315,Mobile,New York,2024-05-14 19:18:56
35125,Square,SUCCESS,00,668,Mobile,New York,2024-05-14 19:23:16
35126,Stripe,SUCCESS,00,1139,Mobile,New York,2024-05-14 20:26:09
35127,PayPal,SUCCESS,00,488,ATM,New York,2024-05-14 21:01:18
35128,Stripe,PENDING,99,787,POS,Los Angeles,2024-05-14 21:06:37
35129,Stripe,SUCCESS,00,1403,POS,Los Angeles,2024-05-14 21:08:22
35130,Square,SUCCESS,00,742,Desktop,New York,2024-05-14 21:17:56
35131,Square,SUCCESS,00,852,Desktop,Chicago,2024-05-14 21:57:53
35132,PayPal,SUCCESS,00,1238,ATM,Los Angeles,2024-05-14 22:27:45
35133,Stripe,SUCCESS,00,1443,POS,Los Angeles,2024-05-15 00:06:48
35134,AuthorizeNet,SUCCESS,00,1343,POS,New York,2024-05-15 00:29:01
35135,Stripe,SUCCESS,00,1461,Mobile,Los Angeles,2024-05-15 00:43:49
35136,AuthorizeNet,SUCCESS,00,418,Desktop,Chicago,2024-05-15 01:56:12
35137,AuthorizeNet,SUCCESS,00,503,POS,Los Angeles,2024-05-15 02:01:51
35138,AuthorizeNet,SUCCESS,00,1495,Mobile,Chicago,2024-05-15 03:29:54
35139,PayPal,SUCCESS,00,1462,POS,Dallas,2024-05-15 05:14:05
35140,Square,SUCCESS,00,1151,Mobile,Los Angeles,2024-05-15 05:24:11
35141,AuthorizeNet,SUCCESS,00,810,POS,Los Angeles,2024-05-15 06:03:02
35142,AuthorizeNet,SUCCESS,00,1112,Desktop,Los Angeles,2024-05-15 06:06:50
35143,Square,SUCCESS,00,613,POS,Los Angeles,2024-05-15 06:48:12
35144,Square,SUCCESS,00,537,POS,Chicago,2024-05-15 07:02:52
35145,PayPal,SUCCESS,00,1167,POS,New York,2024-05-15 07:21:06
35146,Stripe,SUCCESS,00,1030,ATM,Chicago,2024-05-15 07:41:03
35147,AuthorizeNet,SUCCESS,00,1315,Mobile,Chicago,2024-05-15 10:51:46
35148,Stripe,SUCCESS,00,169,POS,Los Angeles,2024-05-15 11:30:17
35149,Square,SUCCESS,00,567,ATM,Los Angeles,2024-05-15 11:49:47
35150,PayPal,SUCCESS,00,151,POS,Los Angeles,2024-05-15 12:01:37
35151,PayPal,SUCCESS,00,1138,POS,Los Angeles,2024-05-15 12:11:21
35152,AuthorizeNet,SUCCESS,00,799,Desktop,New York,2024-05-15 13:11:04
35153,Stripe,SUCCESS,00,1056,ATM,Dallas,2024-05-15 13:34:29
35154,Square,SUCCESS,00,993,ATM,Dallas,2024-05-15 13:38:28
35155,Stripe,SUCCESS,00,609,Desktop,New York,2024-05-15 14:38:29
35156,AuthorizeNet,SUCCESS,00,813,ATM,Chicago,2024-05-15 15:29:03
35157,AuthorizeNet,SUCCESS,00,104,POS,Los Angeles,2024-05-15 15:47:12
35158,AuthorizeNet,SUCCESS,00,1472,ATM,Chicago,2024-05-15 16:21:04
35159,AuthorizeNet,SUCCESS,00,717,Desktop,Chicago,2024-05-15 16:37:58
35160,Stripe,SUCCESS,00,211,Desktop,Dallas,2024-05-15 17:23:16
35161,Stripe,SUCCESS,00,904,POS,Chicago,2024-05-15 18:03:51
35162,AuthorizeNet,SUCCESS,00,398,Mobile,Los Angeles,2024-05-15 18:40:32
35163,AuthorizeNet,SUCCESS,00,522,ATM,Los Angeles,2024-05-15 20:11:29
35164,PayPal,SUCCESS,00,1443,POS,Los Angeles,2024-05-15 20:58:54
35165,Square,SUCCESS,00,488,Mobile,New York,2024-05-15 22:10:00
35166,PayPal,SUCCESS,00,605,Mobile,Los Angeles,2024-05-15 22:47:08
35167,AuthorizeNet,FAILED,05,289,POS,Los Angeles,2024-05-15 23:18:26
35168,AuthorizeNet,SUCCESS,00,1114,ATM,New York,2024-05-15 23:41:16
35169,AuthorizeNet,SUCCESS,00,1481,ATM,Chicago,2024-05-16 00:12:36
35170,AuthorizeNet,SUCCESS,00,441,Desktop,Los Angeles,2024-05-16 01:16:07
35171,PayPal,SUCCESS,00,309,ATM,Dallas,2024-05-16 03:25:14
35172,Square,SUCCESS,00,1429,Mobile,New York,2024-05-16 03:27:58
35173,AuthorizeNet,SUCCESS,00,1222,Mobile,Dallas,2024-05-16 03:43:14
35174,PayPal,SUCCESS,00,1124,POS,Los Angeles,2024-05-16 04:14:14
35175,Stripe,SUCCESS,00,950,Mobile,Los Angeles,2024-05-16 05:27:08
35176,AuthorizeNet,FAILED,12,513,Desktop,New York,2024-05-16 06:09:30
35177,Square,SUCCESS,00,619,POS,New York,2024-05-16 06:52:10
35178,PayPal,SUCCESS,00,1493,Mobile,New York,2024-05-16 07:10:12
35179,PayPal,FAILED,05,361,Desktop,Los Angeles,2024-05-16 08:02:43
35180,Stripe,SUCCESS,00,1381,POS,Dallas,2024-05-16 08:35:27
35181,Stripe,SUCCESS,00,1091,Desktop,Chicago,2024-05-16 08:39:01
35182,Square,SUCCESS,00,503,POS,Chicago,2024-05-16 10:31:21
35183,Stripe,FAILED,05,654,Desktop,Dallas,2024-05-16 11:00:31
35184,AuthorizeNet,FAILED,12,1208,Mobile,New York,2024-05-16 11:49:34
35185,Square,SUCCESS,00,1019,Mobile,Chicago,2024-05-16 14:19:50
35186,Stripe,SUCCESS,00,792,Mobile,Los Angeles,2024-05-16 16:26:04
35187,AuthorizeNet,SUCCESS,00,1270,Mobile,New York,2024-05-16 16:37:09
35188,Square,FAILED,12,469,POS,Los Angeles,2024-05-16 16:53:09
35189,PayPal,SUCCESS,00,1118,ATM,Los Angeles,2024-05-16 16:59:54
35190,Square,SUCCESS,00,432,POS,Dallas,2024-05-16 17:29:35
35191,PayPal,SUCCESS,00,1084,ATM,New York,2024-05-16 17:33:19
35192,Square,SUCCESS,00,657,ATM,Los Angeles,2024-05-16 18:33:31
35193,PayPal,SUCCESS,00,1249,Mobile,Dallas,2024-05-16 18:43:25
35194,Square,SUCCESS,00,693,Mobile,Dallas,2024-05-16 20:18:51
35195,Square,FAILED,05,1074,Desktop,Los Angeles,2024-05-16 20:46:35
35196,Stripe,SUCCESS,00,1406,ATM,Dallas,2024-05-16 20:55:22
35197,Square,SUCCESS,00,705,Desktop,Dallas,2024-05-16 21:17:18
35198,Square,SUCCESS,00,505,Desktop,Chicago,2024-05-16 21:35:32
35199,AuthorizeNet,SUCCESS,00,460,Mobile,Dallas,2024-05-16 21:53:21
35200,Square,SUCCESS,00,715,Desktop,Chicago,2024-05-16 22:09:06
35201,PayPal,SUCCESS,00,574,POS,New York,2024-05-16 22:52:42
35202,AuthorizeNet,SUCCESS,00,450,ATM,New York,2024-05-17 00:12:35
35203,PayPal,SUCCESS,00,541,ATM,New York,2024-05-17 03:28:58
35204,AuthorizeNet,SUCCESS,00,561,Desktop,Los Angeles,2024-05-17 03:32:40
35205,PayPal,SUCCESS,00,741,Desktop,Dallas,2024-05-17 04:10:04
35206,PayPal,SUCCESS,00,368,Mobile,Chicago,2024-05-17 04:16:53
35207,PayPal,SUCCESS,00,888,ATM,Los Angeles,2024-05-17 04:45:45
35208,Square,SUCCESS,00,941,POS,Dallas,2024-05-17 04:47:48
35209,Stripe,SUCCESS,00,931,Desktop,Los Angeles,2024-05-17 05:44:15
35210,Stripe,FAILED,12,677,Mobile,New York,2024-05-17 07:30:04
35211,AuthorizeNet,SUCCESS,00,1119,ATM,New York,2024-05-17 08:02:40
35212,Square,SUCCESS,00,805,Desktop,Los Angeles,2024-05-17 08:08:58
35213,Stripe,SUCCESS,00,1173,ATM,Chicago,2024-05-17 08:27:45
35214,Stripe,SUCCESS,00,1447,Mobile,Dallas,2024-05-17 09:15:42
35215,Square,FAILED,05,1433,Desktop,Chicago,2024-05-17 10:03:29
35216,AuthorizeNet,SUCCESS,00,973,Desktop,Chicago,2024-05-17 11:33:50
35217,AuthorizeNet,SUCCESS,00,1387,POS,Dallas,2024-05-17 11:48:01
35218,Square,SUCCESS,00,115,Mobile,Los Angeles,2024-05-17 12:34:59
35219,PayPal,FAILED,05,1194,Mobile,Los Angeles,2024-05-17 12:47:11
35220,AuthorizeNet,SUCCESS,00,658,Desktop,New York,2024-05-17 13:19:02
35221,Stripe,SUCCESS,00,574,ATM,Los Angeles,2024-05-17 15:10:20
35222,PayPal,SUCCESS,00,781,ATM,Los Angeles,2024-05-17 15:12:42
35223,AuthorizeNet,SUCCESS,00,658,ATM,New York,2024-05-17 15:36:53
35224,PayPal,SUCCESS,00,1445,POS,Dallas,2024-05-17 15:38:38
35225,Stripe,SUCCESS,00,646,Mobile,New York,2024-05-17 17:07:43
35226,AuthorizeNet,SUCCESS,00,695,ATM,Dallas,2024-05-17 17:08:19
35227,Square,FAILED,05,977,Desktop,Chicago,2024-05-17 17:39:08
35228,Square,SUCCESS,00,981,POS,Dallas,2024-05-17 19:13:27
35229,AuthorizeNet,SUCCESS,00,812,POS,New York,2024-05-17 19:34:27
35230,AuthorizeNet,SUCCESS,00,556,ATM,Dallas,2024-05-17 19:52:53
35231,AuthorizeNet,SUCCESS,00,1085,POS,Dallas,2024-05-17 20:32:46
35232,Stripe,SUCCESS,00,1049,Desktop,Los Angeles,2024-05-17 21:06:46
35233,PayPal,SUCCESS,00,216,ATM,New York,2024-05-17 21:13:27
35234,Square,SUCCESS,00,1343,Desktop,Los Angeles,2024-05-17 21:21:34
35235,Stripe,SUCCESS,00,1257,Mobile,Los Angeles,2024-05-17 21:37:42
35236,Stripe,SUCCESS,00,665,Mobile,Los Angeles,2024-05-17 22:18:03
35237,Square,SUCCESS,00,840,Desktop,Chicago,2024-05-17 22:25:31
35238,Square,SUCCESS,00,1082,Desktop,Dallas,2024-05-17 22:47:47
35239,AuthorizeNet,SUCCESS,00,611,POS,Chicago,2024-05-17 23:08:47
35240,AuthorizeNet,SUCCESS,00,145,ATM,Los Angeles,2024-05-18 00:27:53
35241,AuthorizeNet,SUCCESS,00,1073,Desktop,Dallas,2024-05-18 01:32:36
35242,PayPal,SUCCESS,00,147,Mobile,New York,2024-05-18 01:58:19
35243,Square,SUCCESS,00,192,Mobile,Los Angeles,2024-05-18 02:32:04
35244,Stripe,SUCCESS,00,595,Mobile,Dallas,2024-05-18 02:33:49
35245,AuthorizeNet,SUCCESS,00,651,Desktop,Dallas,2024-05-18 02:52:40
35246,PayPal,SUCCESS,00,1224,ATM,Dallas,2024-05-18 02:53:57
35247,PayPal,SUCCESS,00,988,ATM,Dallas,2024-05-18 04:16:16
35248,PayPal,SUCCESS,00,427,Mobile,Dallas,2024-05-18 04:39:19
35249,AuthorizeNet,SUCCESS,00,327,ATM,Los Angeles,2024-05-18 04:51:58
35250,Stripe,SUCCESS,00,552,Mobile,New York,2024-05-18 05:35:06
35251,AuthorizeNet,SUCCESS,00,1210,Mobile,New York,2024-05-18 06:09:53
35252,Stripe,SUCCESS,00,288,Mobile,Dallas,2024-05-18 07:16:20
35253,PayPal,SUCCESS,00,1347,Mobile,New York,2024-05-18 07:23:42
35254,AuthorizeNet,SUCCESS,00,1274,POS,Chicago,2024-05-18 07:37:33
35255,AuthorizeNet,SUCCESS,00,511,Mobile,Chicago,2024-05-18 07:59:43
35256,AuthorizeNet,SUCCESS,00,1072,POS,Dallas,2024-05-18 09:15:53
35257,PayPal,FAILED,05,421,Mobile,New York,2024-05-18 09:32:45
35258,Square,SUCCESS,00,195,POS,Los Angeles,2024-05-18 09:43:12
35259,Stripe,SUCCESS,00,447,ATM,New York,2024-05-18 11:24:00
35260,Stripe,SUCCESS,00,1290,Desktop,Chicago,2024-05-18 11:30:36
35261,AuthorizeNet,SUCCESS,00,1350,Desktop,Dallas,2024-05-18 11:51:07
35262,Stripe,SUCCESS,00,139,Mobile,Dallas,2024-05-18 11:57:01
35263,PayPal,SUCCESS,00,1163,Desktop,New York,2024-05-18 12:09:43
35264,Stripe,SUCCESS,00,1023,Mobile,Dallas,2024-05-18 12:20:49
35265,Square,SUCCESS,00,1194,ATM,Chicago,2024-05-18 13:43:46
35266,PayPal,SUCCESS,00,1330,ATM,Los Angeles,2024-05-18 13:59:58
35267,PayPal,SUCCESS,00,574,ATM,Chicago,2024-05-18 14:31:31
35268,AuthorizeNet,SUCCESS,00,799,ATM,Los Angeles,2024-05-18 15:01:53
35269,Stripe,SUCCESS,00,819,POS,Chicago,2024-05-18 15:23:48
35270,AuthorizeNet,SUCCESS,00,101,ATM,Dallas,2024-05-18 15:32:36
35271,PayPal,SUCCESS,00,470,ATM,New York,2024-05-18 16:10:35
35272,PayPal,SUCCESS,00,445,POS,Los Angeles,2024-05-18 16:18:23
35273,AuthorizeNet,SUCCESS,00,1495,POS,Chicago,2024-05-18 16:24:50
35274,PayPal,SUCCESS,00,1462,POS,Dallas,2024-05-18 17:05:37
35275,Stripe,FAILED,05,556,POS,New York,2024-05-18 17:53:56
35276,PayPal,SUCCESS,00,1308,Mobile,New York,2024-05-18 19:13:34
35277,Square,SUCCESS,00,274,Mobile,Chicago,2024-05-18 22:00:01
35278,AuthorizeNet,SUCCESS,00,1336,ATM,Chicago,2024-05-18 22:12:59
35279,AuthorizeNet,SUCCESS,00,1198,Mobile,Los Angeles,2024-05-18 22:21:26
35280,AuthorizeNet,SUCCESS,00,216,ATM,Los Angeles,2024-05-18 22:58:33
35281,Stripe,SUCCESS,00,886,Mobile,Los Angeles,2024-05-18 23:01:58
35282,AuthorizeNet,SUCCESS,00,745,Mobile,Los Angeles,2024-05-18 23:04:48
35283,PayPal,FAILED,05,273,Mobile,New York,2024-05-18 23:30:16
35284,PayPal,SUCCESS,00,362,POS,New York,2024-05-18 23:37:28
35285,Square,SUCCESS,00,899,POS,Los Angeles,2024-05-19 00:30:20
35286,Square,SUCCESS,00,734,ATM,New York,2024-05-19 00:32:14
35287,PayPal,SUCCESS,00,1452,Desktop,Dallas,2024-05-19 01:00:20
35288,Square,SUCCESS,00,1222,POS,Chicago,2024-05-19 01:52:35
35289,Stripe,SUCCESS,00,1064,Mobile,Dallas,2024-05-19 02:29:16
35290,Square,SUCCESS,00,649,ATM,New York,2024-05-19 03:03:04
35291,Stripe,SUCCESS,00,746,Mobile,Los Angeles,2024-05-19 03:04:13
35292,AuthorizeNet,SUCCESS,00,921,Desktop,New York,2024-05-19 03:39:32
35293,PayPal,SUCCESS,00,931,POS,Dallas,2024-05-19 04:52:28
35294,Stripe,SUCCESS,00,736,ATM,Chicago,2024-05-19 05:46:06
35295,PayPal,SUCCESS,00,1046,Mobile,Chicago,2024-05-19 06:01:38
35296,Stripe,SUCCESS,00,1121,POS,Chicago,2024-05-19 08:04:19
35297,AuthorizeNet,SUCCESS,00,1322,ATM,Los Angeles,2024-05-19 08:52:57
35298,Square,SUCCESS,00,1377,Desktop,New York,2024-05-19 09:47:14
35299,AuthorizeNet,SUCCESS,00,987,Mobile,Chicago,2024-05-19 11:14:47
35300,Stripe,SUCCESS,00,960,POS,Chicago,2024-05-19 12:12:33
35301,Stripe,SUCCESS,00,886,POS,Chicago,2024-05-19 12:29:45
35302,PayPal,SUCCESS,00,166,ATM,Chicago,2024-05-19 12:43:56
35303,AuthorizeNet,SUCCESS,00,1295,Mobile,Chicago,2024-05-19 12:49:15
35304,Square,SUCCESS,00,1063,ATM,Chicago,2024-05-19 12:51:31
35305,PayPal,SUCCESS,00,772,POS,Chicago,2024-05-19 13:01:23
35306,PayPal,SUCCESS,00,974,ATM,Los Angeles,2024-05-19 13:11:57
35307,Stripe,FAILED,05,199,ATM,Chicago,2024-05-19 14:46:56
35308,AuthorizeNet,SUCCESS,00,573,POS,Los Angeles,2024-05-19 14:52:08
35309,Stripe,SUCCESS,00,1250,ATM,Dallas,2024-05-19 15:04:20
35310,PayPal,SUCCESS,00,578,ATM,New York,2024-05-19 16:26:54
35311,PayPal,PENDING,99,844,POS,New York,2024-05-19 16:42:36
35312,Square,FAILED,12,898,POS,Dallas,2024-05-19 16:50:27
35313,Stripe,SUCCESS,00,1485,Mobile,New York,2024-05-19 18:04:13
35314,PayPal,SUCCESS,00,1371,Mobile,New York,2024-05-19 18:38:05
35315,AuthorizeNet,SUCCESS,00,852,Desktop,Dallas,2024-05-19 18:42:46
35316,AuthorizeNet,SUCCESS,00,433,Mobile,Chicago,2024-05-19 18:51:23
35317,AuthorizeNet,FAILED,05,821,Mobile,Los Angeles,2024-05-19 19:16:35
35318,AuthorizeNet,SUCCESS,00,1295,Mobile,Dallas,2024-05-19 20:08:34
35319,AuthorizeNet,SUCCESS,00,1045,Desktop,Dallas,2024-05-19 20:09:47
35320,AuthorizeNet,SUCCESS,00,120,Desktop,New York,2024-05-19 20:23:32
35321,Stripe,SUCCESS,00,658,Mobile,Dallas,2024-05-19 20:47:51
35322,AuthorizeNet,SUCCESS,00,486,ATM,Los Angeles,2024-05-19 21:10:10
35323,PayPal,FAILED,05,876,POS,Los Angeles,2024-05-19 21:51:47
35324,Square,SUCCESS,00,343,Desktop,New York,2024-05-19 23:00:17
35325,AuthorizeNet,SUCCESS,00,959,Mobile,Chicago,2024-05-19 23:22:00
35326,Square,SUCCESS,00,869,ATM,Dallas,2024-05-20 00:04:56
35327,Stripe,SUCCESS,00,674,Desktop,New York,2024-05-20 00:57:56
35328,Square,SUCCESS,00,709,Desktop,Chicago,2024-05-20 02:32:45
35329,Square,SUCCESS,00,128,Mobile,New York,2024-05-20 02:38:35
35330,Stripe,SUCCESS,00,770,Desktop,Dallas,2024-05-20 04:24:58
35331,AuthorizeNet,SUCCESS,00,1288,Desktop,Chicago,2024-05-20 05:50:46
35332,PayPal,SUCCESS,00,923,Desktop,Dallas,2024-05-20 06:00:33
35333,AuthorizeNet,SUCCESS,00,867,POS,New York,2024-05-20 06:57:44
35334,PayPal,SUCCESS,00,925,ATM,Los Angeles,2024-05-20 07:35:31
35335,PayPal,SUCCESS,00,261,Mobile,Chicago,2024-05-20 08:37:26
35336,Stripe,SUCCESS,00,871,Mobile,Los Angeles,2024-05-20 08:46:13
35337,PayPal,SUCCESS,00,631,POS,Chicago,2024-05-20 08:58:56
35338,Square,SUCCESS,00,1084,POS,Los Angeles,2024-05-20 09:11:53
35339,Square,SUCCESS,00,1219,POS,New York,2024-05-20 09:31:49
35340,PayPal,SUCCESS,00,346,Mobile,Los Angeles,2024-05-20 09:49:13
35341,Square,SUCCESS,00,1438,Desktop,Chicago,2024-05-20 10:20:14
35342,Stripe,SUCCESS,00,583,Desktop,Chicago,2024-05-20 10:24:49
35343,PayPal,SUCCESS,00,550,Desktop,Chicago,2024-05-20 10:52:13
35344,Stripe,SUCCESS,00,740,POS,Chicago,2024-05-20 11:07:26
35345,PayPal,SUCCESS,00,1241,Mobile,Dallas,2024-05-20 11:18:37
35346,PayPal,SUCCESS,00,420,POS,New York,2024-05-20 11:53:14
35347,PayPal,SUCCESS,00,635,ATM,New York,2024-05-20 12:29:20
35348,Square,SUCCESS,00,627,Mobile,Chicago,2024-05-20 13:18:27
35349,PayPal,PENDING,99,953,POS,New York,2024-05-20 13:38:29
35350,Stripe,SUCCESS,00,122,Desktop,Chicago,2024-05-20 14:14:14
35351,AuthorizeNet,SUCCESS,00,640,ATM,New York,2024-05-20 15:12:03
35352,Stripe,SUCCESS,00,1486,Mobile,Chicago,2024-05-20 15:38:16
35353,AuthorizeNet,SUCCESS,00,674,Mobile,Los Angeles,2024-05-20 15:58:46
35354,PayPal,SUCCESS,00,313,Mobile,Dallas,2024-05-20 16:48:37
35355,Stripe,SUCCESS,00,1020,Mobile,Chicago,2024-05-20 18:12:23
35356,AuthorizeNet,FAILED,12,990,Desktop,Los Angeles,2024-05-20 20:06:33
35357,Stripe,SUCCESS,00,515,Desktop,Los Angeles,2024-05-20 20:18:47
35358,PayPal,SUCCESS,00,1052,ATM,Chicago,2024-05-20 20:24:40
35359,PayPal,SUCCESS,00,714,POS,Dallas,2024-05-20 20:36:44
35360,Stripe,SUCCESS,00,670,POS,Chicago,2024-05-20 20:52:41
35361,PayPal,SUCCESS,00,1160,Desktop,Los Angeles,2024-05-20 20:53:44
35362,PayPal,FAILED,12,1309,Mobile,Dallas,2024-05-20 21:09:20
35363,Stripe,SUCCESS,00,979,ATM,New York,2024-05-20 22:09:55
35364,AuthorizeNet,SUCCESS,00,908,Desktop,New York,2024-05-20 22:38:30
35365,AuthorizeNet,SUCCESS,00,1051,ATM,Dallas,2024-05-20 22:51:16
35366,PayPal,SUCCESS,00,226,POS,Los Angeles,2024-05-20 23:49:25
35367,Square,SUCCESS,00,1146,POS,New York,2024-05-21 00:21:55
35368,AuthorizeNet,SUCCESS,00,1082,Desktop,Dallas,2024-05-21 00:28:04
35369,PayPal,SUCCESS,00,1087,Desktop,Los Angeles,2024-05-21 00:54:54
35370,AuthorizeNet,SUCCESS,00,524,POS,New York,2024-05-21 01:05:44
35371,PayPal,SUCCESS,00,349,Mobile,Los Angeles,2024-05-21 01:24:22
35372,Square,SUCCESS,00,176,Desktop,Chicago,2024-05-21 03:22:25
35373,Square,SUCCESS,00,1477,ATM,New York,2024-05-21 03:29:23
35374,AuthorizeNet,SUCCESS,00,688,Desktop,Dallas,2024-05-21 03:47:35
35375,AuthorizeNet,SUCCESS,00,426,Desktop,Los Angeles,2024-05-21 03:50:30
35376,Square,SUCCESS,00,791,ATM,Chicago,2024-05-21 03:56:59
35377,Stripe,SUCCESS,00,480,POS,Chicago,2024-05-21 04:50:34
35378,AuthorizeNet,SUCCESS,00,560,Desktop,New York,2024-05-21 05:20:35
35379,AuthorizeNet,SUCCESS,00,387,ATM,New York,2024-05-21 05:23:53
35380,AuthorizeNet,FAILED,12,807,ATM,Chicago,2024-05-21 05:27:57
35381,PayPal,SUCCESS,00,488,ATM,Dallas,2024-05-21 05:58:58
35382,Stripe,SUCCESS,00,1014,POS,Dallas,2024-05-21 05:59:15
35383,Stripe,SUCCESS,00,1480,POS,New York,2024-05-21 07:16:49
35384,PayPal,SUCCESS,00,1038,POS,Dallas,2024-05-21 09:50:56
35385,Square,SUCCESS,00,102,POS,Dallas,2024-05-21 10:48:53
35386,PayPal,SUCCESS,00,255,Mobile,Chicago,2024-05-21 11:03:56
35387,Square,SUCCESS,00,258,Desktop,Los Angeles,2024-05-21 11:13:32
35388,Square,SUCCESS,00,457,ATM,Los Angeles,2024-05-21 11:16:00
35389,Stripe,SUCCESS,00,1090,Mobile,Dallas,2024-05-21 13:33:22
35390,AuthorizeNet,SUCCESS,00,691,POS,Dallas,2024-05-21 14:18:31
35391,Stripe,SUCCESS,00,562,POS,New York,2024-05-21 14:22:42
35392,Square,SUCCESS,00,1359,Desktop,New York,2024-05-21 14:37:06
35393,Square,SUCCESS,00,403,Desktop,Dallas,2024-05-21 15:28:40
35394,PayPal,SUCCESS,00,292,ATM,New York,2024-05-21 15:44:02
35395,AuthorizeNet,SUCCESS,00,725,ATM,New York,2024-05-21 16:45:38
35396,Stripe,SUCCESS,00,792,Mobile,Chicago,2024-05-21 16:53:46
35397,Stripe,SUCCESS,00,649,ATM,Chicago,2024-05-21 16:54:36
35398,Stripe,SUCCESS,00,1421,Mobile,Dallas,2024-05-21 18:14:39
35399,Stripe,SUCCESS,00,1413,POS,New York,2024-05-21 18:21:52
35400,Square,SUCCESS,00,117,Desktop,Los Angeles,2024-05-21 18:23:53
35401,PayPal,SUCCESS,00,1029,POS,Los Angeles,2024-05-21 18:38:24
35402,AuthorizeNet,SUCCESS,00,416,Desktop,Chicago,2024-05-21 19:33:27
35403,PayPal,SUCCESS,00,373,Mobile,Dallas,2024-05-21 20:00:00
35404,PayPal,FAILED,12,289,POS,Dallas,2024-05-21 20:10:55
35405,AuthorizeNet,SUCCESS,00,424,Desktop,Los Angeles,2024-05-21 20:58:02
35406,Stripe,SUCCESS,00,699,POS,Chicago,2024-05-21 21:29:17
35407,Square,SUCCESS,00,210,ATM,Los Angeles,2024-05-21 23:15:35
35408,AuthorizeNet,SUCCESS,00,789,POS,Chicago,2024-05-21 23:35:20
35409,PayPal,SUCCESS,00,818,Desktop,Chicago,2024-05-22 00:01:08
35410,Stripe,FAILED,12,612,POS,Los Angeles,2024-05-22 00:29:36
35411,Square,SUCCESS,00,1212,Desktop,Dallas,2024-05-22 00:35:14
35412,AuthorizeNet,SUCCESS,00,1432,Desktop,Chicago,2024-05-22 01:08:57
35413,Square,SUCCESS,00,998,Mobile,Chicago,2024-05-22 01:21:08
35414,Square,SUCCESS,00,722,POS,Los Angeles,2024-05-22 01:31:43
35415,Stripe,SUCCESS,00,905,Mobile,Dallas,2024-05-22 01:40:20
35416,PayPal,SUCCESS,00,1339,Desktop,Chicago,2024-05-22 01:47:01
35417,AuthorizeNet,SUCCESS,00,1234,Desktop,New York,2024-05-22 01:55:52
35418,Stripe,SUCCESS,00,761,Mobile,Dallas,2024-05-22 03:11:11
35419,Square,SUCCESS,00,725,Desktop,Chicago,2024-05-22 04:23:54
35420,AuthorizeNet,SUCCESS,00,1116,ATM,New York,2024-05-22 05:03:19
35421,Stripe,SUCCESS,00,471,POS,Dallas,2024-05-22 06:07:53
35422,AuthorizeNet,SUCCESS,00,1085,POS,New York,2024-05-22 07:11:06
35423,Stripe,SUCCESS,00,665,POS,New York,2024-05-22 07:21:39
35424,PayPal,SUCCESS,00,1011,ATM,New York,2024-05-22 07:39:37
35425,AuthorizeNet,SUCCESS,00,184,ATM,Dallas,2024-05-22 08:39:00
35426,PayPal,SUCCESS,00,281,ATM,Chicago,2024-05-22 09:10:24
35427,PayPal,SUCCESS,00,980,Desktop,New York,2024-05-22 10:55:02
35428,Square,SUCCESS,00,457,POS,New York,2024-05-22 10:55:38
35429,PayPal,FAILED,05,447,ATM,Dallas,2024-05-22 11:20:10
35430,AuthorizeNet,SUCCESS,00,717,Mobile,Dallas,2024-05-22 11:20:54
35431,PayPal,SUCCESS,00,902,Mobile,New York,2024-05-22 11:30:04
35432,PayPal,SUCCESS,00,320,Mobile,Dallas,2024-05-22 11:44:57
35433,Stripe,SUCCESS,00,536,Desktop,Dallas,2024-05-22 12:02:45
35434,AuthorizeNet,SUCCESS,00,983,Mobile,Chicago,2024-05-22 12:41:28
35435,PayPal,SUCCESS,00,717,Desktop,Chicago,2024-05-22 14:30:49
35436,Square,SUCCESS,00,586,ATM,Chicago,2024-05-22 14:56:46
35437,PayPal,SUCCESS,00,1414,ATM,Chicago,2024-05-22 15:09:20
35438,Stripe,SUCCESS,00,496,Desktop,Los Angeles,2024-05-22 17:43:58
35439,AuthorizeNet,SUCCESS,00,1483,ATM,Los Angeles,2024-05-22 17:44:09
35440,PayPal,SUCCESS,00,1383,Mobile,Dallas,2024-05-22 17:59:33
35441,AuthorizeNet,SUCCESS,00,163,Mobile,Dallas,2024-05-22 18:02:20
35442,AuthorizeNet,SUCCESS,00,464,Mobile,Dallas,2024-05-22 18:07:47
35443,PayPal,SUCCESS,00,992,ATM,Los Angeles,2024-05-22 18:15:30
35444,AuthorizeNet,SUCCESS,00,1440,POS,Los Angeles,2024-05-22 18:20:10
35445,Square,SUCCESS,00,1355,POS,Chicago,2024-05-22 18:24:29
35446,Stripe,SUCCESS,00,395,Desktop,Dallas,2024-05-22 18:33:22
35447,AuthorizeNet,FAILED,05,1457,ATM,Los Angeles,2024-05-22 18:33:32
35448,Square,FAILED,12,764,POS,New York,2024-05-22 19:01:08
35449,AuthorizeNet,FAILED,05,934,POS,New York,2024-05-22 19:20:25
35450,PayPal,SUCCESS,00,497,POS,Chicago,2024-05-22 21:36:21
35451,Stripe,SUCCESS,00,391,POS,Los Angeles,2024-05-22 21:53:32
35452,Square,SUCCESS,00,711,Mobile,Dallas,2024-05-22 22:11:58
35453,Stripe,SUCCESS,00,317,POS,Los Angeles,2024-05-22 23:29:30
35454,AuthorizeNet,SUCCESS,00,1066,Mobile,Los Angeles,2024-05-22 23:33:15
35455,Square,SUCCESS,00,687,Desktop,Los Angeles,2024-05-23 00:19:16
35456,Stripe,SUCCESS,00,345,Mobile,Chicago,2024-05-23 00:20:00
35457,Stripe,SUCCESS,00,355,Mobile,Los Angeles,2024-05-23 00:30:21
35458,Square,FAILED,12,1052,Mobile,New York,2024-05-23 01:10:01
35459,AuthorizeNet,SUCCESS,00,992,Desktop,Chicago,2024-05-23 01:18:42
35460,Stripe,SUCCESS,00,451,ATM,Los Angeles,2024-05-23 01:20:46
35461,PayPal,SUCCESS,00,592,ATM,Chicago,2024-05-23 02:05:37
35462,AuthorizeNet,SUCCESS,00,1380,Mobile,Dallas,2024-05-23 02:07:34
35463,PayPal,SUCCESS,00,928,Mobile,Dallas,2024-05-23 03:00:36
35464,PayPal,SUCCESS,00,971,Mobile,Chicago,2024-05-23 03:57:59
35465,AuthorizeNet,SUCCESS,00,861,Mobile,New York,2024-05-23 05:44:06
35466,Square,FAILED,12,420,Mobile,New York,2024-05-23 06:01:12
35467,Stripe,SUCCESS,00,1212,ATM,Dallas,2024-05-23 06:34:48
35468,AuthorizeNet,FAILED,12,1061,Desktop,Los Angeles,2024-05-23 06:35:02
35469,Square,SUCCESS,00,544,ATM,Chicago,2024-05-23 07:52:03
35470,PayPal,FAILED,12,1478,POS,Chicago,2024-05-23 07:57:10
35471,Stripe,SUCCESS,00,1124,Mobile,Chicago,2024-05-23 08:04:58
35472,Square,FAILED,12,630,POS,New York,2024-05-23 08:06:44
35473,Square,SUCCESS,00,357,ATM,New York,2024-05-23 09:05:09
35474,PayPal,SUCCESS,00,1374,Desktop,Los Angeles,2024-05-23 09:46:42
35475,PayPal,SUCCESS,00,690,Desktop,Chicago,2024-05-23 10:51:46
35476,Stripe,SUCCESS,00,1172,Mobile,Chicago,2024-05-23 11:35:14
35477,PayPal,SUCCESS,00,401,Mobile,Chicago,2024-05-23 11:54:36
35478,AuthorizeNet,SUCCESS,00,892,POS,New York,2024-05-23 11:59:51
35479,PayPal,SUCCESS,00,817,ATM,Los Angeles,2024-05-23 13:34:59
35480,AuthorizeNet,SUCCESS,00,968,POS,Los Angeles,2024-05-23 14:00:29
35481,AuthorizeNet,FAILED,05,1494,POS,Dallas,2024-05-23 14:05:09
35482,Square,SUCCESS,00,391,Desktop,Dallas,2024-05-23 15:06:05
35483,Stripe,SUCCESS,00,1413,POS,Chicago,2024-05-23 15:09:39
35484,PayPal,PENDING,99,948,ATM,Chicago,2024-05-23 16:04:01
35485,Square,SUCCESS,00,458,Mobile,Chicago,2024-05-23 16:24:38
35486,Stripe,PENDING,99,670,ATM,Los Angeles,2024-05-23 16:45:54
35487,Square,SUCCESS,00,1048,Mobile,Dallas,2024-05-23 17:58:44
35488,AuthorizeNet,SUCCESS,00,771,Desktop,Dallas,2024-05-23 18:08:53
35489,PayPal,SUCCESS,00,1351,Mobile,Dallas,2024-05-23 18:11:57
35490,Square,SUCCESS,00,171,POS,Chicago,2024-05-23 20:30:38
35491,Stripe,SUCCESS,00,1047,ATM,Chicago,2024-05-23 20:56:43
35492,PayPal,SUCCESS,00,1115,ATM,New York,2024-05-23 21:29:38
35493,Square,SUCCESS,00,605,ATM,Chicago,2024-05-23 21:34:58
35494,AuthorizeNet,SUCCESS,00,1425,Desktop,Los Angeles,2024-05-23 22:49:17
35495,Square,SUCCESS,00,1146,POS,Dallas,2024-05-23 23:15:13
35496,Stripe,SUCCESS,00,1382,POS,Chicago,2024-05-23 23:45:49
35497,Stripe,SUCCESS,00,999,ATM,Dallas,2024-05-24 00:02:08
35498,Square,SUCCESS,00,923,Mobile,Los Angeles,2024-05-24 00:45:03
35499,Stripe,SUCCESS,00,182,Mobile,Dallas,2024-05-24 01:17:36
35500,Square,SUCCESS,00,1399,Desktop,Los Angeles,2024-05-24 01:48:00
35501,PayPal,SUCCESS,00,1405,ATM,Los Angeles,2024-05-24 01:55:13
35502,Square,SUCCESS,00,142,ATM,Dallas,2024-05-24 02:31:20
35503,Square,SUCCESS,00,420,Desktop,New York,2024-05-24 02:54:54
35504,Stripe,SUCCESS,00,564,Desktop,Los Angeles,2024-05-24 03:32:16
35505,Stripe,SUCCESS,00,363,Desktop,Chicago,2024-05-24 03:36:29
35506,AuthorizeNet,SUCCESS,00,1200,POS,Dallas,2024-05-24 04:15:44
35507,Square,SUCCESS,00,1393,Mobile,Chicago,2024-05-24 04:27:46
35508,Square,SUCCESS,00,1312,POS,Los Angeles,2024-05-24 04:40:21
35509,Stripe,SUCCESS,00,1048,Desktop,Chicago,2024-05-24 04:59:23
35510,PayPal,SUCCESS,00,629,POS,Chicago,2024-05-24 06:17:18
35511,Stripe,SUCCESS,00,1300,ATM,Los Angeles,2024-05-24 06:33:14
35512,PayPal,SUCCESS,00,703,ATM,Chicago,2024-05-24 08:40:38
35513,Square,SUCCESS,00,788,ATM,Chicago,2024-05-24 09:35:52
35514,Stripe,FAILED,12,435,Mobile,Los Angeles,2024-05-24 09:59:35
35515,Stripe,SUCCESS,00,865,POS,Dallas,2024-05-24 10:23:44
35516,Stripe,SUCCESS,00,1447,Desktop,Dallas,2024-05-24 11:09:14
35517,AuthorizeNet,SUCCESS,00,384,Desktop,Los Angeles,2024-05-24 13:05:22
35518,Stripe,SUCCESS,00,1338,POS,Chicago,2024-05-24 13:33:45
35519,Square,FAILED,05,168,Desktop,Dallas,2024-05-24 13:44:21
35520,Square,SUCCESS,00,1010,Mobile,Chicago,2024-05-24 14:57:35
35521,Square,SUCCESS,00,1123,Mobile,Dallas,2024-05-24 15:35:28
35522,PayPal,SUCCESS,00,1396,POS,New York,2024-05-24 15:47:05
35523,PayPal,SUCCESS,00,1125,POS,Dallas,2024-05-24 16:12:55
35524,Square,SUCCESS,00,1329,Desktop,New York,2024-05-24 16:31:42
35525,Square,SUCCESS,00,903,POS,Los Angeles,2024-05-24 16:37:03
35526,PayPal,SUCCESS,00,665,ATM,Dallas,2024-05-24 17:09:39
35527,AuthorizeNet,SUCCESS,00,841,ATM,Chicago,2024-05-24 18:23:56
35528,PayPal,SUCCESS,00,631,Mobile,Los Angeles,2024-05-24 18:32:17
35529,AuthorizeNet,SUCCESS,00,207,ATM,Chicago,2024-05-24 18:42:18
35530,PayPal,SUCCESS,00,243,POS,Chicago,2024-05-24 18:58:51
35531,AuthorizeNet,SUCCESS,00,1416,POS,Chicago,2024-05-24 20:58:54
35532,Square,SUCCESS,00,734,Desktop,New York,2024-05-24 21:24:05
35533,AuthorizeNet,SUCCESS,00,1202,Mobile,Chicago,2024-05-24 21:30:09
35534,Stripe,SUCCESS,00,827,Desktop,Los Angeles,2024-05-24 22:00:57
35535,Stripe,SUCCESS,00,1137,Desktop,New York,2024-05-24 22:18:16
35536,PayPal,SUCCESS,00,721,POS,Chicago,2024-05-24 22:50:27
35537,Square,FAILED,05,1336,ATM,Los Angeles,2024-05-24 23:15:28
35538,Stripe,SUCCESS,00,1021,Mobile,Chicago,2024-05-24 23:37:25
35539,Stripe,SUCCESS,00,1084,Mobile,Los Angeles,2024-05-25 00:00:35
35540,AuthorizeNet,SUCCESS,00,269,POS,New York,2024-05-25 00:01:33
35541,PayPal,SUCCESS,00,440,Desktop,Chicago,2024-05-25 00:19:37
35542,Stripe,SUCCESS,00,413,ATM,Dallas,2024-05-25 00:21:50
35543,PayPal,SUCCESS,00,619,ATM,New York,2024-05-25 00:30:30
35544,AuthorizeNet,SUCCESS,00,818,Mobile,Chicago,2024-05-25 01:03:47
35545,AuthorizeNet,SUCCESS,00,978,POS,New York,2024-05-25 01:57:28
35546,PayPal,SUCCESS,00,588,POS,Los Angeles,2024-05-25 02:20:59
35547,AuthorizeNet,SUCCESS,00,473,ATM,Los Angeles,2024-05-25 03:00:12
35548,PayPal,SUCCESS,00,706,POS,Dallas,2024-05-25 03:01:12
35549,Square,SUCCESS,00,921,ATM,Chicago,2024-05-25 03:29:02
35550,PayPal,SUCCESS,00,838,ATM,Chicago,2024-05-25 03:29:52
35551,PayPal,SUCCESS,00,736,ATM,New York,2024-05-25 04:28:21
35552,AuthorizeNet,SUCCESS,00,1341,Desktop,Chicago,2024-05-25 05:04:27
35553,PayPal,SUCCESS,00,1362,Mobile,Chicago,2024-05-25 07:07:09
35554,AuthorizeNet,SUCCESS,00,756,POS,Chicago,2024-05-25 07:37:13
35555,AuthorizeNet,FAILED,05,1398,Mobile,Los Angeles,2024-05-25 08:18:28
35556,Square,FAILED,12,1319,Mobile,Chicago,2024-05-25 09:33:41
35557,Stripe,FAILED,05,398,ATM,Los Angeles,2024-05-25 10:17:39
35558,Stripe,SUCCESS,00,313,Mobile,New York,2024-05-25 10:32:46
35559,Square,SUCCESS,00,956,Mobile,Dallas,2024-05-25 10:35:39
35560,PayPal,FAILED,12,316,Mobile,Los Angeles,2024-05-25 11:09:20
35561,AuthorizeNet,FAILED,05,294,ATM,Dallas,2024-05-25 11:37:27
35562,PayPal,SUCCESS,00,220,Desktop,Chicago,2024-05-25 12:27:09
35563,PayPal,SUCCESS,00,413,ATM,Dallas,2024-05-25 12:31:06
35564,PayPal,SUCCESS,00,611,POS,Chicago,2024-05-25 12:46:59
35565,Stripe,SUCCESS,00,452,ATM,Dallas,2024-05-25 12:52:44
35566,AuthorizeNet,SUCCESS,00,452,Mobile,Chicago,2024-05-25 13:04:45
35567,AuthorizeNet,SUCCESS,00,1221,ATM,Chicago,2024-05-25 13:11:09
35568,Stripe,SUCCESS,00,746,POS,Dallas,2024-05-25 13:48:10
35569,Stripe,SUCCESS,00,447,Desktop,Los Angeles,2024-05-25 15:04:04
35570,PayPal,SUCCESS,00,1321,Desktop,New York,2024-05-25 15:09:21
35571,AuthorizeNet,SUCCESS,00,1122,ATM,Chicago,2024-05-25 16:24:03
35572,Stripe,SUCCESS,00,1431,Mobile,New York,2024-05-25 16:45:36
35573,PayPal,SUCCESS,00,194,Mobile,Dallas,2024-05-25 17:27:33
35574,Stripe,SUCCESS,00,476,Mobile,Dallas,2024-05-25 17:37:10
35575,PayPal,SUCCESS,00,1305,Desktop,New York,2024-05-25 17:47:11
35576,PayPal,SUCCESS,00,1366,ATM,Los Angeles,2024-05-25 18:45:22
35577,AuthorizeNet,SUCCESS,00,1244,ATM,Chicago,2024-05-25 19:09:05
35578,AuthorizeNet,SUCCESS,00,161,POS,Dallas,2024-05-25 20:16:30
35579,Stripe,SUCCESS,00,976,Mobile,Dallas,2024-05-25 20:44:06
35580,PayPal,SUCCESS,00,483,Desktop,Chicago,2024-05-25 21:09:59
35581,PayPal,SUCCESS,00,322,Desktop,Los Angeles,2024-05-25 22:02:24
35582,PayPal,SUCCESS,00,450,ATM,Dallas,2024-05-25 22:20:02
35583,Square,SUCCESS,00,248,Mobile,Dallas,2024-05-25 23:19:02
35584,PayPal,SUCCESS,00,328,ATM,Dallas,2024-05-25 23:41:26
35585,Stripe,SUCCESS,00,144,Mobile,Chicago,2024-05-25 23:54:22
35586,AuthorizeNet,SUCCESS,00,377,Desktop,Chicago,2024-05-26 00:12:42
35587,AuthorizeNet,SUCCESS,00,1166,ATM,Chicago,2024-05-26 00:45:26
35588,Square,FAILED,12,407,Mobile,Los Angeles,2024-05-26 01:04:11
35589,PayPal,FAILED,05,700,POS,New York,2024-05-26 01:07:54
35590,Stripe,SUCCESS,00,452,Mobile,Dallas,2024-05-26 01:45:31
35591,AuthorizeNet,SUCCESS,00,316,Mobile,Dallas,2024-05-26 02:14:17
35592,AuthorizeNet,SUCCESS,00,1397,Desktop,Los Angeles,2024-05-26 02:23:54
35593,AuthorizeNet,SUCCESS,00,1476,POS,New York,2024-05-26 04:20:44
35594,AuthorizeNet,SUCCESS,00,800,ATM,Los Angeles,2024-05-26 04:30:21
35595,AuthorizeNet,SUCCESS,00,406,Desktop,New York,2024-05-26 04:39:07
35596,PayPal,SUCCESS,00,315,ATM,Chicago,2024-05-26 04:47:18
35597,Square,SUCCESS,00,251,Mobile,Los Angeles,2024-05-26 08:39:20
35598,Stripe,SUCCESS,00,1011,ATM,Chicago,2024-05-26 08:53:10
35599,PayPal,SUCCESS,00,1328,POS,New York,2024-05-26 09:03:54
35600,Stripe,SUCCESS,00,1222,Desktop,New York,2024-05-26 11:02:57
35601,Square,SUCCESS,00,1247,Mobile,Los Angeles,2024-05-26 11:03:18
35602,PayPal,SUCCESS,00,1203,Mobile,Los Angeles,2024-05-26 11:25:34
35603,Square,SUCCESS,00,1009,Desktop,Chicago,2024-05-26 11:56:20
35604,Stripe,SUCCESS,00,196,ATM,New York,2024-05-26 12:17:52
35605,Stripe,SUCCESS,00,1261,Mobile,Chicago,2024-05-26 12:25:51
35606,Square,SUCCESS,00,311,POS,Dallas,2024-05-26 13:55:21
35607,Square,SUCCESS,00,526,Desktop,Chicago,2024-05-26 14:58:30
35608,PayPal,SUCCESS,00,1033,Desktop,Los Angeles,2024-05-26 15:37:57
35609,Square,SUCCESS,00,750,ATM,Los Angeles,2024-05-26 15:38:13
35610,Stripe,SUCCESS,00,501,Mobile,Chicago,2024-05-26 16:02:21
35611,Square,SUCCESS,00,360,ATM,Dallas,2024-05-26 16:23:25
35612,AuthorizeNet,SUCCESS,00,601,POS,Chicago,2024-05-26 17:44:10
35613,AuthorizeNet,SUCCESS,00,684,Mobile,Chicago,2024-05-26 18:40:28
35614,Square,SUCCESS,00,1380,Mobile,Los Angeles,2024-05-26 20:08:24
35615,Square,SUCCESS,00,1445,Mobile,Los Angeles,2024-05-26 20:10:36
35616,AuthorizeNet,SUCCESS,00,234,Desktop,Dallas,2024-05-26 20:33:36
35617,AuthorizeNet,SUCCESS,00,1210,Desktop,Chicago,2024-05-26 20:50:24
35618,PayPal,FAILED,12,929,Mobile,Dallas,2024-05-26 20:50:50
35619,Square,SUCCESS,00,600,ATM,Dallas,2024-05-26 21:23:15
35620,AuthorizeNet,SUCCESS,00,955,Mobile,Dallas,2024-05-26 21:34:36
35621,PayPal,FAILED,05,533,Desktop,Dallas,2024-05-26 21:45:50
35622,AuthorizeNet,SUCCESS,00,543,ATM,Chicago,2024-05-26 22:07:04
35623,Square,SUCCESS,00,418,ATM,Los Angeles,2024-05-26 22:32:40
35624,Square,SUCCESS,00,601,POS,Dallas,2024-05-26 23:19:20
35625,Square,SUCCESS,00,677,Mobile,Dallas,2024-05-26 23:55:01
35626,PayPal,SUCCESS,00,169,Mobile,Dallas,2024-05-27 00:04:42
35627,AuthorizeNet,SUCCESS,00,425,Mobile,Dallas,2024-05-27 01:44:27
35628,PayPal,SUCCESS,00,410,Desktop,Los Angeles,2024-05-27 01:46:39
35629,PayPal,SUCCESS,00,542,ATM,Dallas,2024-05-27 01:59:39
35630,Stripe,SUCCESS,00,197,ATM,Dallas,2024-05-27 02:27:16
35631,Square,PENDING,99,486,Mobile,Chicago,2024-05-27 02:29:13
35632,AuthorizeNet,SUCCESS,00,1097,ATM,Dallas,2024-05-27 02:37:18
35633,AuthorizeNet,PENDING,99,429,ATM,New York,2024-05-27 02:45:57
35634,PayPal,SUCCESS,00,1498,POS,Chicago,2024-05-27 04:06:43
35635,Stripe,SUCCESS,00,980,Mobile,Los Angeles,2024-05-27 04:40:56
35636,PayPal,SUCCESS,00,315,POS,Chicago,2024-05-27 06:39:40
35637,AuthorizeNet,SUCCESS,00,1355,ATM,Chicago,2024-05-27 07:04:15
35638,PayPal,SUCCESS,00,754,Desktop,Chicago,2024-05-27 07:48:22
35639,Stripe,SUCCESS,00,1077,POS,Los Angeles,2024-05-27 07:57:16
35640,PayPal,SUCCESS,00,630,Desktop,Los Angeles,2024-05-27 10:47:54
35641,PayPal,SUCCESS,00,934,ATM,Dallas,2024-05-27 11:03:12
35642,Square,SUCCESS,00,1217,Desktop,New York,2024-05-27 12:33:55
35643,Stripe,SUCCESS,00,832,Desktop,Dallas,2024-05-27 12:43:20
35644,AuthorizeNet,SUCCESS,00,169,POS,Chicago,2024-05-27 14:13:33
35645,AuthorizeNet,SUCCESS,00,159,POS,Dallas,2024-05-27 14:50:24
35646,PayPal,SUCCESS,00,897,Desktop,Chicago,2024-05-27 16:12:09
35647,PayPal,FAILED,05,706,Desktop,Chicago,2024-05-27 16:39:20
35648,Stripe,SUCCESS,00,1392,POS,Dallas,2024-05-27 17:11:17
35649,Stripe,SUCCESS,00,1324,POS,New York,2024-05-27 17:26:22
35650,PayPal,SUCCESS,00,1304,Desktop,New York,2024-05-27 17:43:00
35651,Stripe,SUCCESS,00,677,POS,Los Angeles,2024-05-27 17:43:48
35652,Stripe,SUCCESS,00,870,ATM,New York,2024-05-27 17:47:02
35653,Stripe,SUCCESS,00,930,Desktop,Chicago,2024-05-27 17:47:47
35654,Stripe,SUCCESS,00,327,ATM,Dallas,2024-05-27 18:48:52
35655,AuthorizeNet,SUCCESS,00,639,POS,Los Angeles,2024-05-27 18:57:43
35656,AuthorizeNet,SUCCESS,00,1290,ATM,Dallas,2024-05-27 19:51:04
35657,Square,SUCCESS,00,161,Desktop,Chicago,2024-05-27 20:12:34
35658,Stripe,SUCCESS,00,267,Mobile,Chicago,2024-05-27 22:55:19
35659,Square,SUCCESS,00,117,ATM,Los Angeles,2024-05-27 23:00:59
35660,AuthorizeNet,SUCCESS,00,226,ATM,Dallas,2024-05-28 02:58:18
35661,Square,SUCCESS,00,492,POS,New York,2024-05-28 03:08:51
35662,Stripe,SUCCESS,00,1336,ATM,Los Angeles,2024-05-28 03:14:53
35663,PayPal,SUCCESS,00,1302,POS,Los Angeles,2024-05-28 04:50:02
35664,AuthorizeNet,SUCCESS,00,994,ATM,Los Angeles,2024-05-28 04:51:36
35665,AuthorizeNet,SUCCESS,00,885,Desktop,New York,2024-05-28 05:07:06
35666,PayPal,SUCCESS,00,335,Desktop,New York,2024-05-28 05:18:52
35667,PayPal,SUCCESS,00,158,Desktop,Chicago,2024-05-28 05:46:36
35668,Square,SUCCESS,00,1021,ATM,New York,2024-05-28 05:57:55
35669,AuthorizeNet,SUCCESS,00,895,Desktop,Dallas,2024-05-28 06:02:21
35670,Square,PENDING,99,101,ATM,Los Angeles,2024-05-28 06:12:58
35671,Stripe,SUCCESS,00,1376,POS,Dallas,2024-05-28 06:49:01
35672,AuthorizeNet,SUCCESS,00,571,Desktop,Chicago,2024-05-28 07:29:26
35673,PayPal,SUCCESS,00,380,Desktop,Chicago,2024-05-28 07:48:24
35674,AuthorizeNet,SUCCESS,00,683,Mobile,Los Angeles,2024-05-28 08:04:36
35675,Square,SUCCESS,00,281,Desktop,New York,2024-05-28 08:33:55
35676,Stripe,SUCCESS,00,730,POS,New York,2024-05-28 08:41:03
35677,Square,SUCCESS,00,1026,Mobile,Chicago,2024-05-28 08:45:06
35678,PayPal,SUCCESS,00,696,POS,New York,2024-05-28 09:08:20
35679,AuthorizeNet,SUCCESS,00,466,Mobile,New York,2024-05-28 10:45:10
35680,PayPal,SUCCESS,00,709,POS,Chicago,2024-05-28 11:23:02
35681,Stripe,SUCCESS,00,597,ATM,Los Angeles,2024-05-28 11:26:21
35682,Stripe,SUCCESS,00,628,Mobile,Los Angeles,2024-05-28 11:59:06
35683,Square,SUCCESS,00,735,ATM,Chicago,2024-05-28 12:25:07
35684,PayPal,SUCCESS,00,751,POS,New York,2024-05-28 13:00:21
35685,Square,SUCCESS,00,120,Mobile,Dallas,2024-05-28 14:26:19
35686,PayPal,SUCCESS,00,583,POS,Dallas,2024-05-28 16:05:21
35687,AuthorizeNet,SUCCESS,00,1263,ATM,Chicago,2024-05-28 16:18:05
35688,AuthorizeNet,SUCCESS,00,513,Desktop,New York,2024-05-28 16:31:05
35689,PayPal,SUCCESS,00,1042,ATM,Dallas,2024-05-28 16:50:43
35690,Square,SUCCESS,00,221,ATM,New York,2024-05-28 18:21:05
35691,AuthorizeNet,SUCCESS,00,436,POS,Los Angeles,2024-05-28 18:41:56
35692,Stripe,SUCCESS,00,714,POS,Los Angeles,2024-05-28 19:13:41
35693,Stripe,SUCCESS,00,967,Mobile,New York,2024-05-28 19:15:22
35694,PayPal,SUCCESS,00,128,ATM,Los Angeles,2024-05-28 19:25:57
35695,PayPal,SUCCESS,00,735,ATM,Dallas,2024-05-28 19:42:37
35696,Square,SUCCESS,00,382,Desktop,Los Angeles,2024-05-28 21:25:19
35697,PayPal,SUCCESS,00,615,POS,Chicago,2024-05-28 21:38:23
35698,PayPal,SUCCESS,00,1302,Mobile,Los Angeles,2024-05-28 21:53:46
35699,Stripe,SUCCESS,00,1136,ATM,Los Angeles,2024-05-28 22:25:56
35700,Stripe,SUCCESS,00,1369,Mobile,Dallas,2024-05-28 22:34:39
35701,AuthorizeNet,SUCCESS,00,1106,Desktop,Los Angeles,2024-05-28 23:04:17
35702,AuthorizeNet,SUCCESS,00,756,POS,Chicago,2024-05-28 23:11:04
35703,Stripe,FAILED,05,664,Desktop,Dallas,2024-05-28 23:37:57
35704,AuthorizeNet,SUCCESS,00,1421,Mobile,Los Angeles,2024-05-28 23:46:05
35705,PayPal,SUCCESS,00,790,Desktop,Chicago,2024-05-28 23:57:07
35706,Stripe,SUCCESS,00,463,Desktop,Chicago,2024-05-29 01:07:26
35707,AuthorizeNet,SUCCESS,00,1160,Mobile,Chicago,2024-05-29 02:03:57
35708,Square,FAILED,12,281,Desktop,Chicago,2024-05-29 02:55:40
35709,AuthorizeNet,SUCCESS,00,865,POS,Chicago,2024-05-29 03:32:13
35710,Stripe,SUCCESS,00,784,ATM,Chicago,2024-05-29 04:40:13
35711,AuthorizeNet,SUCCESS,00,868,ATM,Chicago,2024-05-29 06:34:37
35712,Square,SUCCESS,00,154,POS,Dallas,2024-05-29 06:58:44
35713,PayPal,SUCCESS,00,144,Mobile,Dallas,2024-05-29 07:28:57
35714,PayPal,SUCCESS,00,312,Desktop,Los Angeles,2024-05-29 07:40:30
35715,PayPal,FAILED,05,999,Mobile,New York,2024-05-29 08:24:37
35716,Stripe,SUCCESS,00,170,Mobile,Chicago,2024-05-29 08:58:12
35717,Square,SUCCESS,00,788,ATM,Dallas,2024-05-29 09:20:20
35718,PayPal,SUCCESS,00,1358,Desktop,Chicago,2024-05-29 09:22:09
35719,Square,SUCCESS,00,709,ATM,Los Angeles,2024-05-29 10:29:17
35720,PayPal,FAILED,12,470,ATM,Dallas,2024-05-29 11:04:48
35721,PayPal,SUCCESS,00,1329,POS,Chicago,2024-05-29 11:23:20
35722,Stripe,FAILED,12,845,POS,New York,2024-05-29 11:24:58
35723,Square,SUCCESS,00,1266,ATM,Los Angeles,2024-05-29 15:23:58
35724,AuthorizeNet,SUCCESS,00,546,Mobile,Chicago,2024-05-29 15:29:16
35725,Stripe,SUCCESS,00,1158,POS,Chicago,2024-05-29 15:58:43
35726,Stripe,SUCCESS,00,481,POS,Chicago,2024-05-29 16:41:00
35727,PayPal,SUCCESS,00,779,ATM,Chicago,2024-05-29 17:05:05
35728,Stripe,SUCCESS,00,287,Mobile,Los Angeles,2024-05-29 17:12:12
35729,Stripe,SUCCESS,00,753,Desktop,Dallas,2024-05-29 18:52:48
35730,PayPal,SUCCESS,00,995,POS,Los Angeles,2024-05-29 19:26:25
35731,AuthorizeNet,SUCCESS,00,328,Desktop,Dallas,2024-05-29 20:12:16
35732,PayPal,SUCCESS,00,1440,Mobile,Dallas,2024-05-29 21:01:17
35733,AuthorizeNet,SUCCESS,00,394,ATM,Los Angeles,2024-05-29 21:33:36
35734,Stripe,SUCCESS,00,586,Mobile,Los Angeles,2024-05-29 21:46:00
35735,PayPal,SUCCESS,00,1432,POS,New York,2024-05-29 21:50:47
35736,AuthorizeNet,SUCCESS,00,516,POS,New York,2024-05-29 22:17:22
35737,Stripe,SUCCESS,00,1432,ATM,Chicago,2024-05-29 22:46:42
35738,AuthorizeNet,SUCCESS,00,1127,Desktop,New York,2024-05-30 00:20:15
35739,AuthorizeNet,FAILED,05,472,Desktop,Dallas,2024-05-30 00:26:01
35740,AuthorizeNet,SUCCESS,00,1056,POS,Dallas,2024-05-30 01:02:00
35741,Square,SUCCESS,00,1129,Desktop,New York,2024-05-30 01:09:23
35742,AuthorizeNet,SUCCESS,00,700,Desktop,Chicago,2024-05-30 01:17:48
35743,PayPal,SUCCESS,00,326,Desktop,Chicago,2024-05-30 01:31:08
35744,PayPal,SUCCESS,00,1411,Mobile,Dallas,2024-05-30 02:47:05
35745,AuthorizeNet,SUCCESS,00,219,Mobile,Chicago,2024-05-30 03:37:35
35746,PayPal,FAILED,12,889,Desktop,Dallas,2024-05-30 03:56:25
35747,Stripe,SUCCESS,00,820,Desktop,New York,2024-05-30 04:06:09
35748,Square,SUCCESS,00,1269,ATM,New York,2024-05-30 04:46:55
35749,Stripe,SUCCESS,00,1400,Mobile,Chicago,2024-05-30 04:49:33
35750,AuthorizeNet,SUCCESS,00,566,ATM,New York,2024-05-30 06:29:52
35751,Square,SUCCESS,00,209,ATM,New York,2024-05-30 06:44:07
35752,Square,SUCCESS,00,168,Mobile,Dallas,2024-05-30 07:31:38
35753,AuthorizeNet,SUCCESS,00,685,Mobile,Los Angeles,2024-05-30 08:42:18
35754,PayPal,SUCCESS,00,658,Desktop,Dallas,2024-05-30 09:19:40
35755,Stripe,SUCCESS,00,772,POS,Chicago,2024-05-30 09:37:24
35756,Square,SUCCESS,00,367,Mobile,Dallas,2024-05-30 12:17:04
35757,PayPal,SUCCESS,00,141,Mobile,New York,2024-05-30 14:09:05
35758,Square,SUCCESS,00,818,Mobile,Los Angeles,2024-05-30 14:26:09
35759,AuthorizeNet,SUCCESS,00,306,ATM,Chicago,2024-05-30 15:16:12
35760,Square,SUCCESS,00,642,Desktop,Los Angeles,2024-05-30 16:26:23
35761,AuthorizeNet,SUCCESS,00,238,ATM,Los Angeles,2024-05-30 16:29:18
35762,Stripe,SUCCESS,00,1054,ATM,Chicago,2024-05-30 16:35:51
35763,Square,SUCCESS,00,616,Desktop,Los Angeles,2024-05-30 16:36:41
35764,Square,SUCCESS,00,943,Desktop,Dallas,2024-05-30 16:48:36
35765,AuthorizeNet,SUCCESS,00,718,Mobile,Dallas,2024-05-30 17:32:29
35766,AuthorizeNet,SUCCESS,00,1129,Desktop,Los Angeles,2024-05-30 17:42:38
35767,Square,SUCCESS,00,369,Desktop,New York,2024-05-30 19:05:40
35768,Stripe,SUCCESS,00,793,Desktop,Los Angeles,2024-05-30 19:14:48
35769,PayPal,SUCCESS,00,917,Desktop,New York,2024-05-30 19:34:55
35770,Square,SUCCESS,00,650,ATM,Dallas,2024-05-30 19:44:17
35771,Square,SUCCESS,00,445,Desktop,Chicago,2024-05-30 21:02:18
35772,Square,SUCCESS,00,1229,ATM,Dallas,2024-05-30 22:30:11
35773,AuthorizeNet,SUCCESS,00,361,POS,Los Angeles,2024-05-30 23:57:02
35774,Square,SUCCESS,00,990,ATM,Dallas,2024-05-31 00:25:31
35775,PayPal,FAILED,05,1165,Mobile,New York,2024-05-31 00:42:08
35776,Stripe,SUCCESS,00,1359,Desktop,Los Angeles,2024-05-31 00:47:40
35777,Square,SUCCESS,00,790,POS,Dallas,2024-05-31 00:54:58
35778,AuthorizeNet,FAILED,12,1462,Mobile,Dallas,2024-05-31 01:03:28
35779,AuthorizeNet,SUCCESS,00,874,Desktop,Chicago,2024-05-31 02:11:34
35780,Stripe,SUCCESS,00,1497,Mobile,Los Angeles,2024-05-31 02:13:13
35781,Stripe,SUCCESS,00,476,ATM,Dallas,2024-05-31 02:19:43
35782,Square,SUCCESS,00,538,Mobile,New York,2024-05-31 02:26:24
35783,Square,SUCCESS,00,760,ATM,Dallas,2024-05-31 02:36:58
35784,PayPal,SUCCESS,00,1170,POS,New York,2024-05-31 03:34:11
35785,PayPal,SUCCESS,00,308,Mobile,Chicago,2024-05-31 03:57:20
35786,PayPal,SUCCESS,00,1114,ATM,New York,2024-05-31 04:19:25
35787,Square,SUCCESS,00,1418,Desktop,Chicago,2024-05-31 05:36:40
35788,AuthorizeNet,SUCCESS,00,813,POS,New York,2024-05-31 06:02:14
35789,PayPal,SUCCESS,00,296,ATM,Dallas,2024-05-31 08:08:38
35790,Stripe,SUCCESS,00,1414,Desktop,Dallas,2024-05-31 08:18:25
35791,AuthorizeNet,SUCCESS,00,1184,Desktop,New York,2024-05-31 08:34:53
35792,Stripe,SUCCESS,00,1087,ATM,Chicago,2024-05-31 08:39:21
35793,AuthorizeNet,SUCCESS,00,197,Desktop,Chicago,2024-05-31 09:35:16
35794,AuthorizeNet,SUCCESS,00,723,ATM,Los Angeles,2024-05-31 09:36:09
35795,AuthorizeNet,SUCCESS,00,1032,Desktop,Los Angeles,2024-05-31 11:25:08
35796,Stripe,SUCCESS,00,889,ATM,Chicago,2024-05-31 13:59:42
35797,Stripe,SUCCESS,00,484,ATM,Dallas,2024-05-31 16:05:19
35798,PayPal,SUCCESS,00,810,Mobile,Dallas,2024-05-31 16:06:37
35799,AuthorizeNet,FAILED,05,1237,Desktop,Los Angeles,2024-05-31 16:07:34
35800,Square,SUCCESS,00,1129,POS,Chicago,2024-05-31 17:57:20
35801,Stripe,SUCCESS,00,848,Mobile,New York,2024-05-31 18:37:43
35802,Stripe,SUCCESS,00,763,Mobile,Dallas,2024-05-31 19:11:28
35803,AuthorizeNet,FAILED,05,125,Mobile,New York,2024-05-31 19:30:35
35804,Stripe,SUCCESS,00,1337,ATM,Los Angeles,2024-05-31 20:53:45
35805,Square,FAILED,05,1436,Mobile,Los Angeles,2024-05-31 21:17:03
35806,PayPal,SUCCESS,00,349,ATM,Chicago,2024-05-31 21:40:48
35807,Stripe,SUCCESS,00,379,Desktop,New York,2024-05-31 22:16:58
35808,PayPal,FAILED,12,307,POS,Chicago,2024-05-31 22:28:39
35809,AuthorizeNet,SUCCESS,00,1480,Mobile,Los Angeles,2024-05-31 23:37:20
35810,AuthorizeNet,SUCCESS,00,779,POS,Chicago,2024-05-31 23:39:04
35811,Stripe,SUCCESS,00,645,Desktop,Dallas,2024-05-31 23:44:12
35812,Stripe,SUCCESS,00,1151,POS,New York,2024-06-01 00:16:52
35813,PayPal,SUCCESS,00,1327,Mobile,Los Angeles,2024-06-01 00:26:19
35814,Square,SUCCESS,00,310,POS,Chicago,2024-06-01 00:32:32
35815,Stripe,SUCCESS,00,607,Desktop,Chicago,2024-06-01 02:23:33
35816,AuthorizeNet,SUCCESS,00,801,Mobile,Los Angeles,2024-06-01 04:35:25
35817,AuthorizeNet,SUCCESS,00,1149,Desktop,Chicago,2024-06-01 06:10:47
35818,Square,SUCCESS,00,1371,Desktop,New York,2024-06-01 06:36:07
35819,Stripe,SUCCESS,00,867,POS,Dallas,2024-06-01 06:36:14
35820,Stripe,SUCCESS,00,1452,ATM,Los Angeles,2024-06-01 10:17:32
35821,Stripe,SUCCESS,00,921,Mobile,Chicago,2024-06-01 11:02:58
35822,Square,SUCCESS,00,1493,Mobile,Dallas,2024-06-01 12:29:10
35823,AuthorizeNet,SUCCESS,00,217,POS,New York,2024-06-01 13:10:13
35824,AuthorizeNet,SUCCESS,00,489,Mobile,New York,2024-06-01 13:30:54
35825,PayPal,SUCCESS,00,605,ATM,Chicago,2024-06-01 14:12:55
35826,AuthorizeNet,SUCCESS,00,477,POS,New York,2024-06-01 14:50:46
35827,AuthorizeNet,SUCCESS,00,530,ATM,Dallas,2024-06-01 14:53:46
35828,Square,SUCCESS,00,455,Desktop,Los Angeles,2024-06-01 16:37:18
35829,AuthorizeNet,SUCCESS,00,1129,POS,New York,2024-06-01 16:42:18
35830,PayPal,SUCCESS,00,1476,Mobile,Dallas,2024-06-01 16:49:03
35831,Stripe,SUCCESS,00,193,POS,Los Angeles,2024-06-01 17:05:10
35832,Stripe,SUCCESS,00,535,Desktop,New York,2024-06-01 18:19:20
35833,PayPal,SUCCESS,00,399,ATM,New York,2024-06-01 18:45:22
35834,Square,FAILED,12,1289,POS,New York,2024-06-01 19:05:43
35835,Square,SUCCESS,00,456,Mobile,Dallas,2024-06-01 20:39:49
35836,AuthorizeNet,SUCCESS,00,242,Desktop,Los Angeles,2024-06-01 21:03:35
35837,PayPal,SUCCESS,00,310,ATM,Los Angeles,2024-06-01 21:17:13
35838,Stripe,SUCCESS,00,640,Mobile,New York,2024-06-01 21:25:00
35839,AuthorizeNet,SUCCESS,00,1087,Mobile,Dallas,2024-06-01 22:27:39
35840,Square,SUCCESS,00,672,ATM,Los Angeles,2024-06-01 22:43:15
35841,Square,FAILED,05,372,POS,Dallas,2024-06-01 22:52:30
35842,PayPal,SUCCESS,00,1219,Mobile,New York,2024-06-01 23:58:47
35843,AuthorizeNet,SUCCESS,00,1464,Mobile,Chicago,2024-06-02 00:17:43
35844,AuthorizeNet,FAILED,12,243,ATM,Chicago,2024-06-02 00:48:20
35845,AuthorizeNet,SUCCESS,00,1124,ATM,Chicago,2024-06-02 01:59:36
35846,AuthorizeNet,SUCCESS,00,560,POS,Dallas,2024-06-02 02:35:48
35847,Square,SUCCESS,00,691,POS,New York,2024-06-02 03:06:59
35848,PayPal,FAILED,12,602,ATM,Los Angeles,2024-06-02 03:26:59
35849,PayPal,SUCCESS,00,1470,Mobile,Chicago,2024-06-02 04:41:25
35850,AuthorizeNet,SUCCESS,00,1086,Mobile,New York,2024-06-02 04:50:16
35851,AuthorizeNet,SUCCESS,00,836,Mobile,New York,2024-06-02 05:09:19
35852,AuthorizeNet,SUCCESS,00,766,Mobile,New York,2024-06-02 07:19:28
35853,AuthorizeNet,SUCCESS,00,727,ATM,Dallas,2024-06-02 08:53:25
35854,AuthorizeNet,SUCCESS,00,1385,Desktop,Dallas,2024-06-02 09:51:29
35855,AuthorizeNet,SUCCESS,00,1241,Mobile,Chicago,2024-06-02 10:29:03
35856,Square,SUCCESS,00,1102,ATM,Los Angeles,2024-06-02 10:30:53
35857,PayPal,FAILED,05,147,ATM,New York,2024-06-02 12:26:48
35858,AuthorizeNet,SUCCESS,00,1114,Mobile,Los Angeles,2024-06-02 14:22:24
35859,PayPal,SUCCESS,00,475,POS,Dallas,2024-06-02 14:29:55
35860,Stripe,SUCCESS,00,1404,POS,Los Angeles,2024-06-02 15:01:49
35861,AuthorizeNet,SUCCESS,00,1359,ATM,Chicago,2024-06-02 15:19:56
35862,Square,SUCCESS,00,147,ATM,Dallas,2024-06-02 15:58:39
35863,Stripe,SUCCESS,00,444,Desktop,New York,2024-06-02 18:01:30
35864,PayPal,SUCCESS,00,112,Mobile,Los Angeles,2024-06-02 18:23:06
35865,PayPal,SUCCESS,00,1004,Mobile,Dallas,2024-06-02 19:24:47
35866,Stripe,SUCCESS,00,1430,POS,Chicago,2024-06-02 19:35:55
35867,PayPal,SUCCESS,00,1189,ATM,Dallas,2024-06-02 20:01:15
35868,PayPal,SUCCESS,00,1270,Mobile,Dallas,2024-06-02 20:03:08
35869,PayPal,SUCCESS,00,1214,POS,Chicago,2024-06-02 21:26:18
35870,AuthorizeNet,SUCCESS,00,1415,Desktop,New York,2024-06-02 21:47:29
35871,AuthorizeNet,SUCCESS,00,1320,POS,New York,2024-06-02 21:54:14
35872,Stripe,SUCCESS,00,1322,ATM,Chicago,2024-06-02 22:04:16
35873,Stripe,SUCCESS,00,851,Desktop,New York,2024-06-02 22:33:30
35874,Square,SUCCESS,00,590,Mobile,Los Angeles,2024-06-02 22:38:59
35875,AuthorizeNet,SUCCESS,00,822,Mobile,Chicago,2024-06-02 22:40:32
35876,Square,SUCCESS,00,114,ATM,Dallas,2024-06-02 23:14:17
35877,Stripe,SUCCESS,00,1209,ATM,Chicago,2024-06-02 23:18:53
35878,Square,SUCCESS,00,928,Desktop,New York,2024-06-02 23:19:37
35879,Stripe,SUCCESS,00,998,POS,Dallas,2024-06-02 23:51:51
35880,AuthorizeNet,SUCCESS,00,1480,Desktop,Dallas,2024-06-03 00:41:53
35881,Square,SUCCESS,00,906,ATM,Los Angeles,2024-06-03 01:30:19
35882,Square,FAILED,12,339,Desktop,Los Angeles,2024-06-03 01:32:17
35883,Stripe,SUCCESS,00,1476,ATM,Chicago,2024-06-03 01:53:45
35884,Stripe,SUCCESS,00,480,ATM,Chicago,2024-06-03 02:31:16
35885,PayPal,SUCCESS,00,1137,Mobile,Los Angeles,2024-06-03 03:14:09
35886,PayPal,PENDING,99,380,ATM,Chicago,2024-06-03 03:54:33
35887,AuthorizeNet,SUCCESS,00,945,ATM,Dallas,2024-06-03 04:09:04
35888,PayPal,SUCCESS,00,316,Mobile,Chicago,2024-06-03 04:15:01
35889,AuthorizeNet,SUCCESS,00,1095,ATM,Los Angeles,2024-06-03 05:16:15
35890,Square,SUCCESS,00,660,POS,Chicago,2024-06-03 05:17:50
35891,AuthorizeNet,SUCCESS,00,1294,Mobile,Dallas,2024-06-03 05:57:00
35892,AuthorizeNet,SUCCESS,00,994,Mobile,Los Angeles,2024-06-03 05:57:44
35893,Square,SUCCESS,00,507,Desktop,New York,2024-06-03 06:31:30
35894,PayPal,SUCCESS,00,572,ATM,New York,2024-06-03 07:12:51
35895,Stripe,SUCCESS,00,1132,Mobile,Los Angeles,2024-06-03 07:54:46
35896,PayPal,SUCCESS,00,213,ATM,Dallas,2024-06-03 07:56:48
35897,PayPal,SUCCESS,00,976,ATM,Los Angeles,2024-06-03 08:20:49
35898,AuthorizeNet,SUCCESS,00,375,Desktop,Los Angeles,2024-06-03 08:42:52
35899,Square,SUCCESS,00,685,Desktop,Chicago,2024-06-03 08:48:12
35900,Square,SUCCESS,00,191,Desktop,New York,2024-06-03 09:27:49
35901,PayPal,SUCCESS,00,582,POS,Los Angeles,2024-06-03 10:15:11
35902,Square,SUCCESS,00,1430,POS,Chicago,2024-06-03 10:23:39
35903,Square,SUCCESS,00,937,Desktop,Dallas,2024-06-03 10:30:25
35904,PayPal,SUCCESS,00,669,ATM,Los Angeles,2024-06-03 11:54:40
35905,Square,SUCCESS,00,279,ATM,Chicago,2024-06-03 12:39:56
35906,Square,FAILED,12,1130,Mobile,Chicago,2024-06-03 13:20:17
35907,Square,SUCCESS,00,132,Mobile,Dallas,2024-06-03 13:46:14
35908,PayPal,SUCCESS,00,1144,ATM,Chicago,2024-06-03 13:49:24
35909,Stripe,FAILED,05,418,ATM,New York,2024-06-03 14:01:21
35910,Square,SUCCESS,00,927,Desktop,Los Angeles,2024-06-03 15:08:08
35911,Stripe,SUCCESS,00,470,Mobile,Los Angeles,2024-06-03 16:00:30
35912,AuthorizeNet,SUCCESS,00,1139,Desktop,Dallas,2024-06-03 16:21:04
35913,Stripe,SUCCESS,00,196,Mobile,New York,2024-06-03 16:22:11
35914,AuthorizeNet,SUCCESS,00,146,Desktop,Dallas,2024-06-03 16:35:02
35915,Square,SUCCESS,00,1472,Mobile,Los Angeles,2024-06-03 17:57:34
35916,PayPal,SUCCESS,00,1270,ATM,Chicago,2024-06-03 18:52:26
35917,PayPal,SUCCESS,00,1329,ATM,New York,2024-06-03 19:32:59
35918,Square,SUCCESS,00,1034,Desktop,Dallas,2024-06-03 19:33:35
35919,Square,SUCCESS,00,835,ATM,Los Angeles,2024-06-03 19:33:44
35920,AuthorizeNet,SUCCESS,00,204,ATM,New York,2024-06-03 20:20:30
35921,Stripe,SUCCESS,00,793,Mobile,Chicago,2024-06-03 20:32:44
35922,PayPal,SUCCESS,00,1151,Desktop,New York,2024-06-03 20:47:14
35923,Stripe,SUCCESS,00,640,POS,Los Angeles,2024-06-03 21:12:34
35924,Square,SUCCESS,00,714,POS,Dallas,2024-06-03 21:32:27
35925,AuthorizeNet,SUCCESS,00,1352,ATM,Los Angeles,2024-06-03 21:42:21
35926,AuthorizeNet,SUCCESS,00,680,Desktop,Chicago,2024-06-03 22:35:18
35927,Square,SUCCESS,00,1306,Mobile,Los Angeles,2024-06-03 23:00:24
35928,Stripe,SUCCESS,00,1340,Mobile,Dallas,2024-06-04 00:57:25
35929,Stripe,SUCCESS,00,1445,POS,New York,2024-06-04 01:00:09
35930,Square,SUCCESS,00,903,Desktop,Los Angeles,2024-06-04 01:11:01
35931,Square,SUCCESS,00,874,ATM,Los Angeles,2024-06-04 01:27:45
35932,PayPal,SUCCESS,00,117,ATM,New York,2024-06-04 02:27:26
35933,Square,SUCCESS,00,1274,Mobile,Dallas,2024-06-04 03:06:23
35934,PayPal,SUCCESS,00,127,Mobile,Los Angeles,2024-06-04 03:23:31
35935,Square,PENDING,99,812,Desktop,Chicago,2024-06-04 03:38:38
35936,PayPal,SUCCESS,00,1497,ATM,Los Angeles,2024-06-04 04:10:31
35937,Square,SUCCESS,00,261,ATM,Los Angeles,2024-06-04 04:12:38
35938,PayPal,PENDING,99,1415,Mobile,Los Angeles,2024-06-04 05:02:32
35939,Stripe,SUCCESS,00,148,POS,Dallas,2024-06-04 05:03:06
35940,Square,SUCCESS,00,1143,POS,Los Angeles,2024-06-04 06:01:56
35941,AuthorizeNet,SUCCESS,00,490,ATM,Dallas,2024-06-04 06:04:03
35942,Square,SUCCESS,00,164,ATM,New York,2024-06-04 06:09:59
35943,Stripe,SUCCESS,00,1268,Mobile,New York,2024-06-04 06:36:56
35944,AuthorizeNet,SUCCESS,00,337,Mobile,Los Angeles,2024-06-04 06:49:09
35945,AuthorizeNet,SUCCESS,00,831,Mobile,New York,2024-06-04 06:50:13
35946,AuthorizeNet,SUCCESS,00,860,POS,Dallas,2024-06-04 07:07:11
35947,PayPal,SUCCESS,00,212,ATM,Chicago,2024-06-04 08:02:28
35948,AuthorizeNet,SUCCESS,00,1290,Desktop,Chicago,2024-06-04 08:22:49
35949,AuthorizeNet,SUCCESS,00,214,POS,Dallas,2024-06-04 08:32:40
35950,PayPal,SUCCESS,00,1232,ATM,New York,2024-06-04 08:53:44
35951,Square,SUCCESS,00,1421,ATM,New York,2024-06-04 08:59:03
35952,PayPal,FAILED,12,612,Desktop,Chicago,2024-06-04 10:53:13
35953,PayPal,SUCCESS,00,171,POS,Chicago,2024-06-04 11:49:04
35954,PayPal,SUCCESS,00,1316,ATM,Chicago,2024-06-04 12:04:03
35955,AuthorizeNet,SUCCESS,00,712,Mobile,Chicago,2024-06-04 12:52:58
35956,Stripe,SUCCESS,00,961,ATM,Dallas,2024-06-04 14:21:51
35957,Stripe,FAILED,05,1128,ATM,Dallas,2024-06-04 14:30:43
35958,AuthorizeNet,SUCCESS,00,1271,Desktop,New York,2024-06-04 16:10:15
35959,Square,SUCCESS,00,302,Desktop,Los Angeles,2024-06-04 18:00:24
35960,AuthorizeNet,SUCCESS,00,970,Desktop,Los Angeles,2024-06-04 18:48:24
35961,PayPal,SUCCESS,00,794,POS,Dallas,2024-06-04 19:16:47
35962,Square,SUCCESS,00,223,Desktop,Dallas,2024-06-04 20:14:29
35963,AuthorizeNet,SUCCESS,00,667,ATM,Dallas,2024-06-04 20:20:03
35964,Square,SUCCESS,00,301,POS,Chicago,2024-06-04 20:47:04
35965,Stripe,SUCCESS,00,1199,POS,Chicago,2024-06-04 21:06:14
35966,AuthorizeNet,SUCCESS,00,223,ATM,Los Angeles,2024-06-04 21:27:29
35967,Stripe,SUCCESS,00,194,ATM,Los Angeles,2024-06-05 01:10:14
35968,Square,SUCCESS,00,217,Desktop,Los Angeles,2024-06-05 01:46:10
35969,PayPal,SUCCESS,00,119,ATM,Los Angeles,2024-06-05 01:51:02
35970,Stripe,SUCCESS,00,552,Desktop,New York,2024-06-05 02:43:08
35971,PayPal,SUCCESS,00,281,ATM,Dallas,2024-06-05 05:35:26
35972,Square,SUCCESS,00,775,ATM,Chicago,2024-06-05 05:43:40
35973,Stripe,SUCCESS,00,1461,POS,Los Angeles,2024-06-05 06:30:29
35974,Square,SUCCESS,00,1396,Mobile,Los Angeles,2024-06-05 07:43:58
35975,AuthorizeNet,SUCCESS,00,105,POS,New York,2024-06-05 08:38:41
35976,Square,SUCCESS,00,985,ATM,New York,2024-06-05 09:23:57
35977,Square,SUCCESS,00,1177,POS,Dallas,2024-06-05 09:28:20
35978,AuthorizeNet,SUCCESS,00,326,POS,Chicago,2024-06-05 09:35:57
35979,AuthorizeNet,SUCCESS,00,1139,POS,Dallas,2024-06-05 10:32:18
35980,Stripe,SUCCESS,00,730,ATM,Chicago,2024-06-05 10:47:44
35981,Square,SUCCESS,00,737,POS,Los Angeles,2024-06-05 12:19:08
35982,PayPal,SUCCESS,00,813,Mobile,Chicago,2024-06-05 12:25:03
35983,Stripe,SUCCESS,00,742,Desktop,Dallas,2024-06-05 12:44:10
35984,Stripe,PENDING,99,1330,Mobile,Dallas,2024-06-05 13:40:38
35985,Square,SUCCESS,00,1261,Mobile,New York,2024-06-05 14:12:02
35986,AuthorizeNet,SUCCESS,00,467,Desktop,Los Angeles,2024-06-05 14:32:53
35987,Stripe,SUCCESS,00,688,ATM,Chicago,2024-06-05 15:18:08
35988,Stripe,SUCCESS,00,106,POS,New York,2024-06-05 15:57:08
35989,Square,SUCCESS,00,1436,Desktop,New York,2024-06-05 16:21:28
35990,Stripe,SUCCESS,00,954,ATM,Chicago,2024-06-05 16:57:51
35991,AuthorizeNet,SUCCESS,00,1222,Mobile,Dallas,2024-06-05 17:02:30
35992,Square,SUCCESS,00,493,Desktop,New York,2024-06-05 18:04:43
35993,AuthorizeNet,SUCCESS,00,891,POS,Dallas,2024-06-05 19:13:51
35994,PayPal,SUCCESS,00,923,ATM,Dallas,2024-06-05 19:14:17
35995,Stripe,SUCCESS,00,981,Desktop,Dallas,2024-06-05 20:01:40
35996,Stripe,SUCCESS,00,576,Desktop,Dallas,2024-06-05 21:38:39
35997,Square,SUCCESS,00,1121,POS,Los Angeles,2024-06-05 21:42:21
35998,PayPal,SUCCESS,00,579,ATM,Chicago,2024-06-05 21:51:33
35999,Stripe,SUCCESS,00,829,Mobile,Chicago,2024-06-06 01:05:14
36000,AuthorizeNet,FAILED,12,821,POS,New York,2024-06-06 02:37:38
36001,AuthorizeNet,SUCCESS,00,1075,ATM,Dallas,2024-06-06 03:30:25
36002,Square,SUCCESS,00,404,Desktop,New York,2024-06-06 04:24:26
36003,AuthorizeNet,SUCCESS,00,710,Desktop,New York,2024-06-06 04:32:41
36004,AuthorizeNet,SUCCESS,00,1297,Desktop,Dallas,2024-06-06 04:33:02
36005,AuthorizeNet,SUCCESS,00,782,ATM,Los Angeles,2024-06-06 07:06:14
36006,PayPal,SUCCESS,00,971,POS,New York,2024-06-06 07:53:13
36007,PayPal,SUCCESS,00,951,Mobile,Chicago,2024-06-06 08:28:41
36008,Square,SUCCESS,00,366,POS,New York,2024-06-06 08:51:37
36009,PayPal,SUCCESS,00,747,POS,Chicago,2024-06-06 09:39:55
36010,Stripe,SUCCESS,00,1050,Desktop,Los Angeles,2024-06-06 10:38:07
36011,PayPal,FAILED,05,691,Desktop,Chicago,2024-06-06 11:05:14
36012,PayPal,PENDING,99,851,Desktop,New York,2024-06-06 11:26:02
36013,PayPal,SUCCESS,00,334,Desktop,Chicago,2024-06-06 13:25:41
36014,Stripe,SUCCESS,00,1354,POS,New York,2024-06-06 13:58:18
36015,Square,SUCCESS,00,282,POS,Los Angeles,2024-06-06 14:04:09
36016,PayPal,SUCCESS,00,1130,Mobile,Los Angeles,2024-06-06 14:04:48
36017,Stripe,SUCCESS,00,864,ATM,Chicago,2024-06-06 14:16:42
36018,Square,SUCCESS,00,1200,ATM,Los Angeles,2024-06-06 14:45:44
36019,AuthorizeNet,SUCCESS,00,203,POS,New York,2024-06-06 15:26:46
36020,PayPal,SUCCESS,00,1113,Mobile,Dallas,2024-06-06 15:43:11
36021,AuthorizeNet,SUCCESS,00,1349,ATM,Dallas,2024-06-06 16:18:36
36022,AuthorizeNet,SUCCESS,00,864,Desktop,Los Angeles,2024-06-06 16:21:41
36023,AuthorizeNet,SUCCESS,00,687,Mobile,New York,2024-06-06 16:48:25
36024,Square,SUCCESS,00,260,Mobile,Los Angeles,2024-06-06 17:28:41
36025,AuthorizeNet,SUCCESS,00,842,ATM,New York,2024-06-06 17:35:29
36026,Stripe,SUCCESS,00,1362,ATM,New York,2024-06-06 17:48:23
36027,Square,SUCCESS,00,428,POS,Chicago,2024-06-06 19:42:42
36028,Square,FAILED,12,785,Desktop,Dallas,2024-06-06 19:53:40
36029,Stripe,SUCCESS,00,537,Desktop,Chicago,2024-06-06 20:27:51
36030,AuthorizeNet,SUCCESS,00,1229,ATM,New York,2024-06-06 20:48:25
36031,PayPal,SUCCESS,00,1430,Desktop,Los Angeles,2024-06-06 23:06:36
36032,AuthorizeNet,SUCCESS,00,560,ATM,Dallas,2024-06-06 23:18:51
36033,Square,SUCCESS,00,795,POS,Los Angeles,2024-06-06 23:42:58
36034,AuthorizeNet,FAILED,12,339,Mobile,Chicago,2024-06-07 00:09:58
36035,Square,SUCCESS,00,868,Desktop,Dallas,2024-06-07 00:46:32
36036,PayPal,SUCCESS,00,1438,POS,Dallas,2024-06-07 01:02:49
36037,AuthorizeNet,SUCCESS,00,1078,Desktop,Los Angeles,2024-06-07 01:09:29
36038,Stripe,SUCCESS,00,1235,POS,Chicago,2024-06-07 01:40:14
36039,Stripe,SUCCESS,00,364,Desktop,Dallas,2024-06-07 03:12:56
36040,AuthorizeNet,SUCCESS,00,789,POS,New York,2024-06-07 03:38:16
36041,AuthorizeNet,SUCCESS,00,1189,ATM,New York,2024-06-07 05:03:35
36042,Square,SUCCESS,00,1025,POS,Dallas,2024-06-07 05:19:06
36043,PayPal,SUCCESS,00,754,ATM,Dallas,2024-06-07 05:26:30
36044,Square,SUCCESS,00,1058,Mobile,Dallas,2024-06-07 05:38:01
36045,Square,SUCCESS,00,1298,Desktop,Chicago,2024-06-07 06:08:01
36046,AuthorizeNet,SUCCESS,00,1376,Desktop,New York,2024-06-07 06:10:10
36047,AuthorizeNet,SUCCESS,00,1306,Desktop,Los Angeles,2024-06-07 06:29:16
36048,Square,SUCCESS,00,299,ATM,Los Angeles,2024-06-07 06:36:07
36049,AuthorizeNet,SUCCESS,00,922,ATM,Dallas,2024-06-07 07:30:02
36050,AuthorizeNet,SUCCESS,00,940,POS,New York,2024-06-07 07:35:05
36051,PayPal,SUCCESS,00,446,ATM,New York,2024-06-07 07:57:25
36052,Stripe,SUCCESS,00,191,Desktop,Los Angeles,2024-06-07 10:15:45
36053,Square,SUCCESS,00,276,ATM,New York,2024-06-07 11:17:04
36054,AuthorizeNet,SUCCESS,00,871,POS,New York,2024-06-07 11:40:47
36055,Stripe,SUCCESS,00,1364,Desktop,Los Angeles,2024-06-07 11:57:18
36056,Stripe,SUCCESS,00,672,Desktop,Chicago,2024-06-07 12:25:43
36057,Square,SUCCESS,00,1157,POS,Dallas,2024-06-07 13:28:49
36058,PayPal,SUCCESS,00,879,Desktop,Chicago,2024-06-07 13:46:10
36059,PayPal,SUCCESS,00,520,Mobile,New York,2024-06-07 14:15:52
36060,AuthorizeNet,SUCCESS,00,1054,Mobile,Los Angeles,2024-06-07 14:53:33
36061,Square,SUCCESS,00,440,Mobile,Dallas,2024-06-07 15:10:49
36062,PayPal,SUCCESS,00,304,POS,New York,2024-06-07 16:14:41
36063,Stripe,SUCCESS,00,674,ATM,New York,2024-06-07 16:18:26
36064,Stripe,SUCCESS,00,360,ATM,Los Angeles,2024-06-07 18:29:15
36065,AuthorizeNet,SUCCESS,00,852,POS,Chicago,2024-06-07 18:43:24
36066,AuthorizeNet,SUCCESS,00,581,Desktop,New York,2024-06-07 18:50:04
36067,PayPal,SUCCESS,00,1076,POS,New York,2024-06-07 19:00:25
36068,Square,SUCCESS,00,1198,POS,Chicago,2024-06-07 19:05:27
36069,Stripe,FAILED,05,1373,Desktop,New York,2024-06-07 20:14:41
36070,PayPal,SUCCESS,00,1419,Desktop,Chicago,2024-06-07 21:33:12
36071,PayPal,SUCCESS,00,421,POS,Dallas,2024-06-07 21:42:16
36072,Stripe,SUCCESS,00,1492,Mobile,Los Angeles,2024-06-07 22:17:50
36073,Stripe,SUCCESS,00,419,ATM,Dallas,2024-06-07 23:47:02
36074,AuthorizeNet,SUCCESS,00,689,Desktop,Chicago,2024-06-08 00:27:27
36075,AuthorizeNet,SUCCESS,00,1031,Mobile,Los Angeles,2024-06-08 00:39:31
36076,PayPal,SUCCESS,00,1419,POS,New York,2024-06-08 01:19:42
36077,Stripe,SUCCESS,00,549,POS,New York,2024-06-08 01:47:15
36078,AuthorizeNet,SUCCESS,00,503,POS,Chicago,2024-06-08 02:25:34
36079,PayPal,SUCCESS,00,242,POS,Los Angeles,2024-06-08 02:36:02
36080,PayPal,SUCCESS,00,851,POS,New York,2024-06-08 02:53:31
36081,AuthorizeNet,SUCCESS,00,432,Desktop,Chicago,2024-06-08 03:18:45
36082,Stripe,SUCCESS,00,1401,POS,New York,2024-06-08 05:16:23
36083,PayPal,SUCCESS,00,315,POS,Los Angeles,2024-06-08 05:17:38
36084,AuthorizeNet,SUCCESS,00,1326,Mobile,Los Angeles,2024-06-08 05:36:00
36085,PayPal,SUCCESS,00,180,ATM,Los Angeles,2024-06-08 06:14:01
36086,Square,SUCCESS,00,1173,Desktop,Los Angeles,2024-06-08 06:19:44
36087,AuthorizeNet,FAILED,05,857,POS,Dallas,2024-06-08 06:48:21
36088,AuthorizeNet,SUCCESS,00,336,ATM,Chicago,2024-06-08 06:54:30
36089,Stripe,SUCCESS,00,1084,Desktop,Dallas,2024-06-08 07:16:47
36090,Square,SUCCESS,00,441,ATM,Chicago,2024-06-08 08:08:07
36091,AuthorizeNet,SUCCESS,00,1446,POS,Dallas,2024-06-08 08:55:47
36092,AuthorizeNet,SUCCESS,00,214,ATM,Dallas,2024-06-08 09:01:35
36093,Square,SUCCESS,00,1394,Desktop,Chicago,2024-06-08 09:24:01
36094,Stripe,SUCCESS,00,1211,Mobile,Los Angeles,2024-06-08 10:05:46
36095,Square,SUCCESS,00,578,Mobile,New York,2024-06-08 10:49:28
36096,Stripe,SUCCESS,00,826,POS,New York,2024-06-08 12:26:25
36097,Stripe,SUCCESS,00,1279,Mobile,New York,2024-06-08 13:41:30
36098,PayPal,SUCCESS,00,239,Mobile,Chicago,2024-06-08 15:02:23
36099,Stripe,SUCCESS,00,268,POS,Dallas,2024-06-08 15:09:17
36100,AuthorizeNet,SUCCESS,00,1223,Mobile,Los Angeles,2024-06-08 16:31:01
36101,PayPal,SUCCESS,00,1123,Mobile,Los Angeles,2024-06-08 17:03:47
36102,AuthorizeNet,SUCCESS,00,1319,Desktop,Dallas,2024-06-08 17:29:21
36103,PayPal,SUCCESS,00,417,Mobile,Los Angeles,2024-06-08 17:36:23
36104,Square,SUCCESS,00,311,ATM,New York,2024-06-08 18:09:29
36105,AuthorizeNet,SUCCESS,00,673,POS,Dallas,2024-06-08 18:18:03
36106,PayPal,SUCCESS,00,349,Desktop,New York,2024-06-08 19:01:26
36107,PayPal,SUCCESS,00,693,Desktop,Dallas,2024-06-08 19:28:50
36108,Stripe,SUCCESS,00,412,ATM,Los Angeles,2024-06-08 20:03:25
36109,Stripe,SUCCESS,00,602,Mobile,Los Angeles,2024-06-08 20:22:58
36110,PayPal,SUCCESS,00,628,Desktop,New York,2024-06-08 21:28:25
36111,PayPal,SUCCESS,00,1378,POS,Dallas,2024-06-08 21:46:02
36112,Square,PENDING,99,313,POS,Chicago,2024-06-08 21:55:44
36113,PayPal,SUCCESS,00,267,ATM,Chicago,2024-06-08 23:12:45
36114,PayPal,SUCCESS,00,974,Mobile,Los Angeles,2024-06-09 00:15:07
36115,PayPal,SUCCESS,00,299,Mobile,New York,2024-06-09 00:41:56
36116,PayPal,SUCCESS,00,607,POS,New York,2024-06-09 04:13:04
36117,Stripe,SUCCESS,00,1157,Mobile,Los Angeles,2024-06-09 05:34:22
36118,Square,SUCCESS,00,1334,POS,Dallas,2024-06-09 07:22:00
36119,AuthorizeNet,SUCCESS,00,775,POS,Chicago,2024-06-09 08:07:20
36120,PayPal,SUCCESS,00,1034,POS,Dallas,2024-06-09 08:10:56
36121,Stripe,SUCCESS,00,1392,Desktop,New York,2024-06-09 08:19:30
36122,Square,SUCCESS,00,1485,Mobile,Los Angeles,2024-06-09 09:14:53
36123,Square,SUCCESS,00,201,Desktop,New York,2024-06-09 09:27:36
36124,PayPal,SUCCESS,00,164,ATM,New York,2024-06-09 09:36:00
36125,Square,SUCCESS,00,818,Desktop,Dallas,2024-06-09 12:03:20
36126,AuthorizeNet,SUCCESS,00,423,Desktop,Dallas,2024-06-09 13:29:04
36127,PayPal,SUCCESS,00,1160,ATM,New York,2024-06-09 13:53:26
36128,Square,SUCCESS,00,1029,ATM,Chicago,2024-06-09 13:59:16
36129,Stripe,SUCCESS,00,381,ATM,New York,2024-06-09 14:08:12
36130,Square,SUCCESS,00,1320,POS,Los Angeles,2024-06-09 15:05:09
36131,Square,SUCCESS,00,1459,POS,New York,2024-06-09 16:05:12
36132,Stripe,SUCCESS,00,1141,POS,New York,2024-06-09 17:02:33
36133,AuthorizeNet,SUCCESS,00,1062,ATM,New York,2024-06-09 17:53:22
36134,AuthorizeNet,SUCCESS,00,301,ATM,Los Angeles,2024-06-09 17:58:54
36135,PayPal,SUCCESS,00,1044,Desktop,New York,2024-06-09 18:42:03
36136,Square,SUCCESS,00,118,Mobile,Los Angeles,2024-06-09 19:55:04
36137,AuthorizeNet,SUCCESS,00,1186,ATM,Los Angeles,2024-06-09 19:59:56
36138,AuthorizeNet,SUCCESS,00,407,POS,Los Angeles,2024-06-09 20:31:08
36139,AuthorizeNet,PENDING,99,556,ATM,Dallas,2024-06-09 20:47:21
36140,AuthorizeNet,SUCCESS,00,1049,Mobile,Los Angeles,2024-06-09 21:13:47
36141,PayPal,SUCCESS,00,877,Desktop,Los Angeles,2024-06-09 21:18:58
36142,Square,SUCCESS,00,1182,POS,Dallas,2024-06-09 23:10:35
36143,PayPal,SUCCESS,00,1322,ATM,Los Angeles,2024-06-09 23:14:02
36144,PayPal,SUCCESS,00,1351,POS,Los Angeles,2024-06-09 23:51:46
36145,PayPal,FAILED,05,577,ATM,Los Angeles,2024-06-10 01:10:42
36146,Stripe,SUCCESS,00,1210,POS,New York,2024-06-10 03:31:54
36147,Square,SUCCESS,00,952,ATM,Los Angeles,2024-06-10 04:08:10
36148,Stripe,FAILED,12,975,POS,Los Angeles,2024-06-10 04:16:54
36149,Stripe,SUCCESS,00,1133,Desktop,Dallas,2024-06-10 05:16:20
36150,Square,FAILED,12,845,POS,Dallas,2024-06-10 05:18:30
36151,Stripe,SUCCESS,00,363,Desktop,Los Angeles,2024-06-10 05:38:10
36152,Stripe,SUCCESS,00,415,POS,New York,2024-06-10 06:21:36
36153,PayPal,SUCCESS,00,445,ATM,Los Angeles,2024-06-10 07:54:33
36154,AuthorizeNet,SUCCESS,00,970,Mobile,Dallas,2024-06-10 08:22:12
36155,Square,SUCCESS,00,1191,POS,Dallas,2024-06-10 08:38:40
36156,PayPal,SUCCESS,00,277,ATM,Dallas,2024-06-10 09:37:03
36157,Square,SUCCESS,00,410,ATM,Dallas,2024-06-10 09:43:03
36158,AuthorizeNet,FAILED,12,1037,ATM,New York,2024-06-10 10:53:18
36159,Square,SUCCESS,00,754,Desktop,Los Angeles,2024-06-10 11:23:06
36160,Stripe,SUCCESS,00,322,Mobile,Dallas,2024-06-10 12:14:16
36161,Square,SUCCESS,00,708,Desktop,Chicago,2024-06-10 12:17:57
36162,Stripe,SUCCESS,00,1347,Desktop,Chicago,2024-06-10 12:30:17
36163,PayPal,SUCCESS,00,330,Desktop,Los Angeles,2024-06-10 12:54:00
36164,AuthorizeNet,SUCCESS,00,904,Desktop,Los Angeles,2024-06-10 13:15:52
36165,Square,SUCCESS,00,692,Desktop,Dallas,2024-06-10 14:15:29
36166,Square,SUCCESS,00,804,POS,Dallas,2024-06-10 14:36:06
36167,Stripe,SUCCESS,00,1249,Desktop,Los Angeles,2024-06-10 16:54:10
36168,Square,SUCCESS,00,390,ATM,Los Angeles,2024-06-10 17:09:22
36169,Stripe,SUCCESS,00,973,Desktop,Dallas,2024-06-10 17:39:29
36170,AuthorizeNet,SUCCESS,00,899,POS,Dallas,2024-06-10 17:56:21
36171,AuthorizeNet,SUCCESS,00,311,Desktop,New York,2024-06-10 18:17:23
36172,PayPal,SUCCESS,00,378,Desktop,New York,2024-06-10 18:43:35
36173,AuthorizeNet,SUCCESS,00,1306,Mobile,Chicago,2024-06-10 18:45:09
36174,Square,SUCCESS,00,657,Mobile,Dallas,2024-06-10 20:39:46
36175,Stripe,FAILED,05,936,POS,Los Angeles,2024-06-10 23:04:04
36176,Square,SUCCESS,00,1115,Desktop,New York,2024-06-11 00:11:22
36177,PayPal,SUCCESS,00,1361,POS,New York,2024-06-11 00:19:41
36178,PayPal,SUCCESS,00,1234,ATM,New York,2024-06-11 00:27:39
36179,AuthorizeNet,SUCCESS,00,220,Mobile,Chicago,2024-06-11 02:52:46
36180,Stripe,SUCCESS,00,1134,ATM,Dallas,2024-06-11 03:07:58
36181,PayPal,SUCCESS,00,830,Desktop,Los Angeles,2024-06-11 05:08:02
36182,PayPal,FAILED,12,1098,Mobile,Dallas,2024-06-11 05:18:13
36183,Stripe,SUCCESS,00,1104,POS,Chicago,2024-06-11 05:25:21
36184,Square,SUCCESS,00,775,Mobile,Los Angeles,2024-06-11 05:27:07
36185,AuthorizeNet,SUCCESS,00,727,POS,New York,2024-06-11 05:29:49
36186,Stripe,SUCCESS,00,428,POS,Dallas,2024-06-11 06:22:53
36187,Stripe,SUCCESS,00,710,POS,Chicago,2024-06-11 06:31:23
36188,AuthorizeNet,SUCCESS,00,1009,POS,New York,2024-06-11 06:42:43
36189,Square,SUCCESS,00,1458,Mobile,Chicago,2024-06-11 06:57:36
36190,AuthorizeNet,SUCCESS,00,205,Mobile,Los Angeles,2024-06-11 07:24:18
36191,PayPal,SUCCESS,00,1347,ATM,New York,2024-06-11 08:21:38
36192,Square,SUCCESS,00,1350,ATM,Chicago,2024-06-11 08:23:09
36193,Stripe,SUCCESS,00,571,POS,New York,2024-06-11 08:43:08
36194,Stripe,SUCCESS,00,977,POS,Los Angeles,2024-06-11 09:17:29
36195,Square,SUCCESS,00,1060,Mobile,Los Angeles,2024-06-11 10:03:24
36196,PayPal,SUCCESS,00,883,ATM,Dallas,2024-06-11 11:24:58
36197,AuthorizeNet,SUCCESS,00,290,ATM,Dallas,2024-06-11 12:33:56
36198,Stripe,SUCCESS,00,319,Mobile,Chicago,2024-06-11 12:51:11
36199,PayPal,SUCCESS,00,1105,POS,Dallas,2024-06-11 12:53:31
36200,AuthorizeNet,FAILED,12,112,ATM,Los Angeles,2024-06-11 13:54:53
36201,Square,SUCCESS,00,571,POS,Dallas,2024-06-11 13:57:06
36202,Square,SUCCESS,00,295,ATM,New York,2024-06-11 15:01:03
36203,AuthorizeNet,FAILED,05,215,Mobile,Los Angeles,2024-06-11 17:18:29
36204,Square,SUCCESS,00,1163,Desktop,Los Angeles,2024-06-11 17:39:51
36205,Stripe,SUCCESS,00,726,Desktop,Dallas,2024-06-11 19:30:25
36206,AuthorizeNet,SUCCESS,00,903,ATM,New York,2024-06-11 22:05:57
36207,Stripe,SUCCESS,00,733,Desktop,Chicago,2024-06-11 22:36:21
36208,AuthorizeNet,SUCCESS,00,619,Desktop,Los Angeles,2024-06-11 22:42:23
36209,AuthorizeNet,SUCCESS,00,739,POS,Chicago,2024-06-11 23:15:14
36210,PayPal,SUCCESS,00,1276,Desktop,Dallas,2024-06-11 23:36:17
36211,AuthorizeNet,SUCCESS,00,1381,ATM,Dallas,2024-06-12 00:21:11
36212,AuthorizeNet,SUCCESS,00,981,ATM,Dallas,2024-06-12 01:58:30
36213,PayPal,SUCCESS,00,1088,Desktop,New York,2024-06-12 02:21:48
36214,PayPal,SUCCESS,00,413,ATM,Dallas,2024-06-12 03:48:19
36215,PayPal,SUCCESS,00,660,Desktop,Los Angeles,2024-06-12 04:31:50
36216,Square,SUCCESS,00,203,POS,Chicago,2024-06-12 05:31:11
36217,Square,SUCCESS,00,430,ATM,Los Angeles,2024-06-12 05:35:37
36218,PayPal,SUCCESS,00,1079,ATM,Chicago,2024-06-12 06:16:41
36219,AuthorizeNet,SUCCESS,00,334,ATM,Dallas,2024-06-12 06:37:05
36220,AuthorizeNet,SUCCESS,00,269,Desktop,Chicago,2024-06-12 07:24:59
36221,Square,SUCCESS,00,1275,POS,Los Angeles,2024-06-12 09:29:30
36222,AuthorizeNet,SUCCESS,00,345,POS,New York,2024-06-12 10:33:26
36223,Square,SUCCESS,00,1153,POS,Los Angeles,2024-06-12 10:57:03
36224,AuthorizeNet,SUCCESS,00,723,POS,Los Angeles,2024-06-12 10:58:55
36225,Square,SUCCESS,00,404,Desktop,Chicago,2024-06-12 11:08:16
36226,Square,SUCCESS,00,872,POS,Dallas,2024-06-12 11:10:15
36227,Square,SUCCESS,00,734,ATM,Chicago,2024-06-12 11:23:42
36228,Stripe,SUCCESS,00,1327,ATM,Chicago,2024-06-12 11:34:29
36229,Stripe,SUCCESS,00,680,Desktop,Chicago,2024-06-12 11:43:01
36230,PayPal,SUCCESS,00,1319,Desktop,Chicago,2024-06-12 11:59:40
36231,Square,SUCCESS,00,1093,Desktop,New York,2024-06-12 12:14:04
36232,PayPal,SUCCESS,00,690,Desktop,New York,2024-06-12 12:17:49
36233,Stripe,SUCCESS,00,264,Mobile,Los Angeles,2024-06-12 14:11:34
36234,Stripe,SUCCESS,00,995,POS,Chicago,2024-06-12 15:39:05
36235,Stripe,SUCCESS,00,804,POS,Chicago,2024-06-12 16:23:50
36236,AuthorizeNet,SUCCESS,00,1236,POS,New York,2024-06-12 17:35:27
36237,AuthorizeNet,SUCCESS,00,586,ATM,Chicago,2024-06-12 17:43:37
36238,AuthorizeNet,SUCCESS,00,1391,ATM,Dallas,2024-06-12 18:55:50
36239,AuthorizeNet,SUCCESS,00,436,Desktop,New York,2024-06-12 19:09:15
36240,Square,SUCCESS,00,1402,Mobile,Los Angeles,2024-06-12 19:33:36
36241,Square,FAILED,05,713,Desktop,New York,2024-06-12 20:45:04
36242,AuthorizeNet,SUCCESS,00,341,ATM,Los Angeles,2024-06-12 20:54:23
36243,PayPal,SUCCESS,00,133,Mobile,Dallas,2024-06-12 21:05:39
36244,Stripe,SUCCESS,00,821,POS,New York,2024-06-12 21:25:25
36245,AuthorizeNet,SUCCESS,00,546,POS,Dallas,2024-06-12 23:15:08
36246,PayPal,SUCCESS,00,659,POS,Chicago,2024-06-12 23:26:32
36247,AuthorizeNet,SUCCESS,00,811,Desktop,Chicago,2024-06-12 23:44:27
36248,PayPal,SUCCESS,00,1206,Desktop,New York,2024-06-12 23:59:46
36249,Square,FAILED,05,1046,POS,New York,2024-06-13 00:22:09
36250,Square,SUCCESS,00,190,Desktop,Chicago,2024-06-13 00:38:18
36251,Square,SUCCESS,00,888,ATM,Los Angeles,2024-06-13 00:48:47
36252,PayPal,SUCCESS,00,1155,Desktop,Los Angeles,2024-06-13 03:20:15
36253,Stripe,SUCCESS,00,156,POS,Dallas,2024-06-13 03:53:24
36254,Stripe,SUCCESS,00,1149,ATM,Chicago,2024-06-13 04:02:39
36255,Square,SUCCESS,00,1159,Desktop,Los Angeles,2024-06-13 04:14:37
36256,Stripe,SUCCESS,00,1359,Mobile,Dallas,2024-06-13 04:22:13
36257,Stripe,SUCCESS,00,897,ATM,New York,2024-06-13 04:36:45
36258,Stripe,SUCCESS,00,114,Desktop,Los Angeles,2024-06-13 05:05:51
36259,Stripe,SUCCESS,00,298,ATM,Los Angeles,2024-06-13 05:19:33
36260,Square,SUCCESS,00,752,Desktop,Dallas,2024-06-13 05:27:28
36261,Stripe,SUCCESS,00,1371,Desktop,Chicago,2024-06-13 05:32:58
36262,AuthorizeNet,SUCCESS,00,198,Desktop,Chicago,2024-06-13 06:30:11
36263,Stripe,SUCCESS,00,1026,Mobile,Chicago,2024-06-13 06:31:50
36264,Square,SUCCESS,00,1480,Mobile,Los Angeles,2024-06-13 07:00:35
36265,Square,SUCCESS,00,110,POS,New York,2024-06-13 07:31:34
36266,PayPal,FAILED,12,963,POS,New York,2024-06-13 07:42:53
36267,PayPal,SUCCESS,00,208,ATM,Los Angeles,2024-06-13 08:16:22
36268,Stripe,SUCCESS,00,630,POS,New York,2024-06-13 08:22:47
36269,Square,SUCCESS,00,214,Desktop,Dallas,2024-06-13 09:00:01
36270,Square,SUCCESS,00,1295,ATM,Los Angeles,2024-06-13 09:14:51
36271,Square,SUCCESS,00,491,Mobile,Los Angeles,2024-06-13 09:16:10
36272,PayPal,SUCCESS,00,523,Desktop,Dallas,2024-06-13 09:55:27
36273,Stripe,SUCCESS,00,559,Desktop,Los Angeles,2024-06-13 10:05:20
36274,Square,SUCCESS,00,1112,Desktop,New York,2024-06-13 10:19:02
36275,Stripe,SUCCESS,00,269,POS,Chicago,2024-06-13 10:37:05
36276,AuthorizeNet,SUCCESS,00,1343,Desktop,Dallas,2024-06-13 11:20:43
36277,AuthorizeNet,SUCCESS,00,501,Mobile,New York,2024-06-13 14:03:15
36278,PayPal,SUCCESS,00,289,Desktop,Los Angeles,2024-06-13 14:08:01
36279,Square,SUCCESS,00,221,Mobile,Dallas,2024-06-13 16:14:38
36280,PayPal,SUCCESS,00,190,Mobile,Chicago,2024-06-13 16:20:16
36281,PayPal,SUCCESS,00,1473,POS,Chicago,2024-06-13 16:46:46
36282,Square,SUCCESS,00,1432,ATM,Chicago,2024-06-13 16:48:00
36283,Square,SUCCESS,00,445,Mobile,Chicago,2024-06-13 17:21:14
36284,Square,SUCCESS,00,290,ATM,New York,2024-06-13 18:57:20
36285,AuthorizeNet,SUCCESS,00,869,Desktop,Chicago,2024-06-13 19:16:53
36286,Square,SUCCESS,00,192,Mobile,Dallas,2024-06-13 19:46:09
36287,Square,SUCCESS,00,291,Mobile,Chicago,2024-06-13 20:36:54
36288,PayPal,SUCCESS,00,155,Mobile,Los Angeles,2024-06-13 21:18:22
36289,AuthorizeNet,SUCCESS,00,373,ATM,New York,2024-06-13 22:50:50
36290,AuthorizeNet,SUCCESS,00,734,Mobile,New York,2024-06-13 23:00:30
36291,PayPal,SUCCESS,00,541,Desktop,Los Angeles,2024-06-13 23:09:00
36292,Square,PENDING,99,1175,POS,Dallas,2024-06-13 23:48:21
36293,Square,SUCCESS,00,520,ATM,Los Angeles,2024-06-14 00:42:09
36294,AuthorizeNet,FAILED,12,536,POS,Los Angeles,2024-06-14 00:56:49
36295,PayPal,SUCCESS,00,1169,Mobile,New York,2024-06-14 01:25:12
36296,Stripe,SUCCESS,00,582,ATM,New York,2024-06-14 01:35:52
36297,AuthorizeNet,SUCCESS,00,982,POS,New York,2024-06-14 01:50:57
36298,PayPal,SUCCESS,00,1395,ATM,Dallas,2024-06-14 03:35:24
36299,PayPal,SUCCESS,00,929,Desktop,Los Angeles,2024-06-14 03:55:53
36300,AuthorizeNet,SUCCESS,00,784,POS,Dallas,2024-06-14 03:56:41
36301,Square,SUCCESS,00,1253,ATM,New York,2024-06-14 04:27:33
36302,Stripe,SUCCESS,00,1019,ATM,Dallas,2024-06-14 04:29:15
36303,AuthorizeNet,SUCCESS,00,1326,ATM,New York,2024-06-14 05:08:04
36304,Stripe,FAILED,12,1482,Mobile,New York,2024-06-14 06:15:07
36305,Stripe,SUCCESS,00,638,ATM,Chicago,2024-06-14 06:33:43
36306,AuthorizeNet,FAILED,12,193,POS,Dallas,2024-06-14 07:25:48
36307,PayPal,SUCCESS,00,878,POS,Chicago,2024-06-14 07:33:10
36308,Stripe,SUCCESS,00,336,Mobile,Chicago,2024-06-14 08:13:00
36309,Square,FAILED,05,977,Mobile,New York,2024-06-14 08:42:48
36310,PayPal,SUCCESS,00,214,Desktop,Dallas,2024-06-14 08:55:43
36311,Stripe,SUCCESS,00,222,Mobile,Chicago,2024-06-14 09:24:02
36312,Stripe,SUCCESS,00,1214,POS,Los Angeles,2024-06-14 09:54:50
36313,Stripe,SUCCESS,00,1086,Desktop,Chicago,2024-06-14 10:53:42
36314,AuthorizeNet,SUCCESS,00,117,ATM,Chicago,2024-06-14 11:51:06
36315,PayPal,SUCCESS,00,1474,Mobile,Los Angeles,2024-06-14 12:59:48
36316,AuthorizeNet,SUCCESS,00,1393,ATM,Los Angeles,2024-06-14 13:32:53
36317,AuthorizeNet,SUCCESS,00,192,Desktop,Dallas,2024-06-14 13:46:45
36318,Stripe,SUCCESS,00,534,ATM,Dallas,2024-06-14 18:00:00
36319,Square,SUCCESS,00,652,POS,Chicago,2024-06-14 18:22:04
36320,Stripe,SUCCESS,00,838,ATM,New York,2024-06-14 18:25:17
36321,Stripe,SUCCESS,00,1182,Desktop,Chicago,2024-06-14 20:27:42
36322,Square,SUCCESS,00,742,Desktop,Chicago,2024-06-14 20:42:09
36323,Stripe,SUCCESS,00,431,Mobile,Chicago,2024-06-14 21:33:09
36324,AuthorizeNet,SUCCESS,00,1033,POS,New York,2024-06-15 00:27:33
36325,PayPal,SUCCESS,00,698,ATM,Chicago,2024-06-15 00:56:49
36326,AuthorizeNet,PENDING,99,1127,POS,Los Angeles,2024-06-15 01:05:44
36327,AuthorizeNet,SUCCESS,00,930,POS,Chicago,2024-06-15 01:24:14
36328,AuthorizeNet,SUCCESS,00,660,Desktop,Dallas,2024-06-15 01:33:15
36329,AuthorizeNet,SUCCESS,00,161,Mobile,Dallas,2024-06-15 02:11:30
36330,Square,SUCCESS,00,385,POS,Los Angeles,2024-06-15 02:45:06
36331,PayPal,SUCCESS,00,115,Mobile,Los Angeles,2024-06-15 05:15:48
36332,Stripe,SUCCESS,00,405,Desktop,New York,2024-06-15 08:13:41
36333,PayPal,FAILED,05,1345,POS,Dallas,2024-06-15 08:50:01
36334,Stripe,SUCCESS,00,441,POS,Chicago,2024-06-15 10:15:04
36335,PayPal,SUCCESS,00,1389,Mobile,New York,2024-06-15 10:51:28
36336,AuthorizeNet,SUCCESS,00,1144,Mobile,New York,2024-06-15 10:51:44
36337,Square,FAILED,05,1139,POS,Dallas,2024-06-15 11:29:00
36338,AuthorizeNet,SUCCESS,00,918,Mobile,Dallas,2024-06-15 13:48:20
36339,AuthorizeNet,FAILED,05,885,Mobile,Los Angeles,2024-06-15 14:23:41
36340,AuthorizeNet,SUCCESS,00,189,POS,New York,2024-06-15 14:29:02
36341,Stripe,SUCCESS,00,483,Mobile,New York,2024-06-15 16:21:31
36342,Square,SUCCESS,00,1149,ATM,Dallas,2024-06-15 16:35:36
36343,PayPal,SUCCESS,00,378,Mobile,New York,2024-06-15 17:06:57
36344,Square,PENDING,99,287,Desktop,Los Angeles,2024-06-15 17:19:06
36345,PayPal,FAILED,05,255,POS,Dallas,2024-06-15 17:22:53
36346,AuthorizeNet,SUCCESS,00,650,Mobile,New York,2024-06-15 18:34:22
36347,AuthorizeNet,SUCCESS,00,839,Mobile,Chicago,2024-06-15 19:28:53
36348,AuthorizeNet,SUCCESS,00,502,POS,Dallas,2024-06-15 20:07:39
36349,Stripe,SUCCESS,00,783,Mobile,Chicago,2024-06-15 21:38:00
36350,Square,SUCCESS,00,708,Desktop,Los Angeles,2024-06-15 21:41:19
36351,AuthorizeNet,SUCCESS,00,1272,Mobile,Los Angeles,2024-06-15 22:12:29
36352,AuthorizeNet,SUCCESS,00,1159,Desktop,Chicago,2024-06-15 22:20:01
36353,Stripe,SUCCESS,00,366,Desktop,Chicago,2024-06-15 22:22:45
36354,PayPal,SUCCESS,00,647,Desktop,Los Angeles,2024-06-15 22:53:59
36355,Square,SUCCESS,00,1425,POS,Chicago,2024-06-16 00:12:44
36356,Square,SUCCESS,00,1016,Desktop,Chicago,2024-06-16 00:32:45
36357,PayPal,SUCCESS,00,511,ATM,Chicago,2024-06-16 00:42:55
36358,Stripe,SUCCESS,00,691,ATM,New York,2024-06-16 00:47:07
36359,PayPal,SUCCESS,00,741,Mobile,New York,2024-06-16 01:44:59
36360,PayPal,FAILED,12,363,ATM,Chicago,2024-06-16 02:18:27
36361,AuthorizeNet,FAILED,05,689,Desktop,Los Angeles,2024-06-16 02:27:00
36362,PayPal,SUCCESS,00,672,Mobile,New York,2024-06-16 04:00:53
36363,Stripe,SUCCESS,00,565,Mobile,Los Angeles,2024-06-16 04:31:43
36364,AuthorizeNet,SUCCESS,00,751,POS,Chicago,2024-06-16 04:49:29
36365,Square,SUCCESS,00,859,ATM,New York,2024-06-16 05:33:11
36366,Square,SUCCESS,00,191,Mobile,Los Angeles,2024-06-16 05:47:12
36367,Stripe,FAILED,05,1265,Desktop,Dallas,2024-06-16 06:18:01
36368,PayPal,SUCCESS,00,1409,POS,Dallas,2024-06-16 07:20:17
36369,PayPal,FAILED,05,1070,ATM,Los Angeles,2024-06-16 08:25:23
36370,Stripe,SUCCESS,00,820,Desktop,Chicago,2024-06-16 09:05:29
36371,Stripe,FAILED,05,503,POS,Dallas,2024-06-16 09:13:59
36372,AuthorizeNet,FAILED,12,617,ATM,Los Angeles,2024-06-16 09:39:26
36373,Square,FAILED,05,1331,Desktop,New York,2024-06-16 10:05:48
36374,AuthorizeNet,SUCCESS,00,724,Mobile,Los Angeles,2024-06-16 10:15:36
36375,AuthorizeNet,FAILED,05,869,Mobile,Los Angeles,2024-06-16 10:53:06
36376,AuthorizeNet,SUCCESS,00,973,POS,Los Angeles,2024-06-16 11:41:04
36377,Square,SUCCESS,00,172,Desktop,Dallas,2024-06-16 11:47:47
36378,Square,SUCCESS,00,181,ATM,Los Angeles,2024-06-16 11:53:34
36379,PayPal,SUCCESS,00,1376,ATM,Dallas,2024-06-16 12:06:33
36380,PayPal,SUCCESS,00,746,POS,Dallas,2024-06-16 12:43:57
36381,PayPal,SUCCESS,00,713,Mobile,Chicago,2024-06-16 12:45:35
36382,Square,SUCCESS,00,1232,POS,Chicago,2024-06-16 14:13:10
36383,Square,SUCCESS,00,1147,Desktop,Dallas,2024-06-16 14:29:49
36384,AuthorizeNet,FAILED,12,1316,Mobile,Los Angeles,2024-06-16 14:46:55
36385,Square,SUCCESS,00,167,Mobile,Dallas,2024-06-16 15:20:20
36386,Stripe,SUCCESS,00,961,Mobile,Los Angeles,2024-06-16 15:25:04
36387,AuthorizeNet,SUCCESS,00,501,POS,Dallas,2024-06-16 15:43:59
36388,Stripe,SUCCESS,00,1384,Mobile,New York,2024-06-16 15:54:54
36389,AuthorizeNet,SUCCESS,00,364,Mobile,Los Angeles,2024-06-16 16:12:21
36390,PayPal,SUCCESS,00,844,Mobile,New York,2024-06-16 16:54:21
36391,PayPal,SUCCESS,00,251,ATM,Chicago,2024-06-16 17:35:40
36392,AuthorizeNet,SUCCESS,00,1218,Mobile,Los Angeles,2024-06-16 17:43:51
36393,AuthorizeNet,SUCCESS,00,584,POS,Los Angeles,2024-06-16 17:52:46
36394,Square,FAILED,12,872,POS,New York,2024-06-16 17:54:02
36395,Stripe,SUCCESS,00,1088,Mobile,Chicago,2024-06-16 18:36:02
36396,PayPal,SUCCESS,00,1271,Desktop,Chicago,2024-06-16 19:33:47
36397,AuthorizeNet,SUCCESS,00,1318,ATM,Chicago,2024-06-16 20:02:54
36398,AuthorizeNet,SUCCESS,00,931,Mobile,Chicago,2024-06-16 20:04:05
36399,Stripe,SUCCESS,00,296,Mobile,New York,2024-06-16 20:53:18
36400,AuthorizeNet,SUCCESS,00,782,Desktop,New York,2024-06-16 21:50:40
36401,Stripe,SUCCESS,00,1351,ATM,New York,2024-06-16 22:37:17
36402,Stripe,FAILED,12,1475,Desktop,Chicago,2024-06-16 22:41:00
36403,AuthorizeNet,SUCCESS,00,1024,Desktop,Los Angeles,2024-06-17 00:33:54
36404,PayPal,FAILED,12,1373,POS,Chicago,2024-06-17 00:38:35
36405,PayPal,SUCCESS,00,592,Desktop,Dallas,2024-06-17 00:55:31
36406,Stripe,SUCCESS,00,630,Mobile,Dallas,2024-06-17 00:55:36
36407,Square,SUCCESS,00,530,POS,Los Angeles,2024-06-17 02:45:52
36408,Stripe,SUCCESS,00,101,Mobile,Dallas,2024-06-17 03:10:50
36409,PayPal,SUCCESS,00,470,Desktop,Los Angeles,2024-06-17 04:25:24
36410,PayPal,SUCCESS,00,422,ATM,Chicago,2024-06-17 05:49:44
36411,Stripe,FAILED,05,1476,Mobile,Chicago,2024-06-17 07:16:49
36412,AuthorizeNet,SUCCESS,00,1048,Desktop,Los Angeles,2024-06-17 07:17:43
36413,PayPal,SUCCESS,00,860,POS,Dallas,2024-06-17 07:29:16
36414,AuthorizeNet,SUCCESS,00,833,POS,Dallas,2024-06-17 09:23:17
36415,Square,SUCCESS,00,586,Desktop,Dallas,2024-06-17 10:37:21
36416,Stripe,SUCCESS,00,1098,Mobile,Los Angeles,2024-06-17 13:16:26
36417,AuthorizeNet,SUCCESS,00,151,Desktop,Chicago,2024-06-17 15:09:36
36418,Stripe,FAILED,12,1091,Mobile,Chicago,2024-06-17 15:41:19
36419,PayPal,SUCCESS,00,881,ATM,Los Angeles,2024-06-17 15:50:06
36420,Square,SUCCESS,00,1435,Desktop,New York,2024-06-17 16:11:27
36421,Square,SUCCESS,00,410,Mobile,Dallas,2024-06-17 16:11:50
36422,Square,SUCCESS,00,1330,ATM,Chicago,2024-06-17 16:24:50
36423,Stripe,SUCCESS,00,628,POS,New York,2024-06-17 16:37:11
36424,Square,SUCCESS,00,1339,ATM,Chicago,2024-06-17 16:45:51
36425,Stripe,SUCCESS,00,1221,Mobile,Chicago,2024-06-17 17:11:04
36426,PayPal,SUCCESS,00,113,Mobile,New York,2024-06-17 17:20:34
36427,Square,SUCCESS,00,734,Mobile,Dallas,2024-06-17 18:19:01
36428,PayPal,SUCCESS,00,492,Desktop,Los Angeles,2024-06-17 18:30:20
36429,AuthorizeNet,FAILED,05,978,Mobile,New York,2024-06-17 18:49:04
36430,PayPal,SUCCESS,00,678,Desktop,Dallas,2024-06-17 21:16:26
36431,Square,SUCCESS,00,1423,ATM,New York,2024-06-17 22:01:27
36432,Square,SUCCESS,00,549,ATM,Los Angeles,2024-06-17 22:13:27
36433,PayPal,SUCCESS,00,1099,Mobile,Chicago,2024-06-17 22:31:23
36434,Square,SUCCESS,00,1053,ATM,Chicago,2024-06-17 22:38:38
36435,Square,SUCCESS,00,884,POS,New York,2024-06-17 23:49:01
36436,Square,SUCCESS,00,944,Desktop,Chicago,2024-06-17 23:54:53
36437,PayPal,SUCCESS,00,856,Desktop,Chicago,2024-06-18 00:29:04
36438,Stripe,SUCCESS,00,1099,ATM,Chicago,2024-06-18 01:30:49
36439,PayPal,SUCCESS,00,1179,ATM,New York,2024-06-18 02:32:35
36440,AuthorizeNet,SUCCESS,00,841,POS,Dallas,2024-06-18 02:42:38
36441,Stripe,SUCCESS,00,748,ATM,Dallas,2024-06-18 03:10:30
36442,AuthorizeNet,SUCCESS,00,899,POS,New York,2024-06-18 04:11:40
36443,Square,SUCCESS,00,574,ATM,Dallas,2024-06-18 04:41:21
36444,AuthorizeNet,SUCCESS,00,538,POS,Dallas,2024-06-18 04:57:52
36445,PayPal,SUCCESS,00,938,Mobile,Chicago,2024-06-18 05:40:55
36446,PayPal,SUCCESS,00,1266,POS,Chicago,2024-06-18 07:28:50
36447,Square,SUCCESS,00,1454,Mobile,Chicago,2024-06-18 07:47:06
36448,AuthorizeNet,SUCCESS,00,405,Mobile,Los Angeles,2024-06-18 07:54:18
36449,Square,SUCCESS,00,1322,Mobile,New York,2024-06-18 07:55:56
36450,Stripe,SUCCESS,00,679,Mobile,New York,2024-06-18 07:57:17
36451,Square,SUCCESS,00,292,ATM,New York,2024-06-18 08:53:11
36452,AuthorizeNet,SUCCESS,00,778,ATM,New York,2024-06-18 09:04:14
36453,PayPal,PENDING,99,129,ATM,New York,2024-06-18 11:03:56
36454,AuthorizeNet,SUCCESS,00,1310,Desktop,Chicago,2024-06-18 11:05:28
36455,Stripe,SUCCESS,00,555,Desktop,Chicago,2024-06-18 12:04:28
36456,Square,SUCCESS,00,1065,ATM,New York,2024-06-18 12:04:55
36457,AuthorizeNet,FAILED,05,1070,Desktop,Los Angeles,2024-06-18 12:05:27
36458,AuthorizeNet,FAILED,12,1309,Mobile,Chicago,2024-06-18 12:15:29
36459,Stripe,SUCCESS,00,234,POS,Los Angeles,2024-06-18 13:23:54
36460,Square,SUCCESS,00,1393,ATM,New York,2024-06-18 14:03:40
36461,PayPal,FAILED,05,1436,Mobile,Chicago,2024-06-18 16:51:29
36462,Square,SUCCESS,00,415,ATM,New York,2024-06-18 17:19:41
36463,Stripe,FAILED,05,780,POS,Chicago,2024-06-18 17:54:20
36464,Stripe,FAILED,12,813,Mobile,Dallas,2024-06-18 17:59:09
36465,PayPal,SUCCESS,00,710,POS,Los Angeles,2024-06-18 20:56:33
36466,Stripe,SUCCESS,00,767,Mobile,New York,2024-06-18 21:09:22
36467,AuthorizeNet,SUCCESS,00,1115,Desktop,Los Angeles,2024-06-18 21:40:42
36468,AuthorizeNet,SUCCESS,00,827,POS,Dallas,2024-06-18 22:34:43
36469,Stripe,SUCCESS,00,1317,Desktop,Chicago,2024-06-18 22:56:21
36470,PayPal,SUCCESS,00,983,ATM,Chicago,2024-06-18 23:30:51
36471,Square,SUCCESS,00,1185,Mobile,New York,2024-06-18 23:36:02
36472,PayPal,SUCCESS,00,467,Desktop,New York,2024-06-19 00:47:53
36473,PayPal,SUCCESS,00,381,POS,Los Angeles,2024-06-19 03:57:10
36474,PayPal,SUCCESS,00,362,POS,Dallas,2024-06-19 04:52:59
36475,PayPal,SUCCESS,00,1350,POS,New York,2024-06-19 04:58:32
36476,PayPal,SUCCESS,00,1022,Desktop,New York,2024-06-19 05:09:53
36477,PayPal,SUCCESS,00,1109,POS,Dallas,2024-06-19 07:16:31
36478,Stripe,SUCCESS,00,433,ATM,Los Angeles,2024-06-19 07:40:25
36479,Square,SUCCESS,00,381,Desktop,New York,2024-06-19 07:41:47
36480,Square,FAILED,12,1307,Desktop,Los Angeles,2024-06-19 07:51:18
36481,Stripe,SUCCESS,00,711,ATM,Los Angeles,2024-06-19 07:58:57
36482,PayPal,SUCCESS,00,739,POS,New York,2024-06-19 08:58:46
36483,PayPal,SUCCESS,00,1247,ATM,Los Angeles,2024-06-19 09:09:30
36484,Square,SUCCESS,00,144,Desktop,Los Angeles,2024-06-19 10:11:09
36485,PayPal,SUCCESS,00,1389,Desktop,Chicago,2024-06-19 10:13:56
36486,Stripe,SUCCESS,00,997,Mobile,Chicago,2024-06-19 10:18:14
36487,Square,SUCCESS,00,1302,Desktop,Chicago,2024-06-19 10:35:28
36488,AuthorizeNet,SUCCESS,00,1333,POS,Chicago,2024-06-19 10:47:52
36489,Square,SUCCESS,00,1136,Mobile,Dallas,2024-06-19 11:04:00
36490,Square,FAILED,12,136,POS,New York,2024-06-19 11:52:23
36491,PayPal,SUCCESS,00,1077,ATM,New York,2024-06-19 11:58:19
36492,Stripe,SUCCESS,00,705,Mobile,New York,2024-06-19 12:21:12
36493,Square,SUCCESS,00,199,Mobile,New York,2024-06-19 12:53:52
36494,Square,SUCCESS,00,316,Mobile,Chicago,2024-06-19 15:40:01
36495,AuthorizeNet,SUCCESS,00,1377,POS,New York,2024-06-19 15:44:32
36496,Stripe,FAILED,12,835,ATM,Dallas,2024-06-19 17:14:32
36497,Square,SUCCESS,00,133,Mobile,New York,2024-06-19 18:04:25
36498,PayPal,SUCCESS,00,1195,Desktop,New York,2024-06-19 18:05:31
36499,Square,SUCCESS,00,1456,Mobile,Los Angeles,2024-06-19 18:39:56
36500,Stripe,SUCCESS,00,882,Desktop,Chicago,2024-06-19 19:04:57
36501,Stripe,SUCCESS,00,1453,Desktop,New York,2024-06-19 19:10:53
36502,Stripe,SUCCESS,00,1028,Mobile,Chicago,2024-06-19 20:43:40
36503,Stripe,SUCCESS,00,1171,ATM,Chicago,2024-06-19 21:42:11
36504,AuthorizeNet,SUCCESS,00,919,Desktop,Chicago,2024-06-19 21:55:30
36505,Stripe,SUCCESS,00,884,ATM,Dallas,2024-06-19 22:14:05
36506,AuthorizeNet,SUCCESS,00,1437,Mobile,Chicago,2024-06-19 23:02:31
36507,Square,SUCCESS,00,248,Mobile,Chicago,2024-06-19 23:49:09
36508,Stripe,SUCCESS,00,211,POS,Los Angeles,2024-06-19 23:53:19
36509,PayPal,SUCCESS,00,1142,Mobile,New York,2024-06-20 00:22:37
36510,PayPal,PENDING,99,1442,Mobile,New York,2024-06-20 00:25:18
36511,PayPal,FAILED,05,819,Desktop,Los Angeles,2024-06-20 00:39:23
36512,Stripe,PENDING,99,1358,Desktop,Dallas,2024-06-20 01:28:00
36513,PayPal,SUCCESS,00,802,ATM,Dallas,2024-06-20 01:59:41
36514,Stripe,SUCCESS,00,1181,Mobile,Dallas,2024-06-20 02:18:47
36515,AuthorizeNet,SUCCESS,00,1226,Desktop,Los Angeles,2024-06-20 03:07:01
36516,Square,SUCCESS,00,1160,ATM,Dallas,2024-06-20 03:13:32
36517,PayPal,FAILED,05,466,Mobile,Dallas,2024-06-20 04:00:40
36518,Square,SUCCESS,00,1267,Desktop,New York,2024-06-20 04:49:25
36519,AuthorizeNet,PENDING,99,222,ATM,Chicago,2024-06-20 05:52:46
36520,AuthorizeNet,SUCCESS,00,794,ATM,Dallas,2024-06-20 06:36:18
36521,Square,SUCCESS,00,689,ATM,Dallas,2024-06-20 06:36:26
36522,Square,SUCCESS,00,572,Mobile,New York,2024-06-20 07:18:50
36523,Square,SUCCESS,00,1462,ATM,Los Angeles,2024-06-20 07:50:01
36524,PayPal,SUCCESS,00,1048,POS,Dallas,2024-06-20 08:51:01
36525,AuthorizeNet,SUCCESS,00,299,Mobile,Los Angeles,2024-06-20 09:07:23
36526,Stripe,SUCCESS,00,385,ATM,New York,2024-06-20 09:33:12
36527,PayPal,PENDING,99,803,Mobile,Dallas,2024-06-20 10:18:43
36528,AuthorizeNet,SUCCESS,00,401,Desktop,Dallas,2024-06-20 12:20:19
36529,Square,SUCCESS,00,108,POS,New York,2024-06-20 13:06:25
36530,AuthorizeNet,SUCCESS,00,1120,Mobile,Dallas,2024-06-20 14:00:45
36531,Square,SUCCESS,00,1116,ATM,Los Angeles,2024-06-20 14:13:27
36532,AuthorizeNet,SUCCESS,00,146,POS,Dallas,2024-06-20 14:23:44
36533,Stripe,SUCCESS,00,466,Desktop,New York,2024-06-20 15:52:35
36534,PayPal,FAILED,12,577,ATM,Los Angeles,2024-06-20 16:00:04
36535,Square,SUCCESS,00,102,Mobile,Dallas,2024-06-20 16:39:28
36536,AuthorizeNet,SUCCESS,00,282,ATM,Chicago,2024-06-20 17:24:19
36537,Stripe,SUCCESS,00,751,Desktop,Dallas,2024-06-20 17:51:54
36538,Square,SUCCESS,00,1185,Mobile,New York,2024-06-20 20:19:23
36539,PayPal,SUCCESS,00,854,Mobile,Los Angeles,2024-06-20 21:32:31
36540,PayPal,SUCCESS,00,1376,POS,Los Angeles,2024-06-21 01:23:47
36541,Stripe,SUCCESS,00,1014,Mobile,New York,2024-06-21 01:46:31
36542,Stripe,FAILED,12,591,ATM,Dallas,2024-06-21 01:56:53
36543,PayPal,SUCCESS,00,1120,Desktop,Dallas,2024-06-21 02:59:07
36544,AuthorizeNet,SUCCESS,00,874,Mobile,Los Angeles,2024-06-21 04:41:26
36545,Stripe,SUCCESS,00,338,Mobile,Chicago,2024-06-21 04:47:28
36546,Stripe,SUCCESS,00,884,Mobile,Chicago,2024-06-21 04:52:46
36547,AuthorizeNet,SUCCESS,00,654,POS,New York,2024-06-21 05:14:47
36548,Stripe,SUCCESS,00,463,Mobile,New York,2024-06-21 07:04:45
36549,AuthorizeNet,SUCCESS,00,192,Mobile,Dallas,2024-06-21 07:09:32
36550,AuthorizeNet,SUCCESS,00,824,POS,Chicago,2024-06-21 07:11:16
36551,AuthorizeNet,SUCCESS,00,1113,ATM,Los Angeles,2024-06-21 07:54:46
36552,Square,SUCCESS,00,1438,POS,Los Angeles,2024-06-21 08:06:22
36553,Stripe,SUCCESS,00,790,POS,New York,2024-06-21 09:02:48
36554,AuthorizeNet,SUCCESS,00,350,POS,Los Angeles,2024-06-21 09:56:06
36555,Stripe,SUCCESS,00,1428,POS,Chicago,2024-06-21 11:33:18
36556,Square,SUCCESS,00,908,POS,Dallas,2024-06-21 12:00:10
36557,Square,SUCCESS,00,145,Desktop,Dallas,2024-06-21 12:24:46
36558,AuthorizeNet,SUCCESS,00,1340,Desktop,Los Angeles,2024-06-21 12:31:38
36559,AuthorizeNet,SUCCESS,00,648,ATM,Los Angeles,2024-06-21 12:33:48
36560,AuthorizeNet,SUCCESS,00,1412,Desktop,Dallas,2024-06-21 13:19:15
36561,Stripe,SUCCESS,00,668,ATM,Dallas,2024-06-21 14:45:55
36562,PayPal,SUCCESS,00,1327,Desktop,Chicago,2024-06-21 15:00:01
36563,Square,SUCCESS,00,1072,Desktop,Dallas,2024-06-21 15:03:52
36564,Stripe,SUCCESS,00,394,POS,Dallas,2024-06-21 16:09:55
36565,Stripe,SUCCESS,00,1362,Desktop,Chicago,2024-06-21 17:52:51
36566,PayPal,SUCCESS,00,1236,ATM,New York,2024-06-21 18:05:54
36567,AuthorizeNet,SUCCESS,00,1117,POS,New York,2024-06-21 18:58:44
36568,AuthorizeNet,SUCCESS,00,245,POS,Chicago,2024-06-21 19:23:15
36569,PayPal,SUCCESS,00,411,Desktop,Chicago,2024-06-21 19:44:58
36570,PayPal,SUCCESS,00,1461,Mobile,Chicago,2024-06-21 20:53:27
36571,PayPal,FAILED,05,120,ATM,Los Angeles,2024-06-21 21:20:16
36572,Square,SUCCESS,00,544,Mobile,Dallas,2024-06-21 21:43:19
36573,Square,SUCCESS,00,637,Desktop,Chicago,2024-06-21 21:50:41
36574,Square,SUCCESS,00,391,ATM,Dallas,2024-06-21 22:59:03
36575,Stripe,SUCCESS,00,1433,Desktop,New York,2024-06-21 23:03:07
36576,Stripe,SUCCESS,00,799,Mobile,Dallas,2024-06-21 23:06:41
36577,Stripe,SUCCESS,00,415,Mobile,New York,2024-06-21 23:22:22
36578,Stripe,SUCCESS,00,317,Desktop,Dallas,2024-06-21 23:55:08
36579,PayPal,SUCCESS,00,191,Mobile,New York,2024-06-22 00:10:40
36580,Stripe,FAILED,12,133,POS,New York,2024-06-22 03:49:51
36581,Square,SUCCESS,00,1276,Mobile,New York,2024-06-22 04:27:48
36582,PayPal,SUCCESS,00,468,ATM,Los Angeles,2024-06-22 04:29:59
36583,Stripe,PENDING,99,811,Mobile,New York,2024-06-22 05:05:07
36584,Stripe,SUCCESS,00,680,Desktop,Los Angeles,2024-06-22 05:37:47
36585,AuthorizeNet,SUCCESS,00,255,POS,New York,2024-06-22 07:24:36
36586,Square,SUCCESS,00,261,ATM,Los Angeles,2024-06-22 07:46:03
36587,AuthorizeNet,SUCCESS,00,765,POS,Los Angeles,2024-06-22 07:48:41
36588,PayPal,SUCCESS,00,1351,Mobile,New York,2024-06-22 08:26:42
36589,PayPal,SUCCESS,00,1116,ATM,Los Angeles,2024-06-22 08:37:00
36590,Square,SUCCESS,00,830,POS,New York,2024-06-22 08:45:36
36591,AuthorizeNet,SUCCESS,00,1460,Mobile,Chicago,2024-06-22 09:07:47
36592,Square,SUCCESS,00,606,ATM,Los Angeles,2024-06-22 09:18:54
36593,AuthorizeNet,SUCCESS,00,1303,POS,Los Angeles,2024-06-22 09:19:08
36594,AuthorizeNet,SUCCESS,00,951,Desktop,Los Angeles,2024-06-22 09:23:32
36595,AuthorizeNet,SUCCESS,00,1495,Mobile,New York,2024-06-22 12:00:20
36596,Stripe,SUCCESS,00,113,ATM,Los Angeles,2024-06-22 13:01:32
36597,Stripe,SUCCESS,00,1464,Mobile,Dallas,2024-06-22 14:06:55
36598,PayPal,SUCCESS,00,1379,Mobile,Chicago,2024-06-22 15:24:12
36599,AuthorizeNet,SUCCESS,00,1402,Desktop,Los Angeles,2024-06-22 16:10:35
36600,PayPal,SUCCESS,00,1195,POS,New York,2024-06-22 16:53:38
36601,PayPal,SUCCESS,00,808,ATM,Dallas,2024-06-22 17:13:47
36602,PayPal,SUCCESS,00,1492,Desktop,Chicago,2024-06-22 17:33:27
36603,PayPal,SUCCESS,00,963,POS,Los Angeles,2024-06-22 18:22:01
36604,Square,SUCCESS,00,1463,Mobile,New York,2024-06-22 20:08:33
36605,Square,FAILED,05,1398,Mobile,Dallas,2024-06-22 21:45:25
36606,Stripe,SUCCESS,00,1347,POS,Los Angeles,2024-06-22 21:50:15
36607,AuthorizeNet,SUCCESS,00,764,POS,New York,2024-06-22 22:34:44
36608,Square,SUCCESS,00,367,POS,Dallas,2024-06-22 22:37:36
36609,AuthorizeNet,SUCCESS,00,302,Mobile,Chicago,2024-06-23 00:21:56
36610,Square,SUCCESS,00,1456,Desktop,New York,2024-06-23 00:45:30
36611,Stripe,SUCCESS,00,752,POS,Dallas,2024-06-23 01:45:19
36612,PayPal,SUCCESS,00,440,POS,Dallas,2024-06-23 05:20:32
36613,Stripe,SUCCESS,00,551,ATM,New York,2024-06-23 05:57:15
36614,Stripe,SUCCESS,00,1114,ATM,Chicago,2024-06-23 08:03:06
36615,Square,SUCCESS,00,1025,Mobile,Los Angeles,2024-06-23 08:20:09
36616,PayPal,SUCCESS,00,1443,POS,Los Angeles,2024-06-23 10:31:01
36617,PayPal,FAILED,05,662,Mobile,Chicago,2024-06-23 11:33:11
36618,AuthorizeNet,SUCCESS,00,714,Desktop,New York,2024-06-23 11:45:21
36619,Stripe,SUCCESS,00,640,Mobile,Chicago,2024-06-23 12:52:21
36620,PayPal,SUCCESS,00,368,Desktop,Dallas,2024-06-23 13:20:46
36621,AuthorizeNet,SUCCESS,00,768,Desktop,Chicago,2024-06-23 13:56:40
36622,PayPal,SUCCESS,00,587,ATM,Chicago,2024-06-23 14:15:11
36623,PayPal,SUCCESS,00,398,POS,New York,2024-06-23 16:04:10
36624,PayPal,SUCCESS,00,1426,Mobile,Chicago,2024-06-23 16:59:42
36625,Stripe,SUCCESS,00,1071,Desktop,Los Angeles,2024-06-23 17:43:44
36626,AuthorizeNet,SUCCESS,00,991,ATM,Los Angeles,2024-06-23 18:48:12
36627,PayPal,SUCCESS,00,894,POS,Chicago,2024-06-23 19:57:07
36628,Square,SUCCESS,00,660,POS,Los Angeles,2024-06-23 19:57:18
36629,Stripe,SUCCESS,00,224,POS,Dallas,2024-06-23 19:59:37
36630,Stripe,SUCCESS,00,342,Mobile,Dallas,2024-06-23 20:10:23
36631,Square,SUCCESS,00,474,ATM,New York,2024-06-23 20:46:02
36632,PayPal,SUCCESS,00,1067,Desktop,New York,2024-06-23 21:49:58
36633,Stripe,SUCCESS,00,643,POS,Chicago,2024-06-23 22:01:44
36634,Square,SUCCESS,00,1209,Desktop,New York,2024-06-23 22:32:31
36635,PayPal,SUCCESS,00,757,ATM,Chicago,2024-06-23 22:37:22
36636,AuthorizeNet,SUCCESS,00,1157,ATM,Chicago,2024-06-23 23:47:46
36637,Stripe,SUCCESS,00,1141,Desktop,Dallas,2024-06-24 00:00:10
36638,Square,SUCCESS,00,1206,ATM,New York,2024-06-24 00:09:31
36639,AuthorizeNet,SUCCESS,00,1076,ATM,Los Angeles,2024-06-24 00:23:52
36640,AuthorizeNet,SUCCESS,00,950,Mobile,New York,2024-06-24 01:04:51
36641,Square,SUCCESS,00,411,ATM,New York,2024-06-24 01:09:18
36642,PayPal,SUCCESS,00,1305,Mobile,Chicago,2024-06-24 01:28:24
36643,Square,SUCCESS,00,260,POS,Chicago,2024-06-24 01:46:15
36644,Stripe,FAILED,12,133,Mobile,Chicago,2024-06-24 02:18:30
36645,AuthorizeNet,SUCCESS,00,873,Desktop,Chicago,2024-06-24 02:36:12
36646,AuthorizeNet,SUCCESS,00,1240,Mobile,Chicago,2024-06-24 02:53:20
36647,Stripe,SUCCESS,00,632,Mobile,Chicago,2024-06-24 03:21:33
36648,Square,SUCCESS,00,936,ATM,Dallas,2024-06-24 03:28:50
36649,AuthorizeNet,SUCCESS,00,1356,Desktop,Los Angeles,2024-06-24 04:23:41
36650,PayPal,FAILED,12,1067,POS,Los Angeles,2024-06-24 05:08:56
36651,Square,SUCCESS,00,691,Mobile,Dallas,2024-06-24 05:23:40
36652,PayPal,SUCCESS,00,434,Desktop,Los Angeles,2024-06-24 05:25:17
36653,PayPal,SUCCESS,00,1133,Mobile,Chicago,2024-06-24 05:30:06
36654,Square,SUCCESS,00,224,Mobile,Chicago,2024-06-24 05:45:15
36655,PayPal,SUCCESS,00,1056,ATM,New York,2024-06-24 06:12:11
36656,PayPal,SUCCESS,00,999,ATM,Chicago,2024-06-24 06:14:33
36657,AuthorizeNet,SUCCESS,00,593,ATM,Chicago,2024-06-24 06:28:27
36658,PayPal,SUCCESS,00,210,POS,Los Angeles,2024-06-24 06:42:18
36659,Square,SUCCESS,00,660,ATM,Dallas,2024-06-24 07:05:06
36660,Stripe,SUCCESS,00,523,POS,New York,2024-06-24 07:22:13
36661,PayPal,SUCCESS,00,416,ATM,Dallas,2024-06-24 07:26:35
36662,Square,SUCCESS,00,170,Mobile,Chicago,2024-06-24 07:34:38
36663,Square,FAILED,05,552,Mobile,Dallas,2024-06-24 07:35:16
36664,PayPal,SUCCESS,00,938,Mobile,Chicago,2024-06-24 07:49:44
36665,Stripe,FAILED,05,812,Desktop,Dallas,2024-06-24 08:57:37
36666,PayPal,SUCCESS,00,439,Desktop,Dallas,2024-06-24 09:10:46
36667,Square,SUCCESS,00,1401,ATM,Dallas,2024-06-24 09:15:27
36668,Stripe,SUCCESS,00,702,Mobile,Los Angeles,2024-06-24 09:58:44
36669,PayPal,SUCCESS,00,848,ATM,Dallas,2024-06-24 10:00:50
36670,Square,SUCCESS,00,294,POS,Dallas,2024-06-24 10:19:43
36671,Square,SUCCESS,00,468,Mobile,New York,2024-06-24 11:17:02
36672,PayPal,SUCCESS,00,908,Desktop,Dallas,2024-06-24 11:24:05
36673,PayPal,SUCCESS,00,730,ATM,Los Angeles,2024-06-24 11:35:59
36674,AuthorizeNet,SUCCESS,00,511,Desktop,Chicago,2024-06-24 11:50:14
36675,Stripe,SUCCESS,00,744,ATM,Chicago,2024-06-24 11:52:53
36676,PayPal,SUCCESS,00,1309,POS,Los Angeles,2024-06-24 13:10:07
36677,AuthorizeNet,SUCCESS,00,1327,ATM,New York,2024-06-24 13:58:10
36678,Square,SUCCESS,00,990,POS,Chicago,2024-06-24 14:28:58
36679,Square,SUCCESS,00,769,Desktop,Chicago,2024-06-24 14:33:53
36680,AuthorizeNet,SUCCESS,00,101,ATM,Dallas,2024-06-24 14:52:26
36681,AuthorizeNet,SUCCESS,00,1450,Mobile,Chicago,2024-06-24 16:07:26
36682,PayPal,SUCCESS,00,578,ATM,Dallas,2024-06-24 16:18:37
36683,PayPal,SUCCESS,00,1448,POS,New York,2024-06-24 16:21:49
36684,AuthorizeNet,SUCCESS,00,1106,ATM,Dallas,2024-06-24 16:36:46
36685,Square,SUCCESS,00,692,Mobile,Chicago,2024-06-24 16:37:05
36686,AuthorizeNet,SUCCESS,00,1025,POS,Los Angeles,2024-06-24 17:06:46
36687,PayPal,SUCCESS,00,961,POS,New York,2024-06-24 17:38:13
36688,Square,PENDING,99,866,ATM,Dallas,2024-06-24 17:46:47
36689,Stripe,SUCCESS,00,382,ATM,Los Angeles,2024-06-24 18:06:31
36690,Stripe,SUCCESS,00,526,POS,Los Angeles,2024-06-24 18:18:21
36691,Stripe,SUCCESS,00,633,POS,Chicago,2024-06-24 20:15:21
36692,Square,SUCCESS,00,1298,Desktop,New York,2024-06-24 21:11:45
36693,Square,SUCCESS,00,579,Desktop,New York,2024-06-24 22:55:10
36694,PayPal,SUCCESS,00,1028,POS,New York,2024-06-24 23:29:22
36695,AuthorizeNet,SUCCESS,00,1334,POS,Dallas,2024-06-25 00:53:07
36696,Square,SUCCESS,00,645,Desktop,New York,2024-06-25 01:12:20
36697,AuthorizeNet,SUCCESS,00,788,POS,Chicago,2024-06-25 01:16:32
36698,Square,SUCCESS,00,639,Mobile,New York,2024-06-25 02:19:42
36699,Stripe,SUCCESS,00,198,Mobile,Chicago,2024-06-25 02:29:54
36700,Stripe,SUCCESS,00,753,Mobile,Los Angeles,2024-06-25 02:51:16
36701,Square,SUCCESS,00,809,POS,Chicago,2024-06-25 05:58:23
36702,Square,FAILED,12,1077,POS,New York,2024-06-25 06:17:00
36703,Stripe,SUCCESS,00,1448,Mobile,Dallas,2024-06-25 06:22:38
36704,AuthorizeNet,SUCCESS,00,644,Mobile,Dallas,2024-06-25 06:27:25
36705,AuthorizeNet,SUCCESS,00,553,Mobile,Los Angeles,2024-06-25 07:45:49
36706,AuthorizeNet,SUCCESS,00,1146,Desktop,Chicago,2024-06-25 08:11:18
36707,PayPal,SUCCESS,00,420,Mobile,Dallas,2024-06-25 08:21:27
36708,PayPal,SUCCESS,00,1399,ATM,Chicago,2024-06-25 08:55:20
36709,AuthorizeNet,SUCCESS,00,1312,ATM,Chicago,2024-06-25 08:59:10
36710,PayPal,SUCCESS,00,938,ATM,New York,2024-06-25 09:36:02
36711,PayPal,SUCCESS,00,1072,Desktop,New York,2024-06-25 09:37:53
36712,Square,SUCCESS,00,548,Mobile,Dallas,2024-06-25 10:01:50
36713,AuthorizeNet,SUCCESS,00,929,Mobile,New York,2024-06-25 10:12:35
36714,AuthorizeNet,SUCCESS,00,1367,Desktop,Dallas,2024-06-25 10:25:22
36715,Stripe,SUCCESS,00,912,POS,Chicago,2024-06-25 11:59:15
36716,Stripe,SUCCESS,00,858,Desktop,New York,2024-06-25 12:58:54
36717,Stripe,SUCCESS,00,1125,Mobile,New York,2024-06-25 13:40:57
36718,Square,SUCCESS,00,1333,POS,New York,2024-06-25 14:57:41
36719,Square,FAILED,05,1376,POS,Dallas,2024-06-25 14:58:45
36720,AuthorizeNet,SUCCESS,00,1499,ATM,Los Angeles,2024-06-25 15:12:13
36721,Stripe,SUCCESS,00,565,ATM,Los Angeles,2024-06-25 15:34:49
36722,AuthorizeNet,SUCCESS,00,344,POS,Los Angeles,2024-06-25 16:12:12
36723,PayPal,SUCCESS,00,785,Mobile,Dallas,2024-06-25 17:27:21
36724,Stripe,SUCCESS,00,314,ATM,Chicago,2024-06-25 17:40:17
36725,PayPal,SUCCESS,00,1453,Desktop,Dallas,2024-06-25 18:02:29
36726,PayPal,SUCCESS,00,371,ATM,Chicago,2024-06-25 18:11:48
36727,PayPal,SUCCESS,00,363,POS,Dallas,2024-06-25 18:47:46
36728,PayPal,SUCCESS,00,442,Mobile,New York,2024-06-25 20:17:44
36729,Stripe,SUCCESS,00,612,ATM,New York,2024-06-25 20:47:39
36730,Stripe,SUCCESS,00,1213,POS,Dallas,2024-06-25 20:48:47
36731,PayPal,SUCCESS,00,1122,Desktop,Los Angeles,2024-06-25 20:59:27
36732,PayPal,SUCCESS,00,596,POS,New York,2024-06-25 21:06:12
36733,PayPal,SUCCESS,00,412,ATM,Chicago,2024-06-25 21:29:05
36734,AuthorizeNet,SUCCESS,00,417,Desktop,Dallas,2024-06-25 22:47:15
36735,Stripe,SUCCESS,00,519,POS,New York,2024-06-25 23:18:38
36736,PayPal,SUCCESS,00,1364,POS,Los Angeles,2024-06-26 00:35:52
36737,AuthorizeNet,FAILED,05,947,Desktop,Los Angeles,2024-06-26 00:48:24
36738,AuthorizeNet,SUCCESS,00,880,Mobile,Dallas,2024-06-26 01:12:40
36739,AuthorizeNet,SUCCESS,00,632,POS,Dallas,2024-06-26 03:12:49
36740,Square,SUCCESS,00,917,POS,New York,2024-06-26 04:47:16
36741,Stripe,SUCCESS,00,499,POS,New York,2024-06-26 04:47:41
36742,AuthorizeNet,SUCCESS,00,746,Mobile,Chicago,2024-06-26 05:16:56
36743,Square,SUCCESS,00,732,Desktop,Chicago,2024-06-26 05:24:42
36744,Stripe,FAILED,12,962,POS,Chicago,2024-06-26 05:48:42
36745,PayPal,SUCCESS,00,1296,Mobile,Los Angeles,2024-06-26 06:03:25
36746,AuthorizeNet,SUCCESS,00,648,Desktop,Dallas,2024-06-26 07:34:22
36747,Stripe,SUCCESS,00,716,POS,New York,2024-06-26 08:02:26
36748,Square,SUCCESS,00,246,Mobile,New York,2024-06-26 08:17:11
36749,Stripe,SUCCESS,00,1027,Mobile,Los Angeles,2024-06-26 08:33:41
36750,PayPal,SUCCESS,00,750,ATM,Chicago,2024-06-26 08:35:58
36751,PayPal,SUCCESS,00,1366,ATM,Los Angeles,2024-06-26 08:49:51
36752,Stripe,FAILED,12,324,Mobile,Chicago,2024-06-26 09:26:38
36753,PayPal,SUCCESS,00,951,Desktop,Dallas,2024-06-26 11:32:07
36754,AuthorizeNet,SUCCESS,00,1312,Desktop,Dallas,2024-06-26 11:48:03
36755,AuthorizeNet,SUCCESS,00,267,POS,Los Angeles,2024-06-26 12:03:02
36756,Square,SUCCESS,00,155,ATM,Los Angeles,2024-06-26 12:17:45
36757,AuthorizeNet,SUCCESS,00,1245,ATM,Dallas,2024-06-26 12:39:30
36758,PayPal,SUCCESS,00,1152,Mobile,Chicago,2024-06-26 12:44:14
36759,PayPal,FAILED,05,853,Mobile,Dallas,2024-06-26 13:16:54
36760,Stripe,SUCCESS,00,445,Desktop,Chicago,2024-06-26 13:19:48
36761,AuthorizeNet,SUCCESS,00,685,Desktop,New York,2024-06-26 14:47:52
36762,Stripe,SUCCESS,00,869,Desktop,Dallas,2024-06-26 14:56:47
36763,Square,SUCCESS,00,1059,POS,Chicago,2024-06-26 17:12:44
36764,Stripe,SUCCESS,00,824,Desktop,Chicago,2024-06-26 18:09:52
36765,Square,SUCCESS,00,733,POS,New York,2024-06-26 18:16:37
36766,AuthorizeNet,FAILED,12,1236,Desktop,New York,2024-06-26 18:28:57
36767,PayPal,SUCCESS,00,1128,POS,Dallas,2024-06-26 19:01:14
36768,Stripe,SUCCESS,00,386,POS,New York,2024-06-26 19:18:45
36769,Square,SUCCESS,00,573,ATM,Chicago,2024-06-26 22:04:02
36770,Stripe,SUCCESS,00,1474,Desktop,New York,2024-06-26 23:34:44
36771,AuthorizeNet,SUCCESS,00,1263,POS,Chicago,2024-06-27 00:41:37
36772,PayPal,SUCCESS,00,1086,Mobile,Los Angeles,2024-06-27 01:08:04
36773,Square,SUCCESS,00,1124,Mobile,Los Angeles,2024-06-27 01:31:57
36774,PayPal,SUCCESS,00,1446,POS,Chicago,2024-06-27 01:42:06
36775,PayPal,FAILED,05,238,Desktop,Dallas,2024-06-27 02:34:55
36776,Stripe,SUCCESS,00,320,Desktop,Chicago,2024-06-27 02:35:41
36777,AuthorizeNet,SUCCESS,00,615,Desktop,New York,2024-06-27 02:49:36
36778,PayPal,SUCCESS,00,1355,POS,Los Angeles,2024-06-27 03:12:31
36779,PayPal,SUCCESS,00,423,ATM,Dallas,2024-06-27 06:22:05
36780,Stripe,SUCCESS,00,123,Mobile,Dallas,2024-06-27 06:33:03
36781,AuthorizeNet,SUCCESS,00,338,ATM,New York,2024-06-27 06:50:23
36782,PayPal,SUCCESS,00,909,Desktop,Chicago,2024-06-27 07:09:30
36783,Stripe,SUCCESS,00,1082,ATM,New York,2024-06-27 07:20:19
36784,Stripe,FAILED,12,492,Desktop,New York,2024-06-27 07:49:00
36785,Stripe,SUCCESS,00,973,ATM,Chicago,2024-06-27 07:58:50
36786,AuthorizeNet,SUCCESS,00,1441,Mobile,New York,2024-06-27 08:12:14
36787,Stripe,SUCCESS,00,463,Desktop,Los Angeles,2024-06-27 08:29:33
36788,Stripe,SUCCESS,00,323,ATM,Chicago,2024-06-27 10:57:56
36789,Stripe,SUCCESS,00,361,Mobile,Chicago,2024-06-27 11:01:15
36790,PayPal,SUCCESS,00,1301,Desktop,Chicago,2024-06-27 11:13:18
36791,AuthorizeNet,FAILED,05,1100,Desktop,New York,2024-06-27 11:44:34
36792,PayPal,SUCCESS,00,542,POS,New York,2024-06-27 12:58:00
36793,Square,SUCCESS,00,1255,Mobile,Chicago,2024-06-27 13:09:12
36794,Stripe,SUCCESS,00,245,POS,Dallas,2024-06-27 13:38:35
36795,Stripe,SUCCESS,00,1341,Mobile,New York,2024-06-27 13:49:44
36796,PayPal,SUCCESS,00,823,Desktop,Los Angeles,2024-06-27 14:23:59
36797,PayPal,SUCCESS,00,1012,Desktop,Chicago,2024-06-27 15:21:09
36798,Stripe,SUCCESS,00,1214,ATM,Dallas,2024-06-27 16:49:17
36799,Square,SUCCESS,00,569,POS,Chicago,2024-06-27 17:31:56
36800,PayPal,SUCCESS,00,676,ATM,Dallas,2024-06-27 18:36:27
36801,Stripe,SUCCESS,00,408,Desktop,Los Angeles,2024-06-27 21:46:48
36802,Stripe,SUCCESS,00,372,Mobile,New York,2024-06-27 22:11:29
36803,Stripe,SUCCESS,00,826,ATM,Dallas,2024-06-27 22:23:50
36804,Square,SUCCESS,00,233,Mobile,Chicago,2024-06-27 22:52:25
36805,AuthorizeNet,SUCCESS,00,884,POS,Chicago,2024-06-27 23:31:49
36806,Stripe,SUCCESS,00,275,Desktop,Chicago,2024-06-28 00:32:55
36807,Stripe,SUCCESS,00,676,POS,Chicago,2024-06-28 00:35:51
36808,PayPal,SUCCESS,00,1102,Mobile,Dallas,2024-06-28 01:01:48
36809,PayPal,FAILED,05,331,ATM,New York,2024-06-28 03:13:04
36810,PayPal,SUCCESS,00,973,Mobile,Los Angeles,2024-06-28 03:54:08
36811,PayPal,SUCCESS,00,1349,ATM,Dallas,2024-06-28 04:04:43
36812,AuthorizeNet,SUCCESS,00,1415,POS,New York,2024-06-28 04:30:06
36813,AuthorizeNet,SUCCESS,00,896,Desktop,Dallas,2024-06-28 04:33:49
36814,AuthorizeNet,SUCCESS,00,1098,Mobile,New York,2024-06-28 05:29:53
36815,Stripe,SUCCESS,00,1372,Mobile,Dallas,2024-06-28 05:40:59
36816,Square,SUCCESS,00,768,POS,Dallas,2024-06-28 05:46:32
36817,Stripe,SUCCESS,00,837,ATM,Dallas,2024-06-28 05:49:10
36818,Square,SUCCESS,00,447,Mobile,Chicago,2024-06-28 06:09:03
36819,PayPal,SUCCESS,00,1019,ATM,Los Angeles,2024-06-28 06:11:57
36820,PayPal,SUCCESS,00,1072,ATM,New York,2024-06-28 06:16:31
36821,Stripe,SUCCESS,00,1168,ATM,Chicago,2024-06-28 07:15:04
36822,PayPal,SUCCESS,00,159,Mobile,Los Angeles,2024-06-28 07:27:12
36823,AuthorizeNet,SUCCESS,00,1307,Mobile,Chicago,2024-06-28 07:29:54
36824,Stripe,SUCCESS,00,1398,Mobile,Los Angeles,2024-06-28 08:21:02
36825,PayPal,SUCCESS,00,283,POS,New York,2024-06-28 08:35:45
36826,AuthorizeNet,SUCCESS,00,1034,ATM,New York,2024-06-28 09:06:05
36827,AuthorizeNet,SUCCESS,00,1160,Mobile,Dallas,2024-06-28 09:12:19
36828,PayPal,SUCCESS,00,465,POS,New York,2024-06-28 09:31:45
36829,AuthorizeNet,SUCCESS,00,424,Mobile,New York,2024-06-28 09:55:56
36830,Square,SUCCESS,00,347,Desktop,Los Angeles,2024-06-28 10:01:51
36831,AuthorizeNet,SUCCESS,00,1499,POS,New York,2024-06-28 10:31:31
36832,Square,SUCCESS,00,810,Mobile,Dallas,2024-06-28 12:25:51
36833,AuthorizeNet,SUCCESS,00,900,POS,Dallas,2024-06-28 13:20:54
36834,AuthorizeNet,SUCCESS,00,1346,Mobile,Chicago,2024-06-28 13:30:11
36835,Square,SUCCESS,00,266,Mobile,New York,2024-06-28 13:47:37
36836,PayPal,SUCCESS,00,101,POS,Dallas,2024-06-28 14:23:56
36837,PayPal,SUCCESS,00,184,Mobile,New York,2024-06-28 14:37:44
36838,Square,SUCCESS,00,1190,Desktop,New York,2024-06-28 15:21:07
36839,Square,SUCCESS,00,630,Mobile,Los Angeles,2024-06-28 16:00:24
36840,Square,SUCCESS,00,484,POS,New York,2024-06-28 16:14:35
36841,AuthorizeNet,SUCCESS,00,1275,ATM,Dallas,2024-06-28 16:22:29
36842,Square,SUCCESS,00,1118,ATM,Chicago,2024-06-28 19:30:20
36843,Square,FAILED,05,1438,POS,Chicago,2024-06-28 20:00:44
36844,Stripe,SUCCESS,00,208,POS,Los Angeles,2024-06-28 20:02:50
36845,PayPal,SUCCESS,00,358,Desktop,New York,2024-06-28 21:36:31
36846,PayPal,SUCCESS,00,1212,POS,Dallas,2024-06-28 22:34:50
36847,Stripe,SUCCESS,00,724,Desktop,Los Angeles,2024-06-28 22:40:03
36848,AuthorizeNet,SUCCESS,00,717,ATM,Chicago,2024-06-28 23:01:15
36849,AuthorizeNet,SUCCESS,00,1157,POS,Chicago,2024-06-28 23:09:38
36850,Stripe,SUCCESS,00,914,POS,New York,2024-06-29 00:31:53
36851,Square,SUCCESS,00,229,ATM,Dallas,2024-06-29 02:01:31
36852,Stripe,SUCCESS,00,1205,ATM,New York,2024-06-29 02:05:59
36853,PayPal,SUCCESS,00,957,POS,Dallas,2024-06-29 02:25:35
36854,PayPal,SUCCESS,00,535,POS,Los Angeles,2024-06-29 04:33:50
36855,AuthorizeNet,SUCCESS,00,1331,POS,Dallas,2024-06-29 04:41:34
36856,PayPal,SUCCESS,00,666,Mobile,Dallas,2024-06-29 05:00:00
36857,PayPal,SUCCESS,00,935,Desktop,Los Angeles,2024-06-29 05:57:10
36858,Square,SUCCESS,00,1073,Mobile,Dallas,2024-06-29 06:27:58
36859,Square,SUCCESS,00,743,ATM,Los Angeles,2024-06-29 07:07:06
36860,AuthorizeNet,SUCCESS,00,614,ATM,Dallas,2024-06-29 07:18:48
36861,AuthorizeNet,SUCCESS,00,1052,POS,Dallas,2024-06-29 07:21:58
36862,Square,SUCCESS,00,1418,POS,Dallas,2024-06-29 07:42:15
36863,Square,SUCCESS,00,1189,Desktop,Chicago,2024-06-29 08:08:58
36864,AuthorizeNet,SUCCESS,00,1302,Desktop,Dallas,2024-06-29 08:26:23
36865,AuthorizeNet,SUCCESS,00,1190,Desktop,Dallas,2024-06-29 08:59:18
36866,PayPal,SUCCESS,00,1487,ATM,Chicago,2024-06-29 09:05:06
36867,PayPal,SUCCESS,00,1276,Desktop,Dallas,2024-06-29 09:30:41
36868,AuthorizeNet,PENDING,99,926,POS,New York,2024-06-29 11:04:31
36869,AuthorizeNet,SUCCESS,00,1323,ATM,Los Angeles,2024-06-29 11:32:11
36870,Square,SUCCESS,00,585,ATM,New York,2024-06-29 12:18:17
36871,Square,SUCCESS,00,735,POS,Los Angeles,2024-06-29 16:24:34
36872,Stripe,FAILED,12,1342,ATM,Dallas,2024-06-29 17:10:17
36873,PayPal,SUCCESS,00,487,ATM,Dallas,2024-06-29 17:26:02
36874,PayPal,SUCCESS,00,547,Desktop,Chicago,2024-06-29 17:30:20
36875,PayPal,SUCCESS,00,372,POS,Chicago,2024-06-29 17:32:52
36876,Square,SUCCESS,00,427,Mobile,New York,2024-06-29 18:14:58
36877,AuthorizeNet,SUCCESS,00,582,Mobile,Los Angeles,2024-06-29 18:22:32
36878,AuthorizeNet,FAILED,12,1248,Mobile,Dallas,2024-06-29 18:54:45
36879,Square,SUCCESS,00,703,Mobile,Chicago,2024-06-29 19:02:10
36880,PayPal,SUCCESS,00,1409,POS,Los Angeles,2024-06-29 19:18:32
36881,PayPal,SUCCESS,00,969,ATM,Los Angeles,2024-06-29 20:19:07
36882,PayPal,SUCCESS,00,350,POS,Los Angeles,2024-06-29 20:40:41
36883,Square,SUCCESS,00,670,Mobile,Los Angeles,2024-06-29 21:05:46
36884,Square,PENDING,99,1290,Mobile,Los Angeles,2024-06-29 21:30:20
36885,Stripe,SUCCESS,00,1314,ATM,Los Angeles,2024-06-29 22:06:52
36886,Stripe,SUCCESS,00,364,ATM,Dallas,2024-06-29 22:47:22
36887,PayPal,SUCCESS,00,246,Desktop,Chicago,2024-06-29 23:01:41
36888,PayPal,SUCCESS,00,611,Desktop,Chicago,2024-06-29 23:03:19
36889,PayPal,SUCCESS,00,1488,ATM,Dallas,2024-06-29 23:35:12
36890,PayPal,SUCCESS,00,883,ATM,Dallas,2024-06-30 00:22:40
36891,PayPal,SUCCESS,00,1025,Desktop,Chicago,2024-06-30 00:45:38
36892,Stripe,SUCCESS,00,989,Mobile,New York,2024-06-30 00:49:31
36893,AuthorizeNet,SUCCESS,00,152,Desktop,Dallas,2024-06-30 01:50:42
36894,PayPal,SUCCESS,00,996,Mobile,Dallas,2024-06-30 03:21:43
36895,Square,SUCCESS,00,1026,POS,Dallas,2024-06-30 03:43:52
36896,Square,SUCCESS,00,846,Mobile,Chicago,2024-06-30 04:26:01
36897,Square,SUCCESS,00,1245,ATM,New York,2024-06-30 04:55:44
36898,Square,SUCCESS,00,1298,Desktop,Chicago,2024-06-30 05:24:05
36899,Stripe,SUCCESS,00,1334,ATM,Los Angeles,2024-06-30 05:56:28
36900,Square,SUCCESS,00,368,Mobile,Los Angeles,2024-06-30 08:26:02
36901,PayPal,SUCCESS,00,480,POS,Los Angeles,2024-06-30 09:02:18
36902,Stripe,SUCCESS,00,955,Mobile,Chicago,2024-06-30 09:14:14
36903,Square,SUCCESS,00,1235,Mobile,New York,2024-06-30 09:22:49
36904,AuthorizeNet,SUCCESS,00,802,Mobile,Chicago,2024-06-30 10:14:06
36905,AuthorizeNet,SUCCESS,00,582,Mobile,Dallas,2024-06-30 10:27:12
36906,PayPal,SUCCESS,00,880,POS,Los Angeles,2024-06-30 12:23:04
36907,PayPal,PENDING,99,986,ATM,Los Angeles,2024-06-30 14:15:55
36908,Stripe,SUCCESS,00,742,ATM,Dallas,2024-06-30 14:25:34
36909,Stripe,SUCCESS,00,523,Desktop,Chicago,2024-06-30 15:49:02
36910,PayPal,SUCCESS,00,1484,ATM,Los Angeles,2024-06-30 15:53:32
36911,Square,SUCCESS,00,968,Mobile,Dallas,2024-06-30 15:56:18
36912,Stripe,SUCCESS,00,860,Desktop,Dallas,2024-06-30 16:07:00
36913,Stripe,SUCCESS,00,803,Mobile,Los Angeles,2024-06-30 16:11:55
36914,PayPal,SUCCESS,00,216,ATM,Chicago,2024-06-30 16:18:20
36915,PayPal,PENDING,99,184,POS,Dallas,2024-06-30 17:48:28
36916,AuthorizeNet,SUCCESS,00,538,Mobile,Chicago,2024-06-30 18:11:19
36917,Stripe,SUCCESS,00,128,POS,Los Angeles,2024-07-01 00:29:27
36918,PayPal,SUCCESS,00,134,Mobile,Dallas,2024-07-01 02:00:49
36919,AuthorizeNet,SUCCESS,00,768,POS,Chicago,2024-07-01 03:34:33
36920,PayPal,SUCCESS,00,210,ATM,Los Angeles,2024-07-01 04:13:05
36921,Stripe,SUCCESS,00,1439,Mobile,Chicago,2024-07-01 04:45:28
36922,Square,SUCCESS,00,325,Desktop,Los Angeles,2024-07-01 05:10:05
36923,Stripe,SUCCESS,00,1260,ATM,Los Angeles,2024-07-01 05:36:35
36924,PayPal,SUCCESS,00,653,ATM,Chicago,2024-07-01 05:59:50
36925,Square,SUCCESS,00,886,POS,Los Angeles,2024-07-01 06:11:52
36926,Square,SUCCESS,00,357,Mobile,Dallas,2024-07-01 06:53:37
36927,Stripe,SUCCESS,00,373,POS,New York,2024-07-01 07:54:24
36928,AuthorizeNet,SUCCESS,00,531,ATM,Los Angeles,2024-07-01 09:22:29
36929,Square,FAILED,05,1233,Desktop,Chicago,2024-07-01 09:45:16
36930,AuthorizeNet,SUCCESS,00,126,POS,Los Angeles,2024-07-01 09:55:01
36931,AuthorizeNet,SUCCESS,00,1145,Mobile,Los Angeles,2024-07-01 10:51:55
36932,Square,SUCCESS,00,1265,ATM,Chicago,2024-07-01 11:14:37
36933,Square,SUCCESS,00,590,Desktop,New York,2024-07-01 11:38:17
36934,Square,SUCCESS,00,1174,Desktop,Los Angeles,2024-07-01 12:05:04
36935,Square,FAILED,05,130,POS,Dallas,2024-07-01 12:13:05
36936,PayPal,SUCCESS,00,762,ATM,Chicago,2024-07-01 13:01:42
36937,AuthorizeNet,SUCCESS,00,354,Mobile,Dallas,2024-07-01 13:36:11
36938,Square,SUCCESS,00,125,ATM,Los Angeles,2024-07-01 13:36:42
36939,PayPal,SUCCESS,00,383,ATM,Dallas,2024-07-01 14:55:24
36940,AuthorizeNet,SUCCESS,00,435,ATM,Los Angeles,2024-07-01 15:56:21
36941,Stripe,FAILED,05,1238,Desktop,Chicago,2024-07-01 15:57:39
36942,Square,FAILED,12,1098,ATM,Chicago,2024-07-01 17:05:54
36943,AuthorizeNet,SUCCESS,00,1170,ATM,New York,2024-07-01 18:17:09
36944,AuthorizeNet,SUCCESS,00,841,POS,Dallas,2024-07-01 18:24:16
36945,PayPal,SUCCESS,00,974,POS,Dallas,2024-07-01 18:48:49
36946,Stripe,FAILED,12,109,POS,Los Angeles,2024-07-01 19:31:04
36947,AuthorizeNet,FAILED,05,466,Mobile,New York,2024-07-01 19:36:45
36948,Square,SUCCESS,00,580,ATM,Dallas,2024-07-01 21:01:41
36949,PayPal,SUCCESS,00,1199,ATM,New York,2024-07-01 21:12:02
36950,Stripe,SUCCESS,00,1011,POS,Los Angeles,2024-07-01 21:53:51
36951,PayPal,SUCCESS,00,1249,ATM,Chicago,2024-07-01 22:18:14
36952,PayPal,SUCCESS,00,1324,Mobile,Los Angeles,2024-07-01 22:30:15
36953,PayPal,SUCCESS,00,593,Mobile,New York,2024-07-01 22:46:30
36954,PayPal,SUCCESS,00,1438,POS,Chicago,2024-07-01 23:38:51
36955,PayPal,SUCCESS,00,1445,Desktop,Dallas,2024-07-01 23:42:52
36956,AuthorizeNet,SUCCESS,00,1088,Mobile,New York,2024-07-02 00:44:59
36957,AuthorizeNet,SUCCESS,00,296,Desktop,Los Angeles,2024-07-02 01:30:11
36958,AuthorizeNet,SUCCESS,00,979,ATM,Dallas,2024-07-02 02:44:47
36959,Stripe,SUCCESS,00,553,Desktop,Chicago,2024-07-02 02:45:02
36960,Square,SUCCESS,00,1209,Desktop,Chicago,2024-07-02 02:47:23
36961,PayPal,SUCCESS,00,931,ATM,New York,2024-07-02 04:08:22
36962,Stripe,SUCCESS,00,554,POS,New York,2024-07-02 04:14:25
36963,Stripe,SUCCESS,00,189,Mobile,Los Angeles,2024-07-02 04:36:40
36964,AuthorizeNet,SUCCESS,00,821,Desktop,Chicago,2024-07-02 06:14:14
36965,Square,SUCCESS,00,1024,Desktop,Los Angeles,2024-07-02 08:08:23
36966,Stripe,SUCCESS,00,588,POS,New York,2024-07-02 08:26:41
36967,Stripe,SUCCESS,00,224,Mobile,Chicago,2024-07-02 09:03:31
36968,AuthorizeNet,SUCCESS,00,435,POS,Chicago,2024-07-02 10:41:47
36969,PayPal,SUCCESS,00,526,Desktop,New York,2024-07-02 12:12:48
36970,PayPal,SUCCESS,00,1062,Mobile,Los Angeles,2024-07-02 12:58:48
36971,PayPal,SUCCESS,00,1218,ATM,Dallas,2024-07-02 13:13:57
36972,AuthorizeNet,SUCCESS,00,1222,ATM,New York,2024-07-02 13:59:05
36973,Stripe,SUCCESS,00,715,POS,Dallas,2024-07-02 16:13:23
36974,PayPal,SUCCESS,00,1032,Desktop,Dallas,2024-07-02 16:40:09
36975,Stripe,FAILED,05,952,Mobile,Chicago,2024-07-02 17:12:41
36976,Stripe,SUCCESS,00,1106,Mobile,Dallas,2024-07-02 17:16:11
36977,Stripe,SUCCESS,00,1006,Desktop,New York,2024-07-02 17:18:13
36978,AuthorizeNet,SUCCESS,00,1352,POS,Los Angeles,2024-07-02 18:31:03
36979,Stripe,SUCCESS,00,1220,Mobile,Los Angeles,2024-07-02 18:56:47
36980,Square,SUCCESS,00,706,Desktop,Chicago,2024-07-02 19:15:55
36981,Stripe,FAILED,05,1393,Mobile,Dallas,2024-07-02 20:35:59
36982,Square,SUCCESS,00,216,ATM,Chicago,2024-07-02 21:11:43
36983,Stripe,SUCCESS,00,1232,Desktop,Los Angeles,2024-07-02 21:19:12
36984,PayPal,SUCCESS,00,125,Mobile,New York,2024-07-02 21:38:21
36985,Stripe,SUCCESS,00,364,Mobile,Los Angeles,2024-07-02 22:08:58
36986,AuthorizeNet,SUCCESS,00,894,Mobile,Dallas,2024-07-03 00:05:01
36987,AuthorizeNet,SUCCESS,00,831,Mobile,Dallas,2024-07-03 00:21:09
36988,PayPal,PENDING,99,1319,Mobile,Dallas,2024-07-03 00:48:35
36989,PayPal,SUCCESS,00,1112,Mobile,New York,2024-07-03 00:55:50
36990,Square,SUCCESS,00,1475,ATM,Los Angeles,2024-07-03 00:56:28
36991,AuthorizeNet,SUCCESS,00,162,ATM,New York,2024-07-03 03:29:09
36992,Square,SUCCESS,00,591,Desktop,New York,2024-07-03 04:24:51
36993,PayPal,SUCCESS,00,556,POS,Los Angeles,2024-07-03 04:28:40
36994,PayPal,SUCCESS,00,1077,ATM,Los Angeles,2024-07-03 04:51:41
36995,Square,SUCCESS,00,581,ATM,Chicago,2024-07-03 04:58:45
36996,Stripe,SUCCESS,00,255,ATM,Dallas,2024-07-03 06:20:16
36997,Stripe,SUCCESS,00,1363,Mobile,Dallas,2024-07-03 07:22:37
36998,Square,SUCCESS,00,367,Mobile,Chicago,2024-07-03 07:25:26
36999,AuthorizeNet,SUCCESS,00,1431,Desktop,Dallas,2024-07-03 07:43:50
37000,PayPal,SUCCESS,00,917,Mobile,Chicago,2024-07-03 07:53:16
37001,Stripe,SUCCESS,00,948,Mobile,Los Angeles,2024-07-03 09:01:00
37002,Square,SUCCESS,00,1096,Desktop,New York,2024-07-03 09:33:20
37003,Stripe,SUCCESS,00,772,ATM,Chicago,2024-07-03 10:02:08
37004,Stripe,SUCCESS,00,922,Mobile,Dallas,2024-07-03 10:29:02
37005,Square,SUCCESS,00,105,ATM,Los Angeles,2024-07-03 10:48:01
37006,PayPal,SUCCESS,00,1485,ATM,Dallas,2024-07-03 11:03:04
37007,AuthorizeNet,FAILED,05,1101,ATM,Dallas,2024-07-03 11:30:56
37008,PayPal,SUCCESS,00,1370,Mobile,Chicago,2024-07-03 11:51:28
37009,PayPal,SUCCESS,00,1130,Desktop,Chicago,2024-07-03 12:02:04
37010,PayPal,SUCCESS,00,381,Mobile,Los Angeles,2024-07-03 13:14:54
37011,Square,SUCCESS,00,925,Desktop,New York,2024-07-03 14:27:08
37012,Square,SUCCESS,00,1424,ATM,Chicago,2024-07-03 14:31:26
37013,Stripe,SUCCESS,00,491,Mobile,Los Angeles,2024-07-03 15:50:49
37014,AuthorizeNet,SUCCESS,00,1310,Desktop,New York,2024-07-03 16:42:54
37015,AuthorizeNet,SUCCESS,00,850,ATM,New York,2024-07-03 17:21:46
37016,PayPal,SUCCESS,00,1222,Desktop,Dallas,2024-07-03 17:58:54
37017,PayPal,SUCCESS,00,964,Mobile,Los Angeles,2024-07-03 18:06:03
37018,Square,SUCCESS,00,1312,ATM,Dallas,2024-07-03 18:40:48
37019,Square,SUCCESS,00,118,Mobile,Los Angeles,2024-07-03 21:59:20
37020,Stripe,SUCCESS,00,534,Mobile,Dallas,2024-07-03 23:29:49
37021,PayPal,SUCCESS,00,1218,POS,New York,2024-07-04 00:13:08
37022,Stripe,SUCCESS,00,600,ATM,Los Angeles,2024-07-04 00:30:53
37023,Square,SUCCESS,00,270,ATM,Chicago,2024-07-04 00:36:15
37024,Stripe,SUCCESS,00,776,POS,Dallas,2024-07-04 01:19:12
37025,AuthorizeNet,SUCCESS,00,495,ATM,Dallas,2024-07-04 01:28:30
37026,Stripe,SUCCESS,00,1354,Desktop,New York,2024-07-04 02:03:58
37027,Square,SUCCESS,00,666,Desktop,Chicago,2024-07-04 02:12:58
37028,PayPal,SUCCESS,00,556,Desktop,New York,2024-07-04 02:16:43
37029,AuthorizeNet,SUCCESS,00,1397,Desktop,Dallas,2024-07-04 02:19:21
37030,AuthorizeNet,FAILED,12,1060,POS,Los Angeles,2024-07-04 02:57:27
37031,Square,SUCCESS,00,713,ATM,Chicago,2024-07-04 04:20:10
37032,PayPal,SUCCESS,00,249,POS,Los Angeles,2024-07-04 04:27:27
37033,Stripe,SUCCESS,00,535,Desktop,Chicago,2024-07-04 05:22:03
37034,Square,FAILED,12,552,Mobile,New York,2024-07-04 05:35:18
37035,Square,SUCCESS,00,1312,ATM,Dallas,2024-07-04 05:38:31
37036,Square,SUCCESS,00,445,Mobile,Chicago,2024-07-04 05:40:59
37037,Square,SUCCESS,00,151,ATM,New York,2024-07-04 06:38:54
37038,PayPal,SUCCESS,00,547,Mobile,New York,2024-07-04 07:34:09
37039,AuthorizeNet,SUCCESS,00,1369,Mobile,Chicago,2024-07-04 08:10:11
37040,Square,SUCCESS,00,784,Mobile,Dallas,2024-07-04 08:16:49
37041,AuthorizeNet,SUCCESS,00,1218,ATM,New York,2024-07-04 09:09:31
37042,Stripe,SUCCESS,00,450,POS,Dallas,2024-07-04 09:17:13
37043,PayPal,FAILED,05,650,ATM,New York,2024-07-04 09:47:43
37044,PayPal,SUCCESS,00,1362,POS,Dallas,2024-07-04 10:15:21
37045,Square,SUCCESS,00,111,POS,New York,2024-07-04 10:20:03
37046,Square,SUCCESS,00,625,Desktop,Dallas,2024-07-04 10:28:47
37047,Stripe,SUCCESS,00,1417,Desktop,Chicago,2024-07-04 12:06:48
37048,PayPal,SUCCESS,00,398,Mobile,Chicago,2024-07-04 13:16:10
37049,Stripe,SUCCESS,00,1224,ATM,Dallas,2024-07-04 14:28:17
37050,AuthorizeNet,PENDING,99,1423,ATM,New York,2024-07-04 14:32:31
37051,PayPal,SUCCESS,00,1086,POS,Los Angeles,2024-07-04 15:50:49
37052,Stripe,SUCCESS,00,285,POS,New York,2024-07-04 15:55:27
37053,AuthorizeNet,SUCCESS,00,1129,Desktop,Chicago,2024-07-04 16:46:02
37054,PayPal,SUCCESS,00,954,Desktop,Chicago,2024-07-04 17:37:49
37055,AuthorizeNet,SUCCESS,00,378,Desktop,New York,2024-07-04 17:59:40
37056,Stripe,SUCCESS,00,316,ATM,Dallas,2024-07-04 18:10:04
37057,Stripe,SUCCESS,00,1159,Desktop,Dallas,2024-07-04 19:23:44
37058,AuthorizeNet,SUCCESS,00,907,Desktop,Los Angeles,2024-07-04 19:44:09
37059,AuthorizeNet,SUCCESS,00,1447,Mobile,New York,2024-07-04 19:52:11
37060,Stripe,SUCCESS,00,122,Desktop,Chicago,2024-07-04 20:07:04
37061,Square,SUCCESS,00,950,ATM,Chicago,2024-07-04 21:49:57
37062,PayPal,FAILED,12,1365,Mobile,Dallas,2024-07-04 21:56:48
37063,AuthorizeNet,SUCCESS,00,351,Desktop,Dallas,2024-07-04 22:09:40
37064,Stripe,FAILED,12,837,ATM,Chicago,2024-07-04 23:12:04
37065,Stripe,FAILED,05,1139,Mobile,Dallas,2024-07-05 00:21:37
37066,PayPal,SUCCESS,00,547,Desktop,Dallas,2024-07-05 00:39:50
37067,PayPal,FAILED,05,344,POS,Chicago,2024-07-05 00:51:27
37068,Square,SUCCESS,00,293,Desktop,New York,2024-07-05 01:05:46
37069,PayPal,SUCCESS,00,732,Mobile,Chicago,2024-07-05 01:26:10
37070,Stripe,SUCCESS,00,212,Desktop,Dallas,2024-07-05 01:46:54
37071,PayPal,SUCCESS,00,1262,ATM,Dallas,2024-07-05 01:57:06
37072,AuthorizeNet,SUCCESS,00,562,Mobile,Los Angeles,2024-07-05 05:28:36
37073,PayPal,SUCCESS,00,410,Mobile,Chicago,2024-07-05 05:38:20
37074,PayPal,SUCCESS,00,793,Desktop,Dallas,2024-07-05 06:46:06
37075,PayPal,SUCCESS,00,457,Desktop,Los Angeles,2024-07-05 07:21:35
37076,AuthorizeNet,SUCCESS,00,1483,Desktop,New York,2024-07-05 07:21:37
37077,AuthorizeNet,FAILED,05,548,POS,Dallas,2024-07-05 08:47:39
37078,AuthorizeNet,SUCCESS,00,575,ATM,Chicago,2024-07-05 09:07:19
37079,AuthorizeNet,SUCCESS,00,1195,ATM,New York,2024-07-05 10:22:22
37080,Square,SUCCESS,00,1150,Desktop,Los Angeles,2024-07-05 11:15:57
37081,Stripe,SUCCESS,00,1346,ATM,New York,2024-07-05 13:06:44
37082,AuthorizeNet,SUCCESS,00,288,POS,New York,2024-07-05 13:12:25
37083,PayPal,SUCCESS,00,1407,Mobile,Los Angeles,2024-07-05 13:53:22
37084,PayPal,SUCCESS,00,919,ATM,Dallas,2024-07-05 14:46:06
37085,Square,SUCCESS,00,1058,ATM,Los Angeles,2024-07-05 16:12:31
37086,PayPal,SUCCESS,00,651,Mobile,New York,2024-07-05 17:44:11
37087,Square,FAILED,05,1132,POS,New York,2024-07-05 18:45:12
37088,AuthorizeNet,FAILED,12,782,ATM,Chicago,2024-07-05 19:11:44
37089,PayPal,SUCCESS,00,102,Mobile,Los Angeles,2024-07-05 19:14:16
37090,Square,SUCCESS,00,596,ATM,Los Angeles,2024-07-05 20:34:13
37091,PayPal,SUCCESS,00,166,Desktop,Chicago,2024-07-05 20:40:10
37092,PayPal,SUCCESS,00,1491,Desktop,Chicago,2024-07-05 20:58:15
37093,Stripe,SUCCESS,00,877,Mobile,Dallas,2024-07-05 21:48:31
37094,Stripe,SUCCESS,00,1013,POS,New York,2024-07-05 21:51:13
37095,Stripe,FAILED,05,617,POS,New York,2024-07-05 22:49:08
37096,AuthorizeNet,SUCCESS,00,388,Desktop,Chicago,2024-07-05 23:29:52
37097,Stripe,SUCCESS,00,430,Desktop,Dallas,2024-07-05 23:50:39
37098,Stripe,SUCCESS,00,486,Mobile,Los Angeles,2024-07-05 23:51:27
37099,Square,SUCCESS,00,538,Desktop,New York,2024-07-05 23:55:15
37100,Square,SUCCESS,00,1178,ATM,Chicago,2024-07-06 00:54:21
37101,PayPal,SUCCESS,00,1351,Mobile,Chicago,2024-07-06 02:11:25
37102,PayPal,SUCCESS,00,231,ATM,New York,2024-07-06 03:45:44
37103,AuthorizeNet,SUCCESS,00,528,ATM,Chicago,2024-07-06 04:29:32
37104,Stripe,SUCCESS,00,1421,Mobile,New York,2024-07-06 05:32:16
37105,PayPal,SUCCESS,00,1042,Desktop,Dallas,2024-07-06 07:18:42
37106,AuthorizeNet,SUCCESS,00,251,Mobile,Dallas,2024-07-06 07:28:25
37107,AuthorizeNet,SUCCESS,00,1116,POS,Los Angeles,2024-07-06 07:35:35
37108,AuthorizeNet,SUCCESS,00,127,POS,Chicago,2024-07-06 07:46:26
37109,Stripe,SUCCESS,00,308,Mobile,Chicago,2024-07-06 07:52:04
37110,PayPal,SUCCESS,00,1412,Desktop,New York,2024-07-06 07:58:42
37111,PayPal,SUCCESS,00,782,ATM,Los Angeles,2024-07-06 08:11:57
37112,PayPal,SUCCESS,00,232,ATM,New York,2024-07-06 08:21:41
37113,Square,SUCCESS,00,664,Mobile,Chicago,2024-07-06 08:48:19
37114,PayPal,SUCCESS,00,197,POS,Chicago,2024-07-06 09:09:19
37115,Square,SUCCESS,00,1205,Mobile,Dallas,2024-07-06 09:31:13
37116,AuthorizeNet,SUCCESS,00,735,Desktop,Dallas,2024-07-06 10:29:30
37117,AuthorizeNet,SUCCESS,00,1490,POS,Chicago,2024-07-06 10:42:18
37118,Stripe,SUCCESS,00,393,ATM,Chicago,2024-07-06 11:28:49
37119,PayPal,SUCCESS,00,1438,ATM,Dallas,2024-07-06 11:29:36
37120,AuthorizeNet,SUCCESS,00,1124,Mobile,Dallas,2024-07-06 12:35:42
37121,Square,SUCCESS,00,1234,ATM,Los Angeles,2024-07-06 12:58:11
37122,PayPal,SUCCESS,00,801,ATM,New York,2024-07-06 13:29:42
37123,Stripe,SUCCESS,00,886,POS,Dallas,2024-07-06 13:36:35
37124,Stripe,SUCCESS,00,558,ATM,New York,2024-07-06 14:35:21
37125,PayPal,SUCCESS,00,1140,POS,Dallas,2024-07-06 14:41:24
37126,PayPal,SUCCESS,00,1164,Desktop,Chicago,2024-07-06 15:12:36
37127,Stripe,SUCCESS,00,1466,Desktop,Los Angeles,2024-07-06 15:33:34
37128,Square,SUCCESS,00,1302,Mobile,Chicago,2024-07-06 15:34:21
37129,AuthorizeNet,SUCCESS,00,1473,POS,New York,2024-07-06 15:47:07
37130,Square,SUCCESS,00,1272,Desktop,Chicago,2024-07-06 16:08:02
37131,Square,SUCCESS,00,1364,POS,Dallas,2024-07-06 17:03:32
37132,Stripe,SUCCESS,00,1276,Desktop,New York,2024-07-06 17:26:34
37133,Square,SUCCESS,00,136,Desktop,Dallas,2024-07-06 17:31:57
37134,PayPal,SUCCESS,00,520,POS,Chicago,2024-07-06 17:43:50
37135,Stripe,SUCCESS,00,666,Desktop,New York,2024-07-06 18:20:44
37136,Square,SUCCESS,00,240,POS,Los Angeles,2024-07-06 18:39:19
37137,Stripe,SUCCESS,00,904,POS,Chicago,2024-07-06 20:01:01
37138,Square,FAILED,12,157,Mobile,Chicago,2024-07-06 22:10:41
37139,Stripe,SUCCESS,00,301,POS,Dallas,2024-07-06 22:30:07
37140,Stripe,SUCCESS,00,281,POS,Dallas,2024-07-06 22:31:54
37141,Stripe,PENDING,99,290,ATM,Dallas,2024-07-06 23:27:54
37142,Stripe,SUCCESS,00,916,Desktop,Dallas,2024-07-07 00:57:37
37143,Square,SUCCESS,00,477,POS,New York,2024-07-07 01:26:59
37144,Square,PENDING,99,872,POS,Los Angeles,2024-07-07 02:38:33
37145,Stripe,SUCCESS,00,826,ATM,Dallas,2024-07-07 02:55:45
37146,Stripe,SUCCESS,00,577,Mobile,New York,2024-07-07 04:31:07
37147,AuthorizeNet,SUCCESS,00,713,ATM,New York,2024-07-07 04:35:29
37148,Stripe,SUCCESS,00,517,Desktop,New York,2024-07-07 05:56:26
37149,AuthorizeNet,SUCCESS,00,487,Desktop,Los Angeles,2024-07-07 06:13:30
37150,Square,SUCCESS,00,334,ATM,Los Angeles,2024-07-07 06:44:11
37151,Square,SUCCESS,00,1325,Desktop,Dallas,2024-07-07 07:08:52
37152,AuthorizeNet,SUCCESS,00,739,ATM,Chicago,2024-07-07 07:47:24
37153,Square,SUCCESS,00,350,POS,Los Angeles,2024-07-07 08:00:10
37154,Stripe,SUCCESS,00,971,Desktop,Chicago,2024-07-07 08:51:15
37155,Square,SUCCESS,00,1396,Mobile,Dallas,2024-07-07 09:42:11
37156,PayPal,FAILED,12,960,Desktop,Chicago,2024-07-07 10:12:12
37157,Square,SUCCESS,00,701,ATM,Chicago,2024-07-07 10:24:26
37158,AuthorizeNet,SUCCESS,00,484,POS,New York,2024-07-07 10:35:34
37159,PayPal,FAILED,05,1160,Desktop,New York,2024-07-07 11:01:18
37160,AuthorizeNet,SUCCESS,00,1003,ATM,Chicago,2024-07-07 13:04:32
37161,Square,SUCCESS,00,1148,POS,Dallas,2024-07-07 14:55:50
37162,Square,SUCCESS,00,433,ATM,Los Angeles,2024-07-07 15:21:46
37163,AuthorizeNet,SUCCESS,00,1425,POS,Dallas,2024-07-07 15:22:05
37164,Stripe,SUCCESS,00,988,Desktop,New York,2024-07-07 16:21:15
37165,Stripe,FAILED,05,182,ATM,New York,2024-07-07 16:52:59
37166,AuthorizeNet,SUCCESS,00,588,POS,New York,2024-07-07 16:57:04
37167,PayPal,SUCCESS,00,578,ATM,Los Angeles,2024-07-07 17:17:29
37168,Stripe,SUCCESS,00,879,ATM,Dallas,2024-07-07 18:01:29
37169,Square,FAILED,05,1441,Mobile,Dallas,2024-07-07 18:30:39
37170,Stripe,SUCCESS,00,1335,Desktop,Los Angeles,2024-07-07 19:04:40
37171,Square,SUCCESS,00,1456,Desktop,Chicago,2024-07-07 20:26:36
37172,Square,SUCCESS,00,546,Desktop,Los Angeles,2024-07-07 22:20:16
37173,Stripe,SUCCESS,00,1410,ATM,Los Angeles,2024-07-07 23:40:36
37174,Stripe,SUCCESS,00,666,ATM,Dallas,2024-07-07 23:46:43
37175,Stripe,SUCCESS,00,564,POS,Los Angeles,2024-07-08 00:49:34
37176,Stripe,SUCCESS,00,637,POS,Dallas,2024-07-08 00:50:30
37177,AuthorizeNet,SUCCESS,00,1117,Desktop,New York,2024-07-08 01:02:01
37178,Square,SUCCESS,00,346,ATM,New York,2024-07-08 01:28:40
37179,Stripe,SUCCESS,00,1233,ATM,Dallas,2024-07-08 02:11:42
37180,Stripe,SUCCESS,00,141,POS,Los Angeles,2024-07-08 02:37:56
37181,Stripe,SUCCESS,00,599,POS,Chicago,2024-07-08 02:45:05
37182,Square,SUCCESS,00,1387,Mobile,New York,2024-07-08 03:12:37
37183,Stripe,SUCCESS,00,1106,POS,Los Angeles,2024-07-08 03:20:49
37184,Square,SUCCESS,00,322,POS,Los Angeles,2024-07-08 04:31:07
37185,AuthorizeNet,SUCCESS,00,1024,Mobile,Los Angeles,2024-07-08 05:08:11
37186,PayPal,SUCCESS,00,479,ATM,New York,2024-07-08 05:18:31
37187,Stripe,FAILED,05,975,POS,Dallas,2024-07-08 07:46:30
37188,Square,SUCCESS,00,1111,Desktop,Los Angeles,2024-07-08 08:46:40
37189,Stripe,SUCCESS,00,163,Mobile,Dallas,2024-07-08 08:59:16
37190,Square,SUCCESS,00,314,Desktop,Los Angeles,2024-07-08 09:12:14
37191,Square,SUCCESS,00,682,ATM,New York,2024-07-08 10:11:47
37192,Square,SUCCESS,00,616,POS,Los Angeles,2024-07-08 10:19:21
37193,Stripe,FAILED,05,1491,Mobile,Los Angeles,2024-07-08 11:51:31
37194,PayPal,FAILED,12,1369,POS,Los Angeles,2024-07-08 13:31:02
37195,Stripe,SUCCESS,00,1221,Mobile,Dallas,2024-07-08 13:48:53
37196,Square,SUCCESS,00,874,ATM,Los Angeles,2024-07-08 14:34:42
37197,Stripe,SUCCESS,00,987,POS,Los Angeles,2024-07-08 15:10:39
37198,PayPal,SUCCESS,00,1448,Mobile,New York,2024-07-08 15:13:54
37199,PayPal,FAILED,05,1191,Desktop,Los Angeles,2024-07-08 16:22:00
37200,PayPal,SUCCESS,00,1045,ATM,Los Angeles,2024-07-08 16:47:50
37201,PayPal,SUCCESS,00,425,ATM,New York,2024-07-08 17:21:41
37202,Stripe,SUCCESS,00,1264,Desktop,New York,2024-07-08 18:21:22
37203,Stripe,SUCCESS,00,975,POS,Dallas,2024-07-08 18:57:40
37204,AuthorizeNet,SUCCESS,00,1058,Mobile,Chicago,2024-07-08 20:09:47
37205,Stripe,SUCCESS,00,1414,Mobile,Dallas,2024-07-08 20:24:59
37206,AuthorizeNet,SUCCESS,00,1061,Desktop,Los Angeles,2024-07-08 20:34:27
37207,Stripe,SUCCESS,00,1120,ATM,New York,2024-07-08 21:42:49
37208,PayPal,SUCCESS,00,522,ATM,Los Angeles,2024-07-08 22:13:25
37209,Stripe,SUCCESS,00,1187,Mobile,Los Angeles,2024-07-08 22:31:17
37210,Stripe,SUCCESS,00,139,POS,Chicago,2024-07-08 22:32:19
37211,Square,SUCCESS,00,860,Mobile,Los Angeles,2024-07-08 22:42:06
37212,PayPal,SUCCESS,00,1312,Mobile,New York,2024-07-09 00:14:15
37213,Stripe,SUCCESS,00,899,ATM,Los Angeles,2024-07-09 00:14:34
37214,Square,SUCCESS,00,678,POS,Los Angeles,2024-07-09 00:34:54
37215,AuthorizeNet,SUCCESS,00,1065,Desktop,Los Angeles,2024-07-09 00:52:57
37216,Stripe,SUCCESS,00,536,ATM,Chicago,2024-07-09 01:14:38
37217,AuthorizeNet,PENDING,99,537,POS,Dallas,2024-07-09 01:42:34
37218,Stripe,SUCCESS,00,1314,Mobile,Los Angeles,2024-07-09 03:17:47
37219,Square,SUCCESS,00,992,POS,Dallas,2024-07-09 03:24:54
37220,PayPal,SUCCESS,00,1291,POS,New York,2024-07-09 03:28:17
37221,PayPal,SUCCESS,00,810,POS,Los Angeles,2024-07-09 03:50:45
37222,Stripe,SUCCESS,00,256,POS,Los Angeles,2024-07-09 04:23:03
37223,Stripe,SUCCESS,00,459,POS,New York,2024-07-09 06:11:30
37224,PayPal,SUCCESS,00,659,Desktop,Los Angeles,2024-07-09 06:55:47
37225,PayPal,SUCCESS,00,936,ATM,New York,2024-07-09 07:00:37
37226,AuthorizeNet,SUCCESS,00,1027,Desktop,Dallas,2024-07-09 07:51:11
37227,Square,FAILED,05,874,POS,New York,2024-07-09 09:02:38
37228,Square,FAILED,12,773,Desktop,Los Angeles,2024-07-09 09:26:04
37229,Stripe,SUCCESS,00,168,POS,Dallas,2024-07-09 09:26:15
37230,AuthorizeNet,SUCCESS,00,760,Desktop,Los Angeles,2024-07-09 09:27:20
37231,Square,SUCCESS,00,718,Desktop,New York,2024-07-09 11:13:33
37232,PayPal,SUCCESS,00,1116,Desktop,Dallas,2024-07-09 11:15:05
37233,PayPal,SUCCESS,00,839,ATM,Chicago,2024-07-09 11:31:26
37234,Stripe,SUCCESS,00,804,Mobile,New York,2024-07-09 11:56:20
37235,Square,SUCCESS,00,956,Desktop,Chicago,2024-07-09 14:08:47
37236,PayPal,SUCCESS,00,1405,Desktop,Dallas,2024-07-09 14:26:40
37237,Stripe,SUCCESS,00,654,Mobile,Los Angeles,2024-07-09 14:27:11
37238,PayPal,SUCCESS,00,491,Desktop,Los Angeles,2024-07-09 14:57:16
37239,PayPal,SUCCESS,00,337,ATM,New York,2024-07-09 15:55:47
37240,Square,SUCCESS,00,1049,Mobile,Los Angeles,2024-07-09 16:43:39
37241,Stripe,SUCCESS,00,718,POS,New York,2024-07-09 17:46:58
37242,Square,SUCCESS,00,1023,POS,Los Angeles,2024-07-09 17:54:19
37243,AuthorizeNet,SUCCESS,00,1232,ATM,Dallas,2024-07-09 18:53:10
37244,AuthorizeNet,PENDING,99,789,POS,Los Angeles,2024-07-09 22:06:14
37245,Stripe,SUCCESS,00,856,ATM,Dallas,2024-07-09 23:50:21
37246,Square,SUCCESS,00,1284,ATM,Dallas,2024-07-10 01:24:39
37247,PayPal,SUCCESS,00,487,POS,New York,2024-07-10 02:12:11
37248,Stripe,SUCCESS,00,431,Mobile,Dallas,2024-07-10 03:18:05
37249,PayPal,PENDING,99,427,ATM,Chicago,2024-07-10 03:42:00
37250,PayPal,FAILED,12,1194,Mobile,Chicago,2024-07-10 04:51:14
37251,PayPal,SUCCESS,00,1348,Mobile,New York,2024-07-10 05:45:53
37252,Stripe,SUCCESS,00,1244,Mobile,Los Angeles,2024-07-10 06:08:56
37253,PayPal,SUCCESS,00,1030,ATM,Dallas,2024-07-10 06:47:30
37254,Square,SUCCESS,00,566,POS,Chicago,2024-07-10 06:58:02
37255,Square,SUCCESS,00,247,POS,Los Angeles,2024-07-10 07:01:08
37256,PayPal,SUCCESS,00,1180,POS,Dallas,2024-07-10 07:32:37
37257,AuthorizeNet,SUCCESS,00,1133,POS,Dallas,2024-07-10 08:14:04
37258,AuthorizeNet,SUCCESS,00,223,Desktop,New York,2024-07-10 08:30:24
37259,Square,SUCCESS,00,1474,Desktop,New York,2024-07-10 08:58:25
37260,PayPal,SUCCESS,00,936,Mobile,Dallas,2024-07-10 09:16:46
37261,AuthorizeNet,SUCCESS,00,763,Desktop,Chicago,2024-07-10 09:47:08
37262,AuthorizeNet,SUCCESS,00,583,POS,Dallas,2024-07-10 10:25:48
37263,PayPal,SUCCESS,00,110,ATM,Dallas,2024-07-10 10:57:07
37264,Square,SUCCESS,00,924,POS,Dallas,2024-07-10 11:16:13
37265,PayPal,SUCCESS,00,220,POS,Los Angeles,2024-07-10 13:25:33
37266,AuthorizeNet,SUCCESS,00,1228,Mobile,Chicago,2024-07-10 13:54:57
37267,PayPal,SUCCESS,00,1337,POS,Dallas,2024-07-10 14:21:37
37268,PayPal,SUCCESS,00,641,Mobile,Los Angeles,2024-07-10 14:58:59
37269,AuthorizeNet,SUCCESS,00,1463,Mobile,Los Angeles,2024-07-10 15:47:14
37270,AuthorizeNet,SUCCESS,00,125,Mobile,Dallas,2024-07-10 16:05:25
37271,Stripe,SUCCESS,00,1355,POS,Chicago,2024-07-10 16:10:47
37272,AuthorizeNet,SUCCESS,00,1253,Mobile,Los Angeles,2024-07-10 17:47:02
37273,Stripe,SUCCESS,00,270,Mobile,New York,2024-07-10 18:36:31
37274,PayPal,SUCCESS,00,984,Mobile,Dallas,2024-07-10 18:40:04
37275,AuthorizeNet,FAILED,05,405,Desktop,New York,2024-07-10 18:46:26
37276,Stripe,SUCCESS,00,823,Desktop,Los Angeles,2024-07-10 18:57:41
37277,AuthorizeNet,SUCCESS,00,425,Desktop,Chicago,2024-07-10 19:36:36
37278,AuthorizeNet,SUCCESS,00,454,ATM,Dallas,2024-07-10 19:45:49
37279,PayPal,SUCCESS,00,1241,ATM,Los Angeles,2024-07-10 20:58:04
37280,Stripe,SUCCESS,00,172,Desktop,Los Angeles,2024-07-10 21:06:52
37281,PayPal,SUCCESS,00,711,ATM,Chicago,2024-07-10 21:16:22
37282,Stripe,SUCCESS,00,812,ATM,Dallas,2024-07-10 21:20:17
37283,Stripe,SUCCESS,00,755,ATM,Los Angeles,2024-07-10 22:30:09
37284,PayPal,SUCCESS,00,968,ATM,Chicago,2024-07-10 23:02:36
37285,Square,SUCCESS,00,919,Mobile,New York,2024-07-10 23:24:00
37286,Stripe,FAILED,12,303,Mobile,Dallas,2024-07-10 23:33:30
37287,Stripe,SUCCESS,00,762,Desktop,Dallas,2024-07-10 23:47:21
37288,Square,SUCCESS,00,467,ATM,Dallas,2024-07-11 00:51:51
37289,Square,SUCCESS,00,638,POS,Dallas,2024-07-11 01:08:39
37290,Square,SUCCESS,00,1357,ATM,Chicago,2024-07-11 01:14:02
37291,PayPal,SUCCESS,00,1390,ATM,Dallas,2024-07-11 01:39:31
37292,AuthorizeNet,SUCCESS,00,956,Desktop,Los Angeles,2024-07-11 02:12:17
37293,PayPal,SUCCESS,00,432,POS,Dallas,2024-07-11 02:48:41
37294,AuthorizeNet,SUCCESS,00,200,Mobile,Chicago,2024-07-11 03:09:46
37295,PayPal,SUCCESS,00,978,ATM,Chicago,2024-07-11 03:34:28
37296,PayPal,SUCCESS,00,406,POS,Chicago,2024-07-11 05:27:19
37297,PayPal,PENDING,99,1061,Mobile,New York,2024-07-11 05:41:25
37298,Stripe,SUCCESS,00,549,POS,Los Angeles,2024-07-11 05:45:31
37299,Square,SUCCESS,00,650,Mobile,Dallas,2024-07-11 07:37:39
37300,PayPal,SUCCESS,00,1413,Desktop,New York,2024-07-11 09:30:03
37301,PayPal,SUCCESS,00,901,Desktop,Dallas,2024-07-11 10:36:41
37302,Square,FAILED,12,909,POS,New York,2024-07-11 12:15:17
37303,Stripe,SUCCESS,00,1165,Mobile,Dallas,2024-07-11 13:04:59
37304,PayPal,SUCCESS,00,540,POS,New York,2024-07-11 13:16:00
37305,PayPal,SUCCESS,00,425,ATM,Los Angeles,2024-07-11 15:34:30
37306,AuthorizeNet,SUCCESS,00,566,Desktop,New York,2024-07-11 16:06:50
37307,Square,SUCCESS,00,891,Desktop,Los Angeles,2024-07-11 17:26:47
37308,Square,SUCCESS,00,505,Mobile,Dallas,2024-07-11 17:43:59
37309,AuthorizeNet,SUCCESS,00,1159,Desktop,Dallas,2024-07-11 18:07:33
37310,Square,SUCCESS,00,457,Mobile,Los Angeles,2024-07-11 18:20:30
37311,AuthorizeNet,SUCCESS,00,923,ATM,Los Angeles,2024-07-11 19:26:31
37312,PayPal,SUCCESS,00,682,ATM,Chicago,2024-07-11 20:06:08
37313,Stripe,PENDING,99,1379,Mobile,Chicago,2024-07-11 21:10:21
37314,Square,SUCCESS,00,975,POS,Los Angeles,2024-07-11 22:11:37
37315,Stripe,SUCCESS,00,951,ATM,Chicago,2024-07-12 00:34:24
37316,PayPal,SUCCESS,00,784,ATM,New York,2024-07-12 02:26:12
37317,Square,SUCCESS,00,609,Mobile,Dallas,2024-07-12 02:55:45
37318,PayPal,SUCCESS,00,1160,Desktop,New York,2024-07-12 03:34:24
37319,PayPal,SUCCESS,00,523,ATM,Dallas,2024-07-12 04:19:41
37320,Square,SUCCESS,00,449,Mobile,Los Angeles,2024-07-12 05:42:50
37321,Stripe,SUCCESS,00,1051,Mobile,Los Angeles,2024-07-12 05:43:27
37322,Stripe,SUCCESS,00,1349,POS,Chicago,2024-07-12 05:52:46
37323,AuthorizeNet,SUCCESS,00,896,Mobile,Dallas,2024-07-12 07:35:00
37324,AuthorizeNet,SUCCESS,00,269,Mobile,New York,2024-07-12 07:35:06
37325,PayPal,SUCCESS,00,1325,POS,Chicago,2024-07-12 08:09:47
37326,AuthorizeNet,SUCCESS,00,193,Desktop,Dallas,2024-07-12 08:25:31
37327,AuthorizeNet,SUCCESS,00,393,ATM,Los Angeles,2024-07-12 08:43:19
37328,Stripe,SUCCESS,00,1279,Mobile,Los Angeles,2024-07-12 09:30:21
37329,Square,SUCCESS,00,941,Mobile,New York,2024-07-12 09:43:51
37330,PayPal,SUCCESS,00,893,POS,New York,2024-07-12 10:29:46
37331,Square,SUCCESS,00,520,POS,New York,2024-07-12 11:32:32
37332,Stripe,SUCCESS,00,647,POS,Chicago,2024-07-12 12:20:57
37333,PayPal,SUCCESS,00,270,Desktop,Dallas,2024-07-12 13:06:50
37334,Square,SUCCESS,00,389,Mobile,Chicago,2024-07-12 13:28:22
37335,Square,FAILED,05,449,POS,Chicago,2024-07-12 13:37:46
37336,Stripe,SUCCESS,00,1462,Mobile,Dallas,2024-07-12 13:42:59
37337,PayPal,SUCCESS,00,1230,ATM,Los Angeles,2024-07-12 14:03:02
37338,Square,SUCCESS,00,571,Mobile,Dallas,2024-07-12 14:36:53
37339,PayPal,SUCCESS,00,497,POS,New York,2024-07-12 14:55:08
37340,Stripe,SUCCESS,00,1261,POS,Dallas,2024-07-12 16:12:11
37341,PayPal,SUCCESS,00,660,POS,New York,2024-07-12 16:41:00
37342,AuthorizeNet,SUCCESS,00,1393,POS,Los Angeles,2024-07-12 17:04:10
37343,Square,SUCCESS,00,1318,Mobile,New York,2024-07-12 17:31:04
37344,AuthorizeNet,SUCCESS,00,189,Mobile,Los Angeles,2024-07-12 19:53:17
37345,PayPal,SUCCESS,00,1353,Desktop,Dallas,2024-07-12 19:56:50
37346,AuthorizeNet,SUCCESS,00,268,ATM,New York,2024-07-12 20:32:06
37347,Square,SUCCESS,00,715,Mobile,Dallas,2024-07-12 21:47:52
37348,AuthorizeNet,SUCCESS,00,1071,POS,Los Angeles,2024-07-12 23:20:09
37349,Square,SUCCESS,00,875,Mobile,Chicago,2024-07-12 23:36:50
37350,AuthorizeNet,SUCCESS,00,1315,Desktop,Los Angeles,2024-07-13 01:24:34
37351,PayPal,SUCCESS,00,487,Mobile,Los Angeles,2024-07-13 02:46:03
37352,Stripe,SUCCESS,00,382,Desktop,Los Angeles,2024-07-13 03:31:26
37353,Stripe,FAILED,05,629,POS,Dallas,2024-07-13 03:32:58
37354,AuthorizeNet,SUCCESS,00,749,ATM,Los Angeles,2024-07-13 04:37:30
37355,Stripe,SUCCESS,00,728,Desktop,New York,2024-07-13 04:51:53
37356,AuthorizeNet,SUCCESS,00,1269,POS,Chicago,2024-07-13 05:02:38
37357,AuthorizeNet,SUCCESS,00,726,Desktop,New York,2024-07-13 05:15:31
37358,Stripe,SUCCESS,00,450,Desktop,Dallas,2024-07-13 05:58:16
37359,PayPal,SUCCESS,00,866,Mobile,Dallas,2024-07-13 08:03:53
37360,Stripe,SUCCESS,00,1073,POS,New York,2024-07-13 10:27:03
37361,AuthorizeNet,SUCCESS,00,976,Desktop,Los Angeles,2024-07-13 11:16:00
37362,Stripe,SUCCESS,00,211,Desktop,Los Angeles,2024-07-13 11:50:44
37363,Square,FAILED,05,247,ATM,New York,2024-07-13 12:01:55
37364,AuthorizeNet,SUCCESS,00,536,POS,New York,2024-07-13 12:37:34
37365,Square,SUCCESS,00,631,ATM,Dallas,2024-07-13 12:42:49
37366,AuthorizeNet,SUCCESS,00,1409,Mobile,Los Angeles,2024-07-13 12:43:29
37367,PayPal,FAILED,05,1413,ATM,New York,2024-07-13 15:10:05
37368,Stripe,SUCCESS,00,419,Mobile,Dallas,2024-07-13 15:43:30
37369,AuthorizeNet,SUCCESS,00,224,Mobile,New York,2024-07-13 16:01:02
37370,AuthorizeNet,SUCCESS,00,1251,Mobile,Dallas,2024-07-13 16:05:51
37371,PayPal,SUCCESS,00,1218,Mobile,Dallas,2024-07-13 16:31:54
37372,Square,SUCCESS,00,235,POS,Los Angeles,2024-07-13 16:32:11
37373,AuthorizeNet,SUCCESS,00,613,Mobile,Chicago,2024-07-13 16:51:59
37374,PayPal,SUCCESS,00,253,Desktop,Los Angeles,2024-07-13 17:05:23
37375,Square,SUCCESS,00,618,POS,Chicago,2024-07-13 17:24:41
37376,Stripe,SUCCESS,00,1273,Mobile,Dallas,2024-07-13 17:25:26
37377,Stripe,SUCCESS,00,1411,Mobile,Chicago,2024-07-13 18:07:36
37378,PayPal,FAILED,12,741,POS,Los Angeles,2024-07-13 20:15:31
37379,AuthorizeNet,SUCCESS,00,780,Mobile,Los Angeles,2024-07-13 21:13:12
37380,PayPal,SUCCESS,00,1019,Desktop,New York,2024-07-13 22:59:18
37381,AuthorizeNet,FAILED,05,797,ATM,Dallas,2024-07-14 00:29:41
37382,Stripe,SUCCESS,00,1458,Desktop,Dallas,2024-07-14 00:50:41
37383,Square,SUCCESS,00,1277,POS,Chicago,2024-07-14 00:53:58
37384,Stripe,SUCCESS,00,667,ATM,Los Angeles,2024-07-14 01:15:29
37385,Stripe,SUCCESS,00,1029,POS,Chicago,2024-07-14 02:00:45
37386,PayPal,SUCCESS,00,621,POS,Chicago,2024-07-14 02:54:41
37387,Stripe,SUCCESS,00,1160,Desktop,Dallas,2024-07-14 03:56:11
37388,Square,SUCCESS,00,681,Mobile,Dallas,2024-07-14 05:21:25
37389,PayPal,SUCCESS,00,324,Desktop,Chicago,2024-07-14 06:22:21
37390,AuthorizeNet,FAILED,12,1301,POS,New York,2024-07-14 06:32:06
37391,Stripe,FAILED,05,207,POS,New York,2024-07-14 06:47:43
37392,AuthorizeNet,SUCCESS,00,385,POS,Los Angeles,2024-07-14 08:09:52
37393,AuthorizeNet,SUCCESS,00,826,Desktop,Dallas,2024-07-14 08:55:49
37394,PayPal,SUCCESS,00,1159,Desktop,Chicago,2024-07-14 08:59:10
37395,PayPal,SUCCESS,00,1150,POS,New York,2024-07-14 09:10:09
37396,PayPal,SUCCESS,00,112,Mobile,Los Angeles,2024-07-14 09:15:53
37397,Square,SUCCESS,00,1036,Mobile,Chicago,2024-07-14 09:17:55
37398,Stripe,SUCCESS,00,1301,POS,Los Angeles,2024-07-14 10:19:47
37399,Stripe,FAILED,05,169,Desktop,New York,2024-07-14 13:11:07
37400,Stripe,SUCCESS,00,1375,Mobile,New York,2024-07-14 13:29:08
37401,AuthorizeNet,SUCCESS,00,1380,Mobile,Chicago,2024-07-14 14:02:01
37402,Square,SUCCESS,00,1481,Desktop,Los Angeles,2024-07-14 14:05:48
37403,Square,SUCCESS,00,449,ATM,New York,2024-07-14 15:11:55
37404,Square,SUCCESS,00,1206,Mobile,Chicago,2024-07-14 15:27:17
37405,PayPal,SUCCESS,00,1465,Desktop,Chicago,2024-07-14 15:36:13
37406,Stripe,SUCCESS,00,1440,Desktop,Chicago,2024-07-14 16:12:40
37407,Square,SUCCESS,00,444,Desktop,Dallas,2024-07-14 16:26:51
37408,Stripe,SUCCESS,00,598,Mobile,Dallas,2024-07-14 17:52:08
37409,AuthorizeNet,SUCCESS,00,222,ATM,Dallas,2024-07-14 19:23:08
37410,Square,SUCCESS,00,491,Desktop,New York,2024-07-14 19:37:18
37411,AuthorizeNet,SUCCESS,00,1202,Desktop,Dallas,2024-07-14 19:54:39
37412,PayPal,SUCCESS,00,146,ATM,New York,2024-07-14 20:24:53
37413,PayPal,PENDING,99,1417,POS,New York,2024-07-14 20:35:34
37414,Stripe,SUCCESS,00,1102,Desktop,Chicago,2024-07-14 21:28:47
37415,PayPal,SUCCESS,00,276,ATM,New York,2024-07-14 21:46:38
37416,Square,SUCCESS,00,1487,POS,New York,2024-07-14 22:07:38
37417,AuthorizeNet,SUCCESS,00,1041,ATM,Dallas,2024-07-15 01:50:33
37418,AuthorizeNet,SUCCESS,00,179,Desktop,Dallas,2024-07-15 02:11:47
37419,Square,SUCCESS,00,564,Desktop,New York,2024-07-15 02:27:17
37420,Square,SUCCESS,00,1103,Mobile,Los Angeles,2024-07-15 02:59:24
37421,PayPal,SUCCESS,00,1198,POS,Los Angeles,2024-07-15 03:12:06
37422,Stripe,SUCCESS,00,639,Desktop,Chicago,2024-07-15 03:44:52
37423,Square,SUCCESS,00,565,POS,Chicago,2024-07-15 04:01:09
37424,Stripe,SUCCESS,00,265,POS,New York,2024-07-15 04:34:54
37425,Square,SUCCESS,00,1078,POS,Dallas,2024-07-15 04:54:19
37426,AuthorizeNet,SUCCESS,00,477,Mobile,Los Angeles,2024-07-15 06:35:26
37427,Stripe,SUCCESS,00,935,POS,New York,2024-07-15 07:27:47
37428,PayPal,SUCCESS,00,966,ATM,New York,2024-07-15 09:00:07
37429,Stripe,SUCCESS,00,195,Mobile,Dallas,2024-07-15 09:21:50
37430,Square,SUCCESS,00,1494,ATM,Los Angeles,2024-07-15 09:33:46
37431,Square,SUCCESS,00,1146,ATM,Chicago,2024-07-15 09:56:32
37432,PayPal,SUCCESS,00,1044,ATM,Chicago,2024-07-15 10:03:32
37433,PayPal,SUCCESS,00,594,POS,Chicago,2024-07-15 10:31:21
37434,AuthorizeNet,SUCCESS,00,478,POS,Los Angeles,2024-07-15 10:35:05
37435,PayPal,SUCCESS,00,1365,Desktop,Chicago,2024-07-15 11:04:30
37436,Square,SUCCESS,00,944,Desktop,Dallas,2024-07-15 14:11:40
37437,Stripe,SUCCESS,00,857,Mobile,Chicago,2024-07-15 15:37:31
37438,Square,SUCCESS,00,1187,ATM,Los Angeles,2024-07-15 16:50:01
37439,PayPal,SUCCESS,00,682,Mobile,Chicago,2024-07-15 17:03:04
37440,AuthorizeNet,SUCCESS,00,608,Mobile,New York,2024-07-15 18:54:52
37441,PayPal,SUCCESS,00,1178,ATM,Los Angeles,2024-07-15 19:03:45
37442,Stripe,SUCCESS,00,1391,Desktop,Dallas,2024-07-15 19:50:47
37443,AuthorizeNet,FAILED,05,913,Desktop,Chicago,2024-07-15 19:53:26
37444,AuthorizeNet,SUCCESS,00,274,Mobile,Chicago,2024-07-15 20:11:27
37445,Stripe,SUCCESS,00,522,Desktop,Chicago,2024-07-15 20:56:43
37446,PayPal,SUCCESS,00,450,Desktop,Dallas,2024-07-15 21:18:36
37447,AuthorizeNet,SUCCESS,00,468,ATM,Dallas,2024-07-15 21:20:17
37448,Square,SUCCESS,00,712,Mobile,Los Angeles,2024-07-15 21:51:51
37449,PayPal,SUCCESS,00,249,ATM,New York,2024-07-15 22:19:38
37450,PayPal,SUCCESS,00,203,ATM,Dallas,2024-07-15 22:57:59
37451,Stripe,SUCCESS,00,1277,Desktop,Chicago,2024-07-15 23:23:04
37452,AuthorizeNet,SUCCESS,00,1154,ATM,Los Angeles,2024-07-15 23:23:14
37453,PayPal,SUCCESS,00,259,ATM,New York,2024-07-15 23:41:02
37454,PayPal,SUCCESS,00,863,ATM,Chicago,2024-07-15 23:41:58
37455,AuthorizeNet,SUCCESS,00,1045,ATM,Los Angeles,2024-07-15 23:43:16
37456,Square,SUCCESS,00,405,Desktop,Los Angeles,2024-07-16 00:01:04
37457,Square,SUCCESS,00,294,ATM,Dallas,2024-07-16 00:40:04
37458,AuthorizeNet,SUCCESS,00,713,ATM,Los Angeles,2024-07-16 00:40:15
37459,Stripe,SUCCESS,00,352,POS,Dallas,2024-07-16 00:56:08
37460,PayPal,SUCCESS,00,201,POS,New York,2024-07-16 01:20:33
37461,Square,SUCCESS,00,147,Desktop,Los Angeles,2024-07-16 02:29:13
37462,PayPal,FAILED,12,1348,ATM,New York,2024-07-16 04:25:17
37463,Stripe,SUCCESS,00,1179,POS,Chicago,2024-07-16 06:17:51
37464,PayPal,SUCCESS,00,770,POS,New York,2024-07-16 06:33:17
37465,AuthorizeNet,SUCCESS,00,271,ATM,New York,2024-07-16 07:39:27
37466,Square,SUCCESS,00,668,POS,Dallas,2024-07-16 07:50:26
37467,Stripe,FAILED,05,743,POS,New York,2024-07-16 09:43:26
37468,AuthorizeNet,SUCCESS,00,654,Mobile,Los Angeles,2024-07-16 10:57:46
37469,Stripe,FAILED,05,331,ATM,Chicago,2024-07-16 12:01:28
37470,AuthorizeNet,SUCCESS,00,418,Mobile,New York,2024-07-16 12:14:56
37471,Square,SUCCESS,00,168,POS,Chicago,2024-07-16 13:15:15
37472,AuthorizeNet,SUCCESS,00,674,Mobile,Los Angeles,2024-07-16 13:28:56
37473,PayPal,SUCCESS,00,462,Desktop,Dallas,2024-07-16 14:45:28
37474,Square,SUCCESS,00,1042,Desktop,Los Angeles,2024-07-16 14:48:13
37475,PayPal,SUCCESS,00,1327,ATM,New York,2024-07-16 14:59:11
37476,Stripe,SUCCESS,00,279,Desktop,Los Angeles,2024-07-16 15:14:17
37477,Stripe,SUCCESS,00,902,Mobile,Los Angeles,2024-07-16 15:30:17
37478,PayPal,SUCCESS,00,724,ATM,Dallas,2024-07-16 15:42:43
37479,Stripe,SUCCESS,00,289,Desktop,New York,2024-07-16 16:19:55
37480,Stripe,SUCCESS,00,1280,ATM,Dallas,2024-07-16 16:31:20
37481,Square,SUCCESS,00,691,Mobile,Dallas,2024-07-16 18:48:31
37482,AuthorizeNet,SUCCESS,00,714,POS,Los Angeles,2024-07-16 19:04:39
37483,AuthorizeNet,SUCCESS,00,1268,Desktop,New York,2024-07-16 19:41:02
37484,AuthorizeNet,SUCCESS,00,494,Mobile,Dallas,2024-07-16 19:48:46
37485,Square,SUCCESS,00,542,Mobile,Chicago,2024-07-16 19:54:35
37486,AuthorizeNet,FAILED,12,298,ATM,Dallas,2024-07-16 20:23:52
37487,Stripe,SUCCESS,00,1081,Desktop,Chicago,2024-07-16 20:35:07
37488,AuthorizeNet,SUCCESS,00,943,POS,Chicago,2024-07-16 21:27:19
37489,PayPal,SUCCESS,00,434,Desktop,Los Angeles,2024-07-16 22:04:21
37490,PayPal,SUCCESS,00,109,POS,Dallas,2024-07-16 23:07:52
37491,PayPal,SUCCESS,00,1230,Desktop,Los Angeles,2024-07-16 23:09:28
37492,PayPal,SUCCESS,00,138,POS,Los Angeles,2024-07-16 23:59:37
37493,AuthorizeNet,SUCCESS,00,1202,ATM,Chicago,2024-07-17 01:26:57
37494,Stripe,SUCCESS,00,1441,Mobile,Los Angeles,2024-07-17 01:54:05
37495,Stripe,SUCCESS,00,878,ATM,Dallas,2024-07-17 03:17:04
37496,AuthorizeNet,SUCCESS,00,1328,Mobile,Los Angeles,2024-07-17 03:32:38
37497,Stripe,SUCCESS,00,197,Mobile,Chicago,2024-07-17 04:23:06
37498,Stripe,SUCCESS,00,1227,Desktop,Los Angeles,2024-07-17 04:37:22
37499,Square,SUCCESS,00,487,POS,Los Angeles,2024-07-17 04:41:02
37500,PayPal,SUCCESS,00,708,ATM,Chicago,2024-07-17 05:06:19
37501,Square,SUCCESS,00,787,Desktop,Chicago,2024-07-17 05:25:13
37502,AuthorizeNet,SUCCESS,00,1404,POS,Los Angeles,2024-07-17 05:59:05
37503,Stripe,FAILED,05,144,Desktop,Dallas,2024-07-17 06:32:02
37504,Stripe,SUCCESS,00,742,ATM,New York,2024-07-17 10:33:29
37505,AuthorizeNet,SUCCESS,00,756,Mobile,Los Angeles,2024-07-17 11:10:57
37506,Square,SUCCESS,00,1119,POS,New York,2024-07-17 11:40:49
37507,Square,SUCCESS,00,789,Desktop,Dallas,2024-07-17 11:53:35
37508,Stripe,SUCCESS,00,1196,ATM,Dallas,2024-07-17 13:32:54
37509,AuthorizeNet,SUCCESS,00,845,Mobile,New York,2024-07-17 15:31:10
37510,Square,SUCCESS,00,1002,POS,Chicago,2024-07-17 15:31:26
37511,PayPal,SUCCESS,00,333,ATM,Chicago,2024-07-17 15:54:38
37512,AuthorizeNet,SUCCESS,00,233,ATM,Los Angeles,2024-07-17 16:56:57
37513,Square,SUCCESS,00,886,Mobile,Los Angeles,2024-07-17 17:17:53
37514,PayPal,SUCCESS,00,261,ATM,Chicago,2024-07-17 18:23:03
37515,Square,SUCCESS,00,1065,Desktop,Los Angeles,2024-07-17 18:52:50
37516,PayPal,PENDING,99,1017,POS,Dallas,2024-07-17 21:34:34
37517,PayPal,SUCCESS,00,162,POS,Chicago,2024-07-17 21:38:46
37518,AuthorizeNet,SUCCESS,00,327,POS,Dallas,2024-07-17 22:25:52
37519,PayPal,SUCCESS,00,860,Desktop,Chicago,2024-07-17 23:01:50
37520,PayPal,SUCCESS,00,611,POS,Los Angeles,2024-07-18 00:04:01
37521,PayPal,SUCCESS,00,313,Mobile,Chicago,2024-07-18 00:29:23
37522,Square,SUCCESS,00,343,ATM,Chicago,2024-07-18 00:40:09
37523,AuthorizeNet,SUCCESS,00,1319,POS,Chicago,2024-07-18 01:27:40
37524,Square,SUCCESS,00,1422,Mobile,New York,2024-07-18 01:46:51
37525,PayPal,SUCCESS,00,1194,ATM,Dallas,2024-07-18 05:27:39
37526,PayPal,SUCCESS,00,484,Desktop,Dallas,2024-07-18 06:26:49
37527,Square,SUCCESS,00,523,Desktop,Los Angeles,2024-07-18 06:46:02
37528,AuthorizeNet,SUCCESS,00,681,POS,Los Angeles,2024-07-18 09:08:19
37529,Square,FAILED,05,469,Mobile,Chicago,2024-07-18 09:09:55
37530,PayPal,SUCCESS,00,905,Desktop,Chicago,2024-07-18 09:55:58
37531,AuthorizeNet,SUCCESS,00,1293,ATM,Chicago,2024-07-18 11:40:33
37532,PayPal,SUCCESS,00,827,Mobile,New York,2024-07-18 11:57:17
37533,Square,SUCCESS,00,913,Desktop,Dallas,2024-07-18 12:20:01
37534,Stripe,SUCCESS,00,1445,Desktop,Los Angeles,2024-07-18 12:29:30
37535,Stripe,FAILED,05,316,ATM,Dallas,2024-07-18 12:34:39
37536,Stripe,SUCCESS,00,1048,Mobile,Chicago,2024-07-18 13:20:25
37537,Stripe,SUCCESS,00,1119,POS,Dallas,2024-07-18 14:08:36
37538,PayPal,SUCCESS,00,365,POS,Los Angeles,2024-07-18 14:20:32
37539,AuthorizeNet,SUCCESS,00,1328,Desktop,Dallas,2024-07-18 14:22:48
37540,Stripe,SUCCESS,00,1076,Mobile,Chicago,2024-07-18 14:46:36
37541,AuthorizeNet,SUCCESS,00,167,POS,Dallas,2024-07-18 14:56:44
37542,Square,SUCCESS,00,982,ATM,Dallas,2024-07-18 15:46:37
37543,Stripe,SUCCESS,00,591,Desktop,New York,2024-07-18 17:23:15
37544,AuthorizeNet,SUCCESS,00,1133,POS,Los Angeles,2024-07-18 17:34:50
37545,Stripe,SUCCESS,00,461,Mobile,Dallas,2024-07-18 18:00:38
37546,Stripe,SUCCESS,00,819,POS,New York,2024-07-18 19:05:50
37547,PayPal,SUCCESS,00,1158,Desktop,Los Angeles,2024-07-18 19:43:55
37548,AuthorizeNet,FAILED,12,262,Desktop,Los Angeles,2024-07-18 21:06:28
37549,Square,SUCCESS,00,1151,ATM,Dallas,2024-07-18 21:19:12
37550,PayPal,FAILED,12,1221,POS,Los Angeles,2024-07-18 21:37:45
37551,AuthorizeNet,FAILED,05,1411,POS,Chicago,2024-07-18 22:09:27
37552,AuthorizeNet,SUCCESS,00,1055,Mobile,Dallas,2024-07-19 00:11:20
37553,PayPal,SUCCESS,00,1137,Mobile,Dallas,2024-07-19 01:04:28
37554,Stripe,SUCCESS,00,617,Mobile,Los Angeles,2024-07-19 01:20:57
37555,Square,SUCCESS,00,643,POS,Dallas,2024-07-19 02:29:51
37556,Square,SUCCESS,00,883,Desktop,Los Angeles,2024-07-19 02:49:15
37557,Square,SUCCESS,00,272,Desktop,Los Angeles,2024-07-19 03:04:00
37558,Stripe,SUCCESS,00,827,Desktop,New York,2024-07-19 04:03:22
37559,PayPal,SUCCESS,00,992,Desktop,Dallas,2024-07-19 04:58:39
37560,AuthorizeNet,SUCCESS,00,593,Mobile,New York,2024-07-19 07:17:21
37561,AuthorizeNet,SUCCESS,00,1343,ATM,Chicago,2024-07-19 08:01:41
37562,PayPal,PENDING,99,482,ATM,Dallas,2024-07-19 08:39:30
37563,Square,SUCCESS,00,717,ATM,Dallas,2024-07-19 08:55:13
37564,PayPal,FAILED,12,291,Desktop,Dallas,2024-07-19 11:15:53
37565,PayPal,SUCCESS,00,493,POS,New York,2024-07-19 12:03:20
37566,AuthorizeNet,SUCCESS,00,337,Mobile,New York,2024-07-19 12:29:54
37567,Square,FAILED,05,396,Desktop,New York,2024-07-19 12:53:47
37568,Stripe,SUCCESS,00,783,Desktop,Chicago,2024-07-19 14:21:16
37569,Square,SUCCESS,00,1103,Mobile,Dallas,2024-07-19 14:24:02
37570,Square,SUCCESS,00,1179,Desktop,Chicago,2024-07-19 14:24:19
37571,Stripe,SUCCESS,00,1308,Desktop,New York,2024-07-19 14:48:24
37572,PayPal,SUCCESS,00,713,ATM,Chicago,2024-07-19 14:55:02
37573,PayPal,SUCCESS,00,1252,ATM,New York,2024-07-19 15:18:31
37574,Square,SUCCESS,00,1157,ATM,New York,2024-07-19 16:17:22
37575,Stripe,SUCCESS,00,1383,Mobile,Los Angeles,2024-07-19 16:25:08
37576,PayPal,SUCCESS,00,380,Desktop,Los Angeles,2024-07-19 17:10:10
37577,AuthorizeNet,SUCCESS,00,430,ATM,Chicago,2024-07-19 18:43:31
37578,PayPal,SUCCESS,00,1414,ATM,Dallas,2024-07-19 20:13:18
37579,AuthorizeNet,FAILED,05,717,Mobile,New York,2024-07-19 21:13:07
37580,Stripe,SUCCESS,00,565,Mobile,Dallas,2024-07-19 21:33:41
37581,PayPal,SUCCESS,00,623,POS,Dallas,2024-07-19 22:03:07
37582,AuthorizeNet,SUCCESS,00,1101,Mobile,Dallas,2024-07-19 23:05:40
37583,Stripe,SUCCESS,00,770,ATM,Chicago,2024-07-19 23:43:40
37584,AuthorizeNet,SUCCESS,00,490,Desktop,Los Angeles,2024-07-20 00:39:57
37585,Stripe,SUCCESS,00,219,Desktop,Los Angeles,2024-07-20 03:06:43
37586,PayPal,SUCCESS,00,956,ATM,New York,2024-07-20 03:17:26
37587,Stripe,SUCCESS,00,230,ATM,Dallas,2024-07-20 04:40:04
37588,Stripe,SUCCESS,00,325,Desktop,Dallas,2024-07-20 05:14:05
37589,AuthorizeNet,SUCCESS,00,541,Desktop,Los Angeles,2024-07-20 06:48:48
37590,AuthorizeNet,SUCCESS,00,541,POS,Los Angeles,2024-07-20 08:38:51
37591,AuthorizeNet,SUCCESS,00,779,POS,Los Angeles,2024-07-20 09:06:30
37592,Stripe,SUCCESS,00,1438,ATM,Chicago,2024-07-20 09:16:19
37593,Stripe,SUCCESS,00,672,Desktop,New York,2024-07-20 09:56:10
37594,PayPal,SUCCESS,00,1308,POS,Los Angeles,2024-07-20 09:58:28
37595,Square,FAILED,05,559,ATM,Chicago,2024-07-20 11:01:31
37596,PayPal,SUCCESS,00,332,ATM,New York,2024-07-20 11:15:51
37597,PayPal,SUCCESS,00,689,POS,Los Angeles,2024-07-20 11:48:01
37598,PayPal,SUCCESS,00,393,POS,Dallas,2024-07-20 11:51:06
37599,PayPal,SUCCESS,00,679,ATM,Los Angeles,2024-07-20 11:56:10
37600,AuthorizeNet,SUCCESS,00,199,Mobile,New York,2024-07-20 12:24:02
37601,Stripe,SUCCESS,00,727,Desktop,Dallas,2024-07-20 12:46:56
37602,Square,FAILED,12,901,POS,Dallas,2024-07-20 13:22:58
37603,Stripe,SUCCESS,00,544,Desktop,New York,2024-07-20 15:26:31
37604,Square,SUCCESS,00,847,POS,Chicago,2024-07-20 16:17:10
37605,PayPal,SUCCESS,00,1030,Desktop,New York,2024-07-20 16:22:10
37606,PayPal,PENDING,99,192,Mobile,New York,2024-07-20 17:22:47
37607,AuthorizeNet,SUCCESS,00,419,POS,Chicago,2024-07-20 17:43:12
37608,Square,SUCCESS,00,1146,POS,New York,2024-07-20 18:25:33
37609,AuthorizeNet,SUCCESS,00,953,ATM,Los Angeles,2024-07-20 18:42:08
37610,PayPal,SUCCESS,00,1450,Mobile,Dallas,2024-07-20 19:45:58
37611,AuthorizeNet,SUCCESS,00,1417,ATM,Los Angeles,2024-07-20 20:04:43
37612,Stripe,SUCCESS,00,275,Desktop,Los Angeles,2024-07-20 20:55:26
37613,Stripe,SUCCESS,00,1192,Desktop,New York,2024-07-20 22:54:01
37614,Square,SUCCESS,00,581,POS,Los Angeles,2024-07-20 22:57:39
37615,PayPal,SUCCESS,00,1313,POS,Los Angeles,2024-07-20 23:28:47
37616,Stripe,SUCCESS,00,620,Mobile,Dallas,2024-07-20 23:31:24
37617,Stripe,SUCCESS,00,223,POS,New York,2024-07-20 23:46:01
37618,Square,SUCCESS,00,185,Mobile,New York,2024-07-21 00:10:06
37619,Square,SUCCESS,00,101,Desktop,Chicago,2024-07-21 00:25:08
37620,Square,SUCCESS,00,495,Desktop,Dallas,2024-07-21 00:33:51
37621,AuthorizeNet,SUCCESS,00,104,Mobile,Chicago,2024-07-21 00:48:59
37622,Square,SUCCESS,00,978,ATM,Dallas,2024-07-21 00:55:22
37623,PayPal,SUCCESS,00,997,POS,Chicago,2024-07-21 01:58:30
37624,Square,SUCCESS,00,1179,POS,Chicago,2024-07-21 02:03:01
37625,Stripe,SUCCESS,00,723,POS,Dallas,2024-07-21 02:29:16
37626,Stripe,SUCCESS,00,697,Mobile,Los Angeles,2024-07-21 02:38:06
37627,AuthorizeNet,FAILED,05,823,ATM,Chicago,2024-07-21 03:26:00
37628,Stripe,SUCCESS,00,451,Mobile,Los Angeles,2024-07-21 04:08:04
37629,Stripe,SUCCESS,00,548,Desktop,New York,2024-07-21 04:54:50
37630,Square,SUCCESS,00,324,ATM,Dallas,2024-07-21 04:55:41
37631,AuthorizeNet,SUCCESS,00,642,POS,New York,2024-07-21 05:17:42
37632,Stripe,SUCCESS,00,1235,Mobile,Los Angeles,2024-07-21 05:44:13
37633,Stripe,SUCCESS,00,1389,ATM,New York,2024-07-21 05:45:46
37634,PayPal,SUCCESS,00,1405,Mobile,Dallas,2024-07-21 06:02:51
37635,Stripe,SUCCESS,00,1486,ATM,Dallas,2024-07-21 07:17:41
37636,Square,SUCCESS,00,565,POS,Dallas,2024-07-21 07:41:36
37637,PayPal,SUCCESS,00,716,ATM,Chicago,2024-07-21 09:09:46
37638,Square,SUCCESS,00,1158,POS,Los Angeles,2024-07-21 09:51:42
37639,AuthorizeNet,SUCCESS,00,290,ATM,Dallas,2024-07-21 11:29:25
37640,Square,SUCCESS,00,1327,Desktop,Dallas,2024-07-21 12:15:48
37641,Square,FAILED,05,535,Mobile,New York,2024-07-21 14:31:36
37642,Square,SUCCESS,00,505,Desktop,Dallas,2024-07-21 15:01:46
37643,Stripe,SUCCESS,00,256,ATM,Dallas,2024-07-21 15:16:43
37644,AuthorizeNet,SUCCESS,00,103,POS,Dallas,2024-07-21 16:11:38
37645,AuthorizeNet,SUCCESS,00,677,POS,Chicago,2024-07-21 16:28:57
37646,AuthorizeNet,SUCCESS,00,425,ATM,Los Angeles,2024-07-21 16:36:05
37647,Stripe,SUCCESS,00,845,POS,Chicago,2024-07-21 16:36:46
37648,Square,SUCCESS,00,157,Mobile,Chicago,2024-07-21 16:42:22
37649,AuthorizeNet,SUCCESS,00,1304,Desktop,Los Angeles,2024-07-21 17:32:56
37650,Square,SUCCESS,00,343,ATM,Dallas,2024-07-21 17:43:00
37651,PayPal,SUCCESS,00,645,ATM,New York,2024-07-21 18:03:01
37652,PayPal,SUCCESS,00,1276,Desktop,New York,2024-07-21 18:09:27
37653,Square,SUCCESS,00,1318,Desktop,Chicago,2024-07-21 18:29:06
37654,AuthorizeNet,SUCCESS,00,851,POS,New York,2024-07-21 18:44:07
37655,Stripe,SUCCESS,00,254,POS,New York,2024-07-21 18:50:04
37656,Stripe,PENDING,99,396,Desktop,Dallas,2024-07-21 19:06:41
37657,AuthorizeNet,SUCCESS,00,1465,Mobile,Dallas,2024-07-21 19:47:11
37658,Square,SUCCESS,00,641,Desktop,Chicago,2024-07-21 20:50:35
37659,Square,SUCCESS,00,1316,Mobile,Dallas,2024-07-21 21:08:34
37660,PayPal,SUCCESS,00,775,Desktop,New York,2024-07-21 21:34:47
37661,PayPal,SUCCESS,00,1023,ATM,Los Angeles,2024-07-21 22:17:06
37662,Square,SUCCESS,00,711,Desktop,Los Angeles,2024-07-21 22:53:30
37663,Square,FAILED,05,1198,Desktop,Los Angeles,2024-07-21 22:54:17
37664,Square,SUCCESS,00,308,Desktop,New York,2024-07-21 22:55:01
37665,AuthorizeNet,SUCCESS,00,143,Desktop,New York,2024-07-21 23:53:57
37666,AuthorizeNet,SUCCESS,00,391,Desktop,Los Angeles,2024-07-22 00:28:12
37667,Square,SUCCESS,00,1123,Mobile,Los Angeles,2024-07-22 01:40:26
37668,Square,SUCCESS,00,796,ATM,Chicago,2024-07-22 01:56:39
37669,PayPal,SUCCESS,00,995,Desktop,Chicago,2024-07-22 02:31:39
37670,PayPal,SUCCESS,00,1188,Mobile,Dallas,2024-07-22 03:13:49
37671,Stripe,SUCCESS,00,412,ATM,Chicago,2024-07-22 04:25:38
37672,Stripe,SUCCESS,00,162,ATM,Los Angeles,2024-07-22 04:45:13
37673,AuthorizeNet,SUCCESS,00,1187,Mobile,Chicago,2024-07-22 05:52:49
37674,Square,SUCCESS,00,1106,Desktop,Dallas,2024-07-22 06:02:51
37675,PayPal,SUCCESS,00,457,ATM,Chicago,2024-07-22 06:06:14
37676,PayPal,FAILED,12,291,Desktop,Dallas,2024-07-22 07:00:01
37677,AuthorizeNet,SUCCESS,00,1303,Mobile,Chicago,2024-07-22 07:09:37
37678,Square,SUCCESS,00,436,Mobile,Chicago,2024-07-22 07:39:47
37679,AuthorizeNet,SUCCESS,00,410,ATM,Dallas,2024-07-22 09:59:50
37680,Stripe,SUCCESS,00,831,Desktop,Dallas,2024-07-22 11:33:02
37681,AuthorizeNet,SUCCESS,00,418,ATM,Dallas,2024-07-22 11:41:11
37682,AuthorizeNet,SUCCESS,00,819,POS,Dallas,2024-07-22 11:43:28
37683,AuthorizeNet,SUCCESS,00,1228,ATM,Chicago,2024-07-22 12:14:30
37684,AuthorizeNet,SUCCESS,00,115,Mobile,Los Angeles,2024-07-22 12:16:54
37685,PayPal,SUCCESS,00,798,POS,Dallas,2024-07-22 12:25:54
37686,AuthorizeNet,SUCCESS,00,1412,Desktop,Chicago,2024-07-22 12:32:48
37687,AuthorizeNet,SUCCESS,00,332,Desktop,New York,2024-07-22 14:11:06
37688,AuthorizeNet,SUCCESS,00,1332,ATM,Los Angeles,2024-07-22 15:17:06
37689,Square,SUCCESS,00,1238,POS,New York,2024-07-22 15:53:56
37690,Square,FAILED,12,1474,POS,Los Angeles,2024-07-22 17:08:50
37691,PayPal,FAILED,05,206,Desktop,Dallas,2024-07-22 17:23:54
37692,Square,SUCCESS,00,1165,Mobile,New York,2024-07-22 18:35:31
37693,Stripe,SUCCESS,00,234,Desktop,Chicago,2024-07-22 18:51:24
37694,PayPal,SUCCESS,00,598,POS,New York,2024-07-22 19:13:12
37695,PayPal,SUCCESS,00,263,POS,Dallas,2024-07-22 19:32:35
37696,AuthorizeNet,SUCCESS,00,191,POS,Los Angeles,2024-07-22 20:47:12
37697,PayPal,SUCCESS,00,116,ATM,Chicago,2024-07-22 21:45:33
37698,Stripe,SUCCESS,00,1094,ATM,Dallas,2024-07-22 22:20:09
37699,AuthorizeNet,SUCCESS,00,254,Mobile,New York,2024-07-22 22:23:50
37700,AuthorizeNet,SUCCESS,00,1264,POS,Dallas,2024-07-22 23:17:16
37701,PayPal,SUCCESS,00,119,Mobile,New York,2024-07-22 23:56:58
37702,AuthorizeNet,FAILED,12,610,Mobile,Dallas,2024-07-23 02:07:30
37703,Square,SUCCESS,00,1194,Mobile,Los Angeles,2024-07-23 02:31:35
37704,PayPal,SUCCESS,00,900,Desktop,Dallas,2024-07-23 03:57:44
37705,AuthorizeNet,SUCCESS,00,689,POS,Dallas,2024-07-23 05:26:57
37706,Square,SUCCESS,00,1331,Desktop,Los Angeles,2024-07-23 05:32:23
37707,Square,SUCCESS,00,592,ATM,Chicago,2024-07-23 05:52:39
37708,Square,SUCCESS,00,891,Desktop,Dallas,2024-07-23 06:26:48
37709,Square,SUCCESS,00,770,POS,Chicago,2024-07-23 07:00:23
37710,AuthorizeNet,SUCCESS,00,1258,Mobile,Chicago,2024-07-23 07:47:01
37711,Square,SUCCESS,00,1394,Desktop,Chicago,2024-07-23 10:05:41
37712,PayPal,SUCCESS,00,1038,POS,Chicago,2024-07-23 10:16:29
37713,AuthorizeNet,SUCCESS,00,1044,Mobile,Chicago,2024-07-23 11:14:11
37714,Square,SUCCESS,00,1191,Desktop,Los Angeles,2024-07-23 12:26:16
37715,Square,SUCCESS,00,108,Mobile,Dallas,2024-07-23 14:21:28
37716,AuthorizeNet,SUCCESS,00,337,Desktop,Los Angeles,2024-07-23 14:26:43
37717,AuthorizeNet,SUCCESS,00,1345,POS,Dallas,2024-07-23 14:43:06
37718,Square,SUCCESS,00,669,POS,Dallas,2024-07-23 17:14:53
37719,Stripe,SUCCESS,00,997,ATM,Los Angeles,2024-07-23 17:43:01
37720,AuthorizeNet,SUCCESS,00,313,POS,Dallas,2024-07-23 17:44:43
37721,PayPal,SUCCESS,00,1081,Desktop,New York,2024-07-23 17:48:23
37722,AuthorizeNet,SUCCESS,00,686,POS,Chicago,2024-07-23 18:18:41
37723,Stripe,SUCCESS,00,413,Desktop,New York,2024-07-23 18:35:00
37724,PayPal,SUCCESS,00,678,Mobile,New York,2024-07-23 18:38:03
37725,Square,SUCCESS,00,939,POS,Dallas,2024-07-23 19:40:32
37726,Stripe,SUCCESS,00,447,Desktop,New York,2024-07-23 20:34:15
37727,AuthorizeNet,SUCCESS,00,448,ATM,Dallas,2024-07-23 21:33:35
37728,Stripe,SUCCESS,00,154,Desktop,Chicago,2024-07-23 21:39:56
37729,Stripe,SUCCESS,00,438,ATM,New York,2024-07-23 23:08:25
37730,Square,SUCCESS,00,1400,Mobile,New York,2024-07-24 00:09:08
37731,Stripe,SUCCESS,00,458,Desktop,Chicago,2024-07-24 00:17:38
37732,AuthorizeNet,SUCCESS,00,466,Desktop,New York,2024-07-24 00:55:56
37733,PayPal,SUCCESS,00,1225,Desktop,Chicago,2024-07-24 01:03:05
37734,PayPal,SUCCESS,00,1036,ATM,Dallas,2024-07-24 01:22:38
37735,Square,SUCCESS,00,981,Mobile,Dallas,2024-07-24 02:11:26
37736,PayPal,SUCCESS,00,1290,Desktop,Dallas,2024-07-24 02:13:04
37737,Stripe,SUCCESS,00,1212,Mobile,Dallas,2024-07-24 02:27:47
37738,AuthorizeNet,SUCCESS,00,370,POS,Los Angeles,2024-07-24 02:32:58
37739,AuthorizeNet,SUCCESS,00,255,POS,Los Angeles,2024-07-24 02:41:32
37740,Stripe,SUCCESS,00,814,Desktop,Dallas,2024-07-24 03:54:50
37741,AuthorizeNet,SUCCESS,00,865,ATM,New York,2024-07-24 04:23:47
37742,PayPal,SUCCESS,00,943,POS,Dallas,2024-07-24 04:44:22
37743,PayPal,SUCCESS,00,771,POS,Dallas,2024-07-24 05:03:25
37744,Stripe,FAILED,12,537,ATM,New York,2024-07-24 05:52:54
37745,Square,SUCCESS,00,1007,Desktop,Chicago,2024-07-24 07:32:15
37746,Stripe,SUCCESS,00,489,Desktop,Dallas,2024-07-24 07:48:13
37747,Square,SUCCESS,00,1020,Mobile,Dallas,2024-07-24 08:30:03
37748,Stripe,SUCCESS,00,829,POS,Chicago,2024-07-24 08:43:20
37749,Square,SUCCESS,00,1210,ATM,New York,2024-07-24 08:56:16
37750,AuthorizeNet,SUCCESS,00,323,Desktop,Dallas,2024-07-24 09:49:45
37751,Square,SUCCESS,00,155,ATM,Dallas,2024-07-24 10:35:56
37752,Square,SUCCESS,00,329,Mobile,Los Angeles,2024-07-24 12:43:15
37753,PayPal,SUCCESS,00,1041,Desktop,Chicago,2024-07-24 12:48:51
37754,PayPal,SUCCESS,00,158,Desktop,Dallas,2024-07-24 12:56:12
37755,Stripe,SUCCESS,00,1129,Desktop,Chicago,2024-07-24 14:28:38
37756,Stripe,SUCCESS,00,386,ATM,Chicago,2024-07-24 14:36:20
37757,PayPal,FAILED,05,764,ATM,Dallas,2024-07-24 14:51:34
37758,PayPal,SUCCESS,00,138,Desktop,Dallas,2024-07-24 15:52:05
37759,Square,SUCCESS,00,1096,Mobile,Chicago,2024-07-24 16:22:17
37760,AuthorizeNet,SUCCESS,00,446,ATM,Chicago,2024-07-24 16:52:45
37761,AuthorizeNet,SUCCESS,00,553,Mobile,Chicago,2024-07-24 18:02:03
37762,Stripe,SUCCESS,00,505,Mobile,Dallas,2024-07-24 18:51:32
37763,PayPal,SUCCESS,00,457,ATM,Chicago,2024-07-24 19:46:26
37764,AuthorizeNet,SUCCESS,00,906,POS,New York,2024-07-24 20:04:42
37765,Stripe,SUCCESS,00,1342,ATM,Chicago,2024-07-24 20:16:05
37766,AuthorizeNet,SUCCESS,00,867,POS,Dallas,2024-07-24 20:20:42
37767,AuthorizeNet,SUCCESS,00,634,Mobile,Chicago,2024-07-24 20:56:58
37768,Stripe,SUCCESS,00,525,POS,Chicago,2024-07-24 21:35:26
37769,Square,SUCCESS,00,566,Desktop,New York,2024-07-24 23:08:32
37770,PayPal,SUCCESS,00,814,Desktop,Los Angeles,2024-07-24 23:34:04
37771,Stripe,SUCCESS,00,822,Desktop,New York,2024-07-24 23:43:42
37772,AuthorizeNet,SUCCESS,00,507,POS,Los Angeles,2024-07-24 23:55:16
37773,AuthorizeNet,SUCCESS,00,1271,POS,New York,2024-07-24 23:58:54
37774,Stripe,SUCCESS,00,491,POS,New York,2024-07-25 00:50:55
37775,PayPal,FAILED,05,878,Mobile,New York,2024-07-25 01:43:27
37776,AuthorizeNet,SUCCESS,00,363,Desktop,Chicago,2024-07-25 01:53:23
37777,Square,SUCCESS,00,344,ATM,Dallas,2024-07-25 02:08:40
37778,Square,SUCCESS,00,1223,Desktop,New York,2024-07-25 02:49:37
37779,PayPal,SUCCESS,00,986,ATM,New York,2024-07-25 03:14:52
37780,Stripe,SUCCESS,00,220,ATM,Chicago,2024-07-25 03:35:07
37781,AuthorizeNet,PENDING,99,560,ATM,Dallas,2024-07-25 03:43:49
37782,Square,SUCCESS,00,740,Desktop,New York,2024-07-25 05:26:17
37783,PayPal,SUCCESS,00,1233,POS,Dallas,2024-07-25 05:41:03
37784,Stripe,SUCCESS,00,1347,ATM,Los Angeles,2024-07-25 06:09:09
37785,AuthorizeNet,FAILED,05,1470,Desktop,New York,2024-07-25 08:39:24
37786,PayPal,FAILED,12,684,Mobile,Dallas,2024-07-25 09:39:41
37787,Square,FAILED,05,298,POS,Dallas,2024-07-25 09:53:50
37788,Square,PENDING,99,937,POS,New York,2024-07-25 09:55:04
37789,PayPal,SUCCESS,00,1104,Mobile,Dallas,2024-07-25 10:29:51
37790,Square,SUCCESS,00,908,POS,Chicago,2024-07-25 10:53:29
37791,PayPal,SUCCESS,00,1424,ATM,Dallas,2024-07-25 11:16:07
37792,AuthorizeNet,SUCCESS,00,496,POS,Chicago,2024-07-25 11:32:38
37793,Stripe,SUCCESS,00,277,Mobile,Los Angeles,2024-07-25 12:09:47
37794,Square,SUCCESS,00,1149,POS,New York,2024-07-25 12:14:49
37795,AuthorizeNet,SUCCESS,00,1196,ATM,Los Angeles,2024-07-25 12:26:23
37796,AuthorizeNet,SUCCESS,00,1025,Desktop,Chicago,2024-07-25 14:39:47
37797,PayPal,SUCCESS,00,195,POS,Los Angeles,2024-07-25 15:03:05
37798,AuthorizeNet,SUCCESS,00,1105,Mobile,New York,2024-07-25 15:11:11
37799,PayPal,SUCCESS,00,1335,POS,Los Angeles,2024-07-25 15:21:10
37800,AuthorizeNet,SUCCESS,00,416,Desktop,Dallas,2024-07-25 17:25:27
37801,PayPal,SUCCESS,00,454,Mobile,New York,2024-07-25 18:54:00
37802,PayPal,SUCCESS,00,819,ATM,Chicago,2024-07-25 18:56:01
37803,PayPal,SUCCESS,00,401,Mobile,Chicago,2024-07-25 20:19:39
37804,Stripe,FAILED,12,581,Desktop,Dallas,2024-07-25 20:43:01
37805,AuthorizeNet,SUCCESS,00,286,Desktop,New York,2024-07-25 20:55:53
37806,Stripe,SUCCESS,00,1098,Mobile,Chicago,2024-07-25 21:37:32
37807,Square,SUCCESS,00,974,ATM,Dallas,2024-07-25 21:46:01
37808,AuthorizeNet,SUCCESS,00,145,POS,Chicago,2024-07-25 22:14:02
37809,AuthorizeNet,SUCCESS,00,812,Desktop,New York,2024-07-25 22:37:59
37810,Square,SUCCESS,00,508,ATM,New York,2024-07-25 23:06:04
37811,AuthorizeNet,FAILED,05,228,POS,New York,2024-07-26 00:01:51
37812,AuthorizeNet,SUCCESS,00,950,Mobile,New York,2024-07-26 02:37:44
37813,Square,SUCCESS,00,1328,Desktop,New York,2024-07-26 03:39:27
37814,AuthorizeNet,SUCCESS,00,366,Mobile,Chicago,2024-07-26 04:21:29
37815,PayPal,SUCCESS,00,1426,POS,Chicago,2024-07-26 06:29:32
37816,AuthorizeNet,SUCCESS,00,615,Mobile,Los Angeles,2024-07-26 06:47:32
37817,PayPal,SUCCESS,00,907,Desktop,New York,2024-07-26 07:57:01
37818,PayPal,FAILED,12,495,Desktop,Dallas,2024-07-26 07:59:50
37819,AuthorizeNet,SUCCESS,00,603,POS,Los Angeles,2024-07-26 08:35:12
37820,Square,SUCCESS,00,326,Mobile,New York,2024-07-26 09:15:12
37821,Stripe,PENDING,99,442,POS,Los Angeles,2024-07-26 10:17:12
37822,Stripe,SUCCESS,00,242,Mobile,Chicago,2024-07-26 10:26:16
37823,PayPal,SUCCESS,00,617,POS,Dallas,2024-07-26 10:58:20
37824,Stripe,SUCCESS,00,1377,ATM,Chicago,2024-07-26 11:05:40
37825,AuthorizeNet,SUCCESS,00,1455,POS,Los Angeles,2024-07-26 11:05:56
37826,PayPal,FAILED,12,923,POS,New York,2024-07-26 11:33:54
37827,PayPal,SUCCESS,00,909,Mobile,Chicago,2024-07-26 13:35:04
37828,PayPal,FAILED,12,1208,Mobile,Los Angeles,2024-07-26 15:06:58
37829,Square,SUCCESS,00,976,Desktop,New York,2024-07-26 15:13:48
37830,AuthorizeNet,FAILED,12,1132,Desktop,Dallas,2024-07-26 15:19:31
37831,Stripe,SUCCESS,00,1258,ATM,Chicago,2024-07-26 15:27:48
37832,PayPal,SUCCESS,00,162,ATM,Chicago,2024-07-26 16:03:14
37833,Stripe,SUCCESS,00,476,Mobile,Dallas,2024-07-26 16:20:18
37834,Square,FAILED,12,1269,POS,Dallas,2024-07-26 17:50:12
37835,Square,SUCCESS,00,703,Desktop,Dallas,2024-07-26 18:21:21
37836,PayPal,SUCCESS,00,1382,Desktop,Dallas,2024-07-26 18:22:16
37837,Square,SUCCESS,00,439,POS,Los Angeles,2024-07-26 18:24:09
37838,Stripe,SUCCESS,00,783,POS,Chicago,2024-07-26 18:38:57
37839,AuthorizeNet,SUCCESS,00,1113,Desktop,New York,2024-07-26 19:41:02
37840,PayPal,SUCCESS,00,384,POS,Chicago,2024-07-26 19:44:14
37841,Square,SUCCESS,00,561,Mobile,New York,2024-07-26 20:22:55
37842,AuthorizeNet,SUCCESS,00,770,POS,New York,2024-07-26 20:50:49
37843,AuthorizeNet,SUCCESS,00,967,Mobile,Los Angeles,2024-07-26 20:57:22
37844,AuthorizeNet,FAILED,12,255,Desktop,Chicago,2024-07-26 21:07:12
37845,Stripe,SUCCESS,00,1343,ATM,Dallas,2024-07-26 22:47:30
37846,Stripe,SUCCESS,00,871,Desktop,New York,2024-07-26 23:00:25
37847,Stripe,SUCCESS,00,1042,Desktop,New York,2024-07-26 23:16:56
37848,Stripe,SUCCESS,00,494,POS,Chicago,2024-07-26 23:33:54
37849,Square,SUCCESS,00,1302,ATM,Chicago,2024-07-26 23:38:20
37850,PayPal,SUCCESS,00,818,Mobile,Los Angeles,2024-07-26 23:56:47
37851,Square,SUCCESS,00,946,ATM,Dallas,2024-07-27 00:03:21
37852,AuthorizeNet,SUCCESS,00,800,Desktop,Chicago,2024-07-27 00:31:26
37853,Square,SUCCESS,00,989,Desktop,Los Angeles,2024-07-27 01:42:39
37854,AuthorizeNet,SUCCESS,00,113,Desktop,Chicago,2024-07-27 01:56:25
37855,Square,SUCCESS,00,1444,Desktop,Chicago,2024-07-27 02:16:21
37856,AuthorizeNet,SUCCESS,00,505,POS,Dallas,2024-07-27 02:17:58
37857,Square,SUCCESS,00,549,Mobile,New York,2024-07-27 02:26:31
37858,Square,SUCCESS,00,420,ATM,New York,2024-07-27 02:31:39
37859,AuthorizeNet,SUCCESS,00,1390,Mobile,New York,2024-07-27 02:40:42
37860,Stripe,SUCCESS,00,1244,POS,New York,2024-07-27 04:29:50
37861,AuthorizeNet,SUCCESS,00,1472,Mobile,Los Angeles,2024-07-27 04:52:15
37862,PayPal,SUCCESS,00,844,Desktop,Dallas,2024-07-27 05:11:24
37863,Square,SUCCESS,00,497,POS,Chicago,2024-07-27 05:17:25
37864,AuthorizeNet,SUCCESS,00,1158,ATM,Dallas,2024-07-27 05:24:41
37865,Square,SUCCESS,00,834,Mobile,New York,2024-07-27 05:28:59
37866,Stripe,SUCCESS,00,201,Mobile,Los Angeles,2024-07-27 05:35:56
37867,AuthorizeNet,SUCCESS,00,1409,POS,New York,2024-07-27 05:46:47
37868,Stripe,SUCCESS,00,1158,ATM,New York,2024-07-27 05:59:11
37869,Square,SUCCESS,00,921,ATM,Chicago,2024-07-27 06:00:15
37870,Stripe,SUCCESS,00,1058,Mobile,Chicago,2024-07-27 06:04:26
37871,AuthorizeNet,SUCCESS,00,1177,ATM,Dallas,2024-07-27 06:17:49
37872,AuthorizeNet,PENDING,99,1258,Desktop,Dallas,2024-07-27 08:17:13
37873,PayPal,SUCCESS,00,327,Desktop,Dallas,2024-07-27 10:08:14
37874,Square,SUCCESS,00,588,POS,New York,2024-07-27 11:17:15
37875,AuthorizeNet,SUCCESS,00,1287,ATM,Los Angeles,2024-07-27 12:02:59
37876,PayPal,SUCCESS,00,974,ATM,Los Angeles,2024-07-27 12:04:49
37877,AuthorizeNet,SUCCESS,00,1395,ATM,Chicago,2024-07-27 12:09:48
37878,AuthorizeNet,SUCCESS,00,1133,Mobile,New York,2024-07-27 12:45:04
37879,Square,FAILED,05,1292,Mobile,Chicago,2024-07-27 12:49:55
37880,PayPal,FAILED,12,1427,Mobile,Los Angeles,2024-07-27 13:53:27
37881,Stripe,SUCCESS,00,554,Desktop,Chicago,2024-07-27 14:05:35
37882,PayPal,SUCCESS,00,1209,Mobile,Los Angeles,2024-07-27 15:52:49
37883,Stripe,SUCCESS,00,560,ATM,New York,2024-07-27 16:02:46
37884,PayPal,SUCCESS,00,336,ATM,Dallas,2024-07-27 17:00:47
37885,AuthorizeNet,SUCCESS,00,982,Mobile,Dallas,2024-07-27 17:23:50
37886,AuthorizeNet,SUCCESS,00,214,POS,New York,2024-07-27 18:17:14
37887,PayPal,SUCCESS,00,763,Desktop,Los Angeles,2024-07-27 19:26:41
37888,AuthorizeNet,SUCCESS,00,686,Mobile,Chicago,2024-07-27 19:27:43
37889,Square,SUCCESS,00,1191,Desktop,Los Angeles,2024-07-27 19:58:47
37890,AuthorizeNet,SUCCESS,00,902,POS,New York,2024-07-27 20:45:55
37891,PayPal,SUCCESS,00,780,Mobile,Los Angeles,2024-07-27 21:08:52
37892,Stripe,SUCCESS,00,223,ATM,New York,2024-07-27 21:52:31
37893,Square,SUCCESS,00,809,Desktop,Los Angeles,2024-07-27 22:30:11
37894,PayPal,SUCCESS,00,206,POS,New York,2024-07-27 22:36:15
37895,Square,SUCCESS,00,1410,ATM,Chicago,2024-07-27 22:47:29
37896,AuthorizeNet,SUCCESS,00,110,POS,New York,2024-07-27 23:24:13
37897,Stripe,SUCCESS,00,930,Mobile,Los Angeles,2024-07-27 23:42:31
37898,AuthorizeNet,SUCCESS,00,1179,POS,Los Angeles,2024-07-27 23:51:35
37899,AuthorizeNet,SUCCESS,00,1154,POS,Chicago,2024-07-27 23:52:20
37900,Stripe,SUCCESS,00,565,ATM,Dallas,2024-07-27 23:53:27
37901,AuthorizeNet,SUCCESS,00,1488,POS,Los Angeles,2024-07-28 00:00:19
37902,Square,FAILED,12,1291,ATM,Dallas,2024-07-28 00:23:32
37903,AuthorizeNet,SUCCESS,00,313,Mobile,Chicago,2024-07-28 00:27:43
37904,Square,SUCCESS,00,1361,ATM,Dallas,2024-07-28 00:45:56
37905,Stripe,SUCCESS,00,614,ATM,Dallas,2024-07-28 02:40:13
37906,PayPal,SUCCESS,00,445,POS,Dallas,2024-07-28 04:00:53
37907,PayPal,SUCCESS,00,447,ATM,Los Angeles,2024-07-28 04:01:43
37908,AuthorizeNet,SUCCESS,00,605,ATM,Los Angeles,2024-07-28 05:10:04
37909,AuthorizeNet,SUCCESS,00,720,POS,Chicago,2024-07-28 05:31:31
37910,Stripe,SUCCESS,00,982,ATM,Los Angeles,2024-07-28 06:38:35
37911,AuthorizeNet,FAILED,05,1430,Mobile,New York,2024-07-28 07:29:32
37912,PayPal,SUCCESS,00,664,POS,Dallas,2024-07-28 08:14:44
37913,PayPal,SUCCESS,00,490,POS,Chicago,2024-07-28 08:41:53
37914,AuthorizeNet,SUCCESS,00,175,ATM,New York,2024-07-28 09:16:21
37915,PayPal,SUCCESS,00,308,Desktop,New York,2024-07-28 09:18:32
37916,Stripe,SUCCESS,00,208,Mobile,Dallas,2024-07-28 09:44:46
37917,Stripe,SUCCESS,00,1012,Desktop,New York,2024-07-28 13:06:28
37918,Square,SUCCESS,00,274,ATM,Chicago,2024-07-28 13:31:32
37919,PayPal,SUCCESS,00,1290,Desktop,New York,2024-07-28 13:57:44
37920,AuthorizeNet,PENDING,99,440,Mobile,Chicago,2024-07-28 17:14:11
37921,Stripe,SUCCESS,00,854,ATM,Dallas,2024-07-28 19:09:25
37922,AuthorizeNet,SUCCESS,00,106,Desktop,Dallas,2024-07-28 19:37:54
37923,AuthorizeNet,SUCCESS,00,139,Mobile,Los Angeles,2024-07-28 19:48:02
37924,AuthorizeNet,SUCCESS,00,230,POS,New York,2024-07-28 20:37:59
37925,Square,SUCCESS,00,1123,POS,Los Angeles,2024-07-28 21:44:03
37926,PayPal,SUCCESS,00,535,ATM,Dallas,2024-07-28 22:13:19
37927,Stripe,SUCCESS,00,286,Desktop,New York,2024-07-29 00:13:25
37928,Square,SUCCESS,00,726,Desktop,Los Angeles,2024-07-29 01:10:41
37929,Square,SUCCESS,00,147,Desktop,Los Angeles,2024-07-29 01:49:12
37930,Square,SUCCESS,00,1110,Mobile,New York,2024-07-29 03:08:58
37931,PayPal,FAILED,05,492,Desktop,Chicago,2024-07-29 03:20:11
37932,Square,SUCCESS,00,1442,Desktop,Chicago,2024-07-29 03:52:15
37933,Stripe,SUCCESS,00,526,ATM,Dallas,2024-07-29 04:13:21
37934,AuthorizeNet,SUCCESS,00,1289,Mobile,Los Angeles,2024-07-29 04:47:59
37935,PayPal,SUCCESS,00,1228,Mobile,Dallas,2024-07-29 06:22:55
37936,Stripe,SUCCESS,00,477,Mobile,New York,2024-07-29 06:42:14
37937,AuthorizeNet,SUCCESS,00,295,ATM,New York,2024-07-29 06:49:52
37938,PayPal,SUCCESS,00,1113,ATM,Chicago,2024-07-29 07:01:51
37939,Square,SUCCESS,00,825,Desktop,Dallas,2024-07-29 07:41:50
37940,AuthorizeNet,SUCCESS,00,933,POS,New York,2024-07-29 09:02:24
37941,AuthorizeNet,SUCCESS,00,1242,POS,Los Angeles,2024-07-29 09:54:27
37942,Square,SUCCESS,00,923,POS,Los Angeles,2024-07-29 10:13:39
37943,Stripe,SUCCESS,00,989,ATM,Chicago,2024-07-29 10:20:07
37944,AuthorizeNet,SUCCESS,00,834,ATM,Los Angeles,2024-07-29 10:26:18
37945,PayPal,SUCCESS,00,1220,Mobile,Chicago,2024-07-29 10:27:39
37946,Stripe,SUCCESS,00,349,POS,Chicago,2024-07-29 11:24:10
37947,Stripe,SUCCESS,00,356,Desktop,Dallas,2024-07-29 11:36:12
37948,Stripe,SUCCESS,00,849,Mobile,Los Angeles,2024-07-29 12:06:27
37949,AuthorizeNet,SUCCESS,00,850,Mobile,Dallas,2024-07-29 13:38:25
37950,Stripe,SUCCESS,00,562,Desktop,Dallas,2024-07-29 14:57:37
37951,AuthorizeNet,SUCCESS,00,693,ATM,New York,2024-07-29 15:32:57
37952,AuthorizeNet,SUCCESS,00,193,Mobile,Dallas,2024-07-29 15:34:28
37953,Stripe,PENDING,99,1170,ATM,Dallas,2024-07-29 15:56:56
37954,Stripe,SUCCESS,00,901,Desktop,New York,2024-07-29 16:39:35
37955,Stripe,SUCCESS,00,1296,POS,New York,2024-07-29 18:32:08
37956,Square,SUCCESS,00,1175,ATM,Dallas,2024-07-29 19:20:22
37957,Stripe,SUCCESS,00,587,Mobile,Los Angeles,2024-07-29 20:00:56
37958,Stripe,SUCCESS,00,327,Desktop,Dallas,2024-07-29 20:39:42
37959,Stripe,SUCCESS,00,298,ATM,Chicago,2024-07-29 21:31:14
37960,AuthorizeNet,SUCCESS,00,839,Desktop,Chicago,2024-07-29 21:39:36
37961,PayPal,SUCCESS,00,877,Mobile,New York,2024-07-29 21:58:42
37962,Square,SUCCESS,00,691,Mobile,Dallas,2024-07-29 22:22:24
37963,Stripe,SUCCESS,00,1377,POS,Chicago,2024-07-29 22:42:40
37964,PayPal,SUCCESS,00,157,Mobile,Chicago,2024-07-29 22:49:54
37965,Square,FAILED,05,1357,Desktop,Chicago,2024-07-29 23:28:23
37966,Square,SUCCESS,00,1310,Mobile,Chicago,2024-07-29 23:32:07
37967,Square,SUCCESS,00,1024,POS,New York,2024-07-30 00:20:43
37968,Stripe,SUCCESS,00,1285,POS,Los Angeles,2024-07-30 02:02:24
37969,PayPal,SUCCESS,00,131,Desktop,Chicago,2024-07-30 02:15:10
37970,AuthorizeNet,PENDING,99,412,POS,Chicago,2024-07-30 02:20:03
37971,PayPal,SUCCESS,00,197,ATM,Dallas,2024-07-30 02:40:45
37972,AuthorizeNet,SUCCESS,00,1194,Desktop,Chicago,2024-07-30 02:56:29
37973,AuthorizeNet,SUCCESS,00,1279,POS,New York,2024-07-30 03:36:25
37974,Stripe,FAILED,12,1417,POS,Chicago,2024-07-30 04:26:24
37975,Square,SUCCESS,00,984,POS,Dallas,2024-07-30 05:36:18
37976,AuthorizeNet,SUCCESS,00,1197,ATM,New York,2024-07-30 06:14:03
37977,PayPal,SUCCESS,00,236,Desktop,New York,2024-07-30 06:30:39
37978,Square,SUCCESS,00,370,Mobile,New York,2024-07-30 07:02:26
37979,Stripe,SUCCESS,00,536,Mobile,Chicago,2024-07-30 09:34:35
37980,AuthorizeNet,SUCCESS,00,1002,POS,Dallas,2024-07-30 09:41:50
37981,PayPal,SUCCESS,00,1094,Desktop,New York,2024-07-30 09:45:13
37982,AuthorizeNet,SUCCESS,00,1293,Mobile,Chicago,2024-07-30 09:49:14
37983,AuthorizeNet,SUCCESS,00,1150,Mobile,Chicago,2024-07-30 10:02:29
37984,Stripe,SUCCESS,00,1208,POS,New York,2024-07-30 10:07:10
37985,Stripe,FAILED,05,140,Mobile,Chicago,2024-07-30 10:08:07
37986,PayPal,SUCCESS,00,1086,POS,New York,2024-07-30 11:05:01
37987,Square,SUCCESS,00,343,POS,Los Angeles,2024-07-30 11:06:29
37988,Stripe,SUCCESS,00,1452,ATM,New York,2024-07-30 12:41:32
37989,PayPal,SUCCESS,00,322,ATM,Dallas,2024-07-30 13:32:30
37990,Stripe,SUCCESS,00,1097,ATM,Los Angeles,2024-07-30 14:47:14
37991,PayPal,SUCCESS,00,1092,Mobile,New York,2024-07-30 15:28:34
37992,AuthorizeNet,SUCCESS,00,496,Mobile,Dallas,2024-07-30 15:28:47
37993,AuthorizeNet,SUCCESS,00,916,POS,New York,2024-07-30 17:44:20
37994,Stripe,SUCCESS,00,1029,Mobile,New York,2024-07-30 18:39:49
37995,PayPal,SUCCESS,00,1164,POS,Los Angeles,2024-07-30 18:44:52
37996,PayPal,FAILED,12,967,POS,Los Angeles,2024-07-30 19:49:31
37997,PayPal,SUCCESS,00,802,Desktop,Chicago,2024-07-30 20:01:04
37998,Square,SUCCESS,00,473,Desktop,Chicago,2024-07-30 20:09:01
37999,AuthorizeNet,SUCCESS,00,956,POS,Chicago,2024-07-30 23:46:35
38000,Stripe,SUCCESS,00,765,Desktop,Chicago,2024-07-31 00:45:53
38001,Stripe,SUCCESS,00,339,Desktop,New York,2024-07-31 04:14:21
38002,Stripe,FAILED,12,553,ATM,New York,2024-07-31 04:32:14
38003,Stripe,SUCCESS,00,462,Mobile,Los Angeles,2024-07-31 04:59:48
38004,Stripe,SUCCESS,00,646,ATM,Dallas,2024-07-31 05:43:28
38005,PayPal,SUCCESS,00,308,Desktop,Chicago,2024-07-31 06:06:44
38006,PayPal,SUCCESS,00,1484,Desktop,Chicago,2024-07-31 06:55:37
38007,Square,SUCCESS,00,134,POS,New York,2024-07-31 07:54:00
38008,PayPal,SUCCESS,00,728,Desktop,Dallas,2024-07-31 08:01:59
38009,Square,SUCCESS,00,451,Mobile,Los Angeles,2024-07-31 08:59:43
38010,PayPal,SUCCESS,00,610,Mobile,Chicago,2024-07-31 09:32:53
38011,AuthorizeNet,FAILED,05,331,ATM,New York,2024-07-31 09:55:31
38012,Square,SUCCESS,00,553,ATM,New York,2024-07-31 10:01:30
38013,AuthorizeNet,SUCCESS,00,663,POS,New York,2024-07-31 10:05:50
38014,PayPal,SUCCESS,00,1327,POS,Los Angeles,2024-07-31 10:09:46
38015,AuthorizeNet,SUCCESS,00,1148,POS,Chicago,2024-07-31 10:31:43
38016,AuthorizeNet,SUCCESS,00,643,ATM,Chicago,2024-07-31 11:15:26
38017,PayPal,SUCCESS,00,624,POS,Dallas,2024-07-31 12:59:12
38018,Stripe,SUCCESS,00,869,Desktop,Los Angeles,2024-07-31 14:16:37
38019,PayPal,SUCCESS,00,908,ATM,Dallas,2024-07-31 14:52:42
38020,AuthorizeNet,SUCCESS,00,858,Desktop,Los Angeles,2024-07-31 14:54:56
38021,AuthorizeNet,SUCCESS,00,469,POS,Chicago,2024-07-31 15:10:07
38022,Stripe,SUCCESS,00,424,POS,Chicago,2024-07-31 15:17:51
38023,Stripe,SUCCESS,00,1020,Desktop,Chicago,2024-07-31 17:43:00
38024,Stripe,SUCCESS,00,177,Desktop,New York,2024-07-31 17:44:54
38025,PayPal,SUCCESS,00,554,Mobile,Chicago,2024-07-31 17:50:55
38026,PayPal,SUCCESS,00,971,Mobile,Dallas,2024-07-31 18:25:37
38027,PayPal,SUCCESS,00,784,POS,New York,2024-07-31 20:24:39
38028,AuthorizeNet,SUCCESS,00,989,POS,Dallas,2024-07-31 20:58:13
38029,PayPal,SUCCESS,00,281,Desktop,Los Angeles,2024-07-31 21:58:51
38030,Square,SUCCESS,00,546,Mobile,Los Angeles,2024-07-31 22:02:58
38031,PayPal,SUCCESS,00,624,Mobile,Chicago,2024-07-31 22:28:25
38032,AuthorizeNet,SUCCESS,00,323,Desktop,Chicago,2024-08-01 00:30:33
38033,Square,SUCCESS,00,753,Mobile,Chicago,2024-08-01 01:04:16
38034,PayPal,SUCCESS,00,1085,Mobile,Dallas,2024-08-01 01:48:52
38035,AuthorizeNet,SUCCESS,00,424,Desktop,Chicago,2024-08-01 02:39:07
38036,Square,SUCCESS,00,867,Mobile,Los Angeles,2024-08-01 02:57:34
38037,Stripe,SUCCESS,00,145,ATM,Chicago,2024-08-01 03:30:32
38038,PayPal,SUCCESS,00,1000,Desktop,Dallas,2024-08-01 03:47:20
38039,AuthorizeNet,SUCCESS,00,688,Mobile,Dallas,2024-08-01 05:48:31
38040,Square,SUCCESS,00,1406,POS,New York,2024-08-01 06:02:02
38041,Square,SUCCESS,00,1270,POS,Dallas,2024-08-01 07:00:17
38042,AuthorizeNet,SUCCESS,00,1181,Desktop,Dallas,2024-08-01 07:03:24
38043,AuthorizeNet,SUCCESS,00,621,POS,Chicago,2024-08-01 08:08:22
38044,AuthorizeNet,SUCCESS,00,839,Mobile,Chicago,2024-08-01 08:35:15
38045,Stripe,SUCCESS,00,1007,Mobile,Los Angeles,2024-08-01 08:40:29
38046,Square,SUCCESS,00,1395,ATM,Dallas,2024-08-01 09:13:20
38047,AuthorizeNet,SUCCESS,00,470,POS,Dallas,2024-08-01 09:39:57
38048,AuthorizeNet,SUCCESS,00,359,Mobile,Chicago,2024-08-01 10:22:44
38049,Square,SUCCESS,00,603,Mobile,Chicago,2024-08-01 10:29:41
38050,Square,SUCCESS,00,930,Desktop,Dallas,2024-08-01 13:46:33
38051,Square,SUCCESS,00,1263,Mobile,Chicago,2024-08-01 14:19:49
38052,PayPal,SUCCESS,00,491,Desktop,Dallas,2024-08-01 14:20:23
38053,PayPal,SUCCESS,00,224,Desktop,Los Angeles,2024-08-01 15:02:51
38054,AuthorizeNet,SUCCESS,00,1030,Desktop,Dallas,2024-08-01 15:52:53
38055,PayPal,SUCCESS,00,467,POS,Dallas,2024-08-01 16:47:07
38056,Stripe,SUCCESS,00,876,Mobile,Chicago,2024-08-01 16:54:01
38057,AuthorizeNet,SUCCESS,00,1475,Mobile,Chicago,2024-08-01 17:34:18
38058,Square,SUCCESS,00,208,POS,Dallas,2024-08-01 17:43:58
38059,PayPal,SUCCESS,00,1404,POS,Chicago,2024-08-01 19:18:10
38060,Stripe,SUCCESS,00,298,Mobile,Dallas,2024-08-01 20:13:02
38061,PayPal,SUCCESS,00,1123,Desktop,Los Angeles,2024-08-01 20:24:54
38062,AuthorizeNet,SUCCESS,00,1448,Desktop,Dallas,2024-08-01 21:50:19
38063,Square,SUCCESS,00,469,ATM,New York,2024-08-02 00:19:59
38064,Square,SUCCESS,00,199,POS,Dallas,2024-08-02 00:25:36
38065,AuthorizeNet,SUCCESS,00,1058,Desktop,Chicago,2024-08-02 00:36:56
38066,AuthorizeNet,SUCCESS,00,1082,Desktop,New York,2024-08-02 01:25:19
38067,Square,SUCCESS,00,281,Mobile,New York,2024-08-02 01:36:32
38068,AuthorizeNet,SUCCESS,00,1425,ATM,Los Angeles,2024-08-02 02:11:14
38069,Stripe,SUCCESS,00,735,Mobile,Chicago,2024-08-02 02:22:15
38070,Stripe,SUCCESS,00,206,Mobile,Los Angeles,2024-08-02 03:01:45
38071,Square,SUCCESS,00,104,POS,Chicago,2024-08-02 03:12:43
38072,PayPal,SUCCESS,00,1293,Mobile,Chicago,2024-08-02 03:14:12
38073,PayPal,SUCCESS,00,471,Desktop,New York,2024-08-02 04:06:04
38074,Square,SUCCESS,00,370,Mobile,Dallas,2024-08-02 05:24:24
38075,Stripe,SUCCESS,00,137,Mobile,Dallas,2024-08-02 06:14:27
38076,Stripe,SUCCESS,00,1033,Desktop,Dallas,2024-08-02 06:57:16
38077,PayPal,SUCCESS,00,1115,POS,Chicago,2024-08-02 07:09:43
38078,Stripe,SUCCESS,00,1145,Desktop,Dallas,2024-08-02 07:27:53
38079,AuthorizeNet,SUCCESS,00,575,Mobile,Los Angeles,2024-08-02 08:25:39
38080,AuthorizeNet,SUCCESS,00,830,ATM,Chicago,2024-08-02 08:28:14
38081,AuthorizeNet,SUCCESS,00,1446,ATM,Dallas,2024-08-02 08:34:49
38082,Stripe,SUCCESS,00,1305,Mobile,New York,2024-08-02 09:04:40
38083,Square,FAILED,05,540,POS,New York,2024-08-02 09:13:19
38084,AuthorizeNet,SUCCESS,00,1266,Desktop,Chicago,2024-08-02 09:23:15
38085,Square,SUCCESS,00,267,POS,Los Angeles,2024-08-02 09:39:47
38086,Stripe,SUCCESS,00,988,Mobile,Chicago,2024-08-02 09:40:59
38087,Square,SUCCESS,00,193,ATM,Dallas,2024-08-02 09:59:52
38088,PayPal,SUCCESS,00,850,Desktop,Chicago,2024-08-02 11:57:01
38089,Stripe,SUCCESS,00,285,Desktop,Los Angeles,2024-08-02 12:52:48
38090,Stripe,SUCCESS,00,825,ATM,New York,2024-08-02 13:05:09
38091,PayPal,SUCCESS,00,1203,Desktop,Dallas,2024-08-02 13:10:32
38092,Square,SUCCESS,00,1234,Desktop,Los Angeles,2024-08-02 13:52:46
38093,Stripe,SUCCESS,00,976,POS,New York,2024-08-02 14:36:52
38094,PayPal,FAILED,12,1090,Mobile,Los Angeles,2024-08-02 14:56:22
38095,AuthorizeNet,SUCCESS,00,1430,Mobile,Los Angeles,2024-08-02 15:01:05
38096,PayPal,SUCCESS,00,552,ATM,Los Angeles,2024-08-02 16:26:03
38097,AuthorizeNet,SUCCESS,00,338,POS,Los Angeles,2024-08-02 16:46:20
38098,Stripe,SUCCESS,00,520,Desktop,Los Angeles,2024-08-02 17:03:26
38099,AuthorizeNet,SUCCESS,00,124,POS,Chicago,2024-08-02 17:30:44
38100,Stripe,SUCCESS,00,483,POS,New York,2024-08-02 19:47:14
38101,AuthorizeNet,SUCCESS,00,120,POS,New York,2024-08-02 19:48:36
38102,PayPal,SUCCESS,00,685,Mobile,Los Angeles,2024-08-02 20:08:53
38103,AuthorizeNet,PENDING,99,1149,Mobile,New York,2024-08-02 21:32:47
38104,Stripe,SUCCESS,00,1483,Mobile,Dallas,2024-08-02 23:08:52
38105,Stripe,SUCCESS,00,872,Desktop,Chicago,2024-08-02 23:16:57
38106,Stripe,SUCCESS,00,1489,POS,Dallas,2024-08-02 23:24:42
38107,PayPal,SUCCESS,00,1256,POS,Dallas,2024-08-03 00:09:58
38108,AuthorizeNet,SUCCESS,00,1178,Mobile,Dallas,2024-08-03 00:50:26
38109,Square,SUCCESS,00,1063,Mobile,Chicago,2024-08-03 02:19:09
38110,AuthorizeNet,SUCCESS,00,992,Desktop,Los Angeles,2024-08-03 02:22:04
38111,Stripe,SUCCESS,00,584,ATM,Los Angeles,2024-08-03 03:43:17
38112,Stripe,FAILED,12,1158,POS,Los Angeles,2024-08-03 03:48:38
38113,AuthorizeNet,SUCCESS,00,200,ATM,Los Angeles,2024-08-03 04:28:45
38114,PayPal,SUCCESS,00,1287,Desktop,Los Angeles,2024-08-03 05:23:45
38115,PayPal,SUCCESS,00,522,Desktop,Los Angeles,2024-08-03 05:28:46
38116,AuthorizeNet,SUCCESS,00,473,POS,Chicago,2024-08-03 05:39:00
38117,AuthorizeNet,FAILED,05,816,Mobile,Chicago,2024-08-03 06:21:20
38118,Stripe,SUCCESS,00,1462,ATM,Chicago,2024-08-03 06:26:42
38119,Stripe,SUCCESS,00,1453,Desktop,Chicago,2024-08-03 06:41:05
38120,AuthorizeNet,SUCCESS,00,758,POS,Chicago,2024-08-03 06:57:26
38121,AuthorizeNet,SUCCESS,00,324,Mobile,Los Angeles,2024-08-03 06:59:24
38122,Stripe,SUCCESS,00,713,Mobile,Chicago,2024-08-03 07:32:44
38123,Square,SUCCESS,00,759,POS,Dallas,2024-08-03 08:16:20
38124,PayPal,SUCCESS,00,766,POS,Los Angeles,2024-08-03 08:26:08
38125,AuthorizeNet,SUCCESS,00,890,ATM,Los Angeles,2024-08-03 08:29:59
38126,Stripe,SUCCESS,00,1314,ATM,Dallas,2024-08-03 08:34:33
38127,AuthorizeNet,SUCCESS,00,452,POS,Dallas,2024-08-03 09:04:13
38128,Square,SUCCESS,00,745,Mobile,Los Angeles,2024-08-03 10:10:36
38129,PayPal,SUCCESS,00,1324,Desktop,Chicago,2024-08-03 10:20:05
38130,Square,SUCCESS,00,1341,Desktop,Dallas,2024-08-03 10:23:40
38131,Stripe,SUCCESS,00,727,Desktop,Chicago,2024-08-03 10:33:19
38132,Stripe,FAILED,12,830,Desktop,Chicago,2024-08-03 10:39:08
38133,Stripe,SUCCESS,00,966,Desktop,Los Angeles,2024-08-03 10:41:42
38134,AuthorizeNet,SUCCESS,00,337,Mobile,Dallas,2024-08-03 11:11:24
38135,PayPal,SUCCESS,00,209,ATM,Los Angeles,2024-08-03 12:03:55
38136,AuthorizeNet,SUCCESS,00,1489,Mobile,Dallas,2024-08-03 12:08:29
38137,Stripe,SUCCESS,00,562,POS,Los Angeles,2024-08-03 12:16:07
38138,Square,SUCCESS,00,403,Desktop,Dallas,2024-08-03 12:33:09
38139,Square,SUCCESS,00,1433,Mobile,Dallas,2024-08-03 13:23:45
38140,Stripe,SUCCESS,00,1478,Mobile,Dallas,2024-08-03 14:27:15
38141,Stripe,SUCCESS,00,1173,ATM,Los Angeles,2024-08-03 15:33:29
38142,Square,SUCCESS,00,363,Mobile,New York,2024-08-03 15:51:39
38143,Square,SUCCESS,00,461,Desktop,Chicago,2024-08-03 15:51:42
38144,PayPal,SUCCESS,00,542,ATM,Chicago,2024-08-03 16:47:48
38145,AuthorizeNet,SUCCESS,00,447,ATM,Los Angeles,2024-08-03 17:04:50
38146,Square,SUCCESS,00,939,POS,Los Angeles,2024-08-03 18:01:15
38147,AuthorizeNet,SUCCESS,00,1232,POS,Los Angeles,2024-08-03 18:15:31
38148,Square,SUCCESS,00,1411,Mobile,Dallas,2024-08-03 18:36:06
38149,PayPal,SUCCESS,00,1001,ATM,Los Angeles,2024-08-03 18:38:16
38150,PayPal,FAILED,12,387,ATM,Los Angeles,2024-08-03 20:12:42
38151,PayPal,FAILED,05,133,POS,Chicago,2024-08-03 20:49:31
38152,AuthorizeNet,SUCCESS,00,948,Desktop,Los Angeles,2024-08-03 22:11:39
38153,PayPal,SUCCESS,00,501,ATM,Chicago,2024-08-03 23:27:06
38154,AuthorizeNet,SUCCESS,00,1495,Mobile,New York,2024-08-03 23:38:22
38155,PayPal,SUCCESS,00,1356,ATM,Los Angeles,2024-08-03 23:41:34
38156,Stripe,SUCCESS,00,1102,Mobile,Dallas,2024-08-04 02:28:56
38157,AuthorizeNet,SUCCESS,00,1043,Mobile,Dallas,2024-08-04 02:31:14
38158,AuthorizeNet,SUCCESS,00,251,POS,Los Angeles,2024-08-04 04:09:33
38159,PayPal,SUCCESS,00,348,Desktop,Chicago,2024-08-04 05:21:13
38160,AuthorizeNet,SUCCESS,00,785,POS,New York,2024-08-04 05:32:22
38161,AuthorizeNet,SUCCESS,00,1150,ATM,Los Angeles,2024-08-04 05:44:34
38162,Square,SUCCESS,00,1470,POS,New York,2024-08-04 06:55:57
38163,PayPal,SUCCESS,00,356,POS,Los Angeles,2024-08-04 06:59:17
38164,Stripe,SUCCESS,00,795,POS,Dallas,2024-08-04 08:41:51
38165,PayPal,SUCCESS,00,365,Mobile,New York,2024-08-04 09:06:42
38166,PayPal,SUCCESS,00,1168,POS,New York,2024-08-04 09:25:32
38167,PayPal,SUCCESS,00,1407,POS,Dallas,2024-08-04 09:37:04
38168,Square,SUCCESS,00,271,POS,Los Angeles,2024-08-04 09:41:54
38169,Stripe,SUCCESS,00,1118,Mobile,Dallas,2024-08-04 10:27:53
38170,Square,SUCCESS,00,791,POS,Chicago,2024-08-04 10:29:13
38171,PayPal,SUCCESS,00,527,Mobile,Los Angeles,2024-08-04 10:34:15
38172,Stripe,SUCCESS,00,997,ATM,Chicago,2024-08-04 10:54:36
38173,AuthorizeNet,SUCCESS,00,492,POS,Los Angeles,2024-08-04 12:18:44
38174,Stripe,SUCCESS,00,264,Desktop,New York,2024-08-04 12:53:12
38175,Stripe,SUCCESS,00,1079,Desktop,New York,2024-08-04 12:56:48
38176,AuthorizeNet,FAILED,12,289,Desktop,New York,2024-08-04 13:34:39
38177,AuthorizeNet,SUCCESS,00,366,ATM,New York,2024-08-04 14:05:28
38178,AuthorizeNet,SUCCESS,00,674,POS,Chicago,2024-08-04 14:45:09
38179,Square,FAILED,05,741,ATM,Dallas,2024-08-04 15:21:48
38180,Square,SUCCESS,00,559,POS,Dallas,2024-08-04 15:45:27
38181,PayPal,SUCCESS,00,941,ATM,Chicago,2024-08-04 16:33:23
38182,AuthorizeNet,SUCCESS,00,224,Mobile,Los Angeles,2024-08-04 18:02:38
38183,PayPal,SUCCESS,00,622,ATM,New York,2024-08-04 18:17:01
38184,Stripe,SUCCESS,00,202,Desktop,Dallas,2024-08-04 18:20:36
38185,Stripe,SUCCESS,00,185,Desktop,Los Angeles,2024-08-04 18:21:16
38186,PayPal,SUCCESS,00,1048,POS,New York,2024-08-04 19:15:34
38187,PayPal,FAILED,05,326,POS,Chicago,2024-08-04 20:15:11
38188,PayPal,SUCCESS,00,658,Mobile,New York,2024-08-04 20:17:00
38189,PayPal,SUCCESS,00,577,POS,Dallas,2024-08-04 20:29:12
38190,AuthorizeNet,SUCCESS,00,1002,Mobile,Chicago,2024-08-04 20:32:02
38191,Square,SUCCESS,00,530,POS,Los Angeles,2024-08-04 21:05:29
38192,AuthorizeNet,SUCCESS,00,269,Mobile,Los Angeles,2024-08-04 21:17:37
38193,Square,SUCCESS,00,421,ATM,Los Angeles,2024-08-04 21:23:49
38194,AuthorizeNet,SUCCESS,00,627,ATM,New York,2024-08-04 22:50:13
38195,AuthorizeNet,SUCCESS,00,881,POS,New York,2024-08-04 22:51:04
38196,Square,SUCCESS,00,312,Mobile,Dallas,2024-08-04 22:57:46
38197,PayPal,SUCCESS,00,1468,Mobile,Chicago,2024-08-04 23:24:12
38198,Stripe,SUCCESS,00,1048,ATM,New York,2024-08-04 23:28:50
38199,AuthorizeNet,FAILED,05,1231,Mobile,New York,2024-08-05 00:11:56
38200,Square,SUCCESS,00,1058,Mobile,Los Angeles,2024-08-05 00:13:33
38201,Square,SUCCESS,00,571,ATM,New York,2024-08-05 00:19:17
38202,Stripe,SUCCESS,00,314,ATM,Chicago,2024-08-05 00:37:19
38203,AuthorizeNet,SUCCESS,00,907,Mobile,New York,2024-08-05 00:48:39
38204,PayPal,SUCCESS,00,348,POS,Dallas,2024-08-05 01:07:11
38205,PayPal,SUCCESS,00,1209,Mobile,Dallas,2024-08-05 01:44:20
38206,AuthorizeNet,SUCCESS,00,1446,ATM,Los Angeles,2024-08-05 03:33:43
38207,Square,SUCCESS,00,721,Mobile,New York,2024-08-05 03:45:09
38208,Square,SUCCESS,00,206,ATM,Dallas,2024-08-05 03:56:11
38209,AuthorizeNet,SUCCESS,00,1230,Desktop,Chicago,2024-08-05 04:03:32
38210,Stripe,SUCCESS,00,555,ATM,Los Angeles,2024-08-05 04:16:17
38211,Stripe,SUCCESS,00,734,POS,New York,2024-08-05 04:18:08
38212,Stripe,SUCCESS,00,901,POS,New York,2024-08-05 05:47:10
38213,Square,SUCCESS,00,1152,Mobile,Dallas,2024-08-05 06:37:23
38214,AuthorizeNet,PENDING,99,295,Desktop,Los Angeles,2024-08-05 07:32:39
38215,AuthorizeNet,SUCCESS,00,1426,POS,Chicago,2024-08-05 08:08:19
38216,Stripe,SUCCESS,00,371,Desktop,Los Angeles,2024-08-05 08:42:50
38217,Square,SUCCESS,00,884,ATM,Chicago,2024-08-05 09:34:37
38218,Stripe,SUCCESS,00,810,Mobile,Chicago,2024-08-05 10:14:17
38219,AuthorizeNet,SUCCESS,00,228,Desktop,Dallas,2024-08-05 12:41:12
38220,Stripe,SUCCESS,00,568,ATM,Dallas,2024-08-05 13:06:35
38221,Square,SUCCESS,00,998,ATM,Dallas,2024-08-05 13:15:54
38222,Stripe,SUCCESS,00,558,Desktop,Dallas,2024-08-05 13:16:36
38223,AuthorizeNet,SUCCESS,00,714,POS,Los Angeles,2024-08-05 13:52:45
38224,AuthorizeNet,SUCCESS,00,1484,Mobile,Chicago,2024-08-05 14:35:05
38225,PayPal,SUCCESS,00,826,Mobile,Chicago,2024-08-05 14:53:27
38226,AuthorizeNet,SUCCESS,00,1398,Desktop,New York,2024-08-05 15:17:44
38227,AuthorizeNet,SUCCESS,00,406,Desktop,Dallas,2024-08-05 15:29:52
38228,Square,SUCCESS,00,334,Desktop,New York,2024-08-05 16:35:48
38229,AuthorizeNet,SUCCESS,00,1171,ATM,Los Angeles,2024-08-05 17:05:02
38230,PayPal,FAILED,12,193,Desktop,Chicago,2024-08-05 17:33:36
38231,Square,SUCCESS,00,1230,Desktop,Los Angeles,2024-08-05 18:26:47
38232,PayPal,SUCCESS,00,709,Desktop,Chicago,2024-08-05 18:36:27
38233,Square,SUCCESS,00,330,Desktop,Chicago,2024-08-05 19:02:41
38234,Stripe,SUCCESS,00,1109,Mobile,Dallas,2024-08-05 19:28:00
38235,Stripe,SUCCESS,00,292,ATM,New York,2024-08-05 19:41:36
38236,PayPal,SUCCESS,00,1067,POS,New York,2024-08-05 19:55:31
38237,AuthorizeNet,SUCCESS,00,585,ATM,New York,2024-08-05 20:18:57
38238,PayPal,SUCCESS,00,535,POS,Los Angeles,2024-08-05 21:28:09
38239,AuthorizeNet,SUCCESS,00,985,POS,Dallas,2024-08-05 21:35:31
38240,Square,SUCCESS,00,443,Mobile,New York,2024-08-05 21:54:55
38241,Stripe,SUCCESS,00,1313,POS,Dallas,2024-08-05 23:15:18
38242,Stripe,SUCCESS,00,1255,ATM,Dallas,2024-08-06 01:09:35
38243,Square,SUCCESS,00,1489,Mobile,Dallas,2024-08-06 02:03:12
38244,AuthorizeNet,SUCCESS,00,353,ATM,New York,2024-08-06 03:13:38
38245,Square,SUCCESS,00,1134,Desktop,Dallas,2024-08-06 03:55:23
38246,Stripe,SUCCESS,00,1211,ATM,New York,2024-08-06 05:21:59
38247,AuthorizeNet,SUCCESS,00,1055,Desktop,Dallas,2024-08-06 05:53:06
38248,AuthorizeNet,SUCCESS,00,557,Desktop,Los Angeles,2024-08-06 06:46:45
38249,AuthorizeNet,SUCCESS,00,1371,ATM,Chicago,2024-08-06 07:10:04
38250,PayPal,SUCCESS,00,1044,Mobile,Los Angeles,2024-08-06 07:48:34
38251,Square,SUCCESS,00,568,ATM,Los Angeles,2024-08-06 08:32:04
38252,Stripe,SUCCESS,00,1189,ATM,Chicago,2024-08-06 09:14:19
38253,AuthorizeNet,SUCCESS,00,190,Desktop,Los Angeles,2024-08-06 09:15:13
38254,PayPal,SUCCESS,00,1269,POS,Los Angeles,2024-08-06 09:45:16
38255,Stripe,SUCCESS,00,509,Desktop,Los Angeles,2024-08-06 10:17:23
38256,AuthorizeNet,SUCCESS,00,342,Desktop,Chicago,2024-08-06 11:34:35
38257,AuthorizeNet,SUCCESS,00,654,ATM,Dallas,2024-08-06 11:39:53
38258,Stripe,SUCCESS,00,1089,POS,Dallas,2024-08-06 11:52:28
38259,Square,SUCCESS,00,151,Desktop,Chicago,2024-08-06 12:31:47
38260,Square,SUCCESS,00,871,ATM,Dallas,2024-08-06 12:40:49
38261,Stripe,SUCCESS,00,259,ATM,Chicago,2024-08-06 12:46:13
38262,Stripe,SUCCESS,00,518,Desktop,Los Angeles,2024-08-06 12:50:12
38263,Stripe,SUCCESS,00,1278,Desktop,Dallas,2024-08-06 14:06:25
38264,PayPal,SUCCESS,00,1227,ATM,New York,2024-08-06 14:13:08
38265,Square,FAILED,05,1421,Mobile,Dallas,2024-08-06 14:58:15
38266,AuthorizeNet,SUCCESS,00,1154,ATM,Dallas,2024-08-06 15:33:30
38267,AuthorizeNet,SUCCESS,00,102,POS,Los Angeles,2024-08-06 15:39:57
38268,Square,SUCCESS,00,1426,POS,Los Angeles,2024-08-06 15:47:28
38269,Stripe,SUCCESS,00,1477,Mobile,New York,2024-08-06 16:15:11
38270,AuthorizeNet,SUCCESS,00,1179,POS,Chicago,2024-08-06 16:43:36
38271,Stripe,SUCCESS,00,251,POS,Los Angeles,2024-08-06 17:27:45
38272,PayPal,SUCCESS,00,456,Desktop,Chicago,2024-08-06 18:10:24
38273,Stripe,SUCCESS,00,303,Mobile,Dallas,2024-08-06 18:16:59
38274,Square,SUCCESS,00,889,Mobile,Dallas,2024-08-06 18:27:32
38275,Stripe,SUCCESS,00,373,POS,Los Angeles,2024-08-06 19:29:36
38276,Square,SUCCESS,00,1382,POS,Chicago,2024-08-06 19:50:49
38277,Stripe,SUCCESS,00,341,Desktop,Chicago,2024-08-06 20:12:54
38278,PayPal,SUCCESS,00,639,ATM,New York,2024-08-06 21:09:24
38279,Stripe,SUCCESS,00,969,Desktop,Los Angeles,2024-08-06 23:25:29
38280,Square,FAILED,12,1365,ATM,New York,2024-08-06 23:46:44
38281,PayPal,SUCCESS,00,790,Mobile,New York,2024-08-06 23:49:34
38282,Square,SUCCESS,00,118,ATM,Chicago,2024-08-06 23:58:09
38283,PayPal,SUCCESS,00,685,ATM,Dallas,2024-08-06 23:59:03
38284,Square,SUCCESS,00,1040,Mobile,New York,2024-08-07 01:38:11
38285,PayPal,SUCCESS,00,226,ATM,Chicago,2024-08-07 01:46:30
38286,AuthorizeNet,SUCCESS,00,747,Mobile,Chicago,2024-08-07 03:30:28
38287,Square,SUCCESS,00,1122,Desktop,Chicago,2024-08-07 03:46:54
38288,AuthorizeNet,SUCCESS,00,1472,Desktop,Dallas,2024-08-07 03:55:09
38289,AuthorizeNet,SUCCESS,00,1105,ATM,Chicago,2024-08-07 03:56:07
38290,PayPal,SUCCESS,00,1261,Mobile,Chicago,2024-08-07 04:36:43
38291,PayPal,SUCCESS,00,985,Mobile,Los Angeles,2024-08-07 05:27:21
38292,Square,SUCCESS,00,865,POS,Chicago,2024-08-07 05:53:30
38293,AuthorizeNet,SUCCESS,00,1430,POS,Chicago,2024-08-07 06:21:06
38294,PayPal,SUCCESS,00,706,POS,Los Angeles,2024-08-07 06:36:27
38295,AuthorizeNet,FAILED,05,752,Mobile,Dallas,2024-08-07 06:45:30
38296,PayPal,SUCCESS,00,1125,Desktop,New York,2024-08-07 06:54:35
38297,Stripe,SUCCESS,00,526,ATM,Chicago,2024-08-07 07:26:54
38298,AuthorizeNet,FAILED,12,1088,Mobile,Chicago,2024-08-07 08:26:32
38299,AuthorizeNet,SUCCESS,00,214,Desktop,New York,2024-08-07 08:36:50
38300,Stripe,SUCCESS,00,1069,Desktop,Los Angeles,2024-08-07 10:08:14
38301,AuthorizeNet,FAILED,05,1114,POS,Los Angeles,2024-08-07 11:25:26
38302,Stripe,FAILED,12,1224,POS,Dallas,2024-08-07 11:32:16
38303,AuthorizeNet,FAILED,05,1107,Mobile,Dallas,2024-08-07 11:52:05
38304,AuthorizeNet,SUCCESS,00,1206,ATM,Chicago,2024-08-07 13:31:28
38305,Square,SUCCESS,00,1229,Desktop,Dallas,2024-08-07 14:07:25
38306,AuthorizeNet,SUCCESS,00,1265,POS,New York,2024-08-07 14:40:50
38307,PayPal,SUCCESS,00,867,Mobile,Dallas,2024-08-07 15:39:32
38308,AuthorizeNet,SUCCESS,00,1179,ATM,Chicago,2024-08-07 17:16:05
38309,Stripe,FAILED,05,989,POS,Dallas,2024-08-07 17:35:31
38310,Square,SUCCESS,00,1190,ATM,New York,2024-08-07 17:52:22
38311,AuthorizeNet,SUCCESS,00,371,POS,New York,2024-08-07 18:02:03
38312,Square,SUCCESS,00,324,Desktop,Los Angeles,2024-08-07 19:24:49
38313,Square,SUCCESS,00,777,POS,New York,2024-08-07 19:31:46
38314,Stripe,SUCCESS,00,870,Desktop,Chicago,2024-08-07 20:06:41
38315,Stripe,SUCCESS,00,1187,ATM,Dallas,2024-08-07 21:29:38
38316,Stripe,SUCCESS,00,287,POS,New York,2024-08-07 23:09:21
38317,Stripe,SUCCESS,00,690,POS,Chicago,2024-08-07 23:29:51
38318,Stripe,SUCCESS,00,730,ATM,Chicago,2024-08-08 00:02:09
38319,AuthorizeNet,SUCCESS,00,448,Mobile,Los Angeles,2024-08-08 01:20:29
38320,Square,SUCCESS,00,681,Desktop,Dallas,2024-08-08 01:35:08
38321,PayPal,SUCCESS,00,1429,Mobile,Chicago,2024-08-08 02:13:21
38322,AuthorizeNet,SUCCESS,00,1176,ATM,Los Angeles,2024-08-08 02:14:01
38323,Stripe,SUCCESS,00,902,ATM,Dallas,2024-08-08 02:25:45
38324,PayPal,SUCCESS,00,998,Desktop,Chicago,2024-08-08 02:44:29
38325,Square,SUCCESS,00,403,ATM,New York,2024-08-08 02:48:37
38326,AuthorizeNet,SUCCESS,00,1294,Desktop,New York,2024-08-08 03:13:14
38327,Square,FAILED,05,1425,Mobile,Dallas,2024-08-08 03:21:08
38328,Stripe,SUCCESS,00,1013,Desktop,Los Angeles,2024-08-08 06:17:54
38329,Stripe,SUCCESS,00,330,POS,Los Angeles,2024-08-08 06:24:04
38330,Square,SUCCESS,00,1445,Desktop,Los Angeles,2024-08-08 07:29:42
38331,Stripe,SUCCESS,00,776,Mobile,Dallas,2024-08-08 10:47:46
38332,AuthorizeNet,SUCCESS,00,508,POS,New York,2024-08-08 10:50:27
38333,Square,FAILED,05,611,Mobile,New York,2024-08-08 11:30:37
38334,AuthorizeNet,SUCCESS,00,1337,ATM,Los Angeles,2024-08-08 12:38:12
38335,Stripe,SUCCESS,00,639,POS,New York,2024-08-08 13:04:16
38336,AuthorizeNet,SUCCESS,00,1254,ATM,Dallas,2024-08-08 13:23:53
38337,PayPal,FAILED,05,1302,Desktop,Chicago,2024-08-08 13:51:16
38338,PayPal,SUCCESS,00,184,Desktop,Dallas,2024-08-08 14:11:03
38339,Stripe,SUCCESS,00,321,Desktop,Dallas,2024-08-08 14:15:45
38340,AuthorizeNet,SUCCESS,00,990,Desktop,New York,2024-08-08 14:23:58
38341,Stripe,SUCCESS,00,907,Mobile,Los Angeles,2024-08-08 14:55:49
38342,PayPal,FAILED,12,897,POS,Dallas,2024-08-08 15:22:14
38343,Stripe,FAILED,05,1265,Mobile,Chicago,2024-08-08 16:51:27
38344,Stripe,SUCCESS,00,1029,Mobile,Chicago,2024-08-08 18:32:52
38345,Square,SUCCESS,00,1246,Desktop,Dallas,2024-08-08 19:23:03
38346,Stripe,SUCCESS,00,1061,Mobile,Los Angeles,2024-08-08 22:58:39
38347,PayPal,SUCCESS,00,937,POS,Dallas,2024-08-08 23:00:39
38348,PayPal,FAILED,12,974,Mobile,Los Angeles,2024-08-09 00:08:49
38349,AuthorizeNet,SUCCESS,00,824,POS,Dallas,2024-08-09 02:12:35
38350,Square,SUCCESS,00,1379,Desktop,Chicago,2024-08-09 02:35:01
38351,Square,SUCCESS,00,858,Mobile,Dallas,2024-08-09 02:37:21
38352,PayPal,SUCCESS,00,341,Mobile,Dallas,2024-08-09 03:00:38
38353,PayPal,SUCCESS,00,236,Desktop,New York,2024-08-09 03:36:43
38354,PayPal,SUCCESS,00,416,Desktop,New York,2024-08-09 03:54:07
38355,AuthorizeNet,SUCCESS,00,1178,Desktop,Dallas,2024-08-09 04:18:40
38356,PayPal,FAILED,12,1472,ATM,New York,2024-08-09 05:27:02
38357,Square,SUCCESS,00,446,Desktop,Los Angeles,2024-08-09 06:40:48
38358,AuthorizeNet,SUCCESS,00,376,Desktop,Dallas,2024-08-09 06:56:30
38359,PayPal,SUCCESS,00,388,ATM,Los Angeles,2024-08-09 07:36:23
38360,Square,SUCCESS,00,1335,POS,New York,2024-08-09 08:09:58
38361,Square,SUCCESS,00,1117,POS,New York,2024-08-09 08:50:12
38362,PayPal,FAILED,12,1379,ATM,Dallas,2024-08-09 09:28:40
38363,AuthorizeNet,SUCCESS,00,623,Desktop,Dallas,2024-08-09 09:29:04
38364,AuthorizeNet,FAILED,12,516,Mobile,Chicago,2024-08-09 10:18:20
38365,PayPal,SUCCESS,00,738,POS,Dallas,2024-08-09 10:18:49
38366,Square,SUCCESS,00,800,Mobile,Chicago,2024-08-09 11:02:36
38367,AuthorizeNet,SUCCESS,00,877,Desktop,Dallas,2024-08-09 11:14:09
38368,PayPal,SUCCESS,00,1153,ATM,Chicago,2024-08-09 11:48:42
38369,PayPal,SUCCESS,00,534,POS,New York,2024-08-09 11:55:18
38370,Square,SUCCESS,00,108,ATM,New York,2024-08-09 12:22:58
38371,Square,SUCCESS,00,1400,Desktop,Chicago,2024-08-09 12:30:41
38372,Stripe,SUCCESS,00,1350,POS,Dallas,2024-08-09 12:49:19
38373,Stripe,SUCCESS,00,1339,POS,Chicago,2024-08-09 13:05:53
38374,AuthorizeNet,SUCCESS,00,733,Mobile,Dallas,2024-08-09 14:33:10
38375,PayPal,SUCCESS,00,876,ATM,Chicago,2024-08-09 14:40:23
38376,PayPal,SUCCESS,00,633,Mobile,Los Angeles,2024-08-09 15:08:56
38377,AuthorizeNet,PENDING,99,1132,Mobile,Los Angeles,2024-08-09 15:13:30
38378,Square,SUCCESS,00,1217,Mobile,Chicago,2024-08-09 16:12:55
38379,AuthorizeNet,SUCCESS,00,234,POS,Dallas,2024-08-09 16:20:59
38380,Square,SUCCESS,00,379,Desktop,Dallas,2024-08-09 16:59:43
38381,Square,SUCCESS,00,782,Desktop,Dallas,2024-08-09 17:24:04
38382,Stripe,SUCCESS,00,400,ATM,New York,2024-08-09 17:29:20
38383,Square,SUCCESS,00,1260,Desktop,Los Angeles,2024-08-09 17:39:28
38384,Square,SUCCESS,00,475,Desktop,New York,2024-08-09 18:01:56
38385,AuthorizeNet,SUCCESS,00,1007,Desktop,Dallas,2024-08-09 18:43:16
38386,AuthorizeNet,SUCCESS,00,1318,Mobile,New York,2024-08-09 18:56:43
38387,PayPal,SUCCESS,00,1321,POS,New York,2024-08-09 19:22:14
38388,PayPal,SUCCESS,00,805,POS,Chicago,2024-08-09 20:18:56
38389,AuthorizeNet,SUCCESS,00,1477,POS,Dallas,2024-08-09 20:44:31
38390,Square,SUCCESS,00,560,Desktop,Chicago,2024-08-09 21:28:00
38391,PayPal,SUCCESS,00,130,ATM,Los Angeles,2024-08-09 22:54:30
38392,Square,SUCCESS,00,104,Mobile,Dallas,2024-08-09 23:18:12
38393,Stripe,SUCCESS,00,1200,Mobile,Dallas,2024-08-10 00:09:43
38394,Square,SUCCESS,00,1191,Desktop,Dallas,2024-08-10 00:31:40
38395,AuthorizeNet,SUCCESS,00,618,POS,New York,2024-08-10 00:49:58
38396,Square,SUCCESS,00,1475,Mobile,Los Angeles,2024-08-10 00:56:03
38397,PayPal,SUCCESS,00,580,POS,Chicago,2024-08-10 00:59:57
38398,Stripe,SUCCESS,00,1268,Desktop,Los Angeles,2024-08-10 02:29:10
38399,PayPal,SUCCESS,00,802,Mobile,Los Angeles,2024-08-10 02:36:16
38400,Square,SUCCESS,00,788,ATM,Dallas,2024-08-10 02:57:54
38401,PayPal,SUCCESS,00,451,ATM,Dallas,2024-08-10 03:31:27
38402,Stripe,SUCCESS,00,333,Mobile,Los Angeles,2024-08-10 05:15:52
38403,AuthorizeNet,SUCCESS,00,1385,Desktop,New York,2024-08-10 05:34:04
38404,PayPal,SUCCESS,00,1299,ATM,Los Angeles,2024-08-10 06:54:49
38405,PayPal,SUCCESS,00,1236,Desktop,Chicago,2024-08-10 06:56:56
38406,Square,SUCCESS,00,1059,POS,Chicago,2024-08-10 09:19:25
38407,Stripe,FAILED,05,945,ATM,Dallas,2024-08-10 09:36:17
38408,Square,SUCCESS,00,182,Desktop,Dallas,2024-08-10 10:46:04
38409,PayPal,SUCCESS,00,104,Desktop,Chicago,2024-08-10 11:40:20
38410,AuthorizeNet,SUCCESS,00,166,POS,Dallas,2024-08-10 12:38:05
38411,Stripe,SUCCESS,00,637,POS,Chicago,2024-08-10 12:49:54
38412,Stripe,SUCCESS,00,122,ATM,New York,2024-08-10 14:44:18
38413,Square,SUCCESS,00,173,POS,Los Angeles,2024-08-10 15:32:07
38414,PayPal,SUCCESS,00,1147,ATM,New York,2024-08-10 16:45:26
38415,AuthorizeNet,SUCCESS,00,793,Desktop,New York,2024-08-10 17:37:26
38416,Stripe,SUCCESS,00,527,ATM,Chicago,2024-08-10 17:55:10
38417,Square,SUCCESS,00,962,POS,New York,2024-08-10 18:08:19
38418,Stripe,SUCCESS,00,917,POS,Chicago,2024-08-10 19:28:57
38419,Stripe,FAILED,05,897,ATM,New York,2024-08-10 20:34:26
38420,Stripe,SUCCESS,00,865,POS,Dallas,2024-08-10 20:34:55
38421,PayPal,SUCCESS,00,1180,Mobile,Chicago,2024-08-10 20:54:43
38422,Stripe,SUCCESS,00,1222,POS,New York,2024-08-10 23:14:18
38423,AuthorizeNet,SUCCESS,00,1368,Mobile,New York,2024-08-10 23:33:54
38424,Stripe,SUCCESS,00,915,Desktop,Dallas,2024-08-10 23:36:23
38425,PayPal,SUCCESS,00,790,Desktop,Dallas,2024-08-11 00:16:36
38426,AuthorizeNet,SUCCESS,00,1369,ATM,Los Angeles,2024-08-11 01:00:22
38427,Square,SUCCESS,00,265,POS,Dallas,2024-08-11 02:00:59
38428,Stripe,SUCCESS,00,1122,ATM,New York,2024-08-11 03:52:42
38429,Square,SUCCESS,00,1029,Mobile,Chicago,2024-08-11 04:53:20
38430,Square,SUCCESS,00,1012,Mobile,Dallas,2024-08-11 05:25:50
38431,PayPal,SUCCESS,00,935,POS,New York,2024-08-11 05:45:40
38432,PayPal,SUCCESS,00,1274,Desktop,Dallas,2024-08-11 09:17:16
38433,PayPal,SUCCESS,00,1424,POS,Dallas,2024-08-11 11:15:45
38434,Square,SUCCESS,00,1463,POS,Dallas,2024-08-11 12:27:51
38435,Square,SUCCESS,00,194,ATM,New York,2024-08-11 13:37:05
38436,Stripe,FAILED,12,1370,POS,Los Angeles,2024-08-11 14:05:08
38437,Square,SUCCESS,00,408,ATM,Chicago,2024-08-11 14:28:28
38438,Square,SUCCESS,00,1225,ATM,Dallas,2024-08-11 14:32:26
38439,Square,SUCCESS,00,298,POS,New York,2024-08-11 15:00:05
38440,AuthorizeNet,SUCCESS,00,407,Desktop,New York,2024-08-11 15:32:43
38441,PayPal,SUCCESS,00,1004,Mobile,Chicago,2024-08-11 16:44:34
38442,AuthorizeNet,SUCCESS,00,707,Desktop,New York,2024-08-11 17:33:46
38443,Square,SUCCESS,00,414,ATM,Los Angeles,2024-08-11 17:38:48
38444,PayPal,SUCCESS,00,539,ATM,Los Angeles,2024-08-11 18:14:27
38445,Square,SUCCESS,00,520,ATM,Chicago,2024-08-11 18:29:26
38446,PayPal,SUCCESS,00,1287,POS,Chicago,2024-08-11 18:39:30
38447,Square,SUCCESS,00,275,ATM,Dallas,2024-08-11 21:28:37
38448,AuthorizeNet,FAILED,12,983,POS,Dallas,2024-08-11 21:34:50
38449,PayPal,FAILED,05,1488,Mobile,Chicago,2024-08-11 22:18:25
38450,PayPal,SUCCESS,00,583,Desktop,New York,2024-08-11 22:24:59
38451,Square,SUCCESS,00,1167,Desktop,Chicago,2024-08-11 22:45:42
38452,Square,SUCCESS,00,1132,Desktop,New York,2024-08-11 23:42:04
38453,Square,SUCCESS,00,1217,Desktop,New York,2024-08-11 23:56:57
38454,PayPal,SUCCESS,00,897,Desktop,Dallas,2024-08-12 00:13:09
38455,Square,SUCCESS,00,1258,ATM,Chicago,2024-08-12 00:42:17
38456,PayPal,SUCCESS,00,1205,Mobile,Chicago,2024-08-12 01:18:45
38457,AuthorizeNet,SUCCESS,00,284,ATM,Chicago,2024-08-12 01:47:49
38458,Stripe,SUCCESS,00,1304,Mobile,Dallas,2024-08-12 03:43:12
38459,AuthorizeNet,SUCCESS,00,884,ATM,Dallas,2024-08-12 03:47:47
38460,Square,SUCCESS,00,823,Desktop,Chicago,2024-08-12 05:38:26
38461,AuthorizeNet,FAILED,05,350,Mobile,Los Angeles,2024-08-12 06:05:20
38462,AuthorizeNet,SUCCESS,00,1037,ATM,Los Angeles,2024-08-12 06:38:38
38463,AuthorizeNet,SUCCESS,00,1484,POS,New York,2024-08-12 07:07:16
38464,Square,SUCCESS,00,720,Mobile,New York,2024-08-12 07:27:23
38465,Stripe,FAILED,05,171,Mobile,Dallas,2024-08-12 07:46:01
38466,Stripe,FAILED,12,1022,Mobile,New York,2024-08-12 07:52:35
38467,PayPal,SUCCESS,00,1429,POS,New York,2024-08-12 08:03:54
38468,AuthorizeNet,SUCCESS,00,847,POS,Dallas,2024-08-12 09:36:38
38469,Square,SUCCESS,00,574,ATM,New York,2024-08-12 11:42:02
38470,Stripe,SUCCESS,00,1118,POS,New York,2024-08-12 12:32:01
38471,AuthorizeNet,SUCCESS,00,245,Mobile,Dallas,2024-08-12 12:33:58
38472,Square,SUCCESS,00,762,Desktop,Dallas,2024-08-12 15:16:03
38473,Stripe,SUCCESS,00,1005,ATM,Dallas,2024-08-12 15:30:49
38474,Stripe,SUCCESS,00,131,Desktop,Los Angeles,2024-08-12 15:40:55
38475,Square,SUCCESS,00,524,POS,New York,2024-08-12 15:41:01
38476,PayPal,SUCCESS,00,598,Desktop,Dallas,2024-08-12 15:42:57
38477,Stripe,SUCCESS,00,1115,Mobile,Chicago,2024-08-12 17:14:21
38478,AuthorizeNet,SUCCESS,00,207,Desktop,Los Angeles,2024-08-12 17:18:00
38479,Stripe,SUCCESS,00,1195,ATM,Chicago,2024-08-12 17:47:30
38480,AuthorizeNet,SUCCESS,00,338,ATM,Dallas,2024-08-12 18:09:12
38481,Square,SUCCESS,00,402,Mobile,Los Angeles,2024-08-12 18:41:58
38482,AuthorizeNet,FAILED,12,110,Desktop,Chicago,2024-08-12 19:20:00
38483,AuthorizeNet,SUCCESS,00,1147,Mobile,New York,2024-08-12 19:36:26
38484,AuthorizeNet,SUCCESS,00,1498,ATM,Dallas,2024-08-12 19:37:20
38485,PayPal,SUCCESS,00,1470,Mobile,Chicago,2024-08-12 21:21:07
38486,Square,SUCCESS,00,1383,POS,Los Angeles,2024-08-12 21:33:03
38487,Stripe,SUCCESS,00,869,ATM,Dallas,2024-08-12 22:00:22
38488,AuthorizeNet,SUCCESS,00,917,ATM,New York,2024-08-12 22:31:20
38489,PayPal,SUCCESS,00,423,ATM,Chicago,2024-08-12 22:50:51
38490,Square,SUCCESS,00,365,POS,New York,2024-08-12 23:16:54
38491,Square,SUCCESS,00,705,Desktop,New York,2024-08-13 00:35:10
38492,AuthorizeNet,SUCCESS,00,459,Mobile,Chicago,2024-08-13 01:01:54
38493,Square,PENDING,99,1269,ATM,New York,2024-08-13 02:11:41
38494,Stripe,SUCCESS,00,622,Desktop,Los Angeles,2024-08-13 03:53:46
38495,PayPal,SUCCESS,00,938,POS,New York,2024-08-13 05:50:31
38496,Square,SUCCESS,00,1354,Desktop,New York,2024-08-13 06:45:10
38497,Stripe,SUCCESS,00,749,POS,New York,2024-08-13 08:04:14
38498,Stripe,SUCCESS,00,1495,Desktop,Chicago,2024-08-13 08:24:25
38499,AuthorizeNet,SUCCESS,00,467,ATM,Dallas,2024-08-13 08:46:53
38500,AuthorizeNet,SUCCESS,00,464,Mobile,Los Angeles,2024-08-13 10:11:15
38501,Square,SUCCESS,00,386,Desktop,Dallas,2024-08-13 10:32:28
38502,Stripe,SUCCESS,00,896,ATM,Dallas,2024-08-13 10:38:52
38503,Square,SUCCESS,00,962,Desktop,Dallas,2024-08-13 10:44:43
38504,Stripe,SUCCESS,00,202,Desktop,Dallas,2024-08-13 10:55:56
38505,PayPal,FAILED,05,940,ATM,Chicago,2024-08-13 10:56:49
38506,Stripe,SUCCESS,00,790,ATM,New York,2024-08-13 10:59:24
38507,Stripe,SUCCESS,00,106,Desktop,Chicago,2024-08-13 12:05:03
38508,Square,SUCCESS,00,1266,Mobile,Chicago,2024-08-13 12:10:16
38509,Stripe,SUCCESS,00,1464,POS,New York,2024-08-13 12:10:20
38510,Square,SUCCESS,00,1379,ATM,Chicago,2024-08-13 12:18:49
38511,Stripe,SUCCESS,00,985,Desktop,New York,2024-08-13 12:18:53
38512,PayPal,FAILED,12,1155,ATM,Los Angeles,2024-08-13 12:29:40
38513,Stripe,FAILED,05,1313,Mobile,Dallas,2024-08-13 12:41:22
38514,AuthorizeNet,SUCCESS,00,994,Mobile,Dallas,2024-08-13 14:13:47
38515,Square,SUCCESS,00,897,ATM,Dallas,2024-08-13 14:34:38
38516,AuthorizeNet,SUCCESS,00,1055,Desktop,Chicago,2024-08-13 14:40:35
38517,Square,SUCCESS,00,622,Mobile,New York,2024-08-13 14:54:15
38518,PayPal,SUCCESS,00,517,Mobile,New York,2024-08-13 14:56:10
38519,AuthorizeNet,SUCCESS,00,1100,POS,Los Angeles,2024-08-13 15:03:15
38520,AuthorizeNet,SUCCESS,00,502,POS,Dallas,2024-08-13 15:32:48
38521,Square,SUCCESS,00,714,ATM,Dallas,2024-08-13 16:43:45
38522,AuthorizeNet,SUCCESS,00,312,Mobile,New York,2024-08-13 17:12:12
38523,Square,SUCCESS,00,1279,Mobile,Chicago,2024-08-13 17:19:36
38524,PayPal,SUCCESS,00,1145,Mobile,Chicago,2024-08-13 19:50:40
38525,PayPal,SUCCESS,00,877,ATM,New York,2024-08-13 19:59:17
38526,Square,SUCCESS,00,248,POS,New York,2024-08-13 20:04:01
38527,Square,SUCCESS,00,1453,Desktop,Dallas,2024-08-13 20:06:56
38528,PayPal,FAILED,12,721,Desktop,Dallas,2024-08-13 20:17:09
38529,AuthorizeNet,SUCCESS,00,1423,Mobile,New York,2024-08-13 20:38:47
38530,AuthorizeNet,SUCCESS,00,363,ATM,Chicago,2024-08-13 20:39:31
38531,AuthorizeNet,SUCCESS,00,866,Mobile,Los Angeles,2024-08-13 21:14:23
38532,AuthorizeNet,SUCCESS,00,1265,Mobile,Chicago,2024-08-13 21:43:24
38533,Square,SUCCESS,00,248,Mobile,Los Angeles,2024-08-13 22:08:38
38534,PayPal,SUCCESS,00,668,Mobile,Los Angeles,2024-08-14 00:04:56
38535,PayPal,FAILED,05,1391,Mobile,Chicago,2024-08-14 00:21:16
38536,PayPal,SUCCESS,00,864,Desktop,Chicago,2024-08-14 02:02:29
38537,PayPal,SUCCESS,00,273,Desktop,Dallas,2024-08-14 02:08:57
38538,Square,SUCCESS,00,416,Desktop,Chicago,2024-08-14 03:21:46
38539,Square,SUCCESS,00,545,Desktop,Dallas,2024-08-14 03:26:18
38540,PayPal,SUCCESS,00,371,ATM,Chicago,2024-08-14 04:06:10
38541,Stripe,SUCCESS,00,991,ATM,New York,2024-08-14 04:14:04
38542,Stripe,SUCCESS,00,798,ATM,Dallas,2024-08-14 05:10:51
38543,PayPal,SUCCESS,00,1292,Desktop,Chicago,2024-08-14 06:00:07
38544,AuthorizeNet,SUCCESS,00,947,Desktop,New York,2024-08-14 06:20:45
38545,Square,PENDING,99,1000,POS,Los Angeles,2024-08-14 08:10:24
38546,Square,SUCCESS,00,109,POS,Chicago,2024-08-14 08:16:39
38547,PayPal,SUCCESS,00,414,Mobile,Los Angeles,2024-08-14 08:30:29
38548,AuthorizeNet,SUCCESS,00,781,Mobile,Los Angeles,2024-08-14 09:10:23
38549,AuthorizeNet,SUCCESS,00,793,POS,Los Angeles,2024-08-14 09:55:04
38550,Square,SUCCESS,00,565,ATM,Chicago,2024-08-14 10:40:35
38551,Stripe,SUCCESS,00,1232,POS,Los Angeles,2024-08-14 10:41:06
38552,Stripe,SUCCESS,00,230,POS,New York,2024-08-14 11:26:49
38553,Stripe,SUCCESS,00,1351,Mobile,Los Angeles,2024-08-14 12:23:44
38554,AuthorizeNet,SUCCESS,00,175,Desktop,Chicago,2024-08-14 12:36:54
38555,PayPal,SUCCESS,00,1143,Mobile,Chicago,2024-08-14 12:50:38
38556,Square,SUCCESS,00,1227,Desktop,New York,2024-08-14 13:53:46
38557,AuthorizeNet,SUCCESS,00,432,ATM,New York,2024-08-14 13:55:34
38558,AuthorizeNet,SUCCESS,00,1032,Desktop,Chicago,2024-08-14 14:24:27
38559,AuthorizeNet,SUCCESS,00,1211,ATM,Dallas,2024-08-14 14:44:41
38560,Stripe,SUCCESS,00,1292,POS,Chicago,2024-08-14 14:58:20
38561,AuthorizeNet,SUCCESS,00,235,ATM,Chicago,2024-08-14 15:38:55
38562,Square,SUCCESS,00,143,ATM,Chicago,2024-08-14 16:39:19
38563,Stripe,SUCCESS,00,1391,Mobile,New York,2024-08-14 16:42:22
38564,Stripe,FAILED,12,595,ATM,New York,2024-08-14 16:51:42
38565,AuthorizeNet,SUCCESS,00,817,Mobile,New York,2024-08-14 18:39:52
38566,AuthorizeNet,SUCCESS,00,681,POS,New York,2024-08-14 19:42:13
38567,Stripe,SUCCESS,00,1420,POS,New York,2024-08-14 21:14:53
38568,PayPal,SUCCESS,00,1022,Mobile,New York,2024-08-14 21:26:22
38569,Square,SUCCESS,00,245,Desktop,Chicago,2024-08-14 21:56:00
38570,PayPal,SUCCESS,00,1285,Mobile,Los Angeles,2024-08-14 22:28:34
38571,Square,SUCCESS,00,1321,Desktop,Los Angeles,2024-08-14 22:28:48
38572,AuthorizeNet,SUCCESS,00,990,POS,Los Angeles,2024-08-14 22:30:14
38573,Square,SUCCESS,00,1154,Mobile,Los Angeles,2024-08-14 22:48:34
38574,AuthorizeNet,SUCCESS,00,866,Mobile,Chicago,2024-08-14 23:03:53
38575,Square,SUCCESS,00,1378,Desktop,Chicago,2024-08-14 23:08:15
38576,Square,SUCCESS,00,1434,Desktop,New York,2024-08-14 23:32:37
38577,AuthorizeNet,SUCCESS,00,410,Desktop,Chicago,2024-08-14 23:49:18
38578,Square,SUCCESS,00,817,ATM,Chicago,2024-08-15 02:04:36
38579,Stripe,SUCCESS,00,759,ATM,New York,2024-08-15 02:37:58
38580,Stripe,SUCCESS,00,1440,Mobile,Chicago,2024-08-15 03:13:14
38581,Stripe,SUCCESS,00,633,Mobile,Chicago,2024-08-15 03:43:00
38582,Square,SUCCESS,00,167,ATM,New York,2024-08-15 04:38:34
38583,Square,SUCCESS,00,800,ATM,Chicago,2024-08-15 05:01:42
38584,AuthorizeNet,FAILED,12,1216,ATM,Dallas,2024-08-15 07:05:12
38585,Stripe,SUCCESS,00,686,ATM,Los Angeles,2024-08-15 10:07:23
38586,Square,SUCCESS,00,440,Mobile,Chicago,2024-08-15 10:08:56
38587,Square,SUCCESS,00,204,Mobile,Chicago,2024-08-15 10:38:06
38588,AuthorizeNet,SUCCESS,00,1004,Desktop,Dallas,2024-08-15 11:32:52
38589,PayPal,SUCCESS,00,1402,POS,Chicago,2024-08-15 12:00:51
38590,PayPal,SUCCESS,00,398,ATM,Dallas,2024-08-15 12:41:06
38591,Stripe,SUCCESS,00,996,ATM,Los Angeles,2024-08-15 13:22:58
38592,AuthorizeNet,SUCCESS,00,956,Mobile,New York,2024-08-15 14:35:17
38593,Square,SUCCESS,00,1176,Desktop,Dallas,2024-08-15 15:03:14
38594,Stripe,SUCCESS,00,1247,ATM,Dallas,2024-08-15 15:30:10
38595,Stripe,SUCCESS,00,1178,Mobile,Dallas,2024-08-15 15:37:15
38596,PayPal,SUCCESS,00,206,Mobile,Chicago,2024-08-15 16:46:29
38597,AuthorizeNet,SUCCESS,00,148,POS,Chicago,2024-08-15 18:18:13
38598,AuthorizeNet,SUCCESS,00,993,Desktop,Chicago,2024-08-15 19:01:13
38599,Square,SUCCESS,00,523,POS,Los Angeles,2024-08-15 19:25:19
38600,Square,SUCCESS,00,947,ATM,Dallas,2024-08-15 20:22:52
38601,AuthorizeNet,SUCCESS,00,802,ATM,Dallas,2024-08-15 20:40:37
38602,Square,SUCCESS,00,1341,Desktop,New York,2024-08-15 21:25:48
38603,Square,SUCCESS,00,1049,POS,New York,2024-08-15 22:33:19
38604,Square,SUCCESS,00,1250,Desktop,Chicago,2024-08-15 22:50:30
38605,AuthorizeNet,SUCCESS,00,154,POS,New York,2024-08-15 22:54:03
38606,Stripe,SUCCESS,00,1431,POS,Dallas,2024-08-15 23:50:09
38607,Square,SUCCESS,00,213,Desktop,Dallas,2024-08-16 00:09:36
38608,AuthorizeNet,SUCCESS,00,237,Desktop,New York,2024-08-16 00:40:52
38609,PayPal,SUCCESS,00,1252,Mobile,Los Angeles,2024-08-16 01:07:06
38610,Stripe,SUCCESS,00,360,Mobile,Dallas,2024-08-16 01:33:23
38611,AuthorizeNet,SUCCESS,00,688,Desktop,Dallas,2024-08-16 01:54:43
38612,AuthorizeNet,SUCCESS,00,434,Desktop,Chicago,2024-08-16 01:55:28
38613,Square,FAILED,05,687,ATM,Dallas,2024-08-16 02:44:16
38614,AuthorizeNet,SUCCESS,00,1164,Desktop,Los Angeles,2024-08-16 04:31:52
38615,AuthorizeNet,SUCCESS,00,279,POS,Chicago,2024-08-16 05:35:35
38616,Stripe,FAILED,12,750,Desktop,New York,2024-08-16 05:46:03
38617,PayPal,SUCCESS,00,711,Mobile,New York,2024-08-16 06:26:53
38618,Stripe,SUCCESS,00,806,Desktop,Chicago,2024-08-16 07:20:42
38619,Stripe,SUCCESS,00,463,ATM,Los Angeles,2024-08-16 07:33:26
38620,Stripe,SUCCESS,00,328,ATM,Chicago,2024-08-16 09:03:56
38621,Stripe,SUCCESS,00,1464,ATM,New York,2024-08-16 09:11:06
38622,AuthorizeNet,FAILED,12,488,ATM,Dallas,2024-08-16 10:54:12
38623,Square,SUCCESS,00,385,POS,Los Angeles,2024-08-16 13:04:04
38624,AuthorizeNet,SUCCESS,00,734,Mobile,Chicago,2024-08-16 13:10:42
38625,Stripe,SUCCESS,00,1163,ATM,Los Angeles,2024-08-16 13:29:24
38626,PayPal,SUCCESS,00,1058,ATM,Dallas,2024-08-16 18:08:34
38627,Stripe,SUCCESS,00,257,POS,Dallas,2024-08-16 18:46:55
38628,Square,SUCCESS,00,519,Desktop,Los Angeles,2024-08-16 19:14:09
38629,PayPal,SUCCESS,00,1224,POS,Chicago,2024-08-16 20:10:04
38630,Stripe,SUCCESS,00,238,ATM,Dallas,2024-08-16 20:29:33
38631,Square,SUCCESS,00,804,Mobile,Chicago,2024-08-16 20:32:52
38632,AuthorizeNet,SUCCESS,00,922,Desktop,Dallas,2024-08-16 22:01:20
38633,Stripe,SUCCESS,00,253,Mobile,Chicago,2024-08-16 22:58:05
38634,PayPal,SUCCESS,00,1469,Mobile,New York,2024-08-16 23:54:52
38635,PayPal,SUCCESS,00,735,POS,New York,2024-08-17 00:46:55
38636,Stripe,SUCCESS,00,816,POS,Dallas,2024-08-17 00:47:35
38637,AuthorizeNet,SUCCESS,00,371,Desktop,Dallas,2024-08-17 02:04:07
38638,Stripe,SUCCESS,00,247,Desktop,Dallas,2024-08-17 02:31:21
38639,PayPal,FAILED,05,1482,ATM,Dallas,2024-08-17 02:58:39
38640,Square,SUCCESS,00,1048,Mobile,Los Angeles,2024-08-17 03:16:52
38641,Square,SUCCESS,00,1455,Desktop,Dallas,2024-08-17 03:34:19
38642,AuthorizeNet,SUCCESS,00,1207,Mobile,New York,2024-08-17 03:56:32
38643,Stripe,SUCCESS,00,1395,Mobile,Chicago,2024-08-17 04:30:50
38644,Stripe,SUCCESS,00,432,Desktop,Chicago,2024-08-17 04:53:09
38645,AuthorizeNet,SUCCESS,00,934,ATM,Los Angeles,2024-08-17 05:05:20
38646,Stripe,SUCCESS,00,355,Desktop,Dallas,2024-08-17 05:31:33
38647,AuthorizeNet,SUCCESS,00,937,ATM,Chicago,2024-08-17 05:50:37
38648,PayPal,SUCCESS,00,1195,ATM,Dallas,2024-08-17 06:34:17
38649,AuthorizeNet,SUCCESS,00,154,Desktop,Chicago,2024-08-17 07:18:33
38650,Square,SUCCESS,00,726,Desktop,Los Angeles,2024-08-17 07:31:55
38651,Stripe,FAILED,05,810,Desktop,Chicago,2024-08-17 07:47:45
38652,Stripe,FAILED,12,1264,POS,New York,2024-08-17 09:06:56
38653,Square,FAILED,05,847,Desktop,Dallas,2024-08-17 10:08:31
38654,Square,SUCCESS,00,663,Desktop,Los Angeles,2024-08-17 10:20:00
38655,Square,SUCCESS,00,1371,ATM,Dallas,2024-08-17 12:01:21
38656,PayPal,FAILED,12,771,POS,Chicago,2024-08-17 12:13:31
38657,Stripe,SUCCESS,00,314,ATM,Los Angeles,2024-08-17 12:24:16
38658,Stripe,SUCCESS,00,1343,POS,Los Angeles,2024-08-17 13:49:14
38659,AuthorizeNet,SUCCESS,00,975,Mobile,New York,2024-08-17 14:27:50
38660,Stripe,SUCCESS,00,249,POS,Dallas,2024-08-17 15:21:38
38661,Stripe,SUCCESS,00,493,POS,Dallas,2024-08-17 15:22:11
38662,AuthorizeNet,SUCCESS,00,475,ATM,Chicago,2024-08-17 15:33:51
38663,Stripe,FAILED,05,1111,Mobile,Los Angeles,2024-08-17 15:42:05
38664,Square,SUCCESS,00,1261,Desktop,New York,2024-08-17 15:42:59
38665,PayPal,SUCCESS,00,967,Desktop,Dallas,2024-08-17 15:43:36
38666,Stripe,SUCCESS,00,1372,ATM,Los Angeles,2024-08-17 16:28:43
38667,PayPal,SUCCESS,00,324,ATM,Chicago,2024-08-17 17:14:12
38668,Stripe,SUCCESS,00,988,Mobile,Dallas,2024-08-17 17:47:18
38669,PayPal,SUCCESS,00,138,ATM,Dallas,2024-08-17 18:36:53
38670,AuthorizeNet,SUCCESS,00,1010,ATM,Los Angeles,2024-08-17 18:47:02
38671,PayPal,SUCCESS,00,802,Mobile,Dallas,2024-08-17 19:26:37
38672,Stripe,SUCCESS,00,1094,Desktop,New York,2024-08-17 19:57:40
38673,Square,FAILED,05,1102,Mobile,Chicago,2024-08-17 20:08:08
38674,Stripe,SUCCESS,00,1416,Mobile,New York,2024-08-17 20:22:22
38675,Square,SUCCESS,00,1010,Desktop,Dallas,2024-08-17 20:27:34
38676,AuthorizeNet,SUCCESS,00,1383,Mobile,New York,2024-08-17 20:47:06
38677,Square,SUCCESS,00,1058,Desktop,Chicago,2024-08-17 22:12:35
38678,Stripe,FAILED,12,234,ATM,Dallas,2024-08-17 22:51:17
38679,AuthorizeNet,SUCCESS,00,1047,Mobile,Chicago,2024-08-17 22:53:26
38680,Stripe,SUCCESS,00,642,Desktop,New York,2024-08-17 23:14:49
38681,Stripe,SUCCESS,00,819,POS,Los Angeles,2024-08-18 00:22:55
38682,Stripe,SUCCESS,00,1344,ATM,Chicago,2024-08-18 00:40:22
38683,PayPal,SUCCESS,00,674,POS,Chicago,2024-08-18 01:46:29
38684,AuthorizeNet,SUCCESS,00,1260,Desktop,Chicago,2024-08-18 02:29:10
38685,Square,FAILED,05,1427,Desktop,Dallas,2024-08-18 04:21:07
38686,PayPal,SUCCESS,00,989,POS,Dallas,2024-08-18 06:19:35
38687,Square,SUCCESS,00,120,POS,New York,2024-08-18 07:19:04
38688,AuthorizeNet,SUCCESS,00,460,Mobile,Dallas,2024-08-18 07:58:04
38689,PayPal,PENDING,99,1189,ATM,Chicago,2024-08-18 08:33:20
38690,Stripe,SUCCESS,00,1420,POS,Los Angeles,2024-08-18 08:53:36
38691,Stripe,SUCCESS,00,115,Desktop,New York,2024-08-18 09:46:13
38692,AuthorizeNet,SUCCESS,00,1295,Desktop,Dallas,2024-08-18 09:46:58
38693,PayPal,SUCCESS,00,448,Desktop,New York,2024-08-18 10:31:13
38694,Square,SUCCESS,00,406,Mobile,Los Angeles,2024-08-18 11:18:26
38695,AuthorizeNet,SUCCESS,00,386,Mobile,New York,2024-08-18 11:24:47
38696,Stripe,SUCCESS,00,496,Desktop,Los Angeles,2024-08-18 11:51:28
38697,PayPal,FAILED,05,965,Mobile,Dallas,2024-08-18 12:03:13
38698,Stripe,SUCCESS,00,1025,POS,New York,2024-08-18 12:07:25
38699,PayPal,SUCCESS,00,391,Desktop,Chicago,2024-08-18 12:19:34
38700,Stripe,SUCCESS,00,1373,Desktop,Dallas,2024-08-18 12:50:09
38701,AuthorizeNet,SUCCESS,00,1198,Desktop,New York,2024-08-18 15:42:33
38702,PayPal,SUCCESS,00,344,Desktop,Los Angeles,2024-08-18 16:43:36
38703,Square,SUCCESS,00,1169,ATM,Chicago,2024-08-18 18:47:40
38704,Square,SUCCESS,00,1471,Mobile,Dallas,2024-08-18 19:08:25
38705,Stripe,SUCCESS,00,139,ATM,Dallas,2024-08-18 19:19:55
38706,PayPal,SUCCESS,00,558,POS,Chicago,2024-08-18 19:27:13
38707,AuthorizeNet,SUCCESS,00,407,POS,Chicago,2024-08-18 20:22:08
38708,Stripe,SUCCESS,00,167,Desktop,Los Angeles,2024-08-18 21:45:05
38709,AuthorizeNet,SUCCESS,00,243,POS,Dallas,2024-08-18 22:11:10
38710,Stripe,SUCCESS,00,1089,Desktop,Los Angeles,2024-08-18 22:23:55
38711,PayPal,SUCCESS,00,1186,Mobile,New York,2024-08-18 22:30:27
38712,Square,SUCCESS,00,965,ATM,Dallas,2024-08-18 23:06:54
38713,Square,SUCCESS,00,953,ATM,Dallas,2024-08-18 23:09:18
38714,PayPal,SUCCESS,00,206,POS,Chicago,2024-08-18 23:55:46
38715,PayPal,FAILED,05,1009,Desktop,Chicago,2024-08-19 01:37:31
38716,PayPal,SUCCESS,00,1216,POS,Chicago,2024-08-19 01:50:03
38717,PayPal,SUCCESS,00,1324,ATM,Chicago,2024-08-19 02:12:23
38718,Stripe,SUCCESS,00,570,POS,Los Angeles,2024-08-19 02:30:47
38719,Square,SUCCESS,00,662,ATM,Los Angeles,2024-08-19 03:51:51
38720,Stripe,SUCCESS,00,575,POS,Chicago,2024-08-19 05:23:06
38721,AuthorizeNet,SUCCESS,00,829,ATM,Chicago,2024-08-19 05:27:52
38722,PayPal,SUCCESS,00,924,Desktop,Los Angeles,2024-08-19 06:09:56
38723,AuthorizeNet,SUCCESS,00,180,POS,Chicago,2024-08-19 06:35:26
38724,Square,SUCCESS,00,744,POS,Chicago,2024-08-19 06:42:02
38725,PayPal,SUCCESS,00,1329,Mobile,Chicago,2024-08-19 07:02:38
38726,AuthorizeNet,SUCCESS,00,729,Desktop,Chicago,2024-08-19 07:15:19
38727,AuthorizeNet,SUCCESS,00,1256,POS,Los Angeles,2024-08-19 07:30:09
38728,PayPal,SUCCESS,00,492,POS,New York,2024-08-19 07:40:07
38729,AuthorizeNet,PENDING,99,1419,Desktop,Chicago,2024-08-19 07:48:01
38730,Stripe,SUCCESS,00,1324,ATM,Chicago,2024-08-19 08:48:42
38731,Stripe,SUCCESS,00,775,POS,New York,2024-08-19 08:49:07
38732,AuthorizeNet,SUCCESS,00,1150,ATM,Dallas,2024-08-19 09:55:39
38733,PayPal,SUCCESS,00,1330,POS,Chicago,2024-08-19 11:16:26
38734,PayPal,SUCCESS,00,1052,ATM,Los Angeles,2024-08-19 12:40:49
38735,AuthorizeNet,SUCCESS,00,1342,Mobile,Dallas,2024-08-19 13:02:22
38736,Stripe,SUCCESS,00,1238,ATM,Chicago,2024-08-19 13:24:25
38737,AuthorizeNet,SUCCESS,00,979,Desktop,Dallas,2024-08-19 13:47:32
38738,Stripe,SUCCESS,00,327,Mobile,Dallas,2024-08-19 14:19:18
38739,AuthorizeNet,SUCCESS,00,723,ATM,Chicago,2024-08-19 14:21:03
38740,Stripe,FAILED,12,1456,ATM,New York,2024-08-19 14:31:09
38741,AuthorizeNet,SUCCESS,00,996,POS,New York,2024-08-19 14:32:37
38742,Square,FAILED,12,1360,POS,Los Angeles,2024-08-19 14:47:27
38743,AuthorizeNet,SUCCESS,00,1295,Desktop,Chicago,2024-08-19 16:55:09
38744,PayPal,SUCCESS,00,987,Desktop,Los Angeles,2024-08-19 18:35:55
38745,Stripe,SUCCESS,00,1445,Mobile,Chicago,2024-08-19 18:37:33
38746,Square,SUCCESS,00,372,ATM,Dallas,2024-08-19 18:40:30
38747,PayPal,SUCCESS,00,995,Desktop,Los Angeles,2024-08-19 19:08:28
38748,AuthorizeNet,SUCCESS,00,1398,POS,Chicago,2024-08-19 19:23:24
38749,Square,SUCCESS,00,670,ATM,New York,2024-08-19 19:32:58
38750,Stripe,SUCCESS,00,102,Desktop,Dallas,2024-08-19 19:40:33
38751,AuthorizeNet,SUCCESS,00,785,Mobile,New York,2024-08-19 21:58:59
38752,AuthorizeNet,SUCCESS,00,290,Desktop,Dallas,2024-08-19 23:26:29
38753,Square,SUCCESS,00,886,Desktop,New York,2024-08-20 00:08:32
38754,Square,SUCCESS,00,632,ATM,Los Angeles,2024-08-20 00:30:18
38755,Stripe,SUCCESS,00,618,Mobile,Los Angeles,2024-08-20 00:57:33
38756,PayPal,SUCCESS,00,1427,Mobile,Chicago,2024-08-20 02:51:05
38757,Stripe,SUCCESS,00,381,POS,New York,2024-08-20 02:52:11
38758,AuthorizeNet,SUCCESS,00,1450,Mobile,New York,2024-08-20 03:42:17
38759,AuthorizeNet,SUCCESS,00,377,Mobile,Chicago,2024-08-20 04:12:52
38760,Square,FAILED,12,1408,ATM,Dallas,2024-08-20 04:21:13
38761,Square,SUCCESS,00,1271,Desktop,Dallas,2024-08-20 04:32:01
38762,Square,SUCCESS,00,1476,Mobile,New York,2024-08-20 05:57:32
38763,AuthorizeNet,SUCCESS,00,305,Desktop,Dallas,2024-08-20 06:34:16
38764,Stripe,SUCCESS,00,1110,Desktop,Los Angeles,2024-08-20 06:48:46
38765,Stripe,SUCCESS,00,1434,ATM,New York,2024-08-20 07:17:26
38766,PayPal,SUCCESS,00,184,Mobile,Chicago,2024-08-20 07:31:39
38767,AuthorizeNet,SUCCESS,00,224,ATM,Dallas,2024-08-20 07:55:50
38768,Stripe,SUCCESS,00,104,Desktop,Los Angeles,2024-08-20 08:02:15
38769,Stripe,SUCCESS,00,1372,ATM,Dallas,2024-08-20 09:12:25
38770,PayPal,SUCCESS,00,607,Mobile,Los Angeles,2024-08-20 09:58:54
38771,AuthorizeNet,SUCCESS,00,1358,Desktop,New York,2024-08-20 10:23:18
38772,Stripe,SUCCESS,00,1001,Desktop,New York,2024-08-20 11:59:09
38773,AuthorizeNet,SUCCESS,00,801,ATM,New York,2024-08-20 12:26:14
38774,AuthorizeNet,FAILED,12,516,ATM,New York,2024-08-20 13:14:08
38775,Stripe,SUCCESS,00,1438,ATM,Dallas,2024-08-20 13:15:33
38776,AuthorizeNet,FAILED,12,511,POS,New York,2024-08-20 13:16:29
38777,AuthorizeNet,SUCCESS,00,638,Desktop,Dallas,2024-08-20 13:52:27
38778,PayPal,SUCCESS,00,363,Mobile,Los Angeles,2024-08-20 13:58:43
38779,Stripe,SUCCESS,00,1384,ATM,New York,2024-08-20 14:34:29
38780,AuthorizeNet,SUCCESS,00,844,ATM,Dallas,2024-08-20 14:46:57
38781,AuthorizeNet,SUCCESS,00,775,Mobile,Chicago,2024-08-20 15:02:34
38782,Stripe,SUCCESS,00,633,POS,New York,2024-08-20 15:03:06
38783,PayPal,SUCCESS,00,1069,Mobile,New York,2024-08-20 16:13:03
38784,PayPal,SUCCESS,00,555,Desktop,Los Angeles,2024-08-20 16:36:01
38785,Stripe,SUCCESS,00,241,Desktop,Los Angeles,2024-08-20 16:47:27
38786,PayPal,SUCCESS,00,845,POS,Chicago,2024-08-20 17:02:53
38787,Square,SUCCESS,00,601,ATM,Dallas,2024-08-20 17:20:12
38788,Stripe,SUCCESS,00,344,Desktop,New York,2024-08-20 17:52:06
38789,PayPal,SUCCESS,00,1079,ATM,Los Angeles,2024-08-20 18:50:47
38790,Stripe,SUCCESS,00,960,ATM,Dallas,2024-08-20 19:09:37
38791,PayPal,SUCCESS,00,227,Mobile,Chicago,2024-08-20 19:30:41
38792,PayPal,SUCCESS,00,277,Mobile,Los Angeles,2024-08-20 19:43:51
38793,AuthorizeNet,SUCCESS,00,1477,Mobile,Chicago,2024-08-20 20:26:07
38794,Square,PENDING,99,1447,Mobile,Los Angeles,2024-08-20 21:03:18
38795,PayPal,SUCCESS,00,1398,Desktop,Chicago,2024-08-20 22:16:37
38796,AuthorizeNet,SUCCESS,00,891,Desktop,Dallas,2024-08-20 23:14:54
38797,PayPal,SUCCESS,00,690,POS,Dallas,2024-08-21 00:23:36
38798,PayPal,SUCCESS,00,1250,ATM,Los Angeles,2024-08-21 00:24:15
38799,Square,SUCCESS,00,1186,POS,New York,2024-08-21 00:27:04
38800,Square,SUCCESS,00,1457,POS,Chicago,2024-08-21 01:23:12
38801,Square,SUCCESS,00,680,Desktop,New York,2024-08-21 01:23:25
38802,Square,SUCCESS,00,1373,Desktop,Dallas,2024-08-21 01:30:37
38803,Stripe,FAILED,05,720,ATM,Dallas,2024-08-21 01:44:47
38804,PayPal,FAILED,12,102,Mobile,Los Angeles,2024-08-21 02:32:26
38805,AuthorizeNet,SUCCESS,00,209,Mobile,Chicago,2024-08-21 03:07:39
38806,Square,SUCCESS,00,444,Mobile,Los Angeles,2024-08-21 03:12:57
38807,Square,SUCCESS,00,914,POS,Dallas,2024-08-21 03:39:47
38808,AuthorizeNet,SUCCESS,00,1239,POS,New York,2024-08-21 03:51:37
38809,PayPal,SUCCESS,00,1408,Mobile,New York,2024-08-21 04:23:55
38810,Square,SUCCESS,00,352,ATM,New York,2024-08-21 07:41:56
38811,PayPal,FAILED,05,1011,POS,Chicago,2024-08-21 08:18:57
38812,PayPal,SUCCESS,00,584,Mobile,Los Angeles,2024-08-21 08:39:57
38813,Square,SUCCESS,00,1315,POS,Chicago,2024-08-21 09:27:07
38814,PayPal,SUCCESS,00,936,ATM,Dallas,2024-08-21 09:58:48
38815,PayPal,SUCCESS,00,592,Mobile,Los Angeles,2024-08-21 10:24:45
38816,Square,SUCCESS,00,834,ATM,Los Angeles,2024-08-21 12:18:48
38817,PayPal,SUCCESS,00,1488,POS,Los Angeles,2024-08-21 12:24:04
38818,Square,SUCCESS,00,1190,POS,Chicago,2024-08-21 12:34:15
38819,Stripe,SUCCESS,00,177,Mobile,Los Angeles,2024-08-21 14:23:14
38820,PayPal,SUCCESS,00,503,POS,Chicago,2024-08-21 15:50:18
38821,Stripe,SUCCESS,00,723,Mobile,Dallas,2024-08-21 15:51:46
38822,Square,SUCCESS,00,253,Desktop,Chicago,2024-08-21 19:07:06
38823,Stripe,FAILED,05,397,Mobile,New York,2024-08-21 19:11:09
38824,Stripe,SUCCESS,00,964,ATM,Dallas,2024-08-21 19:12:27
38825,PayPal,SUCCESS,00,106,Mobile,New York,2024-08-21 20:49:10
38826,Square,SUCCESS,00,1158,ATM,Dallas,2024-08-21 20:57:12
38827,PayPal,SUCCESS,00,1256,Mobile,Los Angeles,2024-08-21 22:20:52
38828,Stripe,SUCCESS,00,482,POS,Chicago,2024-08-21 22:27:28
38829,AuthorizeNet,SUCCESS,00,1382,POS,Chicago,2024-08-21 22:47:48
38830,PayPal,SUCCESS,00,905,ATM,New York,2024-08-21 23:13:21
38831,Square,SUCCESS,00,185,Mobile,Dallas,2024-08-22 00:12:00
38832,AuthorizeNet,SUCCESS,00,1477,POS,Chicago,2024-08-22 00:33:25
38833,Square,SUCCESS,00,366,Desktop,Chicago,2024-08-22 01:27:10
38834,PayPal,SUCCESS,00,282,Mobile,Chicago,2024-08-22 01:47:15
38835,Square,SUCCESS,00,1422,Desktop,Chicago,2024-08-22 02:16:10
38836,Stripe,SUCCESS,00,234,POS,Los Angeles,2024-08-22 03:18:50
38837,Square,SUCCESS,00,1379,Desktop,Dallas,2024-08-22 04:41:05
38838,PayPal,FAILED,12,354,Desktop,Chicago,2024-08-22 05:07:36
38839,Square,SUCCESS,00,524,POS,Chicago,2024-08-22 05:13:26
38840,Square,SUCCESS,00,1440,POS,New York,2024-08-22 06:10:02
38841,PayPal,SUCCESS,00,694,POS,Los Angeles,2024-08-22 06:22:05
38842,PayPal,SUCCESS,00,171,ATM,Los Angeles,2024-08-22 08:00:38
38843,PayPal,SUCCESS,00,125,POS,Chicago,2024-08-22 09:15:00
38844,AuthorizeNet,SUCCESS,00,1121,POS,Los Angeles,2024-08-22 11:06:11
38845,PayPal,SUCCESS,00,1013,ATM,Chicago,2024-08-22 11:08:35
38846,Square,SUCCESS,00,556,Mobile,New York,2024-08-22 12:16:45
38847,Stripe,SUCCESS,00,595,ATM,Chicago,2024-08-22 12:31:46
38848,Square,SUCCESS,00,1208,Desktop,Dallas,2024-08-22 13:09:33
38849,PayPal,SUCCESS,00,1272,Desktop,New York,2024-08-22 13:50:37
38850,AuthorizeNet,SUCCESS,00,558,Mobile,Los Angeles,2024-08-22 13:56:32
38851,Stripe,SUCCESS,00,343,ATM,Chicago,2024-08-22 15:01:39
38852,Stripe,SUCCESS,00,1342,Mobile,Los Angeles,2024-08-22 15:53:58
38853,Square,FAILED,05,1425,Desktop,Dallas,2024-08-22 16:06:21
38854,Stripe,SUCCESS,00,739,ATM,Chicago,2024-08-22 16:08:15
38855,Square,SUCCESS,00,219,POS,Dallas,2024-08-22 16:26:12
38856,Square,SUCCESS,00,1250,POS,Dallas,2024-08-22 16:50:32
38857,AuthorizeNet,SUCCESS,00,522,Desktop,Dallas,2024-08-22 17:19:07
38858,Stripe,SUCCESS,00,1007,ATM,Chicago,2024-08-22 17:35:58
38859,PayPal,SUCCESS,00,811,Desktop,New York,2024-08-22 17:57:54
38860,Stripe,FAILED,12,1434,Desktop,Chicago,2024-08-22 18:08:39
38861,Stripe,SUCCESS,00,1181,POS,Dallas,2024-08-22 18:40:36
38862,PayPal,SUCCESS,00,1034,Mobile,Dallas,2024-08-22 19:29:05
38863,AuthorizeNet,SUCCESS,00,699,Mobile,Dallas,2024-08-22 19:29:10
38864,AuthorizeNet,SUCCESS,00,810,Mobile,New York,2024-08-22 20:08:49
38865,Stripe,SUCCESS,00,1139,Mobile,Chicago,2024-08-22 20:47:51
38866,PayPal,FAILED,12,663,POS,New York,2024-08-22 20:56:06
38867,AuthorizeNet,SUCCESS,00,1276,Desktop,Chicago,2024-08-22 21:11:43
38868,AuthorizeNet,SUCCESS,00,974,ATM,Dallas,2024-08-22 21:16:58
38869,AuthorizeNet,SUCCESS,00,365,ATM,Dallas,2024-08-22 21:22:57
38870,AuthorizeNet,SUCCESS,00,323,Mobile,Chicago,2024-08-22 22:48:46
38871,Square,SUCCESS,00,873,Mobile,Dallas,2024-08-22 22:56:58
38872,Stripe,SUCCESS,00,1276,ATM,Los Angeles,2024-08-22 22:58:38
38873,PayPal,SUCCESS,00,1417,Desktop,Dallas,2024-08-22 23:21:22
38874,Square,SUCCESS,00,575,Desktop,Dallas,2024-08-23 00:56:00
38875,PayPal,SUCCESS,00,129,POS,New York,2024-08-23 02:21:44
38876,Square,SUCCESS,00,313,POS,New York,2024-08-23 03:42:53
38877,Square,FAILED,05,906,ATM,Dallas,2024-08-23 03:46:35
38878,Stripe,SUCCESS,00,204,Mobile,Los Angeles,2024-08-23 03:50:32
38879,AuthorizeNet,FAILED,05,985,POS,New York,2024-08-23 05:10:42
38880,PayPal,SUCCESS,00,1182,Mobile,New York,2024-08-23 06:21:30
38881,Square,SUCCESS,00,520,POS,Dallas,2024-08-23 07:38:37
38882,Square,SUCCESS,00,1247,Mobile,Chicago,2024-08-23 07:39:16
38883,Square,FAILED,05,169,POS,Dallas,2024-08-23 07:40:41
38884,Square,SUCCESS,00,431,Mobile,Los Angeles,2024-08-23 07:45:04
38885,Stripe,SUCCESS,00,1234,POS,Dallas,2024-08-23 08:13:24
38886,Stripe,FAILED,12,1402,Desktop,Los Angeles,2024-08-23 09:16:44
38887,Square,SUCCESS,00,191,Desktop,New York,2024-08-23 11:36:48
38888,AuthorizeNet,SUCCESS,00,1444,ATM,Chicago,2024-08-23 11:41:53
38889,Stripe,SUCCESS,00,444,ATM,Dallas,2024-08-23 11:52:35
38890,AuthorizeNet,SUCCESS,00,1301,POS,Chicago,2024-08-23 13:01:10
38891,PayPal,SUCCESS,00,1312,Mobile,Chicago,2024-08-23 13:38:25
38892,Square,SUCCESS,00,166,ATM,New York,2024-08-23 14:49:55
38893,AuthorizeNet,SUCCESS,00,867,POS,Chicago,2024-08-23 15:10:26
38894,PayPal,SUCCESS,00,1401,Desktop,New York,2024-08-23 15:28:37
38895,PayPal,FAILED,05,966,ATM,Chicago,2024-08-23 16:12:00
38896,Square,SUCCESS,00,587,Desktop,Chicago,2024-08-23 16:26:12
38897,PayPal,SUCCESS,00,1004,POS,Chicago,2024-08-23 17:18:37
38898,PayPal,SUCCESS,00,1288,POS,Los Angeles,2024-08-23 18:02:26
38899,PayPal,SUCCESS,00,960,Desktop,Los Angeles,2024-08-23 20:05:07
38900,Square,SUCCESS,00,1201,POS,Chicago,2024-08-23 20:12:44
38901,Stripe,SUCCESS,00,768,POS,Dallas,2024-08-23 20:37:47
38902,Square,FAILED,12,834,Mobile,New York,2024-08-23 20:44:11
38903,AuthorizeNet,SUCCESS,00,1013,Desktop,Dallas,2024-08-23 21:20:34
38904,Square,SUCCESS,00,1086,ATM,Dallas,2024-08-23 21:48:02
38905,Stripe,SUCCESS,00,1301,ATM,Dallas,2024-08-23 22:38:57
38906,Stripe,SUCCESS,00,1358,POS,New York,2024-08-24 00:04:52
38907,Stripe,SUCCESS,00,743,Mobile,Dallas,2024-08-24 00:39:38
38908,AuthorizeNet,SUCCESS,00,801,Desktop,Dallas,2024-08-24 01:02:41
38909,Square,SUCCESS,00,428,Desktop,Los Angeles,2024-08-24 01:09:10
38910,Stripe,SUCCESS,00,1357,POS,Chicago,2024-08-24 01:21:30
38911,Square,SUCCESS,00,1425,Mobile,Chicago,2024-08-24 02:00:14
38912,PayPal,SUCCESS,00,640,ATM,Los Angeles,2024-08-24 02:41:27
38913,Stripe,SUCCESS,00,1246,Desktop,Chicago,2024-08-24 03:30:38
38914,PayPal,SUCCESS,00,305,POS,Chicago,2024-08-24 03:33:23
38915,Stripe,SUCCESS,00,1178,POS,Dallas,2024-08-24 03:42:23
38916,AuthorizeNet,SUCCESS,00,679,POS,Dallas,2024-08-24 04:56:34
38917,Stripe,FAILED,05,753,Desktop,Los Angeles,2024-08-24 06:11:06
38918,PayPal,SUCCESS,00,840,Desktop,Los Angeles,2024-08-24 06:49:54
38919,AuthorizeNet,SUCCESS,00,841,ATM,New York,2024-08-24 06:57:12
38920,Square,SUCCESS,00,229,ATM,Dallas,2024-08-24 07:16:13
38921,AuthorizeNet,SUCCESS,00,882,ATM,New York,2024-08-24 07:28:20
38922,AuthorizeNet,FAILED,12,139,Desktop,New York,2024-08-24 09:10:12
38923,Stripe,FAILED,05,809,Mobile,Dallas,2024-08-24 09:43:18
38924,AuthorizeNet,SUCCESS,00,479,POS,Dallas,2024-08-24 09:56:15
38925,Square,SUCCESS,00,669,Desktop,New York,2024-08-24 11:19:34
38926,AuthorizeNet,SUCCESS,00,104,POS,Los Angeles,2024-08-24 12:04:38
38927,Square,SUCCESS,00,283,ATM,Chicago,2024-08-24 12:24:33
38928,Stripe,PENDING,99,1449,Desktop,New York,2024-08-24 12:39:38
38929,Square,SUCCESS,00,250,POS,Chicago,2024-08-24 13:01:14
38930,AuthorizeNet,SUCCESS,00,751,ATM,Dallas,2024-08-24 15:37:33
38931,PayPal,SUCCESS,00,247,Desktop,Chicago,2024-08-24 15:38:04
38932,AuthorizeNet,SUCCESS,00,911,POS,Chicago,2024-08-24 16:17:28
38933,AuthorizeNet,SUCCESS,00,1287,POS,New York,2024-08-24 16:27:51
38934,AuthorizeNet,SUCCESS,00,1352,Mobile,Dallas,2024-08-24 16:37:27
38935,Square,SUCCESS,00,1290,Desktop,New York,2024-08-24 16:53:07
38936,PayPal,SUCCESS,00,1332,POS,New York,2024-08-24 17:21:47
38937,Square,SUCCESS,00,718,Mobile,Los Angeles,2024-08-24 17:41:19
38938,PayPal,SUCCESS,00,570,Desktop,New York,2024-08-24 18:12:42
38939,Stripe,SUCCESS,00,1238,ATM,Chicago,2024-08-24 19:29:54
38940,Square,SUCCESS,00,210,Mobile,Dallas,2024-08-24 19:34:49
38941,Stripe,SUCCESS,00,390,Mobile,Dallas,2024-08-24 19:43:25
38942,PayPal,FAILED,12,1090,ATM,New York,2024-08-24 20:20:49
38943,AuthorizeNet,SUCCESS,00,887,ATM,Dallas,2024-08-24 20:21:20
38944,PayPal,SUCCESS,00,803,ATM,Chicago,2024-08-24 20:34:22
38945,AuthorizeNet,SUCCESS,00,316,Desktop,Dallas,2024-08-24 20:35:27
38946,PayPal,SUCCESS,00,637,Mobile,Dallas,2024-08-24 20:50:55
38947,PayPal,SUCCESS,00,1469,ATM,Dallas,2024-08-24 21:11:51
38948,Square,SUCCESS,00,528,Mobile,Chicago,2024-08-24 21:21:23
38949,PayPal,SUCCESS,00,1438,POS,Dallas,2024-08-24 21:22:55
38950,PayPal,SUCCESS,00,677,POS,Dallas,2024-08-24 21:22:56
38951,AuthorizeNet,SUCCESS,00,468,Desktop,New York,2024-08-24 21:39:14
38952,Square,SUCCESS,00,1001,Desktop,Dallas,2024-08-24 22:01:24
38953,Stripe,SUCCESS,00,1189,POS,New York,2024-08-24 23:24:00
38954,Stripe,SUCCESS,00,1044,ATM,Chicago,2024-08-24 23:37:45
38955,Square,SUCCESS,00,1101,Mobile,Los Angeles,2024-08-24 23:59:09
38956,Stripe,SUCCESS,00,1122,Desktop,Chicago,2024-08-25 00:06:18
38957,PayPal,SUCCESS,00,147,Desktop,Los Angeles,2024-08-25 01:28:32
38958,PayPal,SUCCESS,00,863,Desktop,New York,2024-08-25 02:27:48
38959,PayPal,SUCCESS,00,729,Desktop,Los Angeles,2024-08-25 03:10:39
38960,AuthorizeNet,SUCCESS,00,1175,POS,Los Angeles,2024-08-25 03:49:29
38961,Square,SUCCESS,00,1128,Mobile,Dallas,2024-08-25 04:33:51
38962,PayPal,SUCCESS,00,1248,Mobile,Los Angeles,2024-08-25 04:48:49
38963,Square,SUCCESS,00,1234,POS,Dallas,2024-08-25 05:20:28
38964,Stripe,SUCCESS,00,1045,POS,New York,2024-08-25 06:32:01
38965,Square,SUCCESS,00,937,Desktop,New York,2024-08-25 07:04:09
38966,PayPal,SUCCESS,00,941,POS,Chicago,2024-08-25 07:12:21
38967,Stripe,SUCCESS,00,1135,Mobile,New York,2024-08-25 08:18:49
38968,Square,SUCCESS,00,745,Mobile,Chicago,2024-08-25 08:22:41
38969,Square,FAILED,05,100,POS,Dallas,2024-08-25 08:25:28
38970,PayPal,SUCCESS,00,822,POS,Los Angeles,2024-08-25 08:42:09
38971,PayPal,SUCCESS,00,633,Mobile,Chicago,2024-08-25 09:09:55
38972,Square,SUCCESS,00,1160,POS,New York,2024-08-25 09:23:07
38973,AuthorizeNet,SUCCESS,00,151,POS,New York,2024-08-25 11:20:36
38974,Stripe,SUCCESS,00,400,ATM,Dallas,2024-08-25 12:06:04
38975,AuthorizeNet,SUCCESS,00,469,POS,Chicago,2024-08-25 12:30:17
38976,AuthorizeNet,SUCCESS,00,1064,ATM,Chicago,2024-08-25 13:21:13
38977,AuthorizeNet,SUCCESS,00,529,POS,Los Angeles,2024-08-25 14:42:18
38978,Stripe,SUCCESS,00,1446,POS,Los Angeles,2024-08-25 15:37:49
38979,Square,SUCCESS,00,1291,Desktop,Los Angeles,2024-08-25 16:36:42
38980,Stripe,SUCCESS,00,770,Mobile,Dallas,2024-08-25 16:45:03
38981,PayPal,SUCCESS,00,1015,Desktop,Los Angeles,2024-08-25 17:00:03
38982,Square,SUCCESS,00,1496,Mobile,Chicago,2024-08-25 18:13:36
38983,PayPal,SUCCESS,00,651,ATM,New York,2024-08-25 19:39:49
38984,Square,SUCCESS,00,692,POS,Chicago,2024-08-25 20:01:28
38985,PayPal,SUCCESS,00,1460,POS,New York,2024-08-25 21:08:36
38986,AuthorizeNet,SUCCESS,00,1166,Desktop,New York,2024-08-25 21:21:57
38987,PayPal,SUCCESS,00,1191,Mobile,Chicago,2024-08-25 21:40:10
38988,AuthorizeNet,FAILED,12,1033,ATM,Dallas,2024-08-25 22:34:15
38989,PayPal,SUCCESS,00,600,ATM,Los Angeles,2024-08-25 22:41:03
38990,AuthorizeNet,SUCCESS,00,1322,Desktop,New York,2024-08-26 00:53:00
38991,Square,SUCCESS,00,677,Mobile,Dallas,2024-08-26 02:43:17
38992,Stripe,SUCCESS,00,854,ATM,Dallas,2024-08-26 03:01:41
38993,PayPal,SUCCESS,00,1381,ATM,Los Angeles,2024-08-26 04:07:53
38994,PayPal,SUCCESS,00,1222,POS,Chicago,2024-08-26 04:18:29
38995,PayPal,SUCCESS,00,954,POS,New York,2024-08-26 04:26:38
38996,PayPal,SUCCESS,00,747,Desktop,New York,2024-08-26 04:43:08
38997,Square,SUCCESS,00,975,Mobile,Dallas,2024-08-26 04:50:27
38998,Square,SUCCESS,00,639,POS,New York,2024-08-26 04:54:54
38999,Stripe,FAILED,05,1023,POS,Chicago,2024-08-26 05:27:50
39000,AuthorizeNet,SUCCESS,00,1314,POS,Dallas,2024-08-26 05:55:58
39001,Square,SUCCESS,00,797,POS,Dallas,2024-08-26 06:49:52
39002,Square,SUCCESS,00,732,POS,Dallas,2024-08-26 07:19:26
39003,AuthorizeNet,PENDING,99,1135,ATM,Chicago,2024-08-26 08:15:54
39004,Square,SUCCESS,00,1114,ATM,Chicago,2024-08-26 09:04:21
39005,PayPal,FAILED,05,864,Desktop,Dallas,2024-08-26 09:21:34
39006,Square,SUCCESS,00,1145,Desktop,Los Angeles,2024-08-26 09:29:31
39007,Square,SUCCESS,00,1436,ATM,New York,2024-08-26 10:19:39
39008,Square,SUCCESS,00,159,Desktop,Dallas,2024-08-26 10:21:50
39009,Stripe,SUCCESS,00,810,Desktop,Los Angeles,2024-08-26 11:29:44
39010,AuthorizeNet,SUCCESS,00,492,Mobile,Dallas,2024-08-26 12:29:09
39011,Square,SUCCESS,00,1240,POS,Los Angeles,2024-08-26 12:50:53
39012,PayPal,SUCCESS,00,1318,ATM,Chicago,2024-08-26 14:10:06
39013,AuthorizeNet,SUCCESS,00,810,ATM,Los Angeles,2024-08-26 14:14:39
39014,Square,SUCCESS,00,276,Mobile,Chicago,2024-08-26 15:15:46
39015,PayPal,SUCCESS,00,581,POS,New York,2024-08-26 15:53:22
39016,Square,SUCCESS,00,1295,ATM,New York,2024-08-26 16:28:40
39017,Stripe,FAILED,05,1454,Desktop,Los Angeles,2024-08-26 16:47:41
39018,Stripe,SUCCESS,00,456,Desktop,Chicago,2024-08-26 16:55:43
39019,Square,SUCCESS,00,540,ATM,New York,2024-08-26 17:17:49
39020,Stripe,SUCCESS,00,457,ATM,Dallas,2024-08-26 17:36:20
39021,PayPal,SUCCESS,00,610,ATM,Los Angeles,2024-08-26 17:46:03
39022,AuthorizeNet,SUCCESS,00,558,ATM,Chicago,2024-08-26 20:03:26
39023,PayPal,FAILED,05,892,ATM,Chicago,2024-08-26 20:10:26
39024,Square,SUCCESS,00,1411,Mobile,Los Angeles,2024-08-26 20:37:06
39025,Stripe,SUCCESS,00,792,Desktop,Dallas,2024-08-26 22:39:06
39026,Square,SUCCESS,00,133,ATM,Los Angeles,2024-08-26 22:57:56
39027,Square,SUCCESS,00,566,POS,Chicago,2024-08-26 23:17:33
39028,Stripe,SUCCESS,00,1060,Desktop,New York,2024-08-26 23:31:25
39029,AuthorizeNet,SUCCESS,00,977,ATM,Dallas,2024-08-26 23:56:43
39030,Square,SUCCESS,00,1361,Desktop,New York,2024-08-27 00:01:32
39031,AuthorizeNet,SUCCESS,00,1070,POS,Chicago,2024-08-27 00:20:02
39032,Square,SUCCESS,00,1229,ATM,Chicago,2024-08-27 00:52:27
39033,Square,SUCCESS,00,1459,POS,Chicago,2024-08-27 01:31:02
39034,AuthorizeNet,SUCCESS,00,289,Mobile,Los Angeles,2024-08-27 02:19:12
39035,Stripe,SUCCESS,00,880,POS,New York,2024-08-27 02:34:20
39036,AuthorizeNet,SUCCESS,00,202,Mobile,New York,2024-08-27 02:35:24
39037,Square,FAILED,05,152,Desktop,Chicago,2024-08-27 02:39:34
39038,Square,SUCCESS,00,1212,Mobile,Chicago,2024-08-27 03:06:08
39039,PayPal,SUCCESS,00,919,POS,Chicago,2024-08-27 04:17:56
39040,PayPal,SUCCESS,00,576,Mobile,Dallas,2024-08-27 04:24:26
39041,Stripe,SUCCESS,00,1335,Mobile,Dallas,2024-08-27 06:06:28
39042,AuthorizeNet,SUCCESS,00,109,ATM,Dallas,2024-08-27 06:33:53
39043,Stripe,SUCCESS,00,851,POS,New York,2024-08-27 07:51:42
39044,Square,SUCCESS,00,810,POS,Dallas,2024-08-27 09:11:02
39045,PayPal,SUCCESS,00,840,ATM,Dallas,2024-08-27 10:39:39
39046,Square,SUCCESS,00,364,ATM,Los Angeles,2024-08-27 11:04:36
39047,PayPal,SUCCESS,00,844,POS,New York,2024-08-27 11:23:42
39048,Square,SUCCESS,00,474,POS,New York,2024-08-27 11:30:10
39049,Stripe,SUCCESS,00,1470,Desktop,Chicago,2024-08-27 11:34:44
39050,AuthorizeNet,SUCCESS,00,753,POS,New York,2024-08-27 12:02:04
39051,AuthorizeNet,SUCCESS,00,1191,POS,Los Angeles,2024-08-27 12:32:04
39052,Stripe,SUCCESS,00,874,Mobile,Los Angeles,2024-08-27 14:08:32
39053,PayPal,SUCCESS,00,485,Mobile,New York,2024-08-27 14:19:04
39054,PayPal,FAILED,12,364,ATM,Chicago,2024-08-27 14:41:26
39055,Stripe,SUCCESS,00,912,Mobile,Los Angeles,2024-08-27 15:12:39
39056,PayPal,SUCCESS,00,285,Mobile,Los Angeles,2024-08-27 15:41:39
39057,Square,SUCCESS,00,1051,POS,New York,2024-08-27 17:12:12
39058,AuthorizeNet,SUCCESS,00,775,Mobile,Los Angeles,2024-08-27 17:41:20
39059,AuthorizeNet,SUCCESS,00,100,Mobile,Dallas,2024-08-27 17:58:22
39060,Stripe,PENDING,99,514,ATM,Dallas,2024-08-27 18:33:44
39061,AuthorizeNet,SUCCESS,00,1234,ATM,Chicago,2024-08-27 18:36:53
39062,PayPal,SUCCESS,00,465,POS,Los Angeles,2024-08-27 18:57:39
39063,PayPal,SUCCESS,00,191,Mobile,New York,2024-08-27 18:58:40
39064,Square,SUCCESS,00,785,Desktop,Chicago,2024-08-27 19:22:37
39065,Stripe,SUCCESS,00,764,Desktop,Chicago,2024-08-27 20:14:57
39066,Stripe,SUCCESS,00,1136,POS,Dallas,2024-08-27 22:35:46
39067,Square,SUCCESS,00,253,POS,New York,2024-08-27 22:42:01
39068,PayPal,SUCCESS,00,895,POS,New York,2024-08-27 23:48:31
39069,Square,SUCCESS,00,133,ATM,New York,2024-08-28 00:46:52
39070,AuthorizeNet,SUCCESS,00,431,Desktop,New York,2024-08-28 01:24:51
39071,Square,SUCCESS,00,489,Desktop,Chicago,2024-08-28 01:59:22
39072,AuthorizeNet,SUCCESS,00,941,ATM,Chicago,2024-08-28 02:43:19
39073,PayPal,SUCCESS,00,1126,POS,Dallas,2024-08-28 03:23:53
39074,Square,FAILED,12,472,ATM,Chicago,2024-08-28 03:45:49
39075,PayPal,SUCCESS,00,1052,POS,New York,2024-08-28 03:48:30
39076,AuthorizeNet,SUCCESS,00,143,POS,Los Angeles,2024-08-28 03:51:40
39077,Stripe,SUCCESS,00,633,Mobile,New York,2024-08-28 05:44:23
39078,Square,SUCCESS,00,722,POS,New York,2024-08-28 05:53:07
39079,Square,SUCCESS,00,161,Desktop,New York,2024-08-28 06:24:59
39080,Stripe,SUCCESS,00,1265,Mobile,Los Angeles,2024-08-28 06:29:30
39081,Square,SUCCESS,00,549,Desktop,Chicago,2024-08-28 06:53:27
39082,Square,SUCCESS,00,160,Desktop,Los Angeles,2024-08-28 07:16:19
39083,Stripe,SUCCESS,00,250,Desktop,Dallas,2024-08-28 07:22:52
39084,PayPal,SUCCESS,00,1143,Mobile,New York,2024-08-28 07:22:59
39085,Stripe,SUCCESS,00,142,Desktop,New York,2024-08-28 07:27:09
39086,Stripe,SUCCESS,00,1272,POS,New York,2024-08-28 08:08:13
39087,Square,SUCCESS,00,506,Desktop,Dallas,2024-08-28 09:04:13
39088,Square,FAILED,12,422,Mobile,Dallas,2024-08-28 09:55:49
39089,PayPal,SUCCESS,00,988,Mobile,New York,2024-08-28 10:19:05
39090,AuthorizeNet,SUCCESS,00,877,Desktop,Los Angeles,2024-08-28 10:51:03
39091,AuthorizeNet,SUCCESS,00,772,Desktop,New York,2024-08-28 11:45:23
39092,AuthorizeNet,FAILED,12,1243,ATM,New York,2024-08-28 12:12:12
39093,PayPal,SUCCESS,00,530,Mobile,New York,2024-08-28 12:20:52
39094,PayPal,SUCCESS,00,1459,ATM,Chicago,2024-08-28 12:21:14
39095,PayPal,SUCCESS,00,1269,Desktop,Dallas,2024-08-28 13:13:48
39096,Square,FAILED,12,841,Desktop,New York,2024-08-28 13:30:16
39097,Stripe,SUCCESS,00,312,Mobile,Dallas,2024-08-28 14:00:32
39098,Square,SUCCESS,00,320,Desktop,Chicago,2024-08-28 14:20:33
39099,Stripe,SUCCESS,00,543,Desktop,Los Angeles,2024-08-28 14:41:25
39100,PayPal,SUCCESS,00,1238,Desktop,Los Angeles,2024-08-28 14:41:54
39101,Square,SUCCESS,00,1290,POS,Los Angeles,2024-08-28 15:12:34
39102,AuthorizeNet,SUCCESS,00,859,POS,New York,2024-08-28 15:37:33
39103,PayPal,SUCCESS,00,264,POS,Dallas,2024-08-28 16:41:44
39104,PayPal,SUCCESS,00,186,Mobile,New York,2024-08-28 16:57:47
39105,PayPal,SUCCESS,00,857,Desktop,Chicago,2024-08-28 18:22:03
39106,PayPal,SUCCESS,00,974,POS,Chicago,2024-08-28 19:29:32
39107,AuthorizeNet,SUCCESS,00,953,POS,New York,2024-08-28 19:36:15
39108,Stripe,SUCCESS,00,576,Desktop,Dallas,2024-08-28 19:41:59
39109,Square,SUCCESS,00,1466,Mobile,New York,2024-08-28 21:55:49
39110,AuthorizeNet,SUCCESS,00,863,ATM,New York,2024-08-28 22:57:15
39111,Square,PENDING,99,1102,ATM,Dallas,2024-08-28 23:14:05
39112,AuthorizeNet,SUCCESS,00,474,ATM,New York,2024-08-28 23:23:01
39113,PayPal,FAILED,05,298,Desktop,Chicago,2024-08-28 23:45:02
39114,Stripe,SUCCESS,00,1382,ATM,Los Angeles,2024-08-28 23:46:25
39115,Square,SUCCESS,00,295,ATM,Los Angeles,2024-08-28 23:57:51
39116,Stripe,SUCCESS,00,327,POS,Chicago,2024-08-29 00:45:03
39117,PayPal,SUCCESS,00,257,POS,New York,2024-08-29 02:07:36
39118,PayPal,SUCCESS,00,783,Desktop,Chicago,2024-08-29 02:55:15
39119,AuthorizeNet,SUCCESS,00,151,Desktop,Dallas,2024-08-29 03:23:11
39120,PayPal,FAILED,12,586,POS,Los Angeles,2024-08-29 03:38:59
39121,AuthorizeNet,SUCCESS,00,684,Desktop,Dallas,2024-08-29 03:49:35
39122,PayPal,SUCCESS,00,1476,ATM,Chicago,2024-08-29 03:56:45
39123,AuthorizeNet,SUCCESS,00,607,Desktop,Chicago,2024-08-29 06:43:11
39124,AuthorizeNet,SUCCESS,00,1296,ATM,Los Angeles,2024-08-29 07:05:18
39125,Stripe,SUCCESS,00,966,Mobile,Los Angeles,2024-08-29 07:20:07
39126,Stripe,SUCCESS,00,1204,POS,New York,2024-08-29 08:04:06
39127,AuthorizeNet,SUCCESS,00,997,POS,New York,2024-08-29 08:17:46
39128,Stripe,SUCCESS,00,154,POS,Los Angeles,2024-08-29 08:49:32
39129,Stripe,SUCCESS,00,1468,Desktop,Los Angeles,2024-08-29 09:12:11
39130,AuthorizeNet,SUCCESS,00,1158,Mobile,Chicago,2024-08-29 09:22:09
39131,AuthorizeNet,SUCCESS,00,1213,ATM,Chicago,2024-08-29 09:54:43
39132,PayPal,SUCCESS,00,930,ATM,Chicago,2024-08-29 10:16:45
39133,Stripe,FAILED,05,488,Desktop,Los Angeles,2024-08-29 11:52:56
39134,Stripe,SUCCESS,00,1191,ATM,Chicago,2024-08-29 12:41:11
39135,Stripe,FAILED,05,996,Mobile,New York,2024-08-29 12:45:09
39136,PayPal,SUCCESS,00,129,Desktop,Dallas,2024-08-29 14:19:59
39137,AuthorizeNet,SUCCESS,00,334,Desktop,Dallas,2024-08-29 15:02:20
39138,AuthorizeNet,SUCCESS,00,731,Desktop,Chicago,2024-08-29 15:25:20
39139,AuthorizeNet,SUCCESS,00,507,POS,Chicago,2024-08-29 17:19:32
39140,AuthorizeNet,SUCCESS,00,292,POS,New York,2024-08-29 18:13:32
39141,AuthorizeNet,SUCCESS,00,1139,ATM,Dallas,2024-08-29 18:15:20
39142,AuthorizeNet,SUCCESS,00,1207,POS,New York,2024-08-29 18:29:27
39143,Square,SUCCESS,00,832,ATM,Los Angeles,2024-08-29 18:31:34
39144,AuthorizeNet,SUCCESS,00,971,Desktop,Los Angeles,2024-08-29 19:10:13
39145,PayPal,SUCCESS,00,1473,Desktop,Dallas,2024-08-29 19:37:35
39146,PayPal,SUCCESS,00,248,Desktop,New York,2024-08-29 20:13:22
39147,PayPal,SUCCESS,00,719,POS,New York,2024-08-29 20:37:31
39148,PayPal,SUCCESS,00,1392,Mobile,New York,2024-08-29 20:53:03
39149,AuthorizeNet,SUCCESS,00,877,ATM,Chicago,2024-08-29 21:34:16
39150,Stripe,SUCCESS,00,126,ATM,Dallas,2024-08-29 21:42:57
39151,AuthorizeNet,SUCCESS,00,673,ATM,New York,2024-08-29 22:16:38
39152,AuthorizeNet,SUCCESS,00,243,Desktop,Los Angeles,2024-08-29 22:23:44
39153,Stripe,SUCCESS,00,881,ATM,Dallas,2024-08-29 23:49:15
39154,PayPal,SUCCESS,00,1480,Desktop,Dallas,2024-08-30 00:01:06
39155,Stripe,SUCCESS,00,784,Mobile,Chicago,2024-08-30 00:10:40
39156,AuthorizeNet,SUCCESS,00,809,ATM,New York,2024-08-30 00:36:36
39157,Square,SUCCESS,00,675,POS,Dallas,2024-08-30 01:32:03
39158,AuthorizeNet,SUCCESS,00,304,ATM,Dallas,2024-08-30 01:33:10
39159,Stripe,SUCCESS,00,240,POS,Chicago,2024-08-30 01:46:43
39160,AuthorizeNet,SUCCESS,00,259,Desktop,Chicago,2024-08-30 02:18:36
39161,PayPal,SUCCESS,00,454,Mobile,Chicago,2024-08-30 02:24:53
39162,AuthorizeNet,SUCCESS,00,403,ATM,Los Angeles,2024-08-30 05:14:27
39163,AuthorizeNet,SUCCESS,00,911,Desktop,New York,2024-08-30 05:24:29
39164,AuthorizeNet,SUCCESS,00,935,POS,New York,2024-08-30 05:25:53
39165,AuthorizeNet,SUCCESS,00,854,Desktop,Dallas,2024-08-30 06:54:14
39166,AuthorizeNet,SUCCESS,00,1105,ATM,Chicago,2024-08-30 07:51:44
39167,Square,SUCCESS,00,117,POS,Los Angeles,2024-08-30 08:01:20
39168,PayPal,SUCCESS,00,554,Desktop,Chicago,2024-08-30 08:25:46
39169,Stripe,SUCCESS,00,1461,Desktop,Chicago,2024-08-30 09:22:34
39170,Square,SUCCESS,00,319,POS,Chicago,2024-08-30 09:59:05
39171,Stripe,SUCCESS,00,525,Desktop,New York,2024-08-30 10:16:14
39172,AuthorizeNet,SUCCESS,00,501,ATM,New York,2024-08-30 10:30:29
39173,PayPal,SUCCESS,00,716,Mobile,Los Angeles,2024-08-30 11:12:33
39174,AuthorizeNet,SUCCESS,00,1223,POS,Dallas,2024-08-30 11:16:54
39175,Stripe,SUCCESS,00,525,Mobile,Los Angeles,2024-08-30 12:19:41
39176,AuthorizeNet,FAILED,12,1243,Desktop,Chicago,2024-08-30 12:33:46
39177,Square,SUCCESS,00,258,Mobile,New York,2024-08-30 13:06:48
39178,AuthorizeNet,SUCCESS,00,1382,Desktop,Dallas,2024-08-30 13:52:37
39179,Square,SUCCESS,00,1187,ATM,Dallas,2024-08-30 14:09:56
39180,Square,FAILED,12,1269,Mobile,Los Angeles,2024-08-30 14:32:23
39181,Stripe,SUCCESS,00,1082,Desktop,Dallas,2024-08-30 14:37:37
39182,Square,SUCCESS,00,572,ATM,New York,2024-08-30 15:34:16
39183,PayPal,SUCCESS,00,1436,Mobile,Chicago,2024-08-30 15:40:25
39184,Stripe,PENDING,99,1158,ATM,Dallas,2024-08-30 15:55:57
39185,Square,SUCCESS,00,667,Desktop,Chicago,2024-08-30 16:22:29
39186,Stripe,SUCCESS,00,1490,Mobile,Chicago,2024-08-30 18:05:11
39187,Square,SUCCESS,00,1191,Mobile,New York,2024-08-30 20:04:37
39188,Square,FAILED,12,534,ATM,Dallas,2024-08-30 20:46:29
39189,PayPal,SUCCESS,00,941,ATM,Los Angeles,2024-08-30 21:28:54
39190,PayPal,SUCCESS,00,1375,Desktop,Dallas,2024-08-30 22:01:46
39191,Square,SUCCESS,00,439,POS,New York,2024-08-30 22:25:22
39192,AuthorizeNet,SUCCESS,00,495,ATM,Los Angeles,2024-08-30 22:26:07
39193,Square,SUCCESS,00,858,Mobile,Dallas,2024-08-30 22:29:43
39194,Stripe,SUCCESS,00,766,POS,Dallas,2024-08-30 22:48:45
39195,Square,SUCCESS,00,504,Mobile,Chicago,2024-08-30 23:12:40
39196,AuthorizeNet,SUCCESS,00,573,Desktop,Chicago,2024-08-30 23:26:31
39197,Square,SUCCESS,00,627,ATM,Chicago,2024-08-31 01:39:44
39198,PayPal,SUCCESS,00,534,Desktop,Chicago,2024-08-31 01:42:53
39199,Stripe,SUCCESS,00,225,ATM,Los Angeles,2024-08-31 03:10:29
39200,PayPal,SUCCESS,00,846,POS,Dallas,2024-08-31 03:40:16
39201,AuthorizeNet,SUCCESS,00,737,Desktop,Chicago,2024-08-31 05:33:43
39202,PayPal,SUCCESS,00,170,POS,Chicago,2024-08-31 05:35:43
39203,Square,SUCCESS,00,470,POS,New York,2024-08-31 06:19:35
39204,Square,SUCCESS,00,147,ATM,Los Angeles,2024-08-31 06:44:11
39205,PayPal,SUCCESS,00,877,Desktop,Dallas,2024-08-31 06:52:58
39206,Square,SUCCESS,00,520,Desktop,Dallas,2024-08-31 06:58:39
39207,Stripe,SUCCESS,00,688,ATM,Chicago,2024-08-31 07:29:49
39208,AuthorizeNet,SUCCESS,00,140,Mobile,Chicago,2024-08-31 08:21:07
39209,Stripe,SUCCESS,00,223,POS,New York,2024-08-31 08:50:07
39210,PayPal,SUCCESS,00,375,Mobile,New York,2024-08-31 09:18:40
39211,Stripe,FAILED,05,1002,Desktop,Dallas,2024-08-31 09:34:17
39212,PayPal,SUCCESS,00,1270,Desktop,Los Angeles,2024-08-31 09:40:50
39213,Stripe,SUCCESS,00,737,Desktop,Dallas,2024-08-31 10:08:24
39214,Stripe,SUCCESS,00,795,Desktop,Los Angeles,2024-08-31 10:49:50
39215,PayPal,SUCCESS,00,1387,ATM,Chicago,2024-08-31 11:59:46
39216,Square,SUCCESS,00,1030,Desktop,Chicago,2024-08-31 12:01:51
39217,Stripe,FAILED,05,1246,ATM,Chicago,2024-08-31 12:33:19
39218,AuthorizeNet,SUCCESS,00,636,Mobile,Chicago,2024-08-31 13:06:02
39219,AuthorizeNet,SUCCESS,00,465,Mobile,New York,2024-08-31 13:06:06
39220,Square,SUCCESS,00,225,POS,Los Angeles,2024-08-31 13:49:46
39221,AuthorizeNet,SUCCESS,00,378,Desktop,Chicago,2024-08-31 14:02:39
39222,AuthorizeNet,SUCCESS,00,1120,POS,Dallas,2024-08-31 14:05:27
39223,Square,SUCCESS,00,1409,ATM,Chicago,2024-08-31 14:09:53
39224,AuthorizeNet,SUCCESS,00,107,POS,Chicago,2024-08-31 15:06:21
39225,Stripe,SUCCESS,00,845,POS,Dallas,2024-08-31 15:12:50
39226,PayPal,SUCCESS,00,308,ATM,Los Angeles,2024-08-31 15:16:58
39227,Stripe,SUCCESS,00,821,ATM,New York,2024-08-31 15:21:23
39228,AuthorizeNet,SUCCESS,00,149,Desktop,Chicago,2024-08-31 16:06:59
39229,Stripe,SUCCESS,00,819,Desktop,Los Angeles,2024-08-31 17:33:40
39230,AuthorizeNet,SUCCESS,00,1495,Desktop,Dallas,2024-08-31 18:35:54
39231,AuthorizeNet,SUCCESS,00,1141,Mobile,Chicago,2024-08-31 18:39:59
39232,Square,SUCCESS,00,1160,Mobile,New York,2024-08-31 19:25:07
39233,Stripe,SUCCESS,00,1243,Desktop,New York,2024-08-31 19:27:03
39234,PayPal,SUCCESS,00,1443,ATM,Chicago,2024-08-31 19:51:13
39235,AuthorizeNet,SUCCESS,00,200,Desktop,New York,2024-08-31 19:52:36
39236,Stripe,SUCCESS,00,774,Mobile,Chicago,2024-08-31 20:15:22
39237,Square,SUCCESS,00,1122,POS,Dallas,2024-08-31 20:33:42
39238,Square,FAILED,12,879,Mobile,Chicago,2024-08-31 20:40:57
39239,AuthorizeNet,SUCCESS,00,744,ATM,Dallas,2024-08-31 21:14:15
39240,PayPal,SUCCESS,00,1410,Mobile,Los Angeles,2024-08-31 22:28:19
39241,Stripe,SUCCESS,00,149,Mobile,Dallas,2024-08-31 22:49:05
39242,AuthorizeNet,SUCCESS,00,1402,ATM,Chicago,2024-08-31 23:30:08
39243,Square,SUCCESS,00,1409,ATM,Chicago,2024-09-01 01:07:44
39244,PayPal,FAILED,12,1156,Desktop,New York,2024-09-01 01:43:23
39245,Square,SUCCESS,00,1076,ATM,Los Angeles,2024-09-01 01:44:00
39246,Stripe,SUCCESS,00,1096,POS,Los Angeles,2024-09-01 02:01:41
39247,Stripe,SUCCESS,00,1063,Mobile,Los Angeles,2024-09-01 02:15:21
39248,PayPal,SUCCESS,00,1107,POS,Chicago,2024-09-01 03:29:14
39249,Square,SUCCESS,00,426,Mobile,Dallas,2024-09-01 03:45:02
39250,Stripe,SUCCESS,00,1124,Desktop,New York,2024-09-01 03:46:45
39251,Square,SUCCESS,00,1287,Desktop,Los Angeles,2024-09-01 06:27:48
39252,PayPal,SUCCESS,00,302,POS,Dallas,2024-09-01 08:03:21
39253,Square,SUCCESS,00,1498,Desktop,Dallas,2024-09-01 08:05:46
39254,Stripe,SUCCESS,00,746,Mobile,New York,2024-09-01 09:04:16
39255,Stripe,SUCCESS,00,364,POS,New York,2024-09-01 12:55:28
39256,PayPal,SUCCESS,00,1425,Desktop,Los Angeles,2024-09-01 13:03:38
39257,PayPal,SUCCESS,00,1448,POS,New York,2024-09-01 13:09:41
39258,AuthorizeNet,SUCCESS,00,526,POS,New York,2024-09-01 13:16:39
39259,PayPal,SUCCESS,00,114,POS,Dallas,2024-09-01 13:34:18
39260,AuthorizeNet,SUCCESS,00,1300,POS,Los Angeles,2024-09-01 14:03:25
39261,AuthorizeNet,SUCCESS,00,333,Mobile,Chicago,2024-09-01 14:24:35
39262,Square,SUCCESS,00,971,POS,New York,2024-09-01 15:08:40
39263,Square,SUCCESS,00,1498,POS,Dallas,2024-09-01 15:10:21
39264,Square,SUCCESS,00,1477,Mobile,New York,2024-09-01 15:39:51
39265,AuthorizeNet,SUCCESS,00,1015,POS,Chicago,2024-09-01 16:05:51
39266,AuthorizeNet,SUCCESS,00,1140,POS,Dallas,2024-09-01 16:16:14
39267,Square,SUCCESS,00,1146,POS,Dallas,2024-09-01 18:26:30
39268,AuthorizeNet,SUCCESS,00,941,ATM,Dallas,2024-09-01 18:44:44
39269,PayPal,FAILED,05,564,ATM,Chicago,2024-09-01 19:10:44
39270,AuthorizeNet,SUCCESS,00,1240,Mobile,Dallas,2024-09-01 20:57:24
39271,AuthorizeNet,SUCCESS,00,846,Mobile,New York,2024-09-01 21:14:57
39272,PayPal,FAILED,12,1185,ATM,Chicago,2024-09-01 21:32:54
39273,Square,SUCCESS,00,826,Desktop,New York,2024-09-01 22:02:40
39274,Square,SUCCESS,00,568,POS,Chicago,2024-09-01 22:34:50
39275,PayPal,SUCCESS,00,1189,Desktop,New York,2024-09-02 00:29:21
39276,PayPal,SUCCESS,00,1310,Mobile,Los Angeles,2024-09-02 00:29:24
39277,Stripe,FAILED,05,270,Mobile,Dallas,2024-09-02 00:31:49
39278,PayPal,SUCCESS,00,205,ATM,Chicago,2024-09-02 01:25:29
39279,Stripe,SUCCESS,00,552,ATM,Los Angeles,2024-09-02 01:25:37
39280,AuthorizeNet,FAILED,12,1228,Desktop,Chicago,2024-09-02 03:02:32
39281,AuthorizeNet,SUCCESS,00,623,Mobile,Chicago,2024-09-02 03:06:47
39282,Stripe,SUCCESS,00,1204,ATM,New York,2024-09-02 03:25:24
39283,PayPal,SUCCESS,00,912,POS,Dallas,2024-09-02 03:25:31
39284,Square,SUCCESS,00,621,POS,Dallas,2024-09-02 03:47:31
39285,PayPal,FAILED,05,1068,Desktop,New York,2024-09-02 05:03:01
39286,AuthorizeNet,SUCCESS,00,361,ATM,Chicago,2024-09-02 05:55:05
39287,AuthorizeNet,SUCCESS,00,1073,ATM,Los Angeles,2024-09-02 06:26:21
39288,Square,SUCCESS,00,711,Desktop,Los Angeles,2024-09-02 06:45:25
39289,AuthorizeNet,SUCCESS,00,851,ATM,Dallas,2024-09-02 08:00:04
39290,Square,SUCCESS,00,1233,Mobile,Los Angeles,2024-09-02 09:29:27
39291,Stripe,SUCCESS,00,1132,ATM,Los Angeles,2024-09-02 09:34:30
39292,Square,SUCCESS,00,1065,POS,Los Angeles,2024-09-02 09:54:29
39293,PayPal,SUCCESS,00,899,Desktop,New York,2024-09-02 11:32:20
39294,Stripe,SUCCESS,00,1359,Mobile,Chicago,2024-09-02 11:54:41
39295,PayPal,SUCCESS,00,1393,ATM,New York,2024-09-02 12:20:03
39296,AuthorizeNet,SUCCESS,00,306,Mobile,New York,2024-09-02 13:11:23
39297,AuthorizeNet,SUCCESS,00,1197,Desktop,Chicago,2024-09-02 14:42:37
39298,AuthorizeNet,SUCCESS,00,720,POS,Los Angeles,2024-09-02 15:05:47
39299,AuthorizeNet,SUCCESS,00,125,POS,Chicago,2024-09-02 15:34:55
39300,Square,SUCCESS,00,967,ATM,Dallas,2024-09-02 15:51:29
39301,Square,SUCCESS,00,919,Desktop,Chicago,2024-09-02 16:02:04
39302,PayPal,SUCCESS,00,690,ATM,Dallas,2024-09-02 16:33:27
39303,Square,SUCCESS,00,261,ATM,Chicago,2024-09-02 16:34:37
39304,PayPal,SUCCESS,00,357,POS,Chicago,2024-09-02 17:00:57
39305,Stripe,FAILED,05,896,Desktop,Dallas,2024-09-02 19:26:09
39306,AuthorizeNet,SUCCESS,00,202,ATM,Chicago,2024-09-02 20:27:25
39307,PayPal,SUCCESS,00,399,Desktop,Los Angeles,2024-09-02 20:54:48
39308,Stripe,SUCCESS,00,151,ATM,Dallas,2024-09-02 21:00:23
39309,Stripe,SUCCESS,00,1246,ATM,Dallas,2024-09-02 21:37:07
39310,Square,SUCCESS,00,1154,Desktop,Dallas,2024-09-02 22:24:32
39311,Stripe,SUCCESS,00,1041,POS,Los Angeles,2024-09-02 23:01:56
39312,AuthorizeNet,SUCCESS,00,625,ATM,Chicago,2024-09-02 23:06:49
39313,PayPal,SUCCESS,00,462,POS,Chicago,2024-09-02 23:31:57
39314,AuthorizeNet,SUCCESS,00,1344,Desktop,Los Angeles,2024-09-03 01:10:15
39315,PayPal,SUCCESS,00,936,ATM,New York,2024-09-03 01:41:37
39316,PayPal,SUCCESS,00,688,POS,Los Angeles,2024-09-03 02:12:56
39317,AuthorizeNet,SUCCESS,00,1451,Desktop,New York,2024-09-03 03:39:08
39318,Stripe,SUCCESS,00,684,Desktop,Los Angeles,2024-09-03 04:29:39
39319,PayPal,SUCCESS,00,577,Mobile,New York,2024-09-03 04:55:54
39320,AuthorizeNet,SUCCESS,00,168,Mobile,Dallas,2024-09-03 05:07:46
39321,Stripe,SUCCESS,00,892,Desktop,Dallas,2024-09-03 06:15:11
39322,PayPal,SUCCESS,00,287,POS,Dallas,2024-09-03 06:27:48
39323,Stripe,SUCCESS,00,1222,Mobile,Dallas,2024-09-03 06:49:32
39324,AuthorizeNet,SUCCESS,00,539,Mobile,Chicago,2024-09-03 07:29:40
39325,Stripe,SUCCESS,00,1436,Mobile,Los Angeles,2024-09-03 07:40:06
39326,Stripe,SUCCESS,00,128,Mobile,New York,2024-09-03 08:25:41
39327,AuthorizeNet,SUCCESS,00,666,ATM,Dallas,2024-09-03 08:40:34
39328,Stripe,SUCCESS,00,1443,Desktop,Los Angeles,2024-09-03 09:47:26
39329,AuthorizeNet,SUCCESS,00,795,Desktop,Los Angeles,2024-09-03 10:03:03
39330,Square,SUCCESS,00,352,Mobile,Chicago,2024-09-03 11:52:39
39331,Stripe,FAILED,05,368,Desktop,Los Angeles,2024-09-03 12:44:13
39332,Square,FAILED,12,1182,Mobile,Dallas,2024-09-03 15:29:49
39333,PayPal,SUCCESS,00,209,Desktop,Chicago,2024-09-03 15:31:37
39334,Square,SUCCESS,00,1037,POS,Chicago,2024-09-03 17:17:02
39335,PayPal,SUCCESS,00,830,POS,Dallas,2024-09-03 17:18:17
39336,PayPal,SUCCESS,00,1337,Mobile,New York,2024-09-03 17:38:04
39337,Square,SUCCESS,00,279,Desktop,New York,2024-09-03 17:48:11
39338,Stripe,FAILED,12,567,Mobile,New York,2024-09-03 20:25:29
39339,AuthorizeNet,SUCCESS,00,687,ATM,Dallas,2024-09-03 21:54:33
39340,PayPal,SUCCESS,00,1028,ATM,New York,2024-09-03 22:25:06
39341,Stripe,SUCCESS,00,689,Mobile,Dallas,2024-09-03 22:28:22
39342,Square,SUCCESS,00,1006,Mobile,Los Angeles,2024-09-03 23:01:26
39343,Stripe,SUCCESS,00,127,POS,Chicago,2024-09-03 23:10:45
39344,AuthorizeNet,SUCCESS,00,1486,POS,Chicago,2024-09-03 23:18:10
39345,Stripe,PENDING,99,304,Mobile,Chicago,2024-09-03 23:33:26
39346,Square,SUCCESS,00,1004,POS,Dallas,2024-09-04 01:39:28
39347,AuthorizeNet,SUCCESS,00,206,Mobile,Los Angeles,2024-09-04 03:23:06
39348,Square,SUCCESS,00,639,Mobile,Los Angeles,2024-09-04 05:59:53
39349,Stripe,SUCCESS,00,157,POS,New York,2024-09-04 07:12:41
39350,Stripe,SUCCESS,00,544,ATM,Los Angeles,2024-09-04 07:35:33
39351,AuthorizeNet,SUCCESS,00,1088,POS,Chicago,2024-09-04 07:41:57
39352,AuthorizeNet,SUCCESS,00,1353,Desktop,Chicago,2024-09-04 07:50:57
39353,AuthorizeNet,SUCCESS,00,890,Mobile,Los Angeles,2024-09-04 07:52:37
39354,Stripe,SUCCESS,00,710,POS,Chicago,2024-09-04 09:27:23
39355,Stripe,SUCCESS,00,1439,POS,New York,2024-09-04 10:20:12
39356,Stripe,FAILED,12,1336,Mobile,Los Angeles,2024-09-04 11:35:19
39357,Square,SUCCESS,00,846,POS,New York,2024-09-04 12:09:59
39358,Stripe,SUCCESS,00,192,Mobile,Dallas,2024-09-04 12:12:54
39359,PayPal,SUCCESS,00,265,Mobile,Los Angeles,2024-09-04 12:55:11
39360,PayPal,SUCCESS,00,258,POS,New York,2024-09-04 13:04:01
39361,Square,SUCCESS,00,429,Desktop,Chicago,2024-09-04 14:32:06
39362,AuthorizeNet,SUCCESS,00,609,Desktop,Los Angeles,2024-09-04 15:17:43
39363,Square,SUCCESS,00,273,ATM,Los Angeles,2024-09-04 15:43:10
39364,Square,SUCCESS,00,1167,ATM,New York,2024-09-04 16:02:24
39365,AuthorizeNet,SUCCESS,00,1270,Desktop,Chicago,2024-09-04 16:49:21
39366,PayPal,SUCCESS,00,594,Mobile,Chicago,2024-09-04 16:57:23
39367,Square,FAILED,05,203,ATM,Dallas,2024-09-04 17:46:54
39368,AuthorizeNet,SUCCESS,00,337,ATM,Dallas,2024-09-04 18:53:08
39369,Square,SUCCESS,00,699,Mobile,Los Angeles,2024-09-04 18:54:47
39370,Stripe,SUCCESS,00,590,POS,New York,2024-09-04 19:28:48
39371,AuthorizeNet,SUCCESS,00,858,ATM,Chicago,2024-09-04 19:48:19
39372,AuthorizeNet,SUCCESS,00,531,Desktop,New York,2024-09-04 20:37:30
39373,Stripe,SUCCESS,00,482,Mobile,Los Angeles,2024-09-04 22:59:00
39374,AuthorizeNet,SUCCESS,00,843,POS,Chicago,2024-09-04 23:24:41
39375,Stripe,SUCCESS,00,321,Desktop,Los Angeles,2024-09-04 23:38:53
39376,Square,SUCCESS,00,1375,Desktop,Dallas,2024-09-05 00:17:27
39377,PayPal,SUCCESS,00,138,Mobile,Los Angeles,2024-09-05 00:27:57
39378,Stripe,SUCCESS,00,924,POS,Dallas,2024-09-05 00:58:01
39379,Stripe,SUCCESS,00,1300,ATM,Dallas,2024-09-05 00:58:38
39380,PayPal,SUCCESS,00,380,Mobile,Los Angeles,2024-09-05 01:40:56
39381,AuthorizeNet,SUCCESS,00,268,POS,Chicago,2024-09-05 03:25:17
39382,AuthorizeNet,SUCCESS,00,105,Desktop,New York,2024-09-05 04:41:11
39383,AuthorizeNet,SUCCESS,00,897,ATM,Dallas,2024-09-05 05:04:21
39384,PayPal,SUCCESS,00,771,ATM,New York,2024-09-05 05:51:42
39385,Square,SUCCESS,00,457,Mobile,Chicago,2024-09-05 06:53:28
39386,Square,SUCCESS,00,1036,Mobile,Dallas,2024-09-05 06:55:15
39387,Square,SUCCESS,00,907,POS,Chicago,2024-09-05 08:01:23
39388,Stripe,SUCCESS,00,1156,POS,Chicago,2024-09-05 08:58:45
39389,PayPal,SUCCESS,00,1392,Mobile,Dallas,2024-09-05 09:18:00
39390,PayPal,SUCCESS,00,331,POS,Dallas,2024-09-05 09:50:19
39391,Stripe,FAILED,05,1065,POS,Los Angeles,2024-09-05 10:37:35
39392,AuthorizeNet,SUCCESS,00,823,ATM,Los Angeles,2024-09-05 10:41:46
39393,Stripe,SUCCESS,00,326,Desktop,Dallas,2024-09-05 11:47:04
39394,PayPal,SUCCESS,00,1333,Desktop,Los Angeles,2024-09-05 12:01:56
39395,Square,SUCCESS,00,367,Desktop,Dallas,2024-09-05 12:02:41
39396,Square,SUCCESS,00,907,ATM,Dallas,2024-09-05 13:31:49
39397,AuthorizeNet,FAILED,05,1251,Desktop,Dallas,2024-09-05 13:57:28
39398,Stripe,SUCCESS,00,1009,Mobile,New York,2024-09-05 14:34:32
39399,Square,SUCCESS,00,288,Desktop,New York,2024-09-05 14:37:35
39400,PayPal,SUCCESS,00,320,ATM,New York,2024-09-05 15:34:52
39401,Stripe,SUCCESS,00,236,Desktop,Chicago,2024-09-05 17:50:35
39402,AuthorizeNet,SUCCESS,00,948,Mobile,New York,2024-09-05 19:04:30
39403,PayPal,SUCCESS,00,1053,Mobile,Dallas,2024-09-05 19:22:53
39404,PayPal,SUCCESS,00,230,POS,Los Angeles,2024-09-05 20:33:03
39405,Stripe,SUCCESS,00,455,Desktop,Chicago,2024-09-05 20:44:30
39406,Stripe,SUCCESS,00,909,ATM,New York,2024-09-05 20:44:50
39407,PayPal,SUCCESS,00,911,ATM,New York,2024-09-05 21:01:21
39408,Stripe,SUCCESS,00,1192,Mobile,Chicago,2024-09-05 21:24:38
39409,AuthorizeNet,SUCCESS,00,376,Desktop,Dallas,2024-09-05 22:25:40
39410,Square,SUCCESS,00,742,POS,Los Angeles,2024-09-05 22:33:16
39411,Square,SUCCESS,00,356,Mobile,Chicago,2024-09-05 22:52:45
39412,Square,SUCCESS,00,1119,POS,New York,2024-09-05 23:29:07
39413,AuthorizeNet,SUCCESS,00,698,POS,Los Angeles,2024-09-06 00:19:44
39414,PayPal,SUCCESS,00,164,Desktop,Dallas,2024-09-06 01:06:42
39415,AuthorizeNet,SUCCESS,00,655,ATM,Chicago,2024-09-06 01:13:34
39416,Square,SUCCESS,00,529,ATM,Los Angeles,2024-09-06 01:42:27
39417,Square,SUCCESS,00,742,Mobile,New York,2024-09-06 01:43:19
39418,Stripe,SUCCESS,00,1494,POS,Dallas,2024-09-06 01:53:54
39419,PayPal,SUCCESS,00,730,Mobile,New York,2024-09-06 02:15:16
39420,AuthorizeNet,SUCCESS,00,1478,ATM,Dallas,2024-09-06 02:36:56
39421,PayPal,SUCCESS,00,1387,Desktop,New York,2024-09-06 02:44:29
39422,AuthorizeNet,SUCCESS,00,1282,ATM,Los Angeles,2024-09-06 04:57:03
39423,PayPal,SUCCESS,00,399,Desktop,Chicago,2024-09-06 05:04:58
39424,PayPal,SUCCESS,00,1273,Desktop,Dallas,2024-09-06 05:41:16
39425,PayPal,SUCCESS,00,1253,POS,Dallas,2024-09-06 06:38:00
39426,Stripe,SUCCESS,00,1394,ATM,Los Angeles,2024-09-06 06:43:52
39427,Square,SUCCESS,00,1415,Mobile,Chicago,2024-09-06 07:59:52
39428,AuthorizeNet,SUCCESS,00,1148,ATM,Chicago,2024-09-06 08:00:40
39429,AuthorizeNet,SUCCESS,00,1467,ATM,New York,2024-09-06 08:05:11
39430,Stripe,SUCCESS,00,485,POS,Dallas,2024-09-06 08:24:20
39431,PayPal,SUCCESS,00,795,POS,Los Angeles,2024-09-06 10:35:31
39432,Stripe,SUCCESS,00,286,POS,New York,2024-09-06 12:22:40
39433,AuthorizeNet,SUCCESS,00,326,POS,New York,2024-09-06 12:57:50
39434,AuthorizeNet,SUCCESS,00,118,ATM,Los Angeles,2024-09-06 13:02:42
39435,AuthorizeNet,SUCCESS,00,111,Mobile,Los Angeles,2024-09-06 13:24:38
39436,Square,SUCCESS,00,1440,Desktop,Los Angeles,2024-09-06 13:50:26
39437,Stripe,SUCCESS,00,719,Mobile,Dallas,2024-09-06 14:00:51
39438,AuthorizeNet,SUCCESS,00,945,ATM,Los Angeles,2024-09-06 14:08:12
39439,Square,SUCCESS,00,114,Desktop,Dallas,2024-09-06 14:47:28
39440,PayPal,SUCCESS,00,910,Mobile,Los Angeles,2024-09-06 16:08:10
39441,Square,SUCCESS,00,1351,Mobile,New York,2024-09-06 16:11:22
39442,PayPal,SUCCESS,00,824,POS,New York,2024-09-06 16:14:24
39443,AuthorizeNet,SUCCESS,00,603,ATM,New York,2024-09-06 16:22:46
39444,Stripe,SUCCESS,00,575,ATM,Chicago,2024-09-06 16:43:20
39445,PayPal,SUCCESS,00,139,Desktop,New York,2024-09-06 16:45:30
39446,PayPal,SUCCESS,00,1234,Mobile,Los Angeles,2024-09-06 16:49:15
39447,Stripe,SUCCESS,00,908,Mobile,Los Angeles,2024-09-06 17:50:03
39448,Square,SUCCESS,00,1172,Mobile,New York,2024-09-06 18:17:22
39449,AuthorizeNet,SUCCESS,00,129,Mobile,Los Angeles,2024-09-06 18:23:59
39450,PayPal,SUCCESS,00,476,POS,Chicago,2024-09-06 19:17:36
39451,Square,SUCCESS,00,567,ATM,Dallas,2024-09-06 20:56:45
39452,Stripe,SUCCESS,00,380,POS,New York,2024-09-06 22:16:02
39453,AuthorizeNet,FAILED,05,997,ATM,Chicago,2024-09-06 22:32:35
39454,AuthorizeNet,SUCCESS,00,265,POS,Chicago,2024-09-06 23:35:13
39455,Stripe,FAILED,05,1267,Desktop,Dallas,2024-09-07 00:07:36
39456,AuthorizeNet,FAILED,12,907,Desktop,New York,2024-09-07 00:10:59
39457,Stripe,SUCCESS,00,1395,Mobile,Chicago,2024-09-07 00:37:07
39458,Square,SUCCESS,00,1346,ATM,Dallas,2024-09-07 01:10:42
39459,PayPal,SUCCESS,00,1255,POS,Dallas,2024-09-07 02:21:03
39460,Stripe,SUCCESS,00,1065,Desktop,Chicago,2024-09-07 02:59:14
39461,Stripe,FAILED,05,1050,Desktop,Chicago,2024-09-07 04:42:22
39462,PayPal,SUCCESS,00,246,ATM,Los Angeles,2024-09-07 05:59:52
39463,Stripe,SUCCESS,00,592,Desktop,Los Angeles,2024-09-07 07:14:14
39464,Stripe,SUCCESS,00,207,Mobile,Dallas,2024-09-07 07:57:20
39465,Square,SUCCESS,00,1195,POS,Dallas,2024-09-07 09:38:08
39466,Stripe,SUCCESS,00,659,POS,Dallas,2024-09-07 09:52:02
39467,AuthorizeNet,SUCCESS,00,691,Desktop,Dallas,2024-09-07 09:57:15
39468,PayPal,SUCCESS,00,454,ATM,Chicago,2024-09-07 10:35:28
39469,Square,SUCCESS,00,794,ATM,New York,2024-09-07 11:39:48
39470,PayPal,SUCCESS,00,1359,Mobile,Chicago,2024-09-07 13:11:04
39471,PayPal,SUCCESS,00,488,Mobile,Chicago,2024-09-07 13:45:48
39472,AuthorizeNet,SUCCESS,00,861,POS,New York,2024-09-07 16:11:18
39473,Stripe,SUCCESS,00,787,Mobile,Chicago,2024-09-07 16:58:32
39474,AuthorizeNet,SUCCESS,00,1455,ATM,Dallas,2024-09-07 18:05:58
39475,AuthorizeNet,SUCCESS,00,1323,Mobile,Chicago,2024-09-07 18:33:39
39476,AuthorizeNet,SUCCESS,00,1199,Mobile,Chicago,2024-09-07 18:42:23
39477,PayPal,SUCCESS,00,673,Desktop,Los Angeles,2024-09-07 18:58:06
39478,AuthorizeNet,SUCCESS,00,1227,Mobile,Dallas,2024-09-07 19:29:46
39479,Stripe,SUCCESS,00,1087,POS,New York,2024-09-07 19:43:37
39480,Square,SUCCESS,00,1089,POS,New York,2024-09-07 19:48:18
39481,PayPal,SUCCESS,00,564,ATM,Chicago,2024-09-07 21:02:14
39482,Square,SUCCESS,00,421,ATM,New York,2024-09-07 21:12:06
39483,Stripe,SUCCESS,00,788,ATM,Dallas,2024-09-07 21:22:22
39484,AuthorizeNet,SUCCESS,00,1075,Mobile,Chicago,2024-09-07 21:50:07
39485,Stripe,SUCCESS,00,606,ATM,Dallas,2024-09-07 23:47:34
39486,Square,SUCCESS,00,1260,ATM,Chicago,2024-09-08 00:21:18
39487,AuthorizeNet,SUCCESS,00,314,ATM,New York,2024-09-08 00:27:55
39488,Stripe,FAILED,12,464,POS,New York,2024-09-08 00:49:08
39489,Square,SUCCESS,00,1350,ATM,Los Angeles,2024-09-08 01:22:50
39490,Stripe,SUCCESS,00,825,POS,New York,2024-09-08 01:58:06
39491,Square,SUCCESS,00,514,Mobile,Los Angeles,2024-09-08 02:52:10
39492,PayPal,SUCCESS,00,1337,Mobile,Los Angeles,2024-09-08 02:58:04
39493,Stripe,SUCCESS,00,1477,Desktop,Los Angeles,2024-09-08 03:14:29
39494,Stripe,SUCCESS,00,1331,Mobile,Los Angeles,2024-09-08 05:39:00
39495,PayPal,SUCCESS,00,135,Desktop,Dallas,2024-09-08 06:59:35
39496,Square,SUCCESS,00,681,POS,Los Angeles,2024-09-08 07:54:34
39497,AuthorizeNet,SUCCESS,00,1035,Desktop,Dallas,2024-09-08 08:21:15
39498,Stripe,SUCCESS,00,217,POS,New York,2024-09-08 09:51:48
39499,Stripe,SUCCESS,00,1337,Mobile,Los Angeles,2024-09-08 11:13:08
39500,PayPal,SUCCESS,00,440,Mobile,Dallas,2024-09-08 11:50:47
39501,Stripe,SUCCESS,00,920,Mobile,Los Angeles,2024-09-08 12:30:59
39502,AuthorizeNet,SUCCESS,00,896,Desktop,Dallas,2024-09-08 13:11:03
39503,Stripe,SUCCESS,00,920,POS,New York,2024-09-08 13:54:59
39504,PayPal,SUCCESS,00,1187,POS,Chicago,2024-09-08 14:12:59
39505,Square,SUCCESS,00,1393,ATM,Dallas,2024-09-08 14:52:56
39506,Stripe,SUCCESS,00,1199,Mobile,New York,2024-09-08 15:47:14
39507,Square,SUCCESS,00,1341,Mobile,Dallas,2024-09-08 18:15:58
39508,AuthorizeNet,SUCCESS,00,589,POS,Dallas,2024-09-08 18:18:38
39509,Stripe,SUCCESS,00,258,ATM,Chicago,2024-09-08 18:41:18
39510,AuthorizeNet,SUCCESS,00,1192,POS,Dallas,2024-09-08 19:30:43
39511,AuthorizeNet,SUCCESS,00,491,POS,New York,2024-09-08 19:41:10
39512,AuthorizeNet,SUCCESS,00,1430,Mobile,New York,2024-09-08 20:19:12
39513,PayPal,SUCCESS,00,865,Desktop,Dallas,2024-09-08 21:05:47
39514,PayPal,SUCCESS,00,1122,POS,Los Angeles,2024-09-08 21:08:49
39515,Square,SUCCESS,00,1126,Desktop,Dallas,2024-09-08 21:50:07
39516,Stripe,SUCCESS,00,755,Mobile,Dallas,2024-09-08 21:55:17
39517,Square,SUCCESS,00,162,Desktop,Chicago,2024-09-08 22:33:57
39518,Stripe,SUCCESS,00,538,Desktop,Dallas,2024-09-08 22:43:55
39519,Stripe,SUCCESS,00,828,POS,New York,2024-09-08 22:51:50
39520,PayPal,SUCCESS,00,1179,ATM,Dallas,2024-09-08 23:39:36
39521,PayPal,SUCCESS,00,642,Mobile,Los Angeles,2024-09-09 00:10:38
39522,Stripe,SUCCESS,00,608,POS,Los Angeles,2024-09-09 00:14:58
39523,AuthorizeNet,SUCCESS,00,676,POS,Los Angeles,2024-09-09 00:16:49
39524,Stripe,SUCCESS,00,784,POS,Dallas,2024-09-09 00:25:59
39525,Square,SUCCESS,00,947,POS,Dallas,2024-09-09 00:32:54
39526,Square,SUCCESS,00,1185,ATM,Los Angeles,2024-09-09 00:39:12
39527,PayPal,SUCCESS,00,614,ATM,New York,2024-09-09 01:22:12
39528,Stripe,SUCCESS,00,373,ATM,Dallas,2024-09-09 02:18:20
39529,PayPal,SUCCESS,00,955,POS,Dallas,2024-09-09 02:23:02
39530,Stripe,SUCCESS,00,571,POS,Chicago,2024-09-09 03:08:55
39531,PayPal,SUCCESS,00,1282,Desktop,Los Angeles,2024-09-09 03:25:26
39532,Square,SUCCESS,00,408,POS,Chicago,2024-09-09 04:33:42
39533,AuthorizeNet,SUCCESS,00,874,Mobile,Chicago,2024-09-09 04:44:28
39534,Square,SUCCESS,00,1340,POS,Chicago,2024-09-09 04:47:03
39535,AuthorizeNet,PENDING,99,1203,POS,Chicago,2024-09-09 05:26:48
39536,Square,SUCCESS,00,222,ATM,Chicago,2024-09-09 06:42:50
39537,PayPal,SUCCESS,00,686,POS,Chicago,2024-09-09 06:59:01
39538,Stripe,SUCCESS,00,1021,Desktop,New York,2024-09-09 07:18:59
39539,Stripe,FAILED,05,1427,ATM,Los Angeles,2024-09-09 07:19:57
39540,Stripe,PENDING,99,532,Mobile,Chicago,2024-09-09 07:21:03
39541,AuthorizeNet,SUCCESS,00,343,Desktop,Dallas,2024-09-09 07:46:37
39542,AuthorizeNet,SUCCESS,00,1464,Desktop,Chicago,2024-09-09 08:22:20
39543,PayPal,SUCCESS,00,1078,Mobile,New York,2024-09-09 09:22:23
39544,Stripe,PENDING,99,1367,Desktop,Chicago,2024-09-09 09:27:49
39545,AuthorizeNet,SUCCESS,00,1034,Mobile,Los Angeles,2024-09-09 09:52:41
39546,Stripe,SUCCESS,00,1362,ATM,Dallas,2024-09-09 10:15:10
39547,AuthorizeNet,SUCCESS,00,1174,Mobile,Dallas,2024-09-09 10:15:54
39548,Square,SUCCESS,00,922,ATM,New York,2024-09-09 10:21:45
39549,PayPal,SUCCESS,00,840,Mobile,New York,2024-09-09 11:39:33
39550,AuthorizeNet,SUCCESS,00,1124,POS,Dallas,2024-09-09 12:37:47
39551,Square,SUCCESS,00,630,Mobile,Dallas,2024-09-09 12:40:33
39552,AuthorizeNet,SUCCESS,00,1209,POS,Chicago,2024-09-09 13:00:52
39553,AuthorizeNet,SUCCESS,00,1497,POS,Los Angeles,2024-09-09 13:17:04
39554,AuthorizeNet,SUCCESS,00,1015,POS,New York,2024-09-09 13:37:11
39555,AuthorizeNet,SUCCESS,00,575,Mobile,Chicago,2024-09-09 13:40:36
39556,AuthorizeNet,SUCCESS,00,1023,Desktop,Dallas,2024-09-09 14:43:32
39557,AuthorizeNet,SUCCESS,00,161,POS,New York,2024-09-09 15:27:12
39558,Stripe,SUCCESS,00,145,Mobile,Chicago,2024-09-09 15:48:00
39559,PayPal,SUCCESS,00,1233,Desktop,Dallas,2024-09-09 16:49:02
39560,Stripe,SUCCESS,00,622,ATM,Dallas,2024-09-09 17:07:40
39561,Stripe,SUCCESS,00,1311,ATM,Los Angeles,2024-09-09 17:10:53
39562,Stripe,FAILED,12,487,Mobile,Los Angeles,2024-09-09 18:11:08
39563,Stripe,SUCCESS,00,207,POS,New York,2024-09-09 18:40:15
39564,Square,SUCCESS,00,350,POS,Dallas,2024-09-09 18:41:06
39565,Stripe,SUCCESS,00,1254,Mobile,Los Angeles,2024-09-09 21:15:22
39566,AuthorizeNet,SUCCESS,00,1086,Mobile,Los Angeles,2024-09-09 21:32:00
39567,Square,SUCCESS,00,830,Mobile,Dallas,2024-09-09 21:41:24
39568,PayPal,SUCCESS,00,1374,Mobile,Dallas,2024-09-09 21:59:35
39569,PayPal,SUCCESS,00,192,ATM,Chicago,2024-09-09 23:08:00
39570,Square,SUCCESS,00,1291,ATM,Dallas,2024-09-09 23:10:39
39571,Stripe,SUCCESS,00,418,Desktop,Dallas,2024-09-09 23:17:09
39572,PayPal,SUCCESS,00,653,ATM,New York,2024-09-09 23:54:35
39573,Square,SUCCESS,00,1444,Mobile,Los Angeles,2024-09-09 23:58:18
39574,PayPal,SUCCESS,00,846,POS,Los Angeles,2024-09-10 00:46:05
39575,Square,SUCCESS,00,652,Mobile,Dallas,2024-09-10 00:48:22
39576,Stripe,SUCCESS,00,1327,Mobile,New York,2024-09-10 04:22:03
39577,Stripe,SUCCESS,00,1028,Desktop,Dallas,2024-09-10 06:10:15
39578,Stripe,SUCCESS,00,633,POS,Los Angeles,2024-09-10 06:26:00
39579,PayPal,SUCCESS,00,271,POS,Dallas,2024-09-10 07:29:47
39580,Stripe,FAILED,12,132,POS,Dallas,2024-09-10 09:21:00
39581,PayPal,SUCCESS,00,557,POS,Los Angeles,2024-09-10 10:18:12
39582,Square,SUCCESS,00,610,Desktop,New York,2024-09-10 10:41:00
39583,Stripe,FAILED,05,878,Mobile,Dallas,2024-09-10 11:48:43
39584,PayPal,SUCCESS,00,1123,Desktop,Chicago,2024-09-10 13:06:12
39585,AuthorizeNet,SUCCESS,00,805,Mobile,Dallas,2024-09-10 13:06:15
39586,PayPal,SUCCESS,00,231,Desktop,Dallas,2024-09-10 13:21:00
39587,PayPal,SUCCESS,00,1369,Mobile,Dallas,2024-09-10 14:02:51
39588,PayPal,SUCCESS,00,562,ATM,Dallas,2024-09-10 14:36:00
39589,PayPal,SUCCESS,00,327,Mobile,Dallas,2024-09-10 14:37:51
39590,Square,SUCCESS,00,199,POS,Chicago,2024-09-10 15:23:44
39591,PayPal,SUCCESS,00,110,Mobile,Dallas,2024-09-10 15:34:45
39592,PayPal,FAILED,12,391,ATM,Chicago,2024-09-10 15:40:17
39593,AuthorizeNet,SUCCESS,00,683,ATM,Chicago,2024-09-10 16:03:54
39594,Square,SUCCESS,00,1111,POS,Dallas,2024-09-10 16:58:13
39595,AuthorizeNet,SUCCESS,00,472,POS,Dallas,2024-09-10 17:24:47
39596,PayPal,SUCCESS,00,940,POS,Dallas,2024-09-10 17:45:39
39597,Square,SUCCESS,00,978,Desktop,New York,2024-09-10 18:24:02
39598,PayPal,SUCCESS,00,166,Desktop,New York,2024-09-10 20:38:05
39599,Square,SUCCESS,00,1162,ATM,Dallas,2024-09-10 20:54:35
39600,PayPal,SUCCESS,00,274,Mobile,New York,2024-09-10 21:13:15
39601,AuthorizeNet,SUCCESS,00,448,Mobile,New York,2024-09-10 22:11:25
39602,Stripe,SUCCESS,00,915,ATM,Chicago,2024-09-10 22:28:14
39603,Stripe,SUCCESS,00,800,ATM,Chicago,2024-09-10 23:36:57
39604,AuthorizeNet,SUCCESS,00,1027,POS,Chicago,2024-09-11 00:38:05
39605,Square,SUCCESS,00,161,Mobile,Los Angeles,2024-09-11 00:45:32
39606,Square,SUCCESS,00,324,Desktop,Los Angeles,2024-09-11 00:50:21
39607,AuthorizeNet,SUCCESS,00,1291,Mobile,New York,2024-09-11 01:01:27
39608,Stripe,SUCCESS,00,408,Desktop,New York,2024-09-11 01:24:43
39609,AuthorizeNet,SUCCESS,00,313,POS,Los Angeles,2024-09-11 01:51:24
39610,Square,SUCCESS,00,1364,Desktop,Chicago,2024-09-11 02:50:47
39611,Stripe,SUCCESS,00,944,POS,Los Angeles,2024-09-11 03:19:05
39612,Stripe,SUCCESS,00,664,POS,Chicago,2024-09-11 03:59:38
39613,PayPal,SUCCESS,00,153,POS,Chicago,2024-09-11 05:24:06
39614,PayPal,SUCCESS,00,437,Desktop,New York,2024-09-11 05:43:38
39615,Stripe,SUCCESS,00,991,Mobile,Dallas,2024-09-11 07:47:48
39616,Square,SUCCESS,00,831,Desktop,Dallas,2024-09-11 09:09:24
39617,Square,SUCCESS,00,155,POS,Chicago,2024-09-11 09:31:13
39618,AuthorizeNet,SUCCESS,00,1402,Mobile,Dallas,2024-09-11 13:03:23
39619,AuthorizeNet,SUCCESS,00,1380,POS,Los Angeles,2024-09-11 13:10:04
39620,AuthorizeNet,SUCCESS,00,855,ATM,New York,2024-09-11 14:42:36
39621,Square,SUCCESS,00,338,POS,Los Angeles,2024-09-11 14:50:37
39622,AuthorizeNet,FAILED,12,272,Mobile,New York,2024-09-11 17:05:29
39623,AuthorizeNet,SUCCESS,00,112,ATM,New York,2024-09-11 17:39:29
39624,Stripe,SUCCESS,00,773,Mobile,Dallas,2024-09-11 17:50:41
39625,PayPal,SUCCESS,00,1436,Mobile,Dallas,2024-09-11 18:05:01
39626,Stripe,SUCCESS,00,655,Mobile,Los Angeles,2024-09-11 18:07:00
39627,PayPal,SUCCESS,00,117,ATM,Dallas,2024-09-11 20:01:14
39628,AuthorizeNet,SUCCESS,00,1445,ATM,Chicago,2024-09-11 20:16:54
39629,PayPal,SUCCESS,00,444,ATM,Dallas,2024-09-11 20:51:59
39630,Stripe,SUCCESS,00,152,Desktop,New York,2024-09-11 21:43:07
39631,Stripe,SUCCESS,00,330,Desktop,New York,2024-09-11 23:13:48
39632,PayPal,SUCCESS,00,801,ATM,Dallas,2024-09-11 23:53:25
39633,Stripe,SUCCESS,00,704,ATM,Dallas,2024-09-12 00:07:40
39634,Stripe,SUCCESS,00,260,POS,New York,2024-09-12 00:53:20
39635,PayPal,SUCCESS,00,1053,Desktop,Chicago,2024-09-12 01:22:53
39636,Square,SUCCESS,00,1457,Desktop,Chicago,2024-09-12 01:41:28
39637,Stripe,FAILED,05,1252,ATM,New York,2024-09-12 02:12:07
39638,Square,SUCCESS,00,624,ATM,Dallas,2024-09-12 02:53:02
39639,PayPal,FAILED,05,1381,ATM,Los Angeles,2024-09-12 02:59:49
39640,Square,SUCCESS,00,1107,ATM,Los Angeles,2024-09-12 03:00:33
39641,Square,SUCCESS,00,176,ATM,Dallas,2024-09-12 03:51:01
39642,Stripe,SUCCESS,00,1254,ATM,Chicago,2024-09-12 04:34:17
39643,AuthorizeNet,SUCCESS,00,164,Desktop,Chicago,2024-09-12 05:12:56
39644,PayPal,SUCCESS,00,1103,Mobile,Chicago,2024-09-12 05:53:17
39645,PayPal,SUCCESS,00,842,POS,New York,2024-09-12 06:00:34
39646,Square,SUCCESS,00,554,Mobile,Los Angeles,2024-09-12 06:02:06
39647,Stripe,SUCCESS,00,884,ATM,Chicago,2024-09-12 07:01:47
39648,AuthorizeNet,SUCCESS,00,845,POS,New York,2024-09-12 07:15:40
39649,AuthorizeNet,SUCCESS,00,1256,Desktop,Dallas,2024-09-12 08:06:17
39650,Square,SUCCESS,00,1170,Mobile,Los Angeles,2024-09-12 08:32:30
39651,PayPal,SUCCESS,00,414,Mobile,Chicago,2024-09-12 08:58:57
39652,Square,SUCCESS,00,297,ATM,Dallas,2024-09-12 08:59:29
39653,Stripe,SUCCESS,00,1450,POS,Dallas,2024-09-12 10:19:24
39654,PayPal,SUCCESS,00,1391,ATM,Chicago,2024-09-12 10:20:40
39655,PayPal,SUCCESS,00,475,Mobile,Chicago,2024-09-12 10:40:29
39656,AuthorizeNet,SUCCESS,00,366,Desktop,Los Angeles,2024-09-12 10:47:51
39657,Square,SUCCESS,00,1095,Desktop,Dallas,2024-09-12 11:33:49
39658,Stripe,SUCCESS,00,1081,POS,Los Angeles,2024-09-12 12:39:07
39659,Square,SUCCESS,00,897,Mobile,Dallas,2024-09-12 13:01:08
39660,PayPal,SUCCESS,00,575,Mobile,New York,2024-09-12 14:44:02
39661,Square,SUCCESS,00,1468,ATM,Chicago,2024-09-12 14:50:47
39662,PayPal,SUCCESS,00,770,Mobile,Los Angeles,2024-09-12 14:55:01
39663,Square,SUCCESS,00,1445,ATM,Chicago,2024-09-12 15:17:23
39664,Square,SUCCESS,00,213,Mobile,Los Angeles,2024-09-12 15:28:48
39665,Stripe,SUCCESS,00,1327,ATM,Dallas,2024-09-12 16:16:20
39666,Stripe,SUCCESS,00,518,Desktop,Dallas,2024-09-12 16:26:06
39667,AuthorizeNet,SUCCESS,00,399,Desktop,Dallas,2024-09-12 16:59:10
39668,Square,SUCCESS,00,890,Desktop,Chicago,2024-09-12 17:17:45
39669,Stripe,SUCCESS,00,779,Mobile,New York,2024-09-12 17:45:53
39670,PayPal,SUCCESS,00,1485,Desktop,New York,2024-09-12 18:36:27
39671,AuthorizeNet,SUCCESS,00,211,Mobile,New York,2024-09-12 19:00:09
39672,Stripe,SUCCESS,00,337,Mobile,Chicago,2024-09-12 19:26:08
39673,AuthorizeNet,SUCCESS,00,621,ATM,Los Angeles,2024-09-12 20:36:45
39674,PayPal,SUCCESS,00,898,Desktop,Dallas,2024-09-12 21:42:26
39675,Square,SUCCESS,00,1165,ATM,Chicago,2024-09-12 22:13:06
39676,Stripe,SUCCESS,00,1233,Desktop,New York,2024-09-12 22:33:42
39677,Stripe,SUCCESS,00,947,Mobile,Chicago,2024-09-12 22:35:05
39678,Square,SUCCESS,00,1086,ATM,Chicago,2024-09-12 22:51:45
39679,AuthorizeNet,SUCCESS,00,1218,POS,Dallas,2024-09-12 22:53:42
39680,Stripe,SUCCESS,00,297,Mobile,New York,2024-09-12 23:04:55
39681,Square,SUCCESS,00,1013,Desktop,Chicago,2024-09-13 00:33:59
39682,Square,FAILED,12,918,ATM,Los Angeles,2024-09-13 01:43:59
39683,Square,SUCCESS,00,718,ATM,Chicago,2024-09-13 02:40:54
39684,Square,SUCCESS,00,972,Desktop,Dallas,2024-09-13 02:46:55
39685,PayPal,FAILED,05,1193,ATM,New York,2024-09-13 03:27:42
39686,PayPal,SUCCESS,00,269,Desktop,New York,2024-09-13 03:40:12
39687,PayPal,SUCCESS,00,1489,POS,Dallas,2024-09-13 03:50:27
39688,Stripe,SUCCESS,00,264,ATM,Los Angeles,2024-09-13 03:59:16
39689,Stripe,SUCCESS,00,1306,ATM,Los Angeles,2024-09-13 05:54:10
39690,Stripe,SUCCESS,00,419,Mobile,Chicago,2024-09-13 07:10:40
39691,Square,SUCCESS,00,1408,Desktop,New York,2024-09-13 07:56:05
39692,Square,SUCCESS,00,105,Mobile,Dallas,2024-09-13 08:45:43
39693,Square,SUCCESS,00,1111,Desktop,New York,2024-09-13 09:01:10
39694,Stripe,SUCCESS,00,591,POS,New York,2024-09-13 09:16:44
39695,Stripe,SUCCESS,00,431,ATM,New York,2024-09-13 09:26:42
39696,PayPal,FAILED,12,665,POS,Los Angeles,2024-09-13 09:47:13
39697,Stripe,SUCCESS,00,1397,Desktop,Chicago,2024-09-13 09:50:30
39698,Square,SUCCESS,00,1259,Desktop,Chicago,2024-09-13 10:14:36
39699,PayPal,SUCCESS,00,292,ATM,Los Angeles,2024-09-13 10:32:43
39700,PayPal,SUCCESS,00,252,Mobile,Chicago,2024-09-13 10:51:14
39701,Stripe,SUCCESS,00,1092,Mobile,New York,2024-09-13 11:18:02
39702,AuthorizeNet,SUCCESS,00,645,POS,Los Angeles,2024-09-13 11:56:15
39703,Stripe,SUCCESS,00,1159,ATM,New York,2024-09-13 12:13:04
39704,Stripe,SUCCESS,00,1000,ATM,Chicago,2024-09-13 12:44:24
39705,Stripe,SUCCESS,00,1378,POS,Dallas,2024-09-13 14:39:09
39706,Square,SUCCESS,00,877,Desktop,Dallas,2024-09-13 16:24:08
39707,Stripe,SUCCESS,00,741,POS,Los Angeles,2024-09-13 16:30:19
39708,Square,SUCCESS,00,847,ATM,Chicago,2024-09-13 16:53:33
39709,Stripe,SUCCESS,00,143,Mobile,Chicago,2024-09-13 17:14:09
39710,AuthorizeNet,SUCCESS,00,1090,Desktop,Dallas,2024-09-13 18:11:13
39711,Stripe,FAILED,05,989,ATM,New York,2024-09-13 18:22:41
39712,PayPal,SUCCESS,00,983,Mobile,New York,2024-09-13 18:26:23
39713,Stripe,SUCCESS,00,1103,POS,New York,2024-09-13 19:31:12
39714,AuthorizeNet,SUCCESS,00,1088,POS,New York,2024-09-13 19:36:57
39715,PayPal,SUCCESS,00,283,ATM,Chicago,2024-09-13 20:37:04
39716,PayPal,SUCCESS,00,476,ATM,Los Angeles,2024-09-13 20:44:12
39717,Square,SUCCESS,00,1244,Mobile,Dallas,2024-09-13 21:44:08
39718,AuthorizeNet,SUCCESS,00,876,POS,Los Angeles,2024-09-13 23:11:04
39719,PayPal,SUCCESS,00,119,POS,Dallas,2024-09-13 23:29:56
39720,PayPal,SUCCESS,00,224,ATM,Dallas,2024-09-14 01:05:35
39721,AuthorizeNet,SUCCESS,00,1164,Desktop,Dallas,2024-09-14 01:19:01
39722,AuthorizeNet,SUCCESS,00,1333,Mobile,Chicago,2024-09-14 01:32:36
39723,Square,SUCCESS,00,387,Desktop,Chicago,2024-09-14 01:56:04
39724,Square,FAILED,12,1364,Mobile,Los Angeles,2024-09-14 03:18:01
39725,AuthorizeNet,SUCCESS,00,389,Desktop,New York,2024-09-14 05:24:27
39726,AuthorizeNet,SUCCESS,00,1263,POS,New York,2024-09-14 06:09:57
39727,Square,SUCCESS,00,155,Desktop,Dallas,2024-09-14 06:22:14
39728,Square,SUCCESS,00,1170,ATM,Dallas,2024-09-14 08:25:02
39729,AuthorizeNet,SUCCESS,00,800,POS,Los Angeles,2024-09-14 09:20:31
39730,Square,SUCCESS,00,924,Desktop,New York,2024-09-14 09:55:55
39731,Square,SUCCESS,00,818,ATM,New York,2024-09-14 11:24:26
39732,Stripe,SUCCESS,00,1315,ATM,Chicago,2024-09-14 11:44:04
39733,PayPal,PENDING,99,179,ATM,Los Angeles,2024-09-14 11:46:47
39734,Stripe,SUCCESS,00,1121,Mobile,New York,2024-09-14 12:42:28
39735,PayPal,SUCCESS,00,1096,Mobile,Chicago,2024-09-14 13:11:24
39736,Square,FAILED,12,981,ATM,Chicago,2024-09-14 13:31:04
39737,AuthorizeNet,SUCCESS,00,487,Mobile,New York,2024-09-14 13:31:09
39738,Square,SUCCESS,00,917,ATM,Dallas,2024-09-14 14:00:51
39739,Stripe,SUCCESS,00,1143,ATM,Dallas,2024-09-14 15:34:10
39740,PayPal,SUCCESS,00,1129,Desktop,Dallas,2024-09-14 15:44:24
39741,Stripe,SUCCESS,00,1416,Desktop,Dallas,2024-09-14 16:22:48
39742,AuthorizeNet,SUCCESS,00,262,Desktop,Los Angeles,2024-09-14 16:23:01
39743,PayPal,SUCCESS,00,689,POS,New York,2024-09-14 17:03:34
39744,Stripe,SUCCESS,00,1090,ATM,Dallas,2024-09-14 18:42:21
39745,Stripe,SUCCESS,00,1172,Desktop,Chicago,2024-09-14 19:10:54
39746,PayPal,SUCCESS,00,330,ATM,New York,2024-09-14 20:14:03
39747,Square,SUCCESS,00,284,ATM,Dallas,2024-09-14 20:24:46
39748,AuthorizeNet,SUCCESS,00,1150,Desktop,Dallas,2024-09-14 21:11:07
39749,AuthorizeNet,SUCCESS,00,1115,Desktop,Chicago,2024-09-14 22:31:32
39750,AuthorizeNet,SUCCESS,00,173,Desktop,New York,2024-09-15 01:04:12
39751,Square,SUCCESS,00,433,Desktop,Los Angeles,2024-09-15 02:41:36
39752,Square,SUCCESS,00,363,Desktop,Chicago,2024-09-15 03:00:26
39753,Stripe,SUCCESS,00,833,ATM,New York,2024-09-15 03:51:46
39754,AuthorizeNet,SUCCESS,00,372,POS,Los Angeles,2024-09-15 04:03:14
39755,Stripe,SUCCESS,00,1090,ATM,Dallas,2024-09-15 05:06:29
39756,AuthorizeNet,SUCCESS,00,700,ATM,New York,2024-09-15 05:41:35
39757,AuthorizeNet,SUCCESS,00,532,Mobile,Los Angeles,2024-09-15 05:59:41
39758,AuthorizeNet,SUCCESS,00,361,Mobile,New York,2024-09-15 06:28:21
39759,PayPal,SUCCESS,00,911,Mobile,New York,2024-09-15 06:39:11
39760,Square,SUCCESS,00,1353,ATM,Dallas,2024-09-15 06:47:59
39761,Stripe,SUCCESS,00,838,ATM,New York,2024-09-15 07:13:58
39762,Stripe,SUCCESS,00,907,Desktop,Los Angeles,2024-09-15 08:02:36
39763,Stripe,FAILED,05,504,Mobile,Chicago,2024-09-15 08:41:34
39764,Stripe,SUCCESS,00,1227,Mobile,New York,2024-09-15 08:52:20
39765,Square,SUCCESS,00,1367,Desktop,Dallas,2024-09-15 09:12:12
39766,Square,SUCCESS,00,330,Desktop,Chicago,2024-09-15 09:33:22
39767,PayPal,SUCCESS,00,838,ATM,Los Angeles,2024-09-15 09:36:01
39768,PayPal,SUCCESS,00,1290,POS,Dallas,2024-09-15 10:04:05
39769,Stripe,SUCCESS,00,913,Mobile,New York,2024-09-15 10:21:39
39770,PayPal,SUCCESS,00,250,Mobile,New York,2024-09-15 10:53:04
39771,Stripe,SUCCESS,00,657,ATM,Chicago,2024-09-15 11:20:47
39772,Square,FAILED,12,1047,ATM,Los Angeles,2024-09-15 11:21:56
39773,AuthorizeNet,SUCCESS,00,1351,Desktop,Dallas,2024-09-15 12:33:49
39774,Square,SUCCESS,00,682,POS,Chicago,2024-09-15 12:56:00
39775,Stripe,SUCCESS,00,1290,POS,Chicago,2024-09-15 13:03:46
39776,Square,SUCCESS,00,974,ATM,Dallas,2024-09-15 13:55:13
39777,Stripe,SUCCESS,00,1373,Mobile,New York,2024-09-15 14:09:02
39778,AuthorizeNet,SUCCESS,00,1497,Desktop,Dallas,2024-09-15 14:33:55
39779,AuthorizeNet,SUCCESS,00,860,Mobile,Chicago,2024-09-15 17:30:40
39780,Square,SUCCESS,00,614,ATM,Chicago,2024-09-15 17:47:22
39781,AuthorizeNet,FAILED,05,388,Mobile,New York,2024-09-15 18:16:11
39782,Stripe,SUCCESS,00,170,ATM,Chicago,2024-09-15 18:36:24
39783,AuthorizeNet,SUCCESS,00,1057,Desktop,New York,2024-09-15 18:58:02
39784,AuthorizeNet,SUCCESS,00,817,Mobile,Chicago,2024-09-15 19:13:55
39785,AuthorizeNet,SUCCESS,00,654,Desktop,New York,2024-09-15 19:23:25
39786,Stripe,SUCCESS,00,374,ATM,Los Angeles,2024-09-15 20:40:36
39787,Stripe,SUCCESS,00,257,POS,Chicago,2024-09-15 20:57:02
39788,Stripe,SUCCESS,00,581,POS,Dallas,2024-09-15 21:08:15
39789,PayPal,SUCCESS,00,544,POS,Chicago,2024-09-15 21:10:05
39790,PayPal,SUCCESS,00,602,Desktop,New York,2024-09-15 21:34:30
39791,PayPal,SUCCESS,00,826,ATM,Los Angeles,2024-09-15 21:46:04
39792,Square,FAILED,12,105,POS,Dallas,2024-09-15 21:49:10
39793,PayPal,FAILED,05,903,Mobile,Los Angeles,2024-09-15 23:15:37
39794,PayPal,SUCCESS,00,185,POS,Los Angeles,2024-09-15 23:29:36
39795,AuthorizeNet,SUCCESS,00,157,POS,New York,2024-09-15 23:56:35
39796,AuthorizeNet,SUCCESS,00,667,Mobile,Dallas,2024-09-16 01:44:00
39797,Stripe,SUCCESS,00,1486,Mobile,New York,2024-09-16 02:12:31
39798,AuthorizeNet,SUCCESS,00,267,Desktop,New York,2024-09-16 03:09:17
39799,PayPal,SUCCESS,00,507,POS,Dallas,2024-09-16 03:10:49
39800,AuthorizeNet,SUCCESS,00,481,POS,Chicago,2024-09-16 03:40:43
39801,Square,SUCCESS,00,1364,Mobile,Los Angeles,2024-09-16 03:49:53
39802,AuthorizeNet,SUCCESS,00,536,Desktop,Dallas,2024-09-16 04:06:20
39803,Stripe,SUCCESS,00,1092,Desktop,New York,2024-09-16 05:06:51
39804,Square,SUCCESS,00,1276,ATM,New York,2024-09-16 07:21:33
39805,AuthorizeNet,SUCCESS,00,467,ATM,Los Angeles,2024-09-16 08:50:43
39806,Stripe,SUCCESS,00,1246,Desktop,Chicago,2024-09-16 09:19:56
39807,PayPal,SUCCESS,00,1192,Desktop,Los Angeles,2024-09-16 09:50:44
39808,Stripe,SUCCESS,00,1006,POS,Dallas,2024-09-16 10:37:37
39809,Square,SUCCESS,00,1076,Desktop,New York,2024-09-16 10:45:38
39810,PayPal,PENDING,99,680,POS,New York,2024-09-16 11:58:31
39811,PayPal,SUCCESS,00,226,POS,Los Angeles,2024-09-16 11:59:51
39812,AuthorizeNet,SUCCESS,00,750,Mobile,Chicago,2024-09-16 12:31:18
39813,AuthorizeNet,SUCCESS,00,987,Desktop,Los Angeles,2024-09-16 13:30:03
39814,AuthorizeNet,FAILED,12,297,POS,New York,2024-09-16 15:15:45
39815,PayPal,SUCCESS,00,127,ATM,Los Angeles,2024-09-16 15:20:43
39816,Square,FAILED,12,1413,Mobile,Chicago,2024-09-16 15:37:02
39817,Square,SUCCESS,00,792,Mobile,Chicago,2024-09-16 15:46:28
39818,PayPal,SUCCESS,00,585,ATM,Chicago,2024-09-16 16:57:28
39819,Square,SUCCESS,00,1088,ATM,New York,2024-09-16 17:38:28
39820,Square,SUCCESS,00,1028,POS,Los Angeles,2024-09-16 17:50:27
39821,Stripe,SUCCESS,00,532,ATM,Chicago,2024-09-16 18:10:25
39822,PayPal,SUCCESS,00,316,ATM,Los Angeles,2024-09-16 18:37:52
39823,Square,SUCCESS,00,356,Desktop,Los Angeles,2024-09-16 19:08:57
39824,Square,SUCCESS,00,1454,Desktop,Chicago,2024-09-16 20:09:10
39825,Stripe,SUCCESS,00,1039,POS,New York,2024-09-16 20:12:37
39826,Stripe,SUCCESS,00,1076,Desktop,Dallas,2024-09-16 20:15:50
39827,PayPal,SUCCESS,00,1016,Mobile,Los Angeles,2024-09-16 20:44:03
39828,Square,FAILED,12,468,POS,Chicago,2024-09-16 21:59:20
39829,Square,SUCCESS,00,522,ATM,Dallas,2024-09-16 22:13:40
39830,AuthorizeNet,SUCCESS,00,564,Mobile,New York,2024-09-16 23:05:10
39831,PayPal,SUCCESS,00,484,ATM,Dallas,2024-09-17 02:59:40
39832,Square,FAILED,12,1238,POS,Dallas,2024-09-17 03:11:06
39833,AuthorizeNet,SUCCESS,00,1117,Desktop,Dallas,2024-09-17 03:35:06
39834,Stripe,SUCCESS,00,249,POS,Los Angeles,2024-09-17 03:45:18
39835,Square,SUCCESS,00,1160,POS,Chicago,2024-09-17 04:49:52
39836,PayPal,SUCCESS,00,1442,Mobile,Los Angeles,2024-09-17 05:01:50
39837,PayPal,SUCCESS,00,929,ATM,Dallas,2024-09-17 05:57:59
39838,Square,SUCCESS,00,777,Desktop,Chicago,2024-09-17 06:40:37
39839,Stripe,SUCCESS,00,1031,Desktop,Chicago,2024-09-17 06:54:17
39840,AuthorizeNet,SUCCESS,00,154,Mobile,New York,2024-09-17 07:10:21
39841,PayPal,SUCCESS,00,695,Desktop,New York,2024-09-17 07:49:41
39842,AuthorizeNet,SUCCESS,00,306,ATM,Los Angeles,2024-09-17 08:30:56
39843,PayPal,SUCCESS,00,739,Mobile,Dallas,2024-09-17 09:16:52
39844,PayPal,SUCCESS,00,1124,POS,Chicago,2024-09-17 09:55:32
39845,AuthorizeNet,SUCCESS,00,499,Mobile,Dallas,2024-09-17 11:01:41
39846,Square,SUCCESS,00,723,Desktop,Dallas,2024-09-17 12:57:31
39847,AuthorizeNet,SUCCESS,00,1272,Desktop,Chicago,2024-09-17 14:32:47
39848,Stripe,FAILED,12,1250,Mobile,New York,2024-09-17 14:45:06
39849,Stripe,SUCCESS,00,1212,POS,Chicago,2024-09-17 16:05:59
39850,AuthorizeNet,SUCCESS,00,167,POS,Los Angeles,2024-09-17 16:11:06
39851,PayPal,SUCCESS,00,946,POS,Los Angeles,2024-09-17 16:20:41
39852,Stripe,SUCCESS,00,1239,Desktop,New York,2024-09-17 16:25:59
39853,AuthorizeNet,SUCCESS,00,190,POS,Dallas,2024-09-17 17:21:41
39854,AuthorizeNet,SUCCESS,00,459,ATM,Chicago,2024-09-17 19:04:49
39855,AuthorizeNet,FAILED,05,357,POS,Dallas,2024-09-17 20:03:23
39856,AuthorizeNet,SUCCESS,00,281,POS,Chicago,2024-09-17 20:18:48
39857,PayPal,SUCCESS,00,783,Mobile,Dallas,2024-09-17 21:57:16
39858,Stripe,SUCCESS,00,470,ATM,New York,2024-09-17 22:52:39
39859,Stripe,SUCCESS,00,953,Mobile,Dallas,2024-09-17 23:02:11
39860,Stripe,SUCCESS,00,1351,Desktop,Dallas,2024-09-18 01:35:38
39861,Square,SUCCESS,00,118,Desktop,Los Angeles,2024-09-18 02:00:01
39862,Square,SUCCESS,00,1206,POS,Los Angeles,2024-09-18 02:04:32
39863,AuthorizeNet,SUCCESS,00,926,Desktop,Los Angeles,2024-09-18 02:07:12
39864,PayPal,SUCCESS,00,729,Mobile,Chicago,2024-09-18 02:50:21
39865,Stripe,SUCCESS,00,209,ATM,Chicago,2024-09-18 03:06:43
39866,AuthorizeNet,SUCCESS,00,432,Mobile,Los Angeles,2024-09-18 03:09:46
39867,Stripe,PENDING,99,1496,Desktop,New York,2024-09-18 03:58:17
39868,Square,SUCCESS,00,483,ATM,New York,2024-09-18 04:18:29
39869,AuthorizeNet,SUCCESS,00,1090,ATM,Dallas,2024-09-18 04:28:28
39870,AuthorizeNet,SUCCESS,00,460,Mobile,Los Angeles,2024-09-18 04:39:07
39871,Square,SUCCESS,00,1292,ATM,Dallas,2024-09-18 04:43:12
39872,Stripe,PENDING,99,1126,Mobile,Chicago,2024-09-18 05:21:19
39873,Stripe,SUCCESS,00,484,Mobile,Dallas,2024-09-18 07:04:24
39874,AuthorizeNet,SUCCESS,00,1488,POS,Dallas,2024-09-18 07:16:27
39875,Square,SUCCESS,00,1307,ATM,New York,2024-09-18 07:19:11
39876,AuthorizeNet,SUCCESS,00,1204,ATM,Dallas,2024-09-18 08:08:55
39877,Square,SUCCESS,00,371,Mobile,Chicago,2024-09-18 08:15:26
39878,Stripe,SUCCESS,00,1164,POS,New York,2024-09-18 08:54:31
39879,AuthorizeNet,SUCCESS,00,384,ATM,Los Angeles,2024-09-18 09:11:10
39880,PayPal,SUCCESS,00,536,Desktop,Dallas,2024-09-18 09:22:19
39881,PayPal,SUCCESS,00,145,ATM,Dallas,2024-09-18 10:32:17
39882,Square,FAILED,12,575,Mobile,Los Angeles,2024-09-18 10:58:26
39883,PayPal,SUCCESS,00,419,Mobile,New York,2024-09-18 11:21:41
39884,Square,SUCCESS,00,1493,ATM,New York,2024-09-18 12:31:30
39885,PayPal,SUCCESS,00,1432,Mobile,Chicago,2024-09-18 12:53:13
39886,AuthorizeNet,SUCCESS,00,1337,POS,New York,2024-09-18 13:38:57
39887,Square,FAILED,05,729,POS,Los Angeles,2024-09-18 14:09:40
39888,Stripe,SUCCESS,00,720,Desktop,New York,2024-09-18 15:17:08
39889,Square,SUCCESS,00,413,Desktop,Dallas,2024-09-18 15:17:17
39890,AuthorizeNet,SUCCESS,00,490,POS,New York,2024-09-18 16:47:27
39891,AuthorizeNet,SUCCESS,00,824,Desktop,New York,2024-09-18 17:36:32
39892,Square,SUCCESS,00,638,ATM,Dallas,2024-09-18 18:49:43
39893,Stripe,SUCCESS,00,768,Mobile,New York,2024-09-18 18:52:59
39894,AuthorizeNet,SUCCESS,00,259,ATM,New York,2024-09-18 19:42:50
39895,AuthorizeNet,SUCCESS,00,830,POS,Los Angeles,2024-09-18 21:04:45
39896,AuthorizeNet,SUCCESS,00,1010,Desktop,Chicago,2024-09-18 21:24:42
39897,AuthorizeNet,SUCCESS,00,591,POS,Dallas,2024-09-18 22:03:57
39898,Square,SUCCESS,00,1284,POS,New York,2024-09-18 22:20:28
39899,Square,SUCCESS,00,1344,POS,Los Angeles,2024-09-19 00:04:29
39900,PayPal,SUCCESS,00,1271,Desktop,Dallas,2024-09-19 00:05:30
39901,AuthorizeNet,SUCCESS,00,535,ATM,Los Angeles,2024-09-19 00:36:52
39902,PayPal,SUCCESS,00,603,ATM,Los Angeles,2024-09-19 01:04:29
39903,Stripe,SUCCESS,00,524,POS,Dallas,2024-09-19 01:59:11
39904,Stripe,SUCCESS,00,152,ATM,New York,2024-09-19 03:43:31
39905,Square,SUCCESS,00,529,Desktop,Chicago,2024-09-19 04:09:57
39906,Stripe,SUCCESS,00,874,Desktop,Chicago,2024-09-19 04:43:44
39907,Stripe,SUCCESS,00,779,Mobile,Dallas,2024-09-19 05:02:21
39908,Stripe,SUCCESS,00,845,Mobile,New York,2024-09-19 05:07:00
39909,AuthorizeNet,SUCCESS,00,156,Desktop,Los Angeles,2024-09-19 05:53:57
39910,Stripe,SUCCESS,00,802,Mobile,Los Angeles,2024-09-19 07:09:19
39911,Stripe,SUCCESS,00,982,ATM,Chicago,2024-09-19 07:37:55
39912,Square,SUCCESS,00,689,Desktop,New York,2024-09-19 08:05:02
39913,AuthorizeNet,SUCCESS,00,1255,Mobile,Chicago,2024-09-19 08:06:44
39914,Stripe,SUCCESS,00,525,POS,Dallas,2024-09-19 08:24:57
39915,AuthorizeNet,SUCCESS,00,252,Desktop,Chicago,2024-09-19 08:40:41
39916,Stripe,SUCCESS,00,115,ATM,Chicago,2024-09-19 09:39:38
39917,AuthorizeNet,SUCCESS,00,682,ATM,Chicago,2024-09-19 10:04:26
39918,Stripe,SUCCESS,00,494,Mobile,New York,2024-09-19 10:05:04
39919,Square,SUCCESS,00,1208,POS,Los Angeles,2024-09-19 10:41:14
39920,Square,SUCCESS,00,910,POS,New York,2024-09-19 13:45:12
39921,Stripe,SUCCESS,00,1306,Desktop,Chicago,2024-09-19 14:06:57
39922,Square,SUCCESS,00,623,Desktop,New York,2024-09-19 14:22:41
39923,PayPal,SUCCESS,00,175,Desktop,Chicago,2024-09-19 14:26:29
39924,AuthorizeNet,SUCCESS,00,1295,ATM,Chicago,2024-09-19 14:37:27
39925,Square,SUCCESS,00,483,Desktop,Los Angeles,2024-09-19 15:38:33
39926,Square,SUCCESS,00,637,ATM,New York,2024-09-19 16:02:28
39927,Square,SUCCESS,00,969,Mobile,New York,2024-09-19 16:06:31
39928,Square,SUCCESS,00,741,Mobile,Dallas,2024-09-19 16:22:49
39929,PayPal,SUCCESS,00,1279,Desktop,Los Angeles,2024-09-19 16:24:31
39930,Square,SUCCESS,00,1153,POS,Los Angeles,2024-09-19 19:15:41
39931,PayPal,SUCCESS,00,562,POS,New York,2024-09-19 19:18:24
39932,PayPal,SUCCESS,00,517,Mobile,Chicago,2024-09-19 20:26:58
39933,Square,SUCCESS,00,1060,ATM,Chicago,2024-09-19 21:16:38
39934,PayPal,SUCCESS,00,376,Mobile,Dallas,2024-09-19 22:20:48
39935,Square,SUCCESS,00,841,POS,Dallas,2024-09-19 22:41:38
39936,Stripe,SUCCESS,00,1212,Mobile,Los Angeles,2024-09-19 23:34:59
39937,Square,SUCCESS,00,115,ATM,Chicago,2024-09-19 23:43:52
39938,Stripe,SUCCESS,00,399,ATM,Chicago,2024-09-20 00:10:48
39939,PayPal,SUCCESS,00,773,POS,New York,2024-09-20 00:56:56
39940,Square,SUCCESS,00,990,Mobile,Chicago,2024-09-20 01:01:43
39941,Square,SUCCESS,00,505,ATM,Los Angeles,2024-09-20 01:12:37
39942,PayPal,SUCCESS,00,571,ATM,Chicago,2024-09-20 01:25:18
39943,Stripe,SUCCESS,00,1195,Mobile,Dallas,2024-09-20 02:48:32
39944,PayPal,SUCCESS,00,592,Mobile,Dallas,2024-09-20 03:01:15
39945,AuthorizeNet,SUCCESS,00,408,POS,Los Angeles,2024-09-20 03:58:02
39946,PayPal,SUCCESS,00,636,POS,Los Angeles,2024-09-20 04:03:53
39947,Square,SUCCESS,00,1369,POS,Chicago,2024-09-20 06:39:55
39948,AuthorizeNet,SUCCESS,00,1034,Mobile,Los Angeles,2024-09-20 08:03:21
39949,AuthorizeNet,SUCCESS,00,502,Mobile,Dallas,2024-09-20 08:11:23
39950,AuthorizeNet,SUCCESS,00,1437,ATM,Dallas,2024-09-20 08:17:00
39951,Square,SUCCESS,00,1459,ATM,Dallas,2024-09-20 08:35:25
39952,PayPal,SUCCESS,00,1034,ATM,Los Angeles,2024-09-20 08:41:48
39953,Stripe,SUCCESS,00,774,Mobile,Chicago,2024-09-20 09:35:25
39954,AuthorizeNet,SUCCESS,00,499,ATM,New York,2024-09-20 09:46:14
39955,AuthorizeNet,SUCCESS,00,101,ATM,Chicago,2024-09-20 10:57:09
39956,PayPal,SUCCESS,00,204,ATM,New York,2024-09-20 11:40:14
39957,Stripe,SUCCESS,00,1388,Mobile,Dallas,2024-09-20 11:48:03
39958,Stripe,SUCCESS,00,188,POS,Chicago,2024-09-20 11:50:42
39959,Stripe,SUCCESS,00,339,Mobile,Chicago,2024-09-20 12:34:46
39960,AuthorizeNet,FAILED,12,672,ATM,Dallas,2024-09-20 12:50:18
39961,PayPal,SUCCESS,00,482,Desktop,Dallas,2024-09-20 12:51:35
39962,Stripe,SUCCESS,00,225,POS,Los Angeles,2024-09-20 12:59:46
39963,Square,SUCCESS,00,330,POS,Dallas,2024-09-20 14:20:22
39964,PayPal,SUCCESS,00,1148,Mobile,New York,2024-09-20 14:21:23
39965,AuthorizeNet,SUCCESS,00,226,POS,New York,2024-09-20 16:59:30
39966,Stripe,SUCCESS,00,1172,Mobile,Los Angeles,2024-09-20 17:16:17
39967,Stripe,SUCCESS,00,1039,ATM,Chicago,2024-09-20 17:46:33
39968,AuthorizeNet,SUCCESS,00,1211,Mobile,Dallas,2024-09-20 17:47:43
39969,PayPal,SUCCESS,00,453,Mobile,Dallas,2024-09-20 18:28:25
39970,Square,SUCCESS,00,289,ATM,Dallas,2024-09-20 20:40:48
39971,AuthorizeNet,SUCCESS,00,919,Mobile,Los Angeles,2024-09-20 20:53:54
39972,Stripe,SUCCESS,00,1340,ATM,Dallas,2024-09-20 21:25:16
39973,PayPal,SUCCESS,00,735,POS,Los Angeles,2024-09-20 22:53:25
39974,Stripe,SUCCESS,00,1435,POS,Los Angeles,2024-09-20 23:17:04
39975,Stripe,SUCCESS,00,836,Mobile,Los Angeles,2024-09-20 23:17:39
39976,AuthorizeNet,SUCCESS,00,681,ATM,Los Angeles,2024-09-20 23:56:08
39977,PayPal,SUCCESS,00,497,Mobile,Dallas,2024-09-21 01:44:50
39978,Square,SUCCESS,00,255,Mobile,Chicago,2024-09-21 02:55:18
39979,AuthorizeNet,SUCCESS,00,558,Desktop,Los Angeles,2024-09-21 03:23:45
39980,PayPal,SUCCESS,00,190,ATM,New York,2024-09-21 03:27:48
39981,PayPal,SUCCESS,00,1187,Mobile,Chicago,2024-09-21 04:07:45
39982,PayPal,FAILED,12,777,ATM,Los Angeles,2024-09-21 04:38:24
39983,AuthorizeNet,SUCCESS,00,577,Mobile,Dallas,2024-09-21 04:47:15
39984,AuthorizeNet,FAILED,12,277,Mobile,Chicago,2024-09-21 05:54:54
39985,AuthorizeNet,SUCCESS,00,821,Desktop,Los Angeles,2024-09-21 06:25:36
39986,Square,SUCCESS,00,1018,ATM,Chicago,2024-09-21 06:31:41
39987,PayPal,SUCCESS,00,844,ATM,Los Angeles,2024-09-21 06:37:30
39988,PayPal,SUCCESS,00,636,ATM,Los Angeles,2024-09-21 06:49:08
39989,PayPal,PENDING,99,1028,ATM,New York,2024-09-21 07:16:23
39990,Stripe,SUCCESS,00,1137,Desktop,Chicago,2024-09-21 07:33:20
39991,Square,PENDING,99,887,ATM,Chicago,2024-09-21 07:56:59
39992,Stripe,SUCCESS,00,517,Desktop,Los Angeles,2024-09-21 09:25:30
39993,Square,SUCCESS,00,417,ATM,New York,2024-09-21 09:34:35
39994,Square,SUCCESS,00,144,Desktop,Chicago,2024-09-21 10:48:01
39995,PayPal,SUCCESS,00,1433,ATM,Los Angeles,2024-09-21 11:08:16
39996,Stripe,FAILED,12,1156,Mobile,Dallas,2024-09-21 11:15:37
39997,PayPal,SUCCESS,00,1476,POS,New York,2024-09-21 11:29:55
39998,Stripe,SUCCESS,00,295,POS,Los Angeles,2024-09-21 13:16:51
39999,Stripe,SUCCESS,00,1131,ATM,Los Angeles,2024-09-21 14:11:11
40000,Stripe,SUCCESS,00,202,Mobile,Chicago,2024-09-21 15:52:38
40001,AuthorizeNet,SUCCESS,00,982,ATM,Chicago,2024-09-21 15:54:59
40002,Stripe,SUCCESS,00,968,Desktop,Los Angeles,2024-09-21 17:12:34
40003,Stripe,SUCCESS,00,457,Mobile,Chicago,2024-09-21 17:47:35
40004,Square,SUCCESS,00,397,ATM,Los Angeles,2024-09-21 19:07:57
40005,Square,SUCCESS,00,1128,Desktop,New York,2024-09-21 19:11:20
40006,PayPal,SUCCESS,00,145,Mobile,Chicago,2024-09-21 19:37:47
40007,Stripe,SUCCESS,00,490,Mobile,Chicago,2024-09-21 19:45:38
40008,PayPal,FAILED,12,1499,Mobile,Chicago,2024-09-21 20:14:22
40009,Stripe,SUCCESS,00,613,Desktop,New York,2024-09-21 20:26:07
40010,AuthorizeNet,SUCCESS,00,229,POS,New York,2024-09-21 21:19:14
40011,AuthorizeNet,SUCCESS,00,511,POS,Dallas,2024-09-21 21:39:47
40012,PayPal,SUCCESS,00,1087,Mobile,Los Angeles,2024-09-21 21:40:50
40013,Square,SUCCESS,00,1180,ATM,Los Angeles,2024-09-21 21:55:43
40014,Square,SUCCESS,00,1032,ATM,Dallas,2024-09-21 23:15:43
40015,Stripe,SUCCESS,00,444,POS,Dallas,2024-09-22 00:04:37
40016,PayPal,SUCCESS,00,1277,POS,Chicago,2024-09-22 00:20:46
40017,PayPal,SUCCESS,00,268,POS,Los Angeles,2024-09-22 01:20:47
40018,PayPal,SUCCESS,00,862,Mobile,Los Angeles,2024-09-22 01:52:32
40019,Square,PENDING,99,1200,POS,Los Angeles,2024-09-22 03:10:27
40020,PayPal,FAILED,12,1003,Mobile,Dallas,2024-09-22 03:50:53
40021,PayPal,SUCCESS,00,623,ATM,Chicago,2024-09-22 04:34:34
40022,Stripe,SUCCESS,00,217,Desktop,Chicago,2024-09-22 04:57:10
40023,AuthorizeNet,SUCCESS,00,122,ATM,Chicago,2024-09-22 05:13:22
40024,AuthorizeNet,SUCCESS,00,423,Mobile,Dallas,2024-09-22 06:12:51
40025,AuthorizeNet,SUCCESS,00,687,Mobile,Los Angeles,2024-09-22 06:46:29
40026,AuthorizeNet,SUCCESS,00,561,Desktop,Los Angeles,2024-09-22 07:18:50
40027,Stripe,SUCCESS,00,1325,ATM,New York,2024-09-22 07:28:59
40028,Stripe,SUCCESS,00,427,Desktop,Dallas,2024-09-22 07:37:57
40029,AuthorizeNet,SUCCESS,00,948,POS,New York,2024-09-22 08:25:54
40030,PayPal,SUCCESS,00,787,ATM,Dallas,2024-09-22 09:24:55
40031,PayPal,SUCCESS,00,1223,POS,Los Angeles,2024-09-22 09:45:00
40032,Stripe,SUCCESS,00,989,Mobile,Chicago,2024-09-22 10:13:32
40033,Square,SUCCESS,00,1355,ATM,Los Angeles,2024-09-22 10:45:07
40034,PayPal,SUCCESS,00,1275,Mobile,New York,2024-09-22 11:10:05
40035,Square,SUCCESS,00,649,ATM,Dallas,2024-09-22 12:34:58
40036,PayPal,FAILED,12,946,POS,Los Angeles,2024-09-22 13:27:55
40037,Square,SUCCESS,00,1136,POS,Dallas,2024-09-22 13:39:59
40038,Stripe,SUCCESS,00,1372,Desktop,New York,2024-09-22 14:03:25
40039,Square,SUCCESS,00,263,Desktop,Dallas,2024-09-22 16:05:33
40040,Square,PENDING,99,172,Desktop,Los Angeles,2024-09-22 16:30:57
40041,AuthorizeNet,SUCCESS,00,337,ATM,New York,2024-09-22 16:34:48
40042,AuthorizeNet,SUCCESS,00,1104,Desktop,Dallas,2024-09-22 17:18:28
40043,Stripe,SUCCESS,00,1457,Mobile,Los Angeles,2024-09-22 17:57:34
40044,AuthorizeNet,SUCCESS,00,911,Mobile,New York,2024-09-22 18:15:08
40045,Square,PENDING,99,1412,Mobile,New York,2024-09-22 20:06:53
40046,Square,SUCCESS,00,967,Desktop,Dallas,2024-09-22 20:38:39
40047,AuthorizeNet,SUCCESS,00,767,POS,Dallas,2024-09-22 21:24:30
40048,Square,SUCCESS,00,286,Mobile,New York,2024-09-22 21:26:36
40049,AuthorizeNet,SUCCESS,00,431,POS,Chicago,2024-09-22 23:04:32
40050,Stripe,SUCCESS,00,799,POS,Dallas,2024-09-23 00:22:35
40051,AuthorizeNet,SUCCESS,00,908,Desktop,Los Angeles,2024-09-23 01:40:23
40052,AuthorizeNet,SUCCESS,00,1306,Mobile,New York,2024-09-23 02:18:26
40053,Stripe,SUCCESS,00,654,POS,Dallas,2024-09-23 02:47:23
40054,Square,SUCCESS,00,1317,Mobile,Dallas,2024-09-23 02:53:09
40055,Square,SUCCESS,00,482,Mobile,Los Angeles,2024-09-23 03:00:10
40056,Stripe,FAILED,12,1063,Mobile,New York,2024-09-23 03:05:03
40057,AuthorizeNet,SUCCESS,00,1240,Mobile,Chicago,2024-09-23 03:36:45
40058,PayPal,SUCCESS,00,1347,Mobile,New York,2024-09-23 03:40:17
40059,AuthorizeNet,SUCCESS,00,1422,Desktop,Chicago,2024-09-23 03:42:19
40060,Stripe,SUCCESS,00,1384,Mobile,New York,2024-09-23 04:02:04
40061,Stripe,SUCCESS,00,289,POS,Los Angeles,2024-09-23 04:06:52
40062,AuthorizeNet,SUCCESS,00,1235,ATM,Dallas,2024-09-23 04:08:52
40063,Stripe,SUCCESS,00,1419,ATM,Dallas,2024-09-23 06:20:32
40064,Stripe,FAILED,12,1279,POS,Chicago,2024-09-23 06:54:37
40065,PayPal,PENDING,99,1253,Mobile,New York,2024-09-23 07:01:28
40066,Square,SUCCESS,00,888,Desktop,Dallas,2024-09-23 07:01:38
40067,AuthorizeNet,SUCCESS,00,1079,POS,Dallas,2024-09-23 07:58:30
40068,Stripe,SUCCESS,00,190,POS,New York,2024-09-23 08:00:30
40069,Square,SUCCESS,00,279,ATM,Chicago,2024-09-23 08:09:47
40070,Square,SUCCESS,00,1208,Mobile,New York,2024-09-23 09:14:54
40071,PayPal,SUCCESS,00,375,ATM,New York,2024-09-23 11:07:59
40072,Square,SUCCESS,00,835,Mobile,Chicago,2024-09-23 11:25:52
40073,AuthorizeNet,SUCCESS,00,364,Mobile,Los Angeles,2024-09-23 12:18:50
40074,Square,SUCCESS,00,1377,Mobile,Los Angeles,2024-09-23 13:48:45
40075,AuthorizeNet,SUCCESS,00,1324,POS,Los Angeles,2024-09-23 14:38:04
40076,PayPal,PENDING,99,217,ATM,Los Angeles,2024-09-23 15:54:52
40077,Square,SUCCESS,00,1138,POS,Dallas,2024-09-23 16:30:54
40078,Stripe,SUCCESS,00,350,POS,New York,2024-09-23 16:40:47
40079,Square,SUCCESS,00,1063,Mobile,Los Angeles,2024-09-23 17:09:01
40080,AuthorizeNet,SUCCESS,00,578,Desktop,New York,2024-09-23 17:34:08
40081,AuthorizeNet,FAILED,05,1275,Mobile,Dallas,2024-09-23 17:54:15
40082,Stripe,SUCCESS,00,332,Mobile,Los Angeles,2024-09-23 18:00:04
40083,Square,FAILED,05,1217,Desktop,Dallas,2024-09-23 20:01:00
40084,PayPal,PENDING,99,378,ATM,Los Angeles,2024-09-23 20:31:07
40085,PayPal,SUCCESS,00,114,Desktop,Dallas,2024-09-23 21:43:50
40086,PayPal,SUCCESS,00,811,Mobile,New York,2024-09-23 22:11:14
40087,Square,SUCCESS,00,1129,POS,Dallas,2024-09-23 22:34:06
40088,Square,SUCCESS,00,942,POS,Chicago,2024-09-23 22:53:45
40089,PayPal,SUCCESS,00,938,ATM,Dallas,2024-09-23 23:11:03
40090,Stripe,SUCCESS,00,990,Mobile,Los Angeles,2024-09-23 23:18:11
40091,Stripe,FAILED,05,496,Desktop,Chicago,2024-09-23 23:27:09
40092,Square,SUCCESS,00,979,Mobile,Chicago,2024-09-24 00:37:34
40093,PayPal,SUCCESS,00,1038,ATM,Chicago,2024-09-24 01:14:21
40094,Stripe,SUCCESS,00,1478,Desktop,Chicago,2024-09-24 01:44:37
40095,PayPal,SUCCESS,00,1203,ATM,New York,2024-09-24 02:16:26
40096,PayPal,SUCCESS,00,416,POS,New York,2024-09-24 02:31:30
40097,Stripe,SUCCESS,00,457,Mobile,Chicago,2024-09-24 02:45:24
40098,Square,SUCCESS,00,1056,Desktop,Los Angeles,2024-09-24 03:00:48
40099,Square,SUCCESS,00,920,Desktop,Dallas,2024-09-24 03:03:10
40100,Stripe,SUCCESS,00,665,Desktop,Los Angeles,2024-09-24 03:09:17
40101,Square,SUCCESS,00,697,POS,New York,2024-09-24 03:34:02
40102,AuthorizeNet,SUCCESS,00,955,ATM,New York,2024-09-24 03:37:31
40103,Square,SUCCESS,00,820,POS,New York,2024-09-24 04:09:27
40104,Square,SUCCESS,00,1254,POS,Dallas,2024-09-24 05:30:10
40105,PayPal,SUCCESS,00,352,Desktop,New York,2024-09-24 06:06:21
40106,Square,PENDING,99,1108,Desktop,Chicago,2024-09-24 06:22:35
40107,AuthorizeNet,SUCCESS,00,978,ATM,New York,2024-09-24 07:17:12
40108,AuthorizeNet,SUCCESS,00,744,Mobile,Los Angeles,2024-09-24 07:30:31
40109,PayPal,FAILED,05,271,Mobile,New York,2024-09-24 08:32:45
40110,PayPal,SUCCESS,00,582,Desktop,Chicago,2024-09-24 09:31:53
40111,Square,SUCCESS,00,792,ATM,New York,2024-09-24 09:59:38
40112,PayPal,SUCCESS,00,1091,POS,Chicago,2024-09-24 10:40:33
40113,PayPal,SUCCESS,00,813,Mobile,New York,2024-09-24 10:57:26
40114,Stripe,SUCCESS,00,789,ATM,Dallas,2024-09-24 11:30:22
40115,AuthorizeNet,PENDING,99,819,ATM,New York,2024-09-24 11:30:57
40116,AuthorizeNet,SUCCESS,00,604,ATM,New York,2024-09-24 12:06:15
40117,PayPal,SUCCESS,00,1073,POS,Dallas,2024-09-24 12:51:45
40118,AuthorizeNet,SUCCESS,00,1025,Desktop,Chicago,2024-09-24 13:41:48
40119,Stripe,SUCCESS,00,126,Mobile,New York,2024-09-24 13:46:46
40120,PayPal,SUCCESS,00,1456,Mobile,Los Angeles,2024-09-24 14:42:11
40121,AuthorizeNet,SUCCESS,00,1219,Desktop,Chicago,2024-09-24 15:04:05
40122,Square,SUCCESS,00,432,ATM,New York,2024-09-24 15:51:42
40123,PayPal,SUCCESS,00,455,POS,Dallas,2024-09-24 16:14:19
40124,Square,SUCCESS,00,823,Desktop,New York,2024-09-24 18:06:30
40125,PayPal,SUCCESS,00,931,POS,Dallas,2024-09-24 19:45:13
40126,PayPal,SUCCESS,00,856,Mobile,New York,2024-09-24 22:03:06
40127,PayPal,SUCCESS,00,1472,ATM,Los Angeles,2024-09-24 22:16:49
40128,AuthorizeNet,SUCCESS,00,203,ATM,Los Angeles,2024-09-24 22:21:55
40129,PayPal,SUCCESS,00,547,Mobile,Dallas,2024-09-24 22:31:18
40130,Stripe,SUCCESS,00,741,POS,Dallas,2024-09-24 22:50:49
40131,PayPal,PENDING,99,957,Mobile,Chicago,2024-09-25 01:06:27
40132,Square,SUCCESS,00,1129,Mobile,Dallas,2024-09-25 01:26:11
40133,Stripe,SUCCESS,00,451,ATM,Dallas,2024-09-25 01:36:58
40134,Stripe,SUCCESS,00,583,Desktop,Dallas,2024-09-25 02:03:00
40135,AuthorizeNet,SUCCESS,00,140,ATM,Los Angeles,2024-09-25 02:27:10
40136,AuthorizeNet,SUCCESS,00,524,Mobile,Los Angeles,2024-09-25 03:07:02
40137,AuthorizeNet,SUCCESS,00,1420,ATM,Chicago,2024-09-25 04:24:29
40138,Square,SUCCESS,00,1474,ATM,Dallas,2024-09-25 05:22:27
40139,Stripe,SUCCESS,00,1043,Desktop,Dallas,2024-09-25 05:33:53
40140,AuthorizeNet,SUCCESS,00,1328,ATM,Dallas,2024-09-25 05:42:51
40141,Square,SUCCESS,00,132,Desktop,Chicago,2024-09-25 07:02:16
40142,Stripe,SUCCESS,00,332,Mobile,New York,2024-09-25 07:16:03
40143,PayPal,SUCCESS,00,724,Mobile,Chicago,2024-09-25 07:20:02
40144,Stripe,SUCCESS,00,490,Mobile,Dallas,2024-09-25 07:23:36
40145,Stripe,FAILED,05,947,ATM,Los Angeles,2024-09-25 09:32:56
40146,AuthorizeNet,SUCCESS,00,662,Mobile,Dallas,2024-09-25 09:42:53
40147,Square,SUCCESS,00,1332,Desktop,Dallas,2024-09-25 09:46:17
40148,Stripe,SUCCESS,00,610,Mobile,Los Angeles,2024-09-25 10:06:22
40149,AuthorizeNet,SUCCESS,00,602,POS,Chicago,2024-09-25 13:21:04
40150,PayPal,SUCCESS,00,106,Mobile,Dallas,2024-09-25 15:53:46
40151,Square,FAILED,05,332,POS,Dallas,2024-09-25 16:32:02
40152,Stripe,SUCCESS,00,160,Desktop,Chicago,2024-09-25 16:41:48
40153,Square,SUCCESS,00,1023,POS,Los Angeles,2024-09-25 17:15:49
40154,PayPal,SUCCESS,00,533,POS,Dallas,2024-09-25 17:16:35
40155,PayPal,SUCCESS,00,952,Desktop,Dallas,2024-09-25 17:24:42
40156,PayPal,SUCCESS,00,905,Mobile,Chicago,2024-09-25 17:58:02
40157,Square,SUCCESS,00,1386,Desktop,New York,2024-09-25 19:36:22
40158,PayPal,SUCCESS,00,1048,POS,Dallas,2024-09-25 19:54:53
40159,AuthorizeNet,SUCCESS,00,725,POS,Los Angeles,2024-09-25 20:45:11
40160,AuthorizeNet,PENDING,99,1011,Mobile,Chicago,2024-09-25 23:21:01
40161,Square,SUCCESS,00,215,Desktop,Los Angeles,2024-09-25 23:21:54
40162,PayPal,FAILED,12,1257,POS,Los Angeles,2024-09-25 23:36:01
40163,Stripe,SUCCESS,00,565,ATM,Dallas,2024-09-26 01:38:39
40164,Stripe,SUCCESS,00,1161,Desktop,Dallas,2024-09-26 01:48:53
40165,Stripe,SUCCESS,00,439,Mobile,Los Angeles,2024-09-26 02:19:15
40166,Square,FAILED,12,1386,Desktop,Los Angeles,2024-09-26 03:22:02
40167,AuthorizeNet,SUCCESS,00,451,Desktop,New York,2024-09-26 03:29:03
40168,Stripe,SUCCESS,00,964,Desktop,Chicago,2024-09-26 04:02:41
40169,PayPal,FAILED,05,1397,POS,Chicago,2024-09-26 04:11:30
40170,AuthorizeNet,SUCCESS,00,1227,Desktop,Los Angeles,2024-09-26 04:19:33
40171,Stripe,SUCCESS,00,700,ATM,Dallas,2024-09-26 05:06:46
40172,Square,SUCCESS,00,733,ATM,Dallas,2024-09-26 05:44:32
40173,PayPal,SUCCESS,00,922,POS,Los Angeles,2024-09-26 06:12:29
40174,Square,FAILED,12,1092,Mobile,Los Angeles,2024-09-26 06:34:38
40175,Stripe,SUCCESS,00,725,Desktop,Los Angeles,2024-09-26 08:01:05
40176,Stripe,SUCCESS,00,370,Desktop,Chicago,2024-09-26 08:05:42
40177,PayPal,SUCCESS,00,798,POS,Chicago,2024-09-26 08:46:30
40178,AuthorizeNet,SUCCESS,00,994,Desktop,Dallas,2024-09-26 09:08:15
40179,Square,SUCCESS,00,1245,POS,New York,2024-09-26 10:16:53
40180,Square,SUCCESS,00,1359,POS,Chicago,2024-09-26 12:57:16
40181,Stripe,SUCCESS,00,112,Mobile,New York,2024-09-26 13:24:40
40182,AuthorizeNet,SUCCESS,00,758,Desktop,Los Angeles,2024-09-26 13:33:52
40183,AuthorizeNet,SUCCESS,00,1079,Mobile,Chicago,2024-09-26 13:42:11
40184,Square,SUCCESS,00,406,Desktop,New York,2024-09-26 15:08:39
40185,PayPal,SUCCESS,00,292,POS,Dallas,2024-09-26 15:38:00
40186,AuthorizeNet,SUCCESS,00,589,POS,New York,2024-09-26 16:28:15
40187,Square,SUCCESS,00,1045,POS,Chicago,2024-09-26 16:35:42
40188,PayPal,SUCCESS,00,549,ATM,Los Angeles,2024-09-26 16:37:04
40189,Square,SUCCESS,00,1494,POS,Los Angeles,2024-09-26 16:42:04
40190,Stripe,SUCCESS,00,1415,Mobile,Chicago,2024-09-26 16:55:09
40191,Square,SUCCESS,00,1350,Mobile,Los Angeles,2024-09-26 17:45:51
40192,Square,SUCCESS,00,1251,ATM,Dallas,2024-09-26 18:24:34
40193,Stripe,SUCCESS,00,1033,ATM,Chicago,2024-09-26 19:30:36
40194,AuthorizeNet,SUCCESS,00,983,Mobile,Los Angeles,2024-09-26 20:33:06
40195,PayPal,SUCCESS,00,950,POS,Chicago,2024-09-26 20:41:44
40196,Square,SUCCESS,00,460,POS,Chicago,2024-09-26 20:52:36
40197,Stripe,SUCCESS,00,1309,Mobile,Los Angeles,2024-09-27 00:09:30
40198,Square,SUCCESS,00,741,Mobile,Chicago,2024-09-27 00:17:53
40199,PayPal,SUCCESS,00,807,Mobile,New York,2024-09-27 01:27:41
40200,Stripe,FAILED,12,1391,ATM,Los Angeles,2024-09-27 01:46:19
40201,PayPal,SUCCESS,00,1248,POS,Los Angeles,2024-09-27 02:52:44
40202,AuthorizeNet,SUCCESS,00,1441,Mobile,Los Angeles,2024-09-27 02:53:04
40203,Stripe,SUCCESS,00,167,ATM,Los Angeles,2024-09-27 03:03:04
40204,Stripe,SUCCESS,00,162,Desktop,Chicago,2024-09-27 04:04:36
40205,Stripe,FAILED,05,1097,Mobile,Chicago,2024-09-27 04:49:56
40206,Square,SUCCESS,00,612,Mobile,Dallas,2024-09-27 05:56:10
40207,AuthorizeNet,SUCCESS,00,501,POS,Los Angeles,2024-09-27 07:41:48
40208,AuthorizeNet,SUCCESS,00,963,Mobile,New York,2024-09-27 08:00:35
40209,PayPal,SUCCESS,00,671,Desktop,Dallas,2024-09-27 08:15:07
40210,AuthorizeNet,SUCCESS,00,127,Mobile,Chicago,2024-09-27 09:17:18
40211,PayPal,SUCCESS,00,746,POS,New York,2024-09-27 09:19:52
40212,AuthorizeNet,SUCCESS,00,1319,Mobile,Los Angeles,2024-09-27 09:34:55
40213,Stripe,SUCCESS,00,661,POS,New York,2024-09-27 09:49:31
40214,PayPal,SUCCESS,00,550,Desktop,Dallas,2024-09-27 10:05:03
40215,Stripe,SUCCESS,00,176,ATM,Dallas,2024-09-27 10:42:12
40216,Stripe,FAILED,12,913,ATM,Chicago,2024-09-27 10:45:31
40217,Square,SUCCESS,00,1016,Mobile,Chicago,2024-09-27 11:39:21
40218,Square,SUCCESS,00,568,ATM,New York,2024-09-27 12:23:16
40219,Stripe,SUCCESS,00,665,Mobile,New York,2024-09-27 12:44:07
40220,PayPal,SUCCESS,00,1316,POS,New York,2024-09-27 12:57:04
40221,Stripe,SUCCESS,00,1354,ATM,Chicago,2024-09-27 13:15:21
40222,Stripe,SUCCESS,00,274,POS,Dallas,2024-09-27 13:16:43
40223,PayPal,SUCCESS,00,507,Desktop,Los Angeles,2024-09-27 13:28:31
40224,Stripe,SUCCESS,00,214,ATM,Dallas,2024-09-27 13:31:36
40225,AuthorizeNet,SUCCESS,00,179,ATM,Dallas,2024-09-27 14:02:37
40226,PayPal,SUCCESS,00,413,POS,Dallas,2024-09-27 14:56:37
40227,Stripe,SUCCESS,00,629,Desktop,New York,2024-09-27 15:12:29
40228,AuthorizeNet,SUCCESS,00,692,POS,Los Angeles,2024-09-27 15:32:17
40229,PayPal,SUCCESS,00,573,Mobile,New York,2024-09-27 15:37:50
40230,Stripe,SUCCESS,00,220,POS,Dallas,2024-09-27 16:26:10
40231,AuthorizeNet,SUCCESS,00,1200,POS,Chicago,2024-09-27 16:51:48
40232,AuthorizeNet,SUCCESS,00,140,POS,Dallas,2024-09-27 18:24:17
40233,Stripe,SUCCESS,00,573,Mobile,Los Angeles,2024-09-27 18:27:31
40234,Stripe,SUCCESS,00,284,Desktop,Los Angeles,2024-09-27 18:58:51
40235,Square,SUCCESS,00,1041,ATM,New York,2024-09-27 19:42:59
40236,AuthorizeNet,SUCCESS,00,603,Mobile,Chicago,2024-09-27 19:58:23
40237,PayPal,SUCCESS,00,1139,Desktop,Los Angeles,2024-09-27 20:11:19
40238,AuthorizeNet,SUCCESS,00,1464,ATM,Chicago,2024-09-27 20:20:59
40239,AuthorizeNet,SUCCESS,00,1018,POS,Chicago,2024-09-27 21:27:50
40240,Stripe,SUCCESS,00,1121,Mobile,Los Angeles,2024-09-27 22:24:09
40241,AuthorizeNet,SUCCESS,00,402,POS,New York,2024-09-27 22:28:46
40242,Square,SUCCESS,00,855,Mobile,Los Angeles,2024-09-27 22:56:42
40243,PayPal,SUCCESS,00,118,Mobile,Los Angeles,2024-09-28 00:54:53
40244,Square,SUCCESS,00,394,POS,Dallas,2024-09-28 02:45:03
40245,Stripe,SUCCESS,00,313,Mobile,Dallas,2024-09-28 02:52:11
40246,PayPal,SUCCESS,00,686,Desktop,Dallas,2024-09-28 03:47:35
40247,AuthorizeNet,FAILED,05,630,POS,Dallas,2024-09-28 03:57:57
40248,PayPal,SUCCESS,00,736,Desktop,New York,2024-09-28 04:47:15
40249,Square,SUCCESS,00,1172,POS,New York,2024-09-28 05:02:39
40250,Square,SUCCESS,00,1311,ATM,Dallas,2024-09-28 05:36:27
40251,PayPal,SUCCESS,00,1413,ATM,Chicago,2024-09-28 06:28:19
40252,PayPal,SUCCESS,00,1129,POS,Chicago,2024-09-28 07:00:22
40253,Square,SUCCESS,00,839,ATM,Los Angeles,2024-09-28 08:01:50
40254,AuthorizeNet,SUCCESS,00,576,POS,Los Angeles,2024-09-28 08:58:19
40255,Square,SUCCESS,00,571,POS,Dallas,2024-09-28 08:59:00
40256,Square,SUCCESS,00,1292,POS,Chicago,2024-09-28 09:33:44
40257,Stripe,SUCCESS,00,787,Desktop,New York,2024-09-28 13:39:12
40258,AuthorizeNet,SUCCESS,00,1463,ATM,Los Angeles,2024-09-28 14:38:57
40259,Square,SUCCESS,00,202,Desktop,Dallas,2024-09-28 15:22:10
40260,AuthorizeNet,SUCCESS,00,939,ATM,New York,2024-09-28 15:25:11
40261,Stripe,SUCCESS,00,963,ATM,Dallas,2024-09-28 15:34:33
40262,PayPal,SUCCESS,00,209,Mobile,New York,2024-09-28 16:36:38
40263,AuthorizeNet,SUCCESS,00,808,Desktop,Los Angeles,2024-09-28 17:07:10
40264,Square,FAILED,12,722,ATM,Los Angeles,2024-09-28 19:30:38
40265,Stripe,SUCCESS,00,245,ATM,Dallas,2024-09-28 19:34:41
40266,PayPal,SUCCESS,00,940,ATM,Chicago,2024-09-28 20:41:01
40267,Stripe,SUCCESS,00,1180,POS,Chicago,2024-09-28 21:00:54
40268,Square,SUCCESS,00,926,POS,New York,2024-09-28 21:06:25
40269,Stripe,SUCCESS,00,1420,POS,Los Angeles,2024-09-28 21:19:19
40270,Square,SUCCESS,00,190,Desktop,Chicago,2024-09-28 21:28:16
40271,Stripe,SUCCESS,00,727,Mobile,New York,2024-09-28 22:12:13
40272,Stripe,SUCCESS,00,848,Desktop,New York,2024-09-28 22:58:55
40273,AuthorizeNet,SUCCESS,00,347,Desktop,Dallas,2024-09-28 23:01:12
40274,AuthorizeNet,SUCCESS,00,403,Mobile,New York,2024-09-28 23:56:26
40275,AuthorizeNet,SUCCESS,00,805,ATM,New York,2024-09-29 01:26:10
40276,Stripe,SUCCESS,00,925,ATM,Chicago,2024-09-29 03:02:52
40277,Square,SUCCESS,00,369,Desktop,Dallas,2024-09-29 05:16:07
40278,AuthorizeNet,FAILED,12,141,POS,Chicago,2024-09-29 05:53:20
40279,PayPal,SUCCESS,00,1194,Desktop,Chicago,2024-09-29 06:00:18
40280,Square,SUCCESS,00,780,Mobile,New York,2024-09-29 06:50:13
40281,Stripe,SUCCESS,00,774,ATM,Dallas,2024-09-29 07:30:37
40282,PayPal,SUCCESS,00,996,POS,Dallas,2024-09-29 08:28:21
40283,AuthorizeNet,PENDING,99,1295,Mobile,Chicago,2024-09-29 09:06:55
40284,Square,SUCCESS,00,786,Desktop,Los Angeles,2024-09-29 11:53:51
40285,Square,SUCCESS,00,733,Desktop,Dallas,2024-09-29 12:33:55
40286,PayPal,SUCCESS,00,201,ATM,New York,2024-09-29 13:39:56
40287,Stripe,SUCCESS,00,111,Desktop,Dallas,2024-09-29 13:45:49
40288,PayPal,SUCCESS,00,381,Mobile,Chicago,2024-09-29 13:57:26
40289,Square,SUCCESS,00,616,Desktop,New York,2024-09-29 14:52:39
40290,Stripe,FAILED,12,564,ATM,New York,2024-09-29 15:05:49
40291,Stripe,SUCCESS,00,879,Desktop,New York,2024-09-29 15:26:55
40292,Stripe,SUCCESS,00,1259,Desktop,Chicago,2024-09-29 18:08:58
40293,PayPal,SUCCESS,00,115,Mobile,New York,2024-09-29 19:32:59
40294,AuthorizeNet,SUCCESS,00,238,Mobile,Dallas,2024-09-29 20:08:58
40295,AuthorizeNet,SUCCESS,00,1466,POS,New York,2024-09-29 20:10:01
40296,Stripe,SUCCESS,00,110,POS,Los Angeles,2024-09-29 20:14:41
40297,AuthorizeNet,SUCCESS,00,1115,POS,Los Angeles,2024-09-29 22:13:06
40298,PayPal,SUCCESS,00,554,Mobile,Chicago,2024-09-29 23:11:24
40299,PayPal,SUCCESS,00,1091,POS,Los Angeles,2024-09-30 01:27:34
40300,Square,SUCCESS,00,1478,ATM,New York,2024-09-30 01:52:02
40301,Square,SUCCESS,00,1422,POS,New York,2024-09-30 01:55:22
40302,Stripe,SUCCESS,00,1020,POS,New York,2024-09-30 02:14:09
40303,AuthorizeNet,SUCCESS,00,288,Mobile,Dallas,2024-09-30 03:05:19
40304,AuthorizeNet,SUCCESS,00,645,POS,Los Angeles,2024-09-30 04:20:12
40305,Stripe,SUCCESS,00,1245,Desktop,Los Angeles,2024-09-30 05:29:25
40306,PayPal,SUCCESS,00,674,Desktop,Los Angeles,2024-09-30 06:12:28
40307,AuthorizeNet,SUCCESS,00,579,Desktop,Dallas,2024-09-30 06:17:53
40308,PayPal,SUCCESS,00,470,ATM,Chicago,2024-09-30 06:41:16
40309,Stripe,SUCCESS,00,167,POS,Los Angeles,2024-09-30 07:08:47
40310,AuthorizeNet,SUCCESS,00,1242,POS,New York,2024-09-30 07:13:56
40311,PayPal,SUCCESS,00,262,Mobile,Chicago,2024-09-30 07:14:18
40312,AuthorizeNet,SUCCESS,00,380,ATM,New York,2024-09-30 07:44:36
40313,Square,SUCCESS,00,875,ATM,Dallas,2024-09-30 07:51:39
40314,Stripe,SUCCESS,00,127,Mobile,Los Angeles,2024-09-30 08:30:34
40315,PayPal,SUCCESS,00,1463,POS,Los Angeles,2024-09-30 08:31:12
40316,AuthorizeNet,FAILED,12,928,POS,Los Angeles,2024-09-30 10:35:38
40317,Square,SUCCESS,00,1224,Mobile,New York,2024-09-30 10:40:18
40318,Stripe,SUCCESS,00,558,ATM,Los Angeles,2024-09-30 10:40:59
40319,AuthorizeNet,SUCCESS,00,981,Mobile,New York,2024-09-30 11:01:05
40320,Stripe,SUCCESS,00,570,POS,Dallas,2024-09-30 11:30:14
40321,Stripe,SUCCESS,00,199,Mobile,Chicago,2024-09-30 12:13:08
40322,PayPal,SUCCESS,00,471,ATM,Dallas,2024-09-30 12:47:39
40323,Stripe,SUCCESS,00,684,Mobile,Dallas,2024-09-30 14:30:37
40324,Stripe,SUCCESS,00,1263,Desktop,Dallas,2024-09-30 16:25:42
40325,PayPal,SUCCESS,00,1413,Desktop,New York,2024-09-30 16:51:35
40326,Square,SUCCESS,00,812,POS,Chicago,2024-09-30 18:21:56
40327,PayPal,SUCCESS,00,241,Desktop,New York,2024-09-30 20:07:29
40328,Square,SUCCESS,00,1073,POS,Los Angeles,2024-09-30 21:18:18
40329,Square,SUCCESS,00,1176,ATM,Chicago,2024-09-30 21:28:30
40330,AuthorizeNet,SUCCESS,00,791,POS,Chicago,2024-09-30 22:14:14
40331,AuthorizeNet,SUCCESS,00,984,Mobile,Dallas,2024-09-30 22:36:45
40332,Square,SUCCESS,00,729,Mobile,Chicago,2024-09-30 23:14:21
40333,Square,SUCCESS,00,1292,Mobile,Dallas,2024-10-01 00:01:46
40334,Square,FAILED,12,1417,Desktop,Dallas,2024-10-01 00:08:00
40335,Square,FAILED,05,500,ATM,New York,2024-10-01 00:50:24
40336,Stripe,SUCCESS,00,325,ATM,Los Angeles,2024-10-01 01:12:40
40337,Square,SUCCESS,00,1266,Desktop,Los Angeles,2024-10-01 03:09:39
40338,Stripe,SUCCESS,00,888,POS,Los Angeles,2024-10-01 03:35:12
40339,AuthorizeNet,SUCCESS,00,975,Desktop,Los Angeles,2024-10-01 05:04:51
40340,Square,SUCCESS,00,355,POS,Los Angeles,2024-10-01 05:39:45
40341,Square,SUCCESS,00,1261,ATM,New York,2024-10-01 06:00:30
40342,Stripe,SUCCESS,00,693,POS,Dallas,2024-10-01 06:17:04
40343,Square,SUCCESS,00,1007,Mobile,Los Angeles,2024-10-01 06:59:02
40344,Stripe,SUCCESS,00,255,Desktop,New York,2024-10-01 07:37:28
40345,AuthorizeNet,SUCCESS,00,745,ATM,Los Angeles,2024-10-01 08:04:49
40346,Stripe,SUCCESS,00,715,Desktop,Chicago,2024-10-01 08:13:44
40347,AuthorizeNet,SUCCESS,00,797,Mobile,Chicago,2024-10-01 08:51:45
40348,Stripe,SUCCESS,00,200,Desktop,Chicago,2024-10-01 08:52:12
40349,Square,SUCCESS,00,937,POS,Dallas,2024-10-01 09:31:11
40350,PayPal,SUCCESS,00,412,ATM,New York,2024-10-01 09:39:56
40351,AuthorizeNet,SUCCESS,00,579,ATM,Chicago,2024-10-01 10:19:14
40352,Stripe,SUCCESS,00,224,Mobile,Dallas,2024-10-01 11:17:14
40353,AuthorizeNet,SUCCESS,00,959,POS,Los Angeles,2024-10-01 11:42:41
40354,Stripe,SUCCESS,00,1435,Mobile,Los Angeles,2024-10-01 11:58:41
40355,PayPal,FAILED,05,679,Mobile,Chicago,2024-10-01 12:46:15
40356,PayPal,FAILED,12,734,Desktop,Dallas,2024-10-01 12:57:11
40357,AuthorizeNet,SUCCESS,00,265,Desktop,Los Angeles,2024-10-01 14:27:24
40358,AuthorizeNet,SUCCESS,00,601,ATM,Dallas,2024-10-01 15:23:21
40359,PayPal,SUCCESS,00,1436,Mobile,Los Angeles,2024-10-01 16:13:25
40360,PayPal,SUCCESS,00,356,POS,Los Angeles,2024-10-01 17:33:33
40361,Square,SUCCESS,00,232,Mobile,Chicago,2024-10-01 18:38:54
40362,Stripe,SUCCESS,00,1272,ATM,Chicago,2024-10-01 18:51:01
40363,PayPal,SUCCESS,00,1172,ATM,Dallas,2024-10-01 20:00:38
40364,Square,SUCCESS,00,556,ATM,Chicago,2024-10-01 20:24:23
40365,PayPal,SUCCESS,00,1264,POS,Chicago,2024-10-01 21:13:42
40366,Square,FAILED,12,569,ATM,New York,2024-10-01 21:33:46
40367,PayPal,SUCCESS,00,171,ATM,Dallas,2024-10-01 22:51:57
40368,PayPal,FAILED,12,521,Desktop,Dallas,2024-10-01 23:05:25
40369,AuthorizeNet,SUCCESS,00,955,Desktop,Los Angeles,2024-10-02 00:00:24
40370,Stripe,SUCCESS,00,1146,ATM,Los Angeles,2024-10-02 00:15:47
40371,AuthorizeNet,PENDING,99,660,Mobile,Los Angeles,2024-10-02 00:21:56
40372,Square,SUCCESS,00,265,Desktop,Chicago,2024-10-02 00:44:33
40373,PayPal,SUCCESS,00,400,Desktop,Chicago,2024-10-02 00:57:27
40374,Square,SUCCESS,00,1144,Mobile,New York,2024-10-02 01:07:13
40375,Stripe,SUCCESS,00,738,Desktop,Los Angeles,2024-10-02 01:37:26
40376,PayPal,SUCCESS,00,1160,ATM,New York,2024-10-02 03:09:29
40377,Square,SUCCESS,00,699,POS,Chicago,2024-10-02 03:34:53
40378,PayPal,SUCCESS,00,1053,POS,Los Angeles,2024-10-02 03:47:11
40379,AuthorizeNet,SUCCESS,00,642,Desktop,New York,2024-10-02 04:36:15
40380,Stripe,SUCCESS,00,1016,Mobile,Dallas,2024-10-02 06:08:29
40381,PayPal,SUCCESS,00,852,Mobile,Chicago,2024-10-02 06:13:49
40382,PayPal,SUCCESS,00,256,POS,Los Angeles,2024-10-02 06:16:49
40383,PayPal,SUCCESS,00,1247,POS,Chicago,2024-10-02 07:02:05
40384,Stripe,SUCCESS,00,775,POS,Los Angeles,2024-10-02 07:18:35
40385,Square,SUCCESS,00,321,ATM,New York,2024-10-02 07:59:07
40386,AuthorizeNet,SUCCESS,00,1252,Mobile,Chicago,2024-10-02 08:10:47
40387,Square,SUCCESS,00,193,Desktop,Los Angeles,2024-10-02 08:16:40
40388,AuthorizeNet,SUCCESS,00,375,ATM,Dallas,2024-10-02 08:26:56
40389,Square,SUCCESS,00,867,POS,Dallas,2024-10-02 08:38:44
40390,AuthorizeNet,SUCCESS,00,1019,Desktop,Dallas,2024-10-02 09:07:56
40391,Square,SUCCESS,00,812,ATM,Dallas,2024-10-02 09:14:15
40392,Square,SUCCESS,00,611,ATM,Los Angeles,2024-10-02 09:42:58
40393,PayPal,SUCCESS,00,610,ATM,Chicago,2024-10-02 11:36:12
40394,AuthorizeNet,SUCCESS,00,1273,POS,Los Angeles,2024-10-02 11:36:40
40395,PayPal,SUCCESS,00,1070,ATM,New York,2024-10-02 12:24:02
40396,AuthorizeNet,SUCCESS,00,606,ATM,Chicago,2024-10-02 12:25:47
40397,AuthorizeNet,SUCCESS,00,885,Desktop,New York,2024-10-02 13:43:44
40398,PayPal,SUCCESS,00,920,Desktop,Los Angeles,2024-10-02 14:01:34
40399,AuthorizeNet,SUCCESS,00,587,ATM,Los Angeles,2024-10-02 14:16:54
40400,AuthorizeNet,SUCCESS,00,388,POS,Chicago,2024-10-02 15:13:07
40401,AuthorizeNet,SUCCESS,00,558,Desktop,Los Angeles,2024-10-02 16:32:55
40402,PayPal,SUCCESS,00,122,ATM,Chicago,2024-10-02 17:12:11
40403,AuthorizeNet,SUCCESS,00,924,Mobile,Dallas,2024-10-02 17:24:45
40404,AuthorizeNet,SUCCESS,00,808,Mobile,New York,2024-10-02 18:14:58
40405,AuthorizeNet,SUCCESS,00,1242,Desktop,Dallas,2024-10-02 18:33:26
40406,Square,SUCCESS,00,1048,ATM,Chicago,2024-10-02 18:37:22
40407,PayPal,SUCCESS,00,240,Mobile,Dallas,2024-10-02 19:04:17
40408,Stripe,SUCCESS,00,1486,Mobile,Chicago,2024-10-02 19:20:34
40409,AuthorizeNet,SUCCESS,00,589,Desktop,New York,2024-10-02 19:32:16
40410,AuthorizeNet,SUCCESS,00,924,ATM,Chicago,2024-10-02 19:53:17
40411,PayPal,SUCCESS,00,987,POS,New York,2024-10-02 20:06:37
40412,AuthorizeNet,FAILED,12,184,Desktop,Chicago,2024-10-02 20:51:35
40413,Stripe,SUCCESS,00,398,ATM,Dallas,2024-10-02 21:35:57
40414,AuthorizeNet,SUCCESS,00,430,Mobile,Chicago,2024-10-02 21:44:00
40415,PayPal,SUCCESS,00,155,Desktop,New York,2024-10-02 21:47:38
40416,AuthorizeNet,SUCCESS,00,802,Mobile,Los Angeles,2024-10-03 01:08:31
40417,AuthorizeNet,SUCCESS,00,1442,ATM,Los Angeles,2024-10-03 01:41:35
40418,AuthorizeNet,SUCCESS,00,1486,Mobile,Chicago,2024-10-03 02:28:16
40419,Square,FAILED,05,1438,Desktop,Los Angeles,2024-10-03 04:43:54
40420,AuthorizeNet,SUCCESS,00,1199,ATM,Dallas,2024-10-03 04:47:52
40421,Stripe,FAILED,05,806,POS,Los Angeles,2024-10-03 05:19:18
40422,PayPal,SUCCESS,00,598,Desktop,Dallas,2024-10-03 06:07:18
40423,AuthorizeNet,SUCCESS,00,123,ATM,Los Angeles,2024-10-03 07:13:12
40424,AuthorizeNet,SUCCESS,00,746,POS,Dallas,2024-10-03 07:14:03
40425,Stripe,FAILED,05,538,POS,Chicago,2024-10-03 07:57:29
40426,Square,SUCCESS,00,311,ATM,New York,2024-10-03 07:58:27
40427,Stripe,SUCCESS,00,1208,ATM,Dallas,2024-10-03 08:32:20
40428,AuthorizeNet,SUCCESS,00,1219,ATM,Dallas,2024-10-03 08:53:36
40429,AuthorizeNet,SUCCESS,00,945,POS,Dallas,2024-10-03 09:44:53
40430,Stripe,SUCCESS,00,919,ATM,Chicago,2024-10-03 11:41:57
40431,PayPal,SUCCESS,00,1027,POS,Los Angeles,2024-10-03 11:46:18
40432,Stripe,SUCCESS,00,501,Desktop,New York,2024-10-03 12:05:13
40433,PayPal,SUCCESS,00,1120,POS,Chicago,2024-10-03 12:20:21
40434,Square,SUCCESS,00,814,Desktop,Los Angeles,2024-10-03 12:26:07
40435,Square,SUCCESS,00,295,Mobile,New York,2024-10-03 12:32:05
40436,PayPal,SUCCESS,00,1339,Desktop,Dallas,2024-10-03 12:47:25
40437,PayPal,SUCCESS,00,603,POS,Dallas,2024-10-03 14:35:23
40438,PayPal,SUCCESS,00,779,Mobile,Dallas,2024-10-03 15:22:36
40439,PayPal,SUCCESS,00,729,ATM,Dallas,2024-10-03 17:13:57
40440,PayPal,SUCCESS,00,1456,ATM,Dallas,2024-10-03 18:50:28
40441,PayPal,SUCCESS,00,346,ATM,Dallas,2024-10-03 20:19:41
40442,Stripe,SUCCESS,00,617,POS,Dallas,2024-10-03 20:27:28
40443,PayPal,SUCCESS,00,564,Mobile,Los Angeles,2024-10-03 20:37:24
40444,PayPal,SUCCESS,00,1149,Desktop,New York,2024-10-03 21:03:58
40445,Stripe,SUCCESS,00,428,ATM,Dallas,2024-10-03 21:42:07
40446,Stripe,SUCCESS,00,1094,Desktop,New York,2024-10-03 23:18:14
40447,PayPal,SUCCESS,00,838,Desktop,New York,2024-10-03 23:43:02
40448,Stripe,SUCCESS,00,1447,Mobile,Los Angeles,2024-10-04 00:32:59
40449,Square,SUCCESS,00,921,Desktop,New York,2024-10-04 00:33:16
40450,AuthorizeNet,SUCCESS,00,366,Mobile,Los Angeles,2024-10-04 00:56:23
40451,Stripe,SUCCESS,00,536,Desktop,Los Angeles,2024-10-04 02:08:25
40452,AuthorizeNet,SUCCESS,00,707,Mobile,Dallas,2024-10-04 02:32:46
40453,Stripe,SUCCESS,00,290,POS,Los Angeles,2024-10-04 03:29:56
40454,PayPal,SUCCESS,00,145,Desktop,Dallas,2024-10-04 04:14:36
40455,Square,FAILED,05,876,ATM,Los Angeles,2024-10-04 04:24:52
40456,PayPal,SUCCESS,00,568,ATM,Dallas,2024-10-04 05:09:08
40457,Square,SUCCESS,00,177,ATM,Dallas,2024-10-04 05:15:42
40458,PayPal,SUCCESS,00,1398,Desktop,New York,2024-10-04 05:18:16
40459,Stripe,SUCCESS,00,1368,Mobile,Chicago,2024-10-04 05:52:08
40460,PayPal,SUCCESS,00,1259,ATM,New York,2024-10-04 06:16:49
40461,Stripe,SUCCESS,00,768,ATM,Dallas,2024-10-04 07:07:35
40462,PayPal,SUCCESS,00,227,Desktop,Chicago,2024-10-04 08:05:05
40463,Stripe,FAILED,05,1469,Mobile,Los Angeles,2024-10-04 08:23:30
40464,PayPal,SUCCESS,00,685,ATM,Dallas,2024-10-04 08:23:44
40465,AuthorizeNet,SUCCESS,00,1217,Mobile,Los Angeles,2024-10-04 09:21:50
40466,Square,SUCCESS,00,474,Mobile,New York,2024-10-04 09:37:33
40467,PayPal,SUCCESS,00,510,ATM,Los Angeles,2024-10-04 10:08:51
40468,Square,SUCCESS,00,1008,POS,Los Angeles,2024-10-04 10:31:36
40469,AuthorizeNet,SUCCESS,00,900,Mobile,Los Angeles,2024-10-04 11:21:10
40470,PayPal,SUCCESS,00,638,Desktop,Dallas,2024-10-04 12:19:20
40471,AuthorizeNet,SUCCESS,00,1379,POS,Dallas,2024-10-04 13:03:12
40472,Stripe,PENDING,99,493,POS,New York,2024-10-04 14:12:24
40473,AuthorizeNet,SUCCESS,00,201,POS,Chicago,2024-10-04 14:45:34
40474,Stripe,FAILED,12,1342,POS,Dallas,2024-10-04 15:41:01
40475,PayPal,SUCCESS,00,1282,Mobile,Chicago,2024-10-04 15:56:01
40476,Stripe,SUCCESS,00,1475,POS,New York,2024-10-04 16:03:28
40477,Square,SUCCESS,00,502,POS,Dallas,2024-10-04 16:13:47
40478,PayPal,SUCCESS,00,115,POS,Dallas,2024-10-04 16:24:21
40479,AuthorizeNet,SUCCESS,00,1295,POS,Chicago,2024-10-04 16:30:50
40480,Stripe,SUCCESS,00,165,Mobile,Los Angeles,2024-10-04 17:08:59
40481,Stripe,SUCCESS,00,580,Mobile,Dallas,2024-10-04 17:34:35
40482,Square,SUCCESS,00,479,Mobile,Dallas,2024-10-04 17:36:28
40483,Stripe,SUCCESS,00,1037,Mobile,Dallas,2024-10-04 18:26:57
40484,Stripe,SUCCESS,00,873,POS,Dallas,2024-10-04 18:35:38
40485,PayPal,SUCCESS,00,1134,Desktop,New York,2024-10-04 19:01:06
40486,Stripe,SUCCESS,00,318,POS,Dallas,2024-10-04 19:09:20
40487,Stripe,SUCCESS,00,672,Mobile,Chicago,2024-10-04 19:23:16
40488,Stripe,SUCCESS,00,1351,POS,Dallas,2024-10-04 19:34:26
40489,AuthorizeNet,SUCCESS,00,564,Mobile,Los Angeles,2024-10-04 20:27:50
40490,Stripe,SUCCESS,00,914,Mobile,Los Angeles,2024-10-04 20:51:35
40491,Square,SUCCESS,00,1207,ATM,New York,2024-10-04 21:28:45
40492,PayPal,SUCCESS,00,1404,ATM,Los Angeles,2024-10-04 21:35:51
40493,PayPal,SUCCESS,00,1363,Desktop,Los Angeles,2024-10-04 21:52:28
40494,AuthorizeNet,SUCCESS,00,525,Mobile,Dallas,2024-10-04 22:11:22
40495,AuthorizeNet,SUCCESS,00,228,Desktop,Los Angeles,2024-10-04 22:42:39
40496,Square,SUCCESS,00,1397,Desktop,Chicago,2024-10-04 22:47:41
40497,Square,SUCCESS,00,253,Desktop,New York,2024-10-04 22:48:08
40498,AuthorizeNet,SUCCESS,00,1413,Desktop,Los Angeles,2024-10-04 23:28:16
40499,Stripe,SUCCESS,00,784,POS,Los Angeles,2024-10-05 01:05:56
40500,Square,SUCCESS,00,546,POS,Dallas,2024-10-05 03:04:38
40501,Square,SUCCESS,00,226,ATM,Los Angeles,2024-10-05 03:43:34
40502,PayPal,SUCCESS,00,690,ATM,Chicago,2024-10-05 04:03:19
40503,AuthorizeNet,SUCCESS,00,586,Desktop,Chicago,2024-10-05 04:53:33
40504,Stripe,SUCCESS,00,1174,POS,Dallas,2024-10-05 04:57:46
40505,Square,SUCCESS,00,1431,POS,New York,2024-10-05 05:52:26
40506,Stripe,SUCCESS,00,1366,ATM,New York,2024-10-05 06:07:39
40507,AuthorizeNet,SUCCESS,00,833,Desktop,Dallas,2024-10-05 07:07:23
40508,Square,SUCCESS,00,1158,Desktop,Los Angeles,2024-10-05 09:50:58
40509,Stripe,SUCCESS,00,253,ATM,Los Angeles,2024-10-05 10:22:49
40510,AuthorizeNet,SUCCESS,00,1073,Mobile,Los Angeles,2024-10-05 10:39:08
40511,Square,SUCCESS,00,1246,POS,Chicago,2024-10-05 14:04:15
40512,Square,SUCCESS,00,678,ATM,New York,2024-10-05 14:05:32
40513,PayPal,SUCCESS,00,214,Mobile,Los Angeles,2024-10-05 14:06:13
40514,AuthorizeNet,SUCCESS,00,561,ATM,New York,2024-10-05 14:33:00
40515,PayPal,SUCCESS,00,197,ATM,Chicago,2024-10-05 15:13:22
40516,PayPal,SUCCESS,00,218,Desktop,Dallas,2024-10-05 15:45:24
40517,Stripe,SUCCESS,00,161,ATM,New York,2024-10-05 16:24:25
40518,PayPal,SUCCESS,00,852,Mobile,Los Angeles,2024-10-05 16:28:01
40519,Square,FAILED,05,1477,POS,New York,2024-10-05 16:33:31
40520,Stripe,SUCCESS,00,1475,Desktop,Dallas,2024-10-05 18:44:02
40521,PayPal,SUCCESS,00,111,ATM,Chicago,2024-10-05 19:20:46
40522,Square,SUCCESS,00,377,Mobile,Dallas,2024-10-05 21:22:08
40523,PayPal,SUCCESS,00,949,POS,New York,2024-10-05 22:44:50
40524,AuthorizeNet,SUCCESS,00,970,Desktop,New York,2024-10-05 22:51:10
40525,PayPal,SUCCESS,00,1298,POS,Dallas,2024-10-05 23:56:07
40526,AuthorizeNet,SUCCESS,00,257,POS,Dallas,2024-10-06 00:06:36
40527,Square,FAILED,05,795,POS,New York,2024-10-06 01:43:26
40528,Stripe,SUCCESS,00,1397,POS,Chicago,2024-10-06 01:57:46
40529,PayPal,SUCCESS,00,313,ATM,Dallas,2024-10-06 02:01:39
40530,Square,SUCCESS,00,1189,Desktop,Dallas,2024-10-06 02:17:34
40531,PayPal,FAILED,05,452,Mobile,Los Angeles,2024-10-06 02:26:04
40532,Stripe,FAILED,12,1064,Desktop,New York,2024-10-06 03:24:54
40533,PayPal,SUCCESS,00,756,Mobile,Chicago,2024-10-06 05:07:44
40534,PayPal,SUCCESS,00,1072,Desktop,Los Angeles,2024-10-06 05:13:43
40535,Square,SUCCESS,00,355,Mobile,New York,2024-10-06 05:28:25
40536,AuthorizeNet,SUCCESS,00,973,Mobile,Los Angeles,2024-10-06 05:45:39
40537,PayPal,SUCCESS,00,1214,Desktop,Los Angeles,2024-10-06 05:48:02
40538,Stripe,SUCCESS,00,480,POS,Dallas,2024-10-06 06:03:59
40539,Stripe,SUCCESS,00,577,POS,Chicago,2024-10-06 06:16:45
40540,AuthorizeNet,SUCCESS,00,1080,POS,Dallas,2024-10-06 06:26:15
40541,AuthorizeNet,SUCCESS,00,1216,Desktop,Los Angeles,2024-10-06 08:10:27
40542,Stripe,SUCCESS,00,503,Desktop,Chicago,2024-10-06 08:22:15
40543,PayPal,SUCCESS,00,231,POS,Dallas,2024-10-06 09:15:09
40544,Square,SUCCESS,00,624,POS,Los Angeles,2024-10-06 09:27:43
40545,AuthorizeNet,SUCCESS,00,1361,Mobile,Dallas,2024-10-06 09:56:52
40546,Stripe,FAILED,12,1132,POS,Chicago,2024-10-06 10:32:12
40547,Stripe,FAILED,05,866,Mobile,New York,2024-10-06 11:17:43
40548,AuthorizeNet,PENDING,99,489,Desktop,Dallas,2024-10-06 12:18:56
40549,Square,SUCCESS,00,1255,POS,Chicago,2024-10-06 12:26:35
40550,Square,SUCCESS,00,460,Desktop,New York,2024-10-06 15:13:43
40551,Square,SUCCESS,00,620,POS,Dallas,2024-10-06 15:56:10
40552,AuthorizeNet,SUCCESS,00,790,Mobile,Chicago,2024-10-06 16:05:34
40553,PayPal,SUCCESS,00,1097,Desktop,Chicago,2024-10-06 16:54:01
40554,Square,SUCCESS,00,529,Mobile,Dallas,2024-10-06 16:59:07
40555,Square,SUCCESS,00,793,ATM,Chicago,2024-10-06 18:15:42
40556,PayPal,SUCCESS,00,1276,Mobile,Los Angeles,2024-10-06 18:27:27
40557,Square,SUCCESS,00,287,Desktop,Dallas,2024-10-06 18:42:08
40558,Stripe,SUCCESS,00,161,POS,Chicago,2024-10-06 18:59:23
40559,AuthorizeNet,SUCCESS,00,1268,Desktop,Dallas,2024-10-06 19:57:20
40560,AuthorizeNet,SUCCESS,00,1481,Desktop,Chicago,2024-10-06 20:07:50
40561,Stripe,SUCCESS,00,1176,Mobile,Chicago,2024-10-06 22:20:05
40562,Square,SUCCESS,00,987,Mobile,Chicago,2024-10-06 22:58:51
40563,PayPal,SUCCESS,00,195,Desktop,Los Angeles,2024-10-06 23:52:24
40564,PayPal,SUCCESS,00,727,POS,Dallas,2024-10-07 00:09:39
40565,AuthorizeNet,SUCCESS,00,1230,POS,Los Angeles,2024-10-07 00:50:32
40566,AuthorizeNet,SUCCESS,00,403,Mobile,New York,2024-10-07 01:07:50
40567,Stripe,SUCCESS,00,1059,Mobile,Chicago,2024-10-07 02:21:37
40568,PayPal,SUCCESS,00,1333,POS,Dallas,2024-10-07 02:47:39
40569,PayPal,SUCCESS,00,808,POS,Los Angeles,2024-10-07 04:11:24
40570,Stripe,SUCCESS,00,1174,Desktop,New York,2024-10-07 05:02:45
40571,AuthorizeNet,SUCCESS,00,785,ATM,New York,2024-10-07 05:08:45
40572,Stripe,SUCCESS,00,209,ATM,Los Angeles,2024-10-07 05:42:54
40573,PayPal,SUCCESS,00,1216,Mobile,Los Angeles,2024-10-07 07:04:22
40574,AuthorizeNet,SUCCESS,00,863,Mobile,Dallas,2024-10-07 07:32:03
40575,AuthorizeNet,FAILED,05,1399,Mobile,Chicago,2024-10-07 08:13:42
40576,PayPal,SUCCESS,00,222,ATM,Los Angeles,2024-10-07 08:50:59
40577,AuthorizeNet,SUCCESS,00,563,ATM,New York,2024-10-07 10:10:44
40578,PayPal,PENDING,99,942,POS,Los Angeles,2024-10-07 10:29:36
40579,PayPal,SUCCESS,00,1345,Mobile,Chicago,2024-10-07 10:29:44
40580,Square,SUCCESS,00,276,Desktop,Dallas,2024-10-07 12:13:29
40581,Square,SUCCESS,00,783,Desktop,Chicago,2024-10-07 12:23:24
40582,AuthorizeNet,SUCCESS,00,290,ATM,Chicago,2024-10-07 12:48:05
40583,AuthorizeNet,SUCCESS,00,317,POS,New York,2024-10-07 14:07:23
40584,AuthorizeNet,SUCCESS,00,1225,ATM,Los Angeles,2024-10-07 14:24:09
40585,Square,SUCCESS,00,510,Mobile,Dallas,2024-10-07 14:31:36
40586,PayPal,SUCCESS,00,712,ATM,New York,2024-10-07 14:55:12
40587,Square,SUCCESS,00,1488,ATM,Dallas,2024-10-07 16:02:59
40588,Stripe,SUCCESS,00,1176,Desktop,New York,2024-10-07 16:11:56
40589,Stripe,SUCCESS,00,489,POS,Dallas,2024-10-07 16:12:45
40590,Stripe,SUCCESS,00,871,ATM,New York,2024-10-07 16:34:08
40591,AuthorizeNet,PENDING,99,227,POS,Chicago,2024-10-07 16:49:20
40592,Stripe,SUCCESS,00,454,ATM,Los Angeles,2024-10-07 17:01:57
40593,Square,SUCCESS,00,909,Desktop,Dallas,2024-10-07 17:55:31
40594,Stripe,SUCCESS,00,1494,Desktop,Los Angeles,2024-10-07 19:16:37
40595,Stripe,SUCCESS,00,318,POS,New York,2024-10-07 19:29:52
40596,Square,SUCCESS,00,956,Desktop,New York,2024-10-07 20:14:55
40597,PayPal,SUCCESS,00,494,ATM,Los Angeles,2024-10-07 20:21:16
40598,AuthorizeNet,SUCCESS,00,243,Mobile,Los Angeles,2024-10-07 20:31:29
40599,Square,SUCCESS,00,1225,ATM,Los Angeles,2024-10-07 20:45:52
40600,Stripe,SUCCESS,00,1306,ATM,Chicago,2024-10-07 21:23:47
40601,Square,SUCCESS,00,536,Desktop,New York,2024-10-07 22:32:27
40602,AuthorizeNet,SUCCESS,00,1155,ATM,Dallas,2024-10-07 23:00:35
40603,AuthorizeNet,SUCCESS,00,346,Desktop,Los Angeles,2024-10-07 23:52:47
40604,Square,SUCCESS,00,664,Desktop,Chicago,2024-10-08 00:21:02
40605,Stripe,SUCCESS,00,251,POS,Dallas,2024-10-08 00:25:28
40606,PayPal,SUCCESS,00,701,ATM,New York,2024-10-08 02:22:04
40607,PayPal,SUCCESS,00,418,ATM,New York,2024-10-08 03:02:23
40608,AuthorizeNet,SUCCESS,00,1380,Mobile,Los Angeles,2024-10-08 04:19:00
40609,AuthorizeNet,SUCCESS,00,577,POS,Dallas,2024-10-08 05:26:07
40610,AuthorizeNet,SUCCESS,00,812,Mobile,Chicago,2024-10-08 06:07:40
40611,Stripe,SUCCESS,00,621,POS,Los Angeles,2024-10-08 06:15:38
40612,AuthorizeNet,SUCCESS,00,503,ATM,Dallas,2024-10-08 06:30:37
40613,AuthorizeNet,SUCCESS,00,1185,POS,Chicago,2024-10-08 06:59:05
40614,PayPal,SUCCESS,00,333,Mobile,New York,2024-10-08 07:20:10
40615,PayPal,SUCCESS,00,943,Mobile,Chicago,2024-10-08 07:33:39
40616,PayPal,SUCCESS,00,1452,POS,New York,2024-10-08 07:33:57
40617,Square,SUCCESS,00,1167,ATM,New York,2024-10-08 07:35:32
40618,AuthorizeNet,FAILED,12,802,POS,Dallas,2024-10-08 07:38:00
40619,PayPal,SUCCESS,00,784,Mobile,Dallas,2024-10-08 08:16:05
40620,Square,SUCCESS,00,1359,Mobile,New York,2024-10-08 08:31:14
40621,Square,SUCCESS,00,164,POS,Los Angeles,2024-10-08 09:22:12
40622,Square,SUCCESS,00,1323,Mobile,Dallas,2024-10-08 09:31:26
40623,Square,SUCCESS,00,1284,Desktop,Los Angeles,2024-10-08 10:00:49
40624,Stripe,SUCCESS,00,283,POS,Los Angeles,2024-10-08 11:00:37
40625,Stripe,SUCCESS,00,1315,POS,Los Angeles,2024-10-08 11:17:13
40626,AuthorizeNet,PENDING,99,689,POS,Chicago,2024-10-08 11:35:36
40627,Square,FAILED,05,496,Mobile,Los Angeles,2024-10-08 15:35:46
40628,AuthorizeNet,SUCCESS,00,511,Mobile,Dallas,2024-10-08 17:08:52
40629,AuthorizeNet,SUCCESS,00,924,Desktop,Dallas,2024-10-08 17:14:00
40630,AuthorizeNet,SUCCESS,00,1444,POS,New York,2024-10-08 18:51:41
40631,AuthorizeNet,SUCCESS,00,1304,ATM,Los Angeles,2024-10-08 19:02:33
40632,PayPal,SUCCESS,00,900,POS,New York,2024-10-08 19:03:32
40633,PayPal,SUCCESS,00,238,POS,Dallas,2024-10-08 19:06:33
40634,AuthorizeNet,SUCCESS,00,1094,POS,Chicago,2024-10-08 19:26:03
40635,AuthorizeNet,SUCCESS,00,1124,POS,New York,2024-10-08 20:32:40
40636,AuthorizeNet,FAILED,12,754,Desktop,Los Angeles,2024-10-08 20:36:04
40637,AuthorizeNet,SUCCESS,00,254,Mobile,Los Angeles,2024-10-08 20:38:57
40638,Square,SUCCESS,00,971,Mobile,Los Angeles,2024-10-08 21:23:33
40639,Stripe,SUCCESS,00,420,Desktop,Los Angeles,2024-10-08 21:44:13
40640,AuthorizeNet,SUCCESS,00,130,Desktop,New York,2024-10-08 21:50:16
40641,Square,FAILED,05,481,POS,Dallas,2024-10-08 22:39:36
40642,Square,SUCCESS,00,733,Desktop,Chicago,2024-10-08 23:41:06
40643,Square,SUCCESS,00,1034,Desktop,Los Angeles,2024-10-08 23:59:04
40644,AuthorizeNet,SUCCESS,00,1113,Desktop,Los Angeles,2024-10-09 00:17:29
40645,AuthorizeNet,SUCCESS,00,1154,POS,Chicago,2024-10-09 00:48:56
40646,PayPal,PENDING,99,208,POS,Dallas,2024-10-09 01:53:17
40647,Square,SUCCESS,00,534,ATM,Chicago,2024-10-09 02:54:17
40648,AuthorizeNet,SUCCESS,00,132,Desktop,Los Angeles,2024-10-09 02:57:59
40649,Square,SUCCESS,00,1142,POS,Dallas,2024-10-09 03:02:59
40650,PayPal,SUCCESS,00,467,POS,Chicago,2024-10-09 03:09:51
40651,AuthorizeNet,SUCCESS,00,572,Mobile,Chicago,2024-10-09 03:18:19
40652,AuthorizeNet,FAILED,12,1058,ATM,Dallas,2024-10-09 03:21:33
40653,Square,SUCCESS,00,1219,POS,Los Angeles,2024-10-09 04:39:47
40654,AuthorizeNet,SUCCESS,00,706,Desktop,Los Angeles,2024-10-09 04:52:01
40655,AuthorizeNet,SUCCESS,00,780,POS,Dallas,2024-10-09 04:55:17
40656,Stripe,SUCCESS,00,387,ATM,Chicago,2024-10-09 05:08:54
40657,PayPal,SUCCESS,00,1499,Desktop,Los Angeles,2024-10-09 06:09:47
40658,Square,SUCCESS,00,1142,Desktop,Los Angeles,2024-10-09 06:10:51
40659,AuthorizeNet,SUCCESS,00,809,Desktop,Dallas,2024-10-09 06:23:05
40660,AuthorizeNet,SUCCESS,00,1353,Mobile,Los Angeles,2024-10-09 06:27:50
40661,PayPal,SUCCESS,00,899,ATM,Los Angeles,2024-10-09 07:15:40
40662,PayPal,SUCCESS,00,1211,ATM,Dallas,2024-10-09 07:56:21
40663,Stripe,SUCCESS,00,1005,ATM,Dallas,2024-10-09 07:57:58
40664,Stripe,SUCCESS,00,1366,ATM,Chicago,2024-10-09 08:08:32
40665,Stripe,SUCCESS,00,945,POS,Los Angeles,2024-10-09 08:35:30
40666,AuthorizeNet,FAILED,12,1131,POS,New York,2024-10-09 08:37:46
40667,PayPal,SUCCESS,00,1145,ATM,Los Angeles,2024-10-09 08:40:12
40668,PayPal,SUCCESS,00,218,ATM,Los Angeles,2024-10-09 09:11:04
40669,Square,SUCCESS,00,164,POS,New York,2024-10-09 09:16:05
40670,Stripe,SUCCESS,00,828,Desktop,Chicago,2024-10-09 09:20:25
40671,Stripe,SUCCESS,00,288,Desktop,Chicago,2024-10-09 09:21:49
40672,Square,SUCCESS,00,102,Mobile,Dallas,2024-10-09 09:28:23
40673,PayPal,SUCCESS,00,285,POS,New York,2024-10-09 09:40:54
40674,AuthorizeNet,SUCCESS,00,712,POS,Chicago,2024-10-09 09:49:44
40675,Square,SUCCESS,00,1377,Desktop,Los Angeles,2024-10-09 09:56:41
40676,PayPal,FAILED,12,1289,Desktop,New York,2024-10-09 09:56:58
40677,PayPal,SUCCESS,00,309,POS,New York,2024-10-09 10:27:39
40678,PayPal,SUCCESS,00,638,ATM,New York,2024-10-09 10:31:44
40679,PayPal,SUCCESS,00,422,Desktop,Dallas,2024-10-09 12:59:57
40680,AuthorizeNet,SUCCESS,00,106,POS,Chicago,2024-10-09 14:15:17
40681,AuthorizeNet,SUCCESS,00,606,Desktop,Dallas,2024-10-09 14:22:42
40682,Stripe,SUCCESS,00,210,Desktop,Dallas,2024-10-09 14:52:07
40683,Stripe,SUCCESS,00,1439,ATM,Chicago,2024-10-09 15:02:14
40684,Square,SUCCESS,00,425,Mobile,Los Angeles,2024-10-09 15:10:06
40685,AuthorizeNet,SUCCESS,00,1357,POS,Dallas,2024-10-09 15:23:45
40686,Stripe,FAILED,12,292,Desktop,Dallas,2024-10-09 16:04:43
40687,Stripe,SUCCESS,00,495,ATM,Chicago,2024-10-09 16:08:56
40688,PayPal,SUCCESS,00,1233,POS,New York,2024-10-09 16:09:55
40689,PayPal,SUCCESS,00,1042,ATM,Dallas,2024-10-09 17:19:44
40690,Square,SUCCESS,00,212,ATM,Los Angeles,2024-10-09 17:20:56
40691,AuthorizeNet,SUCCESS,00,955,Mobile,New York,2024-10-09 18:10:11
40692,AuthorizeNet,SUCCESS,00,918,POS,Dallas,2024-10-09 18:40:53
40693,Square,SUCCESS,00,166,Mobile,Chicago,2024-10-09 19:21:16
40694,AuthorizeNet,SUCCESS,00,497,ATM,Chicago,2024-10-09 20:18:04
40695,Square,SUCCESS,00,1470,ATM,New York,2024-10-09 20:23:32
40696,AuthorizeNet,SUCCESS,00,1091,POS,Dallas,2024-10-09 21:11:51
40697,Stripe,SUCCESS,00,1265,POS,Chicago,2024-10-09 21:34:47
40698,PayPal,FAILED,12,965,Desktop,Los Angeles,2024-10-09 22:32:52
40699,Square,SUCCESS,00,347,ATM,Los Angeles,2024-10-09 22:55:57
40700,Square,SUCCESS,00,1003,POS,New York,2024-10-09 23:10:13
40701,Square,SUCCESS,00,1156,POS,New York,2024-10-09 23:29:12
40702,AuthorizeNet,SUCCESS,00,304,POS,New York,2024-10-09 23:34:07
40703,Stripe,SUCCESS,00,804,ATM,Chicago,2024-10-10 00:28:52
40704,AuthorizeNet,SUCCESS,00,964,Mobile,Chicago,2024-10-10 02:26:14
40705,Square,SUCCESS,00,1443,Mobile,New York,2024-10-10 02:37:04
40706,PayPal,SUCCESS,00,1431,POS,Dallas,2024-10-10 03:27:53
40707,PayPal,SUCCESS,00,1017,POS,Los Angeles,2024-10-10 04:18:51
40708,Stripe,SUCCESS,00,685,Mobile,New York,2024-10-10 04:47:15
40709,Stripe,SUCCESS,00,773,POS,Chicago,2024-10-10 05:10:30
40710,Stripe,SUCCESS,00,575,POS,Los Angeles,2024-10-10 05:13:02
40711,AuthorizeNet,SUCCESS,00,1042,Desktop,Los Angeles,2024-10-10 05:15:59
40712,AuthorizeNet,SUCCESS,00,991,Mobile,Chicago,2024-10-10 05:28:16
40713,Stripe,SUCCESS,00,505,Mobile,New York,2024-10-10 05:41:18
40714,PayPal,SUCCESS,00,1273,POS,Dallas,2024-10-10 05:45:00
40715,Stripe,SUCCESS,00,184,Mobile,New York,2024-10-10 06:45:40
40716,AuthorizeNet,SUCCESS,00,364,Desktop,New York,2024-10-10 06:53:44
40717,Stripe,SUCCESS,00,640,Desktop,New York,2024-10-10 08:02:43
40718,Stripe,SUCCESS,00,1059,Desktop,Dallas,2024-10-10 08:22:12
40719,Square,FAILED,05,1382,POS,Los Angeles,2024-10-10 08:26:14
40720,Square,FAILED,12,659,ATM,Dallas,2024-10-10 09:21:20
40721,Square,SUCCESS,00,707,Desktop,Chicago,2024-10-10 10:09:09
40722,Stripe,SUCCESS,00,1238,ATM,Chicago,2024-10-10 10:13:24
40723,Stripe,SUCCESS,00,382,ATM,New York,2024-10-10 10:33:10
40724,PayPal,SUCCESS,00,1188,Mobile,New York,2024-10-10 10:36:54
40725,AuthorizeNet,SUCCESS,00,1410,Mobile,New York,2024-10-10 10:57:55
40726,Square,SUCCESS,00,509,POS,Dallas,2024-10-10 12:21:42
40727,PayPal,SUCCESS,00,933,Desktop,Los Angeles,2024-10-10 12:44:55
40728,Square,SUCCESS,00,1279,ATM,New York,2024-10-10 13:06:55
40729,AuthorizeNet,SUCCESS,00,1421,ATM,Dallas,2024-10-10 13:50:14
40730,Stripe,SUCCESS,00,676,POS,Dallas,2024-10-10 13:59:12
40731,Stripe,SUCCESS,00,544,POS,New York,2024-10-10 14:12:08
40732,PayPal,SUCCESS,00,152,Mobile,Chicago,2024-10-10 15:23:22
40733,Stripe,SUCCESS,00,1260,POS,Dallas,2024-10-10 15:54:43
40734,PayPal,SUCCESS,00,1148,POS,Dallas,2024-10-10 16:33:23
40735,Stripe,SUCCESS,00,367,ATM,Dallas,2024-10-10 17:10:32
40736,Square,SUCCESS,00,1371,ATM,Chicago,2024-10-10 17:18:29
40737,Stripe,SUCCESS,00,674,POS,New York,2024-10-10 17:19:05
40738,Stripe,SUCCESS,00,960,Desktop,Dallas,2024-10-10 18:08:48
40739,Square,SUCCESS,00,322,Mobile,Chicago,2024-10-10 18:22:52
40740,AuthorizeNet,SUCCESS,00,1036,Mobile,Dallas,2024-10-10 19:53:33
40741,PayPal,SUCCESS,00,918,Mobile,New York,2024-10-10 20:17:59
40742,Square,SUCCESS,00,762,ATM,Dallas,2024-10-10 20:35:12
40743,Stripe,SUCCESS,00,1041,Desktop,Dallas,2024-10-10 22:19:59
40744,Stripe,SUCCESS,00,644,Mobile,Los Angeles,2024-10-10 22:47:07
40745,AuthorizeNet,SUCCESS,00,645,Mobile,New York,2024-10-10 23:37:11
40746,Stripe,SUCCESS,00,1053,POS,Chicago,2024-10-11 00:21:58
40747,PayPal,SUCCESS,00,336,Desktop,Los Angeles,2024-10-11 01:56:44
40748,Stripe,SUCCESS,00,1163,ATM,New York,2024-10-11 02:05:48
40749,Square,SUCCESS,00,118,Desktop,Chicago,2024-10-11 03:12:11
40750,PayPal,SUCCESS,00,244,POS,Dallas,2024-10-11 03:36:08
40751,PayPal,SUCCESS,00,864,Mobile,New York,2024-10-11 04:37:49
40752,Stripe,SUCCESS,00,839,Desktop,Chicago,2024-10-11 04:58:01
40753,AuthorizeNet,SUCCESS,00,458,Desktop,Dallas,2024-10-11 04:59:12
40754,Stripe,SUCCESS,00,1077,POS,New York,2024-10-11 05:15:43
40755,PayPal,SUCCESS,00,431,POS,Los Angeles,2024-10-11 06:51:49
40756,AuthorizeNet,SUCCESS,00,671,Mobile,Chicago,2024-10-11 07:38:10
40757,AuthorizeNet,SUCCESS,00,906,Desktop,Los Angeles,2024-10-11 08:11:12
40758,AuthorizeNet,SUCCESS,00,683,POS,Los Angeles,2024-10-11 08:11:50
40759,PayPal,SUCCESS,00,284,ATM,Dallas,2024-10-11 09:18:42
40760,AuthorizeNet,SUCCESS,00,1017,ATM,New York,2024-10-11 09:53:15
40761,PayPal,SUCCESS,00,702,ATM,Dallas,2024-10-11 10:14:27
40762,PayPal,SUCCESS,00,1356,Mobile,Dallas,2024-10-11 10:46:38
40763,PayPal,SUCCESS,00,944,Desktop,Chicago,2024-10-11 11:17:32
40764,Square,SUCCESS,00,580,Desktop,Los Angeles,2024-10-11 11:27:12
40765,AuthorizeNet,SUCCESS,00,476,POS,Dallas,2024-10-11 11:33:15
40766,Stripe,SUCCESS,00,584,POS,Los Angeles,2024-10-11 12:06:09
40767,Stripe,SUCCESS,00,1043,Mobile,Chicago,2024-10-11 12:14:42
40768,AuthorizeNet,SUCCESS,00,514,ATM,New York,2024-10-11 12:29:10
40769,Stripe,SUCCESS,00,457,POS,Chicago,2024-10-11 12:32:50
40770,Square,SUCCESS,00,995,POS,Dallas,2024-10-11 13:05:40
40771,PayPal,SUCCESS,00,654,ATM,New York,2024-10-11 13:44:01
40772,Stripe,SUCCESS,00,328,Desktop,Chicago,2024-10-11 14:28:19
40773,Square,FAILED,05,586,Mobile,Dallas,2024-10-11 15:20:42
40774,Square,SUCCESS,00,1041,POS,Dallas,2024-10-11 16:03:37
40775,Stripe,SUCCESS,00,380,Mobile,Dallas,2024-10-11 16:32:26
40776,PayPal,SUCCESS,00,548,POS,Chicago,2024-10-11 16:45:31
40777,PayPal,SUCCESS,00,494,ATM,Los Angeles,2024-10-11 17:26:24
40778,PayPal,SUCCESS,00,828,Mobile,Dallas,2024-10-11 18:28:14
40779,Square,SUCCESS,00,1182,ATM,Los Angeles,2024-10-11 18:48:30
40780,AuthorizeNet,SUCCESS,00,788,Mobile,Los Angeles,2024-10-11 19:12:40
40781,Square,SUCCESS,00,1209,Desktop,Dallas,2024-10-11 21:47:31
40782,Stripe,SUCCESS,00,988,Mobile,Dallas,2024-10-11 22:10:20
40783,Stripe,SUCCESS,00,1299,ATM,Dallas,2024-10-11 22:16:39
40784,Stripe,SUCCESS,00,1046,ATM,Dallas,2024-10-11 22:53:01
40785,Square,SUCCESS,00,461,Desktop,Chicago,2024-10-11 23:11:12
40786,PayPal,SUCCESS,00,192,POS,Chicago,2024-10-11 23:25:09
40787,PayPal,SUCCESS,00,278,Desktop,Chicago,2024-10-12 01:17:18
40788,AuthorizeNet,SUCCESS,00,1176,Mobile,Los Angeles,2024-10-12 01:22:51
40789,PayPal,SUCCESS,00,1341,Mobile,Dallas,2024-10-12 02:57:14
40790,PayPal,SUCCESS,00,830,Desktop,Dallas,2024-10-12 04:15:37
40791,Stripe,SUCCESS,00,304,Mobile,Chicago,2024-10-12 05:02:40
40792,AuthorizeNet,SUCCESS,00,440,Desktop,Chicago,2024-10-12 05:37:17
40793,AuthorizeNet,SUCCESS,00,663,Desktop,Los Angeles,2024-10-12 05:40:52
40794,Square,SUCCESS,00,1390,POS,Los Angeles,2024-10-12 06:02:29
40795,PayPal,SUCCESS,00,1258,POS,Chicago,2024-10-12 08:47:44
40796,PayPal,SUCCESS,00,1189,Mobile,Dallas,2024-10-12 11:01:09
40797,Square,SUCCESS,00,1131,POS,Dallas,2024-10-12 11:17:08
40798,PayPal,SUCCESS,00,576,POS,Los Angeles,2024-10-12 12:01:26
40799,Square,SUCCESS,00,1060,POS,Dallas,2024-10-12 12:17:09
40800,PayPal,SUCCESS,00,875,Desktop,Chicago,2024-10-12 12:39:31
40801,Stripe,SUCCESS,00,257,ATM,New York,2024-10-12 12:44:08
40802,PayPal,SUCCESS,00,999,POS,Dallas,2024-10-12 12:44:29
40803,Square,SUCCESS,00,330,Desktop,Los Angeles,2024-10-12 13:01:52
40804,Square,SUCCESS,00,1251,Desktop,New York,2024-10-12 13:07:01
40805,PayPal,SUCCESS,00,751,Desktop,Dallas,2024-10-12 13:35:27
40806,PayPal,SUCCESS,00,108,ATM,New York,2024-10-12 14:30:37
40807,PayPal,PENDING,99,731,Desktop,Los Angeles,2024-10-12 15:13:04
40808,PayPal,SUCCESS,00,226,POS,Chicago,2024-10-12 15:59:18
40809,AuthorizeNet,SUCCESS,00,317,Mobile,Chicago,2024-10-12 16:17:29
40810,AuthorizeNet,SUCCESS,00,1386,Desktop,New York,2024-10-12 17:03:39
40811,PayPal,SUCCESS,00,131,Desktop,Dallas,2024-10-12 17:08:53
40812,Square,SUCCESS,00,542,POS,Chicago,2024-10-12 17:14:57
40813,AuthorizeNet,SUCCESS,00,1316,ATM,Los Angeles,2024-10-12 17:37:12
40814,Stripe,SUCCESS,00,888,ATM,New York,2024-10-12 18:21:48
40815,AuthorizeNet,SUCCESS,00,1216,POS,Dallas,2024-10-12 19:59:39
40816,PayPal,SUCCESS,00,332,POS,Dallas,2024-10-12 20:57:06
40817,AuthorizeNet,SUCCESS,00,942,POS,Los Angeles,2024-10-12 20:57:11
40818,AuthorizeNet,SUCCESS,00,345,POS,Dallas,2024-10-12 22:06:22
40819,Stripe,SUCCESS,00,1122,Mobile,Dallas,2024-10-12 22:40:21
40820,Stripe,SUCCESS,00,1194,Desktop,Dallas,2024-10-12 23:05:09
40821,Stripe,SUCCESS,00,598,POS,New York,2024-10-12 23:41:27
40822,Square,FAILED,12,275,ATM,Chicago,2024-10-13 00:09:17
40823,PayPal,FAILED,05,668,Desktop,Chicago,2024-10-13 00:52:42
40824,AuthorizeNet,SUCCESS,00,1405,ATM,Los Angeles,2024-10-13 01:01:43
40825,PayPal,FAILED,05,778,ATM,Chicago,2024-10-13 01:34:46
40826,Stripe,SUCCESS,00,1134,Mobile,New York,2024-10-13 02:04:46
40827,AuthorizeNet,SUCCESS,00,556,Mobile,Chicago,2024-10-13 02:40:33
40828,Stripe,SUCCESS,00,520,Mobile,Los Angeles,2024-10-13 02:48:53
40829,PayPal,SUCCESS,00,536,Desktop,Dallas,2024-10-13 03:31:58
40830,Stripe,SUCCESS,00,555,POS,Dallas,2024-10-13 03:36:04
40831,PayPal,SUCCESS,00,649,Desktop,Dallas,2024-10-13 04:53:20
40832,PayPal,SUCCESS,00,208,ATM,Los Angeles,2024-10-13 04:57:42
40833,PayPal,SUCCESS,00,1031,POS,Dallas,2024-10-13 06:44:22
40834,Stripe,SUCCESS,00,1314,Desktop,New York,2024-10-13 06:59:24
40835,AuthorizeNet,SUCCESS,00,853,ATM,Dallas,2024-10-13 07:25:26
40836,AuthorizeNet,SUCCESS,00,581,ATM,Dallas,2024-10-13 08:20:28
40837,Square,SUCCESS,00,571,Mobile,Los Angeles,2024-10-13 08:55:42
40838,Square,SUCCESS,00,884,POS,Los Angeles,2024-10-13 09:00:47
40839,PayPal,SUCCESS,00,279,ATM,Chicago,2024-10-13 09:00:49
40840,AuthorizeNet,SUCCESS,00,933,POS,Los Angeles,2024-10-13 09:10:53
40841,Stripe,SUCCESS,00,1355,Mobile,Chicago,2024-10-13 09:50:05
40842,Square,SUCCESS,00,481,Mobile,Chicago,2024-10-13 12:02:39
40843,PayPal,SUCCESS,00,1171,POS,Dallas,2024-10-13 13:15:18
40844,PayPal,SUCCESS,00,200,POS,Chicago,2024-10-13 14:47:15
40845,PayPal,SUCCESS,00,1304,POS,New York,2024-10-13 15:02:28
40846,PayPal,SUCCESS,00,712,ATM,Los Angeles,2024-10-13 15:11:18
40847,Stripe,SUCCESS,00,472,Desktop,Chicago,2024-10-13 15:37:54
40848,PayPal,SUCCESS,00,1220,ATM,Los Angeles,2024-10-13 16:23:55
40849,Square,SUCCESS,00,1417,Desktop,Chicago,2024-10-13 16:38:20
40850,Stripe,SUCCESS,00,271,Mobile,Chicago,2024-10-13 17:45:52
40851,PayPal,SUCCESS,00,846,ATM,Dallas,2024-10-13 17:48:48
40852,Square,SUCCESS,00,483,Desktop,New York,2024-10-13 18:14:18
40853,AuthorizeNet,SUCCESS,00,1099,Mobile,New York,2024-10-13 18:16:51
40854,Stripe,SUCCESS,00,1125,Desktop,Dallas,2024-10-13 18:35:08
40855,Square,SUCCESS,00,324,POS,Dallas,2024-10-13 18:41:53
40856,PayPal,SUCCESS,00,1107,ATM,New York,2024-10-13 19:01:06
40857,AuthorizeNet,SUCCESS,00,838,POS,New York,2024-10-13 19:01:36
40858,Square,SUCCESS,00,268,Mobile,Dallas,2024-10-13 19:18:15
40859,PayPal,SUCCESS,00,322,ATM,Los Angeles,2024-10-13 19:53:28
40860,PayPal,SUCCESS,00,215,Desktop,Dallas,2024-10-13 21:10:45
40861,PayPal,SUCCESS,00,472,Mobile,Dallas,2024-10-13 22:24:50
40862,PayPal,SUCCESS,00,1370,Mobile,Chicago,2024-10-13 22:37:32
40863,PayPal,SUCCESS,00,387,POS,Chicago,2024-10-13 23:09:23
40864,PayPal,SUCCESS,00,1306,Mobile,Los Angeles,2024-10-13 23:28:08
40865,AuthorizeNet,SUCCESS,00,1313,ATM,Dallas,2024-10-14 00:17:22
40866,Square,SUCCESS,00,607,POS,Dallas,2024-10-14 00:21:08
40867,PayPal,SUCCESS,00,748,Desktop,Dallas,2024-10-14 01:04:20
40868,Stripe,SUCCESS,00,852,Desktop,Los Angeles,2024-10-14 01:16:47
40869,PayPal,SUCCESS,00,781,Mobile,New York,2024-10-14 01:43:24
40870,PayPal,SUCCESS,00,1222,POS,New York,2024-10-14 02:13:21
40871,Square,SUCCESS,00,843,POS,Dallas,2024-10-14 02:48:57
40872,PayPal,SUCCESS,00,870,POS,New York,2024-10-14 03:39:55
40873,Square,SUCCESS,00,250,Desktop,Dallas,2024-10-14 03:42:19
40874,Stripe,SUCCESS,00,785,POS,Los Angeles,2024-10-14 03:54:26
40875,PayPal,SUCCESS,00,680,ATM,Los Angeles,2024-10-14 03:55:58
40876,Square,SUCCESS,00,115,ATM,Chicago,2024-10-14 04:19:18
40877,AuthorizeNet,SUCCESS,00,295,POS,New York,2024-10-14 04:54:30
40878,Square,FAILED,12,713,ATM,New York,2024-10-14 04:57:26
40879,AuthorizeNet,SUCCESS,00,949,Mobile,Dallas,2024-10-14 05:49:56
40880,AuthorizeNet,SUCCESS,00,533,ATM,Chicago,2024-10-14 06:13:04
40881,Stripe,SUCCESS,00,939,ATM,Los Angeles,2024-10-14 06:36:23
40882,PayPal,PENDING,99,1394,ATM,Los Angeles,2024-10-14 07:32:58
40883,Square,SUCCESS,00,707,Desktop,Chicago,2024-10-14 08:01:15
40884,PayPal,SUCCESS,00,1075,Mobile,Chicago,2024-10-14 09:07:40
40885,Stripe,SUCCESS,00,1368,Desktop,Los Angeles,2024-10-14 09:19:14
40886,AuthorizeNet,SUCCESS,00,643,POS,New York,2024-10-14 10:23:28
40887,Stripe,SUCCESS,00,1331,POS,Los Angeles,2024-10-14 11:03:21
40888,AuthorizeNet,SUCCESS,00,1221,ATM,Los Angeles,2024-10-14 11:05:20
40889,AuthorizeNet,SUCCESS,00,570,ATM,Dallas,2024-10-14 11:51:18
40890,Stripe,SUCCESS,00,499,POS,New York,2024-10-14 12:49:00
40891,Square,SUCCESS,00,722,Desktop,Dallas,2024-10-14 14:13:59
40892,PayPal,SUCCESS,00,783,Mobile,Chicago,2024-10-14 15:02:37
40893,Square,SUCCESS,00,103,Mobile,Los Angeles,2024-10-14 15:11:48
40894,Square,SUCCESS,00,786,ATM,Los Angeles,2024-10-14 15:36:42
40895,AuthorizeNet,SUCCESS,00,1184,Desktop,Los Angeles,2024-10-14 15:39:19
40896,Stripe,SUCCESS,00,1318,Mobile,New York,2024-10-14 15:52:19
40897,AuthorizeNet,FAILED,05,1041,Desktop,Dallas,2024-10-14 15:58:09
40898,AuthorizeNet,FAILED,12,575,Desktop,New York,2024-10-14 16:05:49
40899,Stripe,SUCCESS,00,542,Desktop,Chicago,2024-10-14 16:25:31
40900,PayPal,SUCCESS,00,716,ATM,Los Angeles,2024-10-14 16:48:17
40901,AuthorizeNet,SUCCESS,00,101,Mobile,Chicago,2024-10-14 17:19:58
40902,PayPal,SUCCESS,00,203,Desktop,Dallas,2024-10-14 18:38:27
40903,AuthorizeNet,SUCCESS,00,422,POS,Dallas,2024-10-14 18:50:12
40904,Square,SUCCESS,00,552,Mobile,Chicago,2024-10-14 19:46:03
40905,Square,SUCCESS,00,1266,Desktop,New York,2024-10-14 20:01:10
40906,AuthorizeNet,SUCCESS,00,1062,Desktop,Chicago,2024-10-14 20:13:50
40907,PayPal,SUCCESS,00,1149,Mobile,Los Angeles,2024-10-14 20:31:49
40908,Stripe,SUCCESS,00,145,Mobile,Dallas,2024-10-14 21:20:58
40909,Stripe,SUCCESS,00,122,POS,Los Angeles,2024-10-14 23:14:34
40910,AuthorizeNet,SUCCESS,00,1266,ATM,Los Angeles,2024-10-15 00:49:03
40911,Square,SUCCESS,00,1395,ATM,Los Angeles,2024-10-15 01:02:42
40912,Stripe,SUCCESS,00,108,ATM,New York,2024-10-15 01:42:17
40913,PayPal,SUCCESS,00,681,ATM,Chicago,2024-10-15 03:11:50
40914,AuthorizeNet,SUCCESS,00,240,ATM,Chicago,2024-10-15 03:19:19
40915,Stripe,SUCCESS,00,1228,Mobile,Chicago,2024-10-15 03:56:25
40916,Square,SUCCESS,00,443,Mobile,Chicago,2024-10-15 04:41:37
40917,AuthorizeNet,SUCCESS,00,161,ATM,Dallas,2024-10-15 06:22:39
40918,PayPal,SUCCESS,00,801,Desktop,Dallas,2024-10-15 06:40:10
40919,PayPal,SUCCESS,00,541,Desktop,Los Angeles,2024-10-15 06:56:23
40920,AuthorizeNet,SUCCESS,00,817,POS,Chicago,2024-10-15 07:07:42
40921,PayPal,SUCCESS,00,272,ATM,New York,2024-10-15 08:20:25
40922,AuthorizeNet,SUCCESS,00,592,POS,Chicago,2024-10-15 08:24:43
40923,PayPal,FAILED,05,932,Mobile,Dallas,2024-10-15 09:32:53
40924,Square,SUCCESS,00,1024,Desktop,Chicago,2024-10-15 13:22:54
40925,AuthorizeNet,SUCCESS,00,480,POS,New York,2024-10-15 13:44:13
40926,PayPal,SUCCESS,00,1330,Mobile,Chicago,2024-10-15 13:49:12
40927,Square,SUCCESS,00,249,Mobile,Chicago,2024-10-15 14:21:07
40928,PayPal,SUCCESS,00,1180,Mobile,Chicago,2024-10-15 14:46:14
40929,AuthorizeNet,SUCCESS,00,820,ATM,New York,2024-10-15 15:34:09
40930,Square,FAILED,12,1137,ATM,New York,2024-10-15 16:02:35
40931,AuthorizeNet,SUCCESS,00,1013,ATM,Chicago,2024-10-15 16:32:23
40932,Stripe,FAILED,12,1484,POS,New York,2024-10-15 18:33:11
40933,AuthorizeNet,SUCCESS,00,1275,Mobile,Los Angeles,2024-10-15 23:27:34
40934,PayPal,SUCCESS,00,1304,Mobile,Los Angeles,2024-10-16 00:48:07
40935,AuthorizeNet,SUCCESS,00,823,Mobile,Chicago,2024-10-16 01:52:04
40936,PayPal,SUCCESS,00,397,Desktop,Dallas,2024-10-16 02:54:09
40937,Stripe,FAILED,05,969,Desktop,New York,2024-10-16 04:11:21
40938,AuthorizeNet,SUCCESS,00,662,Desktop,Chicago,2024-10-16 04:40:30
40939,AuthorizeNet,SUCCESS,00,1262,POS,Los Angeles,2024-10-16 05:17:06
40940,Square,SUCCESS,00,845,ATM,New York,2024-10-16 05:18:43
40941,PayPal,SUCCESS,00,636,ATM,New York,2024-10-16 05:59:25
40942,AuthorizeNet,SUCCESS,00,1021,POS,Chicago,2024-10-16 06:09:45
40943,AuthorizeNet,SUCCESS,00,807,Desktop,Dallas,2024-10-16 06:09:48
40944,PayPal,SUCCESS,00,1402,POS,Los Angeles,2024-10-16 06:44:47
40945,Stripe,SUCCESS,00,800,POS,Chicago,2024-10-16 07:15:23
40946,AuthorizeNet,SUCCESS,00,464,Desktop,Los Angeles,2024-10-16 07:20:37
40947,PayPal,SUCCESS,00,1435,POS,Chicago,2024-10-16 08:06:33
40948,Stripe,SUCCESS,00,130,POS,New York,2024-10-16 08:17:17
40949,Square,SUCCESS,00,300,Desktop,New York,2024-10-16 09:32:44
40950,AuthorizeNet,SUCCESS,00,1218,ATM,Los Angeles,2024-10-16 10:27:23
40951,PayPal,SUCCESS,00,1226,Desktop,Dallas,2024-10-16 10:30:45
40952,Square,FAILED,12,1388,Desktop,Chicago,2024-10-16 10:35:10
40953,AuthorizeNet,SUCCESS,00,1020,ATM,New York,2024-10-16 11:09:25
40954,PayPal,SUCCESS,00,1453,Desktop,New York,2024-10-16 12:48:30
40955,Square,SUCCESS,00,867,Desktop,Chicago,2024-10-16 14:47:47
40956,Square,FAILED,12,372,POS,Chicago,2024-10-16 14:49:08
40957,PayPal,SUCCESS,00,1422,Desktop,New York,2024-10-16 14:52:19
40958,Stripe,SUCCESS,00,629,Mobile,Dallas,2024-10-16 15:14:54
40959,Square,SUCCESS,00,1327,Desktop,Dallas,2024-10-16 17:46:47
40960,Stripe,SUCCESS,00,558,Desktop,Dallas,2024-10-16 18:29:55
40961,AuthorizeNet,SUCCESS,00,1386,Mobile,Chicago,2024-10-16 18:56:34
40962,Stripe,SUCCESS,00,1115,ATM,Chicago,2024-10-16 19:13:38
40963,AuthorizeNet,SUCCESS,00,1265,POS,New York,2024-10-16 19:25:41
40964,AuthorizeNet,SUCCESS,00,647,POS,Dallas,2024-10-16 19:36:48
40965,AuthorizeNet,SUCCESS,00,977,ATM,Dallas,2024-10-16 20:16:17
40966,PayPal,SUCCESS,00,1091,POS,New York,2024-10-16 20:33:57
40967,PayPal,SUCCESS,00,810,POS,Dallas,2024-10-16 21:46:46
40968,Stripe,SUCCESS,00,698,ATM,Dallas,2024-10-16 21:46:52
40969,Square,SUCCESS,00,409,ATM,New York,2024-10-16 22:16:25
40970,PayPal,SUCCESS,00,271,Desktop,Dallas,2024-10-16 22:24:30
40971,Stripe,PENDING,99,710,Desktop,Dallas,2024-10-16 22:29:59
40972,Stripe,SUCCESS,00,339,POS,Dallas,2024-10-16 23:35:24
40973,PayPal,SUCCESS,00,1310,Desktop,Chicago,2024-10-16 23:39:01
40974,Square,SUCCESS,00,1320,ATM,Dallas,2024-10-17 00:11:42
40975,AuthorizeNet,SUCCESS,00,948,POS,New York,2024-10-17 00:55:39
40976,Square,FAILED,12,891,ATM,New York,2024-10-17 01:02:14
40977,AuthorizeNet,SUCCESS,00,978,Desktop,New York,2024-10-17 01:34:46
40978,Stripe,SUCCESS,00,636,ATM,Dallas,2024-10-17 01:46:39
40979,PayPal,SUCCESS,00,1136,Mobile,Chicago,2024-10-17 02:49:34
40980,AuthorizeNet,SUCCESS,00,1219,ATM,New York,2024-10-17 04:19:02
40981,PayPal,FAILED,05,681,ATM,New York,2024-10-17 04:21:20
40982,AuthorizeNet,SUCCESS,00,1422,Desktop,New York,2024-10-17 04:34:37
40983,Stripe,SUCCESS,00,567,POS,Chicago,2024-10-17 04:58:13
40984,Stripe,SUCCESS,00,545,ATM,Dallas,2024-10-17 06:41:01
40985,Square,SUCCESS,00,698,Desktop,Dallas,2024-10-17 07:47:25
40986,AuthorizeNet,SUCCESS,00,1388,POS,Chicago,2024-10-17 07:48:14
40987,Stripe,SUCCESS,00,1093,Desktop,Dallas,2024-10-17 08:49:06
40988,AuthorizeNet,SUCCESS,00,244,Desktop,New York,2024-10-17 09:38:19
40989,AuthorizeNet,SUCCESS,00,444,POS,Chicago,2024-10-17 10:16:51
40990,Stripe,SUCCESS,00,1287,Desktop,Los Angeles,2024-10-17 10:25:24
40991,Square,SUCCESS,00,1071,ATM,New York,2024-10-17 11:01:32
40992,AuthorizeNet,SUCCESS,00,983,POS,Dallas,2024-10-17 11:10:04
40993,AuthorizeNet,SUCCESS,00,1238,Desktop,Los Angeles,2024-10-17 11:23:26
40994,Stripe,SUCCESS,00,868,Mobile,Los Angeles,2024-10-17 11:48:44
40995,PayPal,SUCCESS,00,1122,Mobile,Chicago,2024-10-17 13:04:49
40996,AuthorizeNet,SUCCESS,00,445,Desktop,Dallas,2024-10-17 14:04:18
40997,Stripe,SUCCESS,00,1209,ATM,Chicago,2024-10-17 14:09:36
40998,Stripe,SUCCESS,00,585,POS,New York,2024-10-17 14:30:34
40999,PayPal,SUCCESS,00,1373,Desktop,Dallas,2024-10-17 15:27:36
41000,Square,SUCCESS,00,351,Desktop,Chicago,2024-10-17 16:21:39
41001,Square,SUCCESS,00,198,Mobile,Los Angeles,2024-10-17 17:47:27
41002,Square,FAILED,12,784,Desktop,New York,2024-10-17 18:23:22
41003,PayPal,SUCCESS,00,576,POS,Los Angeles,2024-10-17 20:06:18
41004,Square,SUCCESS,00,496,ATM,New York,2024-10-17 20:29:12
41005,AuthorizeNet,SUCCESS,00,101,Desktop,New York,2024-10-17 20:55:49
41006,Square,SUCCESS,00,377,POS,Dallas,2024-10-17 21:58:03
41007,PayPal,SUCCESS,00,1186,Mobile,Chicago,2024-10-17 22:25:56
41008,AuthorizeNet,SUCCESS,00,1448,Desktop,New York,2024-10-17 23:36:11
41009,Stripe,SUCCESS,00,229,POS,Dallas,2024-10-18 00:03:52
41010,PayPal,SUCCESS,00,550,Mobile,New York,2024-10-18 00:05:04
41011,Square,SUCCESS,00,768,POS,Dallas,2024-10-18 01:01:23
41012,PayPal,SUCCESS,00,1076,ATM,Dallas,2024-10-18 01:22:58
41013,AuthorizeNet,SUCCESS,00,816,Desktop,Chicago,2024-10-18 02:01:37
41014,Stripe,SUCCESS,00,890,Mobile,Dallas,2024-10-18 02:27:51
41015,Square,SUCCESS,00,421,Mobile,Chicago,2024-10-18 03:39:16
41016,PayPal,SUCCESS,00,892,Mobile,New York,2024-10-18 05:00:10
41017,Stripe,SUCCESS,00,554,Mobile,Dallas,2024-10-18 05:16:27
41018,PayPal,SUCCESS,00,488,POS,Los Angeles,2024-10-18 07:39:19
41019,PayPal,SUCCESS,00,521,Desktop,New York,2024-10-18 10:39:41
41020,AuthorizeNet,SUCCESS,00,1340,Desktop,Los Angeles,2024-10-18 11:04:37
41021,Square,SUCCESS,00,1125,Mobile,New York,2024-10-18 11:42:10
41022,AuthorizeNet,SUCCESS,00,291,Mobile,Los Angeles,2024-10-18 12:16:05
41023,AuthorizeNet,SUCCESS,00,1107,ATM,Chicago,2024-10-18 12:22:18
41024,AuthorizeNet,SUCCESS,00,294,Desktop,New York,2024-10-18 12:27:41
41025,PayPal,SUCCESS,00,240,Mobile,Dallas,2024-10-18 13:23:09
41026,Square,SUCCESS,00,1432,Mobile,Los Angeles,2024-10-18 13:35:54
41027,Stripe,SUCCESS,00,783,Desktop,Chicago,2024-10-18 14:43:55
41028,Stripe,SUCCESS,00,1484,Mobile,Chicago,2024-10-18 14:54:41
41029,AuthorizeNet,SUCCESS,00,699,Mobile,Dallas,2024-10-18 15:17:33
41030,AuthorizeNet,FAILED,12,293,Mobile,Chicago,2024-10-18 15:51:21
41031,AuthorizeNet,SUCCESS,00,1246,Desktop,Los Angeles,2024-10-18 15:59:47
41032,Square,SUCCESS,00,1086,Desktop,Los Angeles,2024-10-18 16:08:40
41033,Square,SUCCESS,00,1405,Mobile,Dallas,2024-10-18 19:42:12
41034,AuthorizeNet,SUCCESS,00,966,ATM,Los Angeles,2024-10-18 20:00:04
41035,PayPal,SUCCESS,00,490,ATM,Chicago,2024-10-18 20:04:52
41036,AuthorizeNet,SUCCESS,00,123,POS,New York,2024-10-18 20:19:31
41037,Square,SUCCESS,00,370,ATM,Chicago,2024-10-18 20:23:25
41038,Square,SUCCESS,00,434,Desktop,Dallas,2024-10-18 21:03:04
41039,AuthorizeNet,SUCCESS,00,989,Desktop,Chicago,2024-10-18 22:53:31
41040,Stripe,SUCCESS,00,591,Desktop,Chicago,2024-10-18 23:23:53
41041,Square,SUCCESS,00,763,Mobile,Los Angeles,2024-10-19 00:05:11
41042,AuthorizeNet,SUCCESS,00,100,Desktop,Chicago,2024-10-19 01:19:07
41043,AuthorizeNet,SUCCESS,00,628,Desktop,Los Angeles,2024-10-19 01:28:58
41044,AuthorizeNet,SUCCESS,00,719,Desktop,New York,2024-10-19 01:40:28
41045,Square,SUCCESS,00,1364,Desktop,Chicago,2024-10-19 02:28:40
41046,AuthorizeNet,SUCCESS,00,438,Mobile,Dallas,2024-10-19 02:46:48
41047,AuthorizeNet,SUCCESS,00,632,Mobile,Los Angeles,2024-10-19 03:41:41
41048,PayPal,SUCCESS,00,470,Mobile,Chicago,2024-10-19 04:30:10
41049,AuthorizeNet,SUCCESS,00,129,ATM,Los Angeles,2024-10-19 07:37:25
41050,Square,SUCCESS,00,1418,Desktop,New York,2024-10-19 08:21:04
41051,AuthorizeNet,SUCCESS,00,882,Mobile,Chicago,2024-10-19 08:43:20
41052,AuthorizeNet,SUCCESS,00,1410,POS,New York,2024-10-19 09:51:16
41053,AuthorizeNet,SUCCESS,00,108,ATM,Chicago,2024-10-19 11:23:44
41054,Square,SUCCESS,00,245,POS,Chicago,2024-10-19 12:27:20
41055,Square,SUCCESS,00,824,ATM,Los Angeles,2024-10-19 12:37:14
41056,PayPal,SUCCESS,00,1108,Desktop,New York,2024-10-19 12:38:01
41057,AuthorizeNet,SUCCESS,00,662,Desktop,Chicago,2024-10-19 12:41:23
41058,AuthorizeNet,SUCCESS,00,1201,Mobile,Los Angeles,2024-10-19 13:06:23
41059,Stripe,PENDING,99,618,ATM,Los Angeles,2024-10-19 13:44:44
41060,AuthorizeNet,SUCCESS,00,1460,Mobile,Dallas,2024-10-19 14:53:16
41061,Stripe,SUCCESS,00,1261,ATM,Chicago,2024-10-19 15:09:00
41062,AuthorizeNet,SUCCESS,00,979,ATM,New York,2024-10-19 16:27:56
41063,PayPal,SUCCESS,00,560,Mobile,Dallas,2024-10-19 16:36:27
41064,Square,SUCCESS,00,757,POS,Chicago,2024-10-19 17:35:36
41065,AuthorizeNet,SUCCESS,00,999,ATM,New York,2024-10-19 18:24:14
41066,Stripe,SUCCESS,00,1281,POS,Los Angeles,2024-10-19 18:49:47
41067,Stripe,SUCCESS,00,922,Desktop,Chicago,2024-10-19 19:42:43
41068,Stripe,SUCCESS,00,532,Mobile,Chicago,2024-10-19 19:56:34
41069,AuthorizeNet,SUCCESS,00,329,Mobile,Los Angeles,2024-10-19 19:56:34
41070,Square,SUCCESS,00,1121,ATM,Dallas,2024-10-19 19:59:20
41071,AuthorizeNet,SUCCESS,00,1496,POS,Dallas,2024-10-19 20:49:46
41072,Square,SUCCESS,00,144,ATM,Chicago,2024-10-19 20:52:58
41073,Stripe,SUCCESS,00,877,Desktop,Dallas,2024-10-19 21:00:29
41074,PayPal,SUCCESS,00,239,Mobile,Dallas,2024-10-19 21:10:35
41075,PayPal,SUCCESS,00,1442,Mobile,Chicago,2024-10-19 21:17:49
41076,AuthorizeNet,SUCCESS,00,390,POS,Dallas,2024-10-19 21:42:31
41077,PayPal,SUCCESS,00,894,Desktop,Los Angeles,2024-10-19 21:46:27
41078,Square,SUCCESS,00,1251,ATM,Los Angeles,2024-10-19 21:53:14
41079,AuthorizeNet,SUCCESS,00,1379,POS,Dallas,2024-10-19 22:49:17
41080,AuthorizeNet,SUCCESS,00,545,Mobile,Los Angeles,2024-10-19 23:51:02
41081,Stripe,SUCCESS,00,673,Desktop,Los Angeles,2024-10-20 02:25:40
41082,Stripe,SUCCESS,00,1254,ATM,New York,2024-10-20 02:37:43
41083,Stripe,SUCCESS,00,1406,POS,Los Angeles,2024-10-20 03:26:57
41084,Stripe,SUCCESS,00,1332,POS,Los Angeles,2024-10-20 03:30:23
41085,Square,SUCCESS,00,790,Mobile,Los Angeles,2024-10-20 03:47:17
41086,Stripe,SUCCESS,00,515,Desktop,Dallas,2024-10-20 04:01:56
41087,Square,SUCCESS,00,1012,Desktop,Los Angeles,2024-10-20 05:42:15
41088,Stripe,SUCCESS,00,818,Mobile,Los Angeles,2024-10-20 06:01:22
41089,Stripe,FAILED,05,1104,ATM,Los Angeles,2024-10-20 06:42:17
41090,PayPal,SUCCESS,00,735,Mobile,Los Angeles,2024-10-20 06:47:13
41091,Stripe,SUCCESS,00,1409,ATM,Dallas,2024-10-20 08:03:54
41092,Stripe,SUCCESS,00,943,Mobile,Los Angeles,2024-10-20 08:41:29
41093,AuthorizeNet,SUCCESS,00,450,POS,Dallas,2024-10-20 08:41:35
41094,AuthorizeNet,SUCCESS,00,461,Desktop,New York,2024-10-20 09:11:18
41095,AuthorizeNet,SUCCESS,00,1311,POS,New York,2024-10-20 09:12:22
41096,Square,SUCCESS,00,192,ATM,New York,2024-10-20 09:46:02
41097,Square,SUCCESS,00,860,POS,New York,2024-10-20 10:06:36
41098,Square,SUCCESS,00,607,Mobile,New York,2024-10-20 10:29:41
41099,Stripe,SUCCESS,00,500,ATM,Dallas,2024-10-20 10:53:21
41100,Stripe,SUCCESS,00,1266,Mobile,Dallas,2024-10-20 11:43:43
41101,PayPal,SUCCESS,00,1261,Mobile,Chicago,2024-10-20 12:05:36
41102,AuthorizeNet,SUCCESS,00,482,Mobile,New York,2024-10-20 12:44:25
41103,AuthorizeNet,SUCCESS,00,1194,POS,Chicago,2024-10-20 13:57:11
41104,AuthorizeNet,SUCCESS,00,747,Mobile,Los Angeles,2024-10-20 15:17:02
41105,PayPal,SUCCESS,00,789,Mobile,Chicago,2024-10-20 16:33:04
41106,PayPal,SUCCESS,00,179,ATM,Dallas,2024-10-20 17:18:14
41107,Stripe,SUCCESS,00,101,POS,Dallas,2024-10-20 17:52:23
41108,AuthorizeNet,SUCCESS,00,1034,Mobile,New York,2024-10-20 18:32:39
41109,PayPal,SUCCESS,00,462,ATM,Chicago,2024-10-20 20:10:32
41110,Stripe,SUCCESS,00,1279,POS,Chicago,2024-10-20 21:33:04
41111,Stripe,SUCCESS,00,1046,POS,New York,2024-10-20 21:50:53
41112,PayPal,SUCCESS,00,1455,ATM,New York,2024-10-20 22:48:53
41113,Square,SUCCESS,00,597,ATM,Chicago,2024-10-20 23:13:30
41114,Stripe,SUCCESS,00,691,Mobile,Chicago,2024-10-21 00:47:32
41115,AuthorizeNet,SUCCESS,00,1232,Mobile,Chicago,2024-10-21 01:57:45
41116,Stripe,SUCCESS,00,904,Mobile,Dallas,2024-10-21 02:29:58
41117,PayPal,SUCCESS,00,748,ATM,Chicago,2024-10-21 03:46:34
41118,Stripe,SUCCESS,00,1230,Desktop,Dallas,2024-10-21 04:18:40
41119,Square,SUCCESS,00,618,Mobile,Chicago,2024-10-21 04:26:16
41120,PayPal,SUCCESS,00,405,Mobile,Dallas,2024-10-21 04:46:09
41121,Stripe,SUCCESS,00,1029,POS,Chicago,2024-10-21 04:56:26
41122,Square,SUCCESS,00,1274,ATM,Chicago,2024-10-21 05:15:41
41123,AuthorizeNet,SUCCESS,00,1105,Mobile,New York,2024-10-21 05:24:17
41124,AuthorizeNet,FAILED,12,1331,Mobile,New York,2024-10-21 06:08:52
41125,Stripe,SUCCESS,00,877,POS,Los Angeles,2024-10-21 07:33:11
41126,PayPal,SUCCESS,00,1416,Mobile,New York,2024-10-21 08:47:49
41127,AuthorizeNet,SUCCESS,00,1021,POS,Chicago,2024-10-21 09:19:04
41128,Square,SUCCESS,00,872,POS,New York,2024-10-21 09:21:45
41129,PayPal,SUCCESS,00,102,Mobile,New York,2024-10-21 09:43:40
41130,Stripe,SUCCESS,00,107,ATM,Dallas,2024-10-21 10:18:43
41131,PayPal,SUCCESS,00,674,Mobile,New York,2024-10-21 10:20:53
41132,AuthorizeNet,SUCCESS,00,883,Desktop,Dallas,2024-10-21 10:32:30
41133,Square,SUCCESS,00,1009,Desktop,Los Angeles,2024-10-21 10:46:14
41134,PayPal,SUCCESS,00,269,ATM,Chicago,2024-10-21 10:57:13
41135,AuthorizeNet,SUCCESS,00,1137,ATM,Los Angeles,2024-10-21 11:25:30
41136,PayPal,SUCCESS,00,712,Desktop,Los Angeles,2024-10-21 11:36:29
41137,AuthorizeNet,PENDING,99,1296,Mobile,Dallas,2024-10-21 12:57:38
41138,Square,SUCCESS,00,1171,POS,Dallas,2024-10-21 13:37:43
41139,Stripe,SUCCESS,00,398,ATM,New York,2024-10-21 13:42:27
41140,AuthorizeNet,SUCCESS,00,555,Mobile,Chicago,2024-10-21 14:06:02
41141,Square,SUCCESS,00,933,Mobile,Los Angeles,2024-10-21 14:23:57
41142,AuthorizeNet,SUCCESS,00,1354,Desktop,New York,2024-10-21 14:58:23
41143,PayPal,SUCCESS,00,1293,POS,Los Angeles,2024-10-21 15:12:12
41144,Square,PENDING,99,281,POS,Chicago,2024-10-21 15:23:29
41145,PayPal,SUCCESS,00,545,POS,Dallas,2024-10-21 15:42:30
41146,PayPal,SUCCESS,00,713,Mobile,Los Angeles,2024-10-21 15:46:01
41147,Square,FAILED,05,580,Mobile,New York,2024-10-21 16:03:34
41148,AuthorizeNet,SUCCESS,00,1194,Desktop,Los Angeles,2024-10-21 17:38:13
41149,Stripe,SUCCESS,00,1315,POS,Chicago,2024-10-21 17:42:40
41150,Square,SUCCESS,00,355,Desktop,Chicago,2024-10-21 17:54:04
41151,Stripe,FAILED,05,248,POS,Los Angeles,2024-10-21 19:34:05
41152,Square,SUCCESS,00,327,Mobile,New York,2024-10-21 20:06:12
41153,Square,SUCCESS,00,1074,ATM,New York,2024-10-21 20:07:03
41154,Stripe,SUCCESS,00,524,POS,Chicago,2024-10-21 20:16:04
41155,AuthorizeNet,SUCCESS,00,1192,Desktop,Los Angeles,2024-10-21 20:31:05
41156,AuthorizeNet,SUCCESS,00,158,ATM,Los Angeles,2024-10-21 21:47:28
41157,AuthorizeNet,SUCCESS,00,1101,Desktop,Los Angeles,2024-10-21 23:06:40
41158,Stripe,SUCCESS,00,599,Desktop,New York,2024-10-22 00:27:51
41159,Square,SUCCESS,00,405,ATM,Chicago,2024-10-22 01:20:42
41160,Square,SUCCESS,00,969,ATM,Los Angeles,2024-10-22 01:59:39
41161,PayPal,SUCCESS,00,422,Mobile,Dallas,2024-10-22 02:07:02
41162,PayPal,SUCCESS,00,1238,ATM,New York,2024-10-22 02:45:07
41163,PayPal,SUCCESS,00,760,POS,Chicago,2024-10-22 03:23:58
41164,PayPal,SUCCESS,00,758,Desktop,Dallas,2024-10-22 03:29:29
41165,Square,SUCCESS,00,1478,ATM,New York,2024-10-22 03:37:02
41166,AuthorizeNet,FAILED,12,105,POS,New York,2024-10-22 05:14:27
41167,PayPal,SUCCESS,00,474,ATM,New York,2024-10-22 05:42:03
41168,Square,SUCCESS,00,1304,Desktop,New York,2024-10-22 07:02:44
41169,Stripe,SUCCESS,00,185,POS,Chicago,2024-10-22 07:08:44
41170,Square,SUCCESS,00,1480,ATM,Chicago,2024-10-22 07:28:40
41171,PayPal,SUCCESS,00,806,Desktop,New York,2024-10-22 08:16:08
41172,Square,SUCCESS,00,496,ATM,Los Angeles,2024-10-22 10:12:41
41173,AuthorizeNet,SUCCESS,00,1076,ATM,Los Angeles,2024-10-22 10:36:45
41174,Stripe,SUCCESS,00,799,ATM,New York,2024-10-22 10:56:12
41175,Stripe,SUCCESS,00,732,ATM,New York,2024-10-22 12:02:17
41176,Stripe,SUCCESS,00,195,Desktop,Chicago,2024-10-22 12:35:19
41177,Square,SUCCESS,00,673,Desktop,New York,2024-10-22 12:38:07
41178,PayPal,SUCCESS,00,861,Mobile,Chicago,2024-10-22 13:45:09
41179,Stripe,SUCCESS,00,365,ATM,Dallas,2024-10-22 14:24:56
41180,PayPal,FAILED,12,208,Mobile,Chicago,2024-10-22 16:55:42
41181,Stripe,SUCCESS,00,884,ATM,Los Angeles,2024-10-22 16:56:57
41182,Stripe,SUCCESS,00,268,ATM,Los Angeles,2024-10-22 17:13:40
41183,Stripe,SUCCESS,00,308,Desktop,Chicago,2024-10-22 17:48:19
41184,Stripe,SUCCESS,00,894,POS,Chicago,2024-10-22 18:21:48
41185,AuthorizeNet,SUCCESS,00,1139,Mobile,Chicago,2024-10-22 18:42:39
41186,PayPal,SUCCESS,00,923,POS,Chicago,2024-10-22 19:10:41
41187,Square,SUCCESS,00,556,Mobile,New York,2024-10-22 19:49:47
41188,Stripe,SUCCESS,00,269,POS,Chicago,2024-10-22 20:33:18
41189,Stripe,FAILED,05,581,POS,New York,2024-10-22 21:32:41
41190,AuthorizeNet,SUCCESS,00,1223,Desktop,Chicago,2024-10-22 21:54:07
41191,PayPal,SUCCESS,00,1490,ATM,Dallas,2024-10-22 22:30:05
41192,Square,SUCCESS,00,579,ATM,Chicago,2024-10-22 22:34:35
41193,Stripe,SUCCESS,00,571,POS,New York,2024-10-22 22:46:45
41194,Stripe,SUCCESS,00,813,Desktop,New York,2024-10-23 00:05:55
41195,AuthorizeNet,SUCCESS,00,1383,ATM,Dallas,2024-10-23 01:51:30
41196,Square,SUCCESS,00,1178,Desktop,Los Angeles,2024-10-23 02:14:45
41197,Square,SUCCESS,00,287,Desktop,New York,2024-10-23 02:35:14
41198,Square,SUCCESS,00,823,Mobile,Chicago,2024-10-23 03:54:11
41199,Stripe,SUCCESS,00,1250,ATM,Los Angeles,2024-10-23 04:09:00
41200,Stripe,SUCCESS,00,561,ATM,Chicago,2024-10-23 04:17:28
41201,Square,SUCCESS,00,1132,Mobile,Los Angeles,2024-10-23 04:46:28
41202,AuthorizeNet,SUCCESS,00,848,Mobile,Los Angeles,2024-10-23 05:10:08
41203,Stripe,SUCCESS,00,1333,POS,New York,2024-10-23 05:29:08
41204,PayPal,SUCCESS,00,148,POS,Los Angeles,2024-10-23 05:34:52
41205,PayPal,SUCCESS,00,301,Mobile,New York,2024-10-23 06:08:16
41206,Stripe,FAILED,12,259,Desktop,New York,2024-10-23 06:17:14
41207,Square,SUCCESS,00,486,ATM,Dallas,2024-10-23 06:36:10
41208,AuthorizeNet,SUCCESS,00,640,ATM,Los Angeles,2024-10-23 06:40:13
41209,Stripe,SUCCESS,00,186,Mobile,Los Angeles,2024-10-23 06:41:38
41210,Square,SUCCESS,00,235,Mobile,Chicago,2024-10-23 07:33:16
41211,AuthorizeNet,SUCCESS,00,1450,Mobile,New York,2024-10-23 07:54:35
41212,PayPal,SUCCESS,00,1354,ATM,New York,2024-10-23 08:39:06
41213,Square,SUCCESS,00,542,ATM,Chicago,2024-10-23 08:48:38
41214,AuthorizeNet,SUCCESS,00,788,Mobile,Chicago,2024-10-23 09:06:02
41215,AuthorizeNet,SUCCESS,00,984,Mobile,Los Angeles,2024-10-23 09:08:03
41216,PayPal,SUCCESS,00,974,ATM,New York,2024-10-23 09:25:34
41217,PayPal,SUCCESS,00,1000,ATM,Los Angeles,2024-10-23 09:52:48
41218,PayPal,SUCCESS,00,1413,Mobile,Dallas,2024-10-23 10:26:09
41219,AuthorizeNet,SUCCESS,00,1071,Desktop,New York,2024-10-23 11:07:46
41220,PayPal,SUCCESS,00,637,Mobile,Dallas,2024-10-23 11:19:24
41221,PayPal,SUCCESS,00,437,POS,Dallas,2024-10-23 11:25:04
41222,Square,SUCCESS,00,955,ATM,New York,2024-10-23 11:29:00
41223,Square,SUCCESS,00,192,ATM,New York,2024-10-23 11:52:31
41224,Square,SUCCESS,00,607,ATM,New York,2024-10-23 12:02:36
41225,AuthorizeNet,SUCCESS,00,966,POS,New York,2024-10-23 14:37:17
41226,Stripe,SUCCESS,00,508,ATM,Chicago,2024-10-23 14:59:39
41227,Square,FAILED,05,1225,ATM,Los Angeles,2024-10-23 16:03:14
41228,Stripe,SUCCESS,00,149,Mobile,Dallas,2024-10-23 16:07:01
41229,AuthorizeNet,SUCCESS,00,287,ATM,Dallas,2024-10-23 17:31:47
41230,Square,SUCCESS,00,647,ATM,New York,2024-10-23 17:32:48
41231,Square,SUCCESS,00,1155,POS,Los Angeles,2024-10-23 18:38:26
41232,Stripe,SUCCESS,00,123,POS,New York,2024-10-23 21:11:03
41233,AuthorizeNet,SUCCESS,00,705,ATM,Los Angeles,2024-10-23 21:59:02
41234,Square,SUCCESS,00,407,Desktop,Chicago,2024-10-23 23:37:01
41235,PayPal,FAILED,05,891,Desktop,Chicago,2024-10-23 23:38:28
41236,Stripe,SUCCESS,00,275,ATM,Chicago,2024-10-23 23:39:10
41237,AuthorizeNet,SUCCESS,00,555,POS,Dallas,2024-10-24 00:04:29
41238,Square,SUCCESS,00,599,POS,Dallas,2024-10-24 00:21:44
41239,Square,SUCCESS,00,953,ATM,Los Angeles,2024-10-24 00:48:20
41240,Stripe,SUCCESS,00,1393,Desktop,Dallas,2024-10-24 01:09:42
41241,AuthorizeNet,SUCCESS,00,764,POS,Los Angeles,2024-10-24 01:19:46
41242,AuthorizeNet,SUCCESS,00,1430,POS,Dallas,2024-10-24 01:51:52
41243,PayPal,SUCCESS,00,438,Desktop,New York,2024-10-24 03:47:03
41244,PayPal,SUCCESS,00,142,Mobile,Chicago,2024-10-24 05:41:17
41245,PayPal,SUCCESS,00,454,Desktop,New York,2024-10-24 06:45:34
41246,PayPal,SUCCESS,00,1398,Mobile,Dallas,2024-10-24 07:23:00
41247,Square,SUCCESS,00,1276,ATM,Chicago,2024-10-24 07:23:51
41248,PayPal,SUCCESS,00,262,Mobile,Dallas,2024-10-24 08:07:08
41249,AuthorizeNet,SUCCESS,00,846,Desktop,Los Angeles,2024-10-24 08:07:36
41250,AuthorizeNet,PENDING,99,1301,ATM,Los Angeles,2024-10-24 08:08:55
41251,Stripe,SUCCESS,00,1035,ATM,New York,2024-10-24 08:35:32
41252,Square,SUCCESS,00,997,ATM,New York,2024-10-24 09:18:11
41253,Square,SUCCESS,00,564,Mobile,Chicago,2024-10-24 09:25:58
41254,AuthorizeNet,SUCCESS,00,265,Mobile,Chicago,2024-10-24 09:34:29
41255,PayPal,SUCCESS,00,617,Desktop,Chicago,2024-10-24 10:34:50
41256,PayPal,SUCCESS,00,668,ATM,New York,2024-10-24 11:08:34
41257,PayPal,SUCCESS,00,1395,ATM,New York,2024-10-24 11:45:19
41258,PayPal,PENDING,99,856,Desktop,Chicago,2024-10-24 12:42:00
41259,Square,SUCCESS,00,624,Mobile,Dallas,2024-10-24 12:55:38
41260,Stripe,SUCCESS,00,1244,Desktop,New York,2024-10-24 13:30:33
41261,Stripe,SUCCESS,00,1345,POS,Los Angeles,2024-10-24 13:58:15
41262,AuthorizeNet,SUCCESS,00,648,POS,Los Angeles,2024-10-24 14:50:21
41263,AuthorizeNet,FAILED,05,454,POS,New York,2024-10-24 15:11:30
41264,Square,SUCCESS,00,1080,Desktop,Dallas,2024-10-24 16:08:16
41265,Square,SUCCESS,00,1459,Desktop,Los Angeles,2024-10-24 16:58:11
41266,Square,SUCCESS,00,1390,ATM,Chicago,2024-10-24 17:53:45
41267,AuthorizeNet,SUCCESS,00,469,Mobile,Chicago,2024-10-24 17:54:08
41268,Square,PENDING,99,307,Mobile,New York,2024-10-24 17:57:24
41269,AuthorizeNet,SUCCESS,00,503,POS,Los Angeles,2024-10-24 18:05:00
41270,Square,SUCCESS,00,1099,POS,Chicago,2024-10-24 20:41:58
41271,PayPal,SUCCESS,00,504,Mobile,Los Angeles,2024-10-24 21:26:13
41272,PayPal,SUCCESS,00,1040,Mobile,Dallas,2024-10-24 21:29:41
41273,Stripe,SUCCESS,00,1126,Mobile,New York,2024-10-24 21:34:59
41274,AuthorizeNet,SUCCESS,00,411,ATM,New York,2024-10-24 21:54:06
41275,Square,SUCCESS,00,793,Desktop,Dallas,2024-10-24 22:13:45
41276,AuthorizeNet,SUCCESS,00,1154,POS,Chicago,2024-10-24 22:17:18
41277,AuthorizeNet,SUCCESS,00,144,Mobile,Dallas,2024-10-24 23:17:22
41278,Stripe,SUCCESS,00,219,ATM,Los Angeles,2024-10-25 00:15:42
41279,PayPal,SUCCESS,00,550,POS,New York,2024-10-25 00:58:23
41280,Square,SUCCESS,00,645,ATM,New York,2024-10-25 01:22:54
41281,Square,SUCCESS,00,269,POS,Dallas,2024-10-25 01:23:49
41282,Square,SUCCESS,00,1372,POS,Chicago,2024-10-25 01:56:49
41283,Stripe,SUCCESS,00,826,ATM,Dallas,2024-10-25 03:20:29
41284,Stripe,SUCCESS,00,1021,Mobile,Los Angeles,2024-10-25 04:20:09
41285,AuthorizeNet,SUCCESS,00,777,ATM,New York,2024-10-25 04:33:55
41286,Square,FAILED,12,257,Mobile,Chicago,2024-10-25 05:53:50
41287,Stripe,SUCCESS,00,1387,POS,Chicago,2024-10-25 06:34:24
41288,Stripe,SUCCESS,00,577,ATM,Los Angeles,2024-10-25 08:02:58
41289,Square,SUCCESS,00,917,POS,New York,2024-10-25 08:31:02
41290,Square,SUCCESS,00,907,POS,Chicago,2024-10-25 09:03:20
41291,PayPal,SUCCESS,00,415,Desktop,New York,2024-10-25 09:10:48
41292,AuthorizeNet,SUCCESS,00,223,ATM,New York,2024-10-25 09:40:25
41293,Stripe,SUCCESS,00,833,ATM,Chicago,2024-10-25 10:41:19
41294,PayPal,SUCCESS,00,1453,Desktop,Dallas,2024-10-25 11:00:00
41295,Stripe,SUCCESS,00,426,Mobile,Chicago,2024-10-25 11:13:48
41296,PayPal,SUCCESS,00,824,POS,New York,2024-10-25 13:02:40
41297,Square,SUCCESS,00,1225,ATM,New York,2024-10-25 13:20:10
41298,AuthorizeNet,SUCCESS,00,109,Desktop,Chicago,2024-10-25 14:09:02
41299,AuthorizeNet,SUCCESS,00,444,Mobile,Dallas,2024-10-25 14:12:45
41300,AuthorizeNet,SUCCESS,00,1387,Desktop,Dallas,2024-10-25 16:03:28
41301,Stripe,SUCCESS,00,1175,Mobile,New York,2024-10-25 18:03:58
41302,AuthorizeNet,FAILED,12,244,POS,New York,2024-10-25 18:04:36
41303,AuthorizeNet,SUCCESS,00,128,POS,New York,2024-10-25 19:09:07
41304,AuthorizeNet,SUCCESS,00,1460,POS,Dallas,2024-10-25 19:20:29
41305,Square,SUCCESS,00,456,Desktop,Los Angeles,2024-10-25 19:31:03
41306,Stripe,SUCCESS,00,239,ATM,Chicago,2024-10-25 20:26:18
41307,PayPal,SUCCESS,00,313,ATM,Dallas,2024-10-25 20:26:46
41308,AuthorizeNet,FAILED,12,236,ATM,New York,2024-10-25 20:57:38
41309,Stripe,SUCCESS,00,1314,ATM,New York,2024-10-25 21:03:29
41310,PayPal,SUCCESS,00,547,Desktop,Chicago,2024-10-25 21:41:23
41311,AuthorizeNet,FAILED,05,764,ATM,New York,2024-10-25 22:04:27
41312,AuthorizeNet,SUCCESS,00,1405,Mobile,Chicago,2024-10-25 22:42:25
41313,PayPal,SUCCESS,00,121,POS,New York,2024-10-25 23:20:02
41314,AuthorizeNet,SUCCESS,00,1043,POS,Chicago,2024-10-26 01:21:27
41315,PayPal,SUCCESS,00,159,POS,New York,2024-10-26 02:19:43
41316,Square,FAILED,12,1253,Desktop,Dallas,2024-10-26 02:46:42
41317,PayPal,SUCCESS,00,1488,ATM,Los Angeles,2024-10-26 02:49:17
41318,AuthorizeNet,SUCCESS,00,486,Mobile,New York,2024-10-26 04:11:35
41319,Square,SUCCESS,00,1439,Mobile,New York,2024-10-26 04:17:31
41320,Square,SUCCESS,00,316,Mobile,Los Angeles,2024-10-26 05:22:38
41321,AuthorizeNet,SUCCESS,00,458,Mobile,Los Angeles,2024-10-26 05:53:51
41322,AuthorizeNet,SUCCESS,00,298,ATM,New York,2024-10-26 06:36:23
41323,Square,SUCCESS,00,734,ATM,Dallas,2024-10-26 07:20:50
41324,AuthorizeNet,SUCCESS,00,1021,ATM,Los Angeles,2024-10-26 08:23:32
41325,Square,SUCCESS,00,133,Desktop,Chicago,2024-10-26 08:58:18
41326,Stripe,SUCCESS,00,589,POS,Los Angeles,2024-10-26 09:03:18
41327,PayPal,SUCCESS,00,1222,ATM,Los Angeles,2024-10-26 10:52:06
41328,AuthorizeNet,FAILED,12,176,Desktop,Dallas,2024-10-26 11:20:38
41329,Square,SUCCESS,00,1023,ATM,Los Angeles,2024-10-26 11:27:26
41330,AuthorizeNet,SUCCESS,00,810,POS,Los Angeles,2024-10-26 13:51:33
41331,AuthorizeNet,SUCCESS,00,457,ATM,Dallas,2024-10-26 14:06:01
41332,Stripe,SUCCESS,00,1285,Mobile,Dallas,2024-10-26 14:33:20
41333,Stripe,SUCCESS,00,434,POS,Dallas,2024-10-26 17:35:50
41334,Square,PENDING,99,675,POS,New York,2024-10-26 19:08:15
41335,PayPal,SUCCESS,00,391,Mobile,New York,2024-10-26 19:18:52
41336,Square,SUCCESS,00,1442,POS,Los Angeles,2024-10-26 19:36:00
41337,Stripe,SUCCESS,00,1170,Desktop,Dallas,2024-10-26 19:47:34
41338,Square,FAILED,12,848,Desktop,Chicago,2024-10-26 20:45:36
41339,Square,SUCCESS,00,1345,Mobile,New York,2024-10-26 22:06:35
41340,AuthorizeNet,SUCCESS,00,1382,POS,Chicago,2024-10-26 23:05:03
41341,Square,SUCCESS,00,499,Mobile,Dallas,2024-10-26 23:25:09
41342,Stripe,SUCCESS,00,1173,Mobile,Dallas,2024-10-26 23:46:53
41343,Square,SUCCESS,00,690,ATM,Dallas,2024-10-27 00:44:46
41344,PayPal,SUCCESS,00,220,Mobile,New York,2024-10-27 01:56:24
41345,AuthorizeNet,SUCCESS,00,998,Desktop,Los Angeles,2024-10-27 03:50:09
41346,Stripe,SUCCESS,00,257,Desktop,Dallas,2024-10-27 04:54:33
41347,Stripe,SUCCESS,00,1288,ATM,Los Angeles,2024-10-27 06:26:28
41348,Stripe,SUCCESS,00,237,ATM,Chicago,2024-10-27 07:33:54
41349,AuthorizeNet,SUCCESS,00,562,Desktop,Chicago,2024-10-27 07:49:46
41350,Square,SUCCESS,00,824,POS,Dallas,2024-10-27 08:26:19
41351,Square,SUCCESS,00,494,ATM,New York,2024-10-27 08:57:30
41352,Stripe,SUCCESS,00,228,POS,New York,2024-10-27 09:00:58
41353,PayPal,SUCCESS,00,1103,Mobile,Dallas,2024-10-27 09:34:01
41354,Square,SUCCESS,00,771,Mobile,Dallas,2024-10-27 10:12:49
41355,AuthorizeNet,SUCCESS,00,845,Mobile,Chicago,2024-10-27 12:11:13
41356,AuthorizeNet,SUCCESS,00,328,ATM,Chicago,2024-10-27 12:54:01
41357,PayPal,FAILED,05,483,POS,Dallas,2024-10-27 14:48:11
41358,Stripe,SUCCESS,00,161,Desktop,New York,2024-10-27 14:56:05
41359,AuthorizeNet,SUCCESS,00,1423,Desktop,Los Angeles,2024-10-27 14:56:45
41360,Square,SUCCESS,00,598,ATM,Dallas,2024-10-27 15:39:54
41361,PayPal,SUCCESS,00,1203,Mobile,Los Angeles,2024-10-27 15:44:12
41362,AuthorizeNet,SUCCESS,00,1223,Mobile,Chicago,2024-10-27 15:53:25
41363,Stripe,SUCCESS,00,1386,ATM,New York,2024-10-27 16:11:10
41364,AuthorizeNet,SUCCESS,00,740,ATM,Los Angeles,2024-10-27 16:16:46
41365,PayPal,SUCCESS,00,199,POS,New York,2024-10-27 18:05:46
41366,Square,SUCCESS,00,271,Desktop,Dallas,2024-10-27 18:06:23
41367,AuthorizeNet,SUCCESS,00,611,Desktop,Dallas,2024-10-27 19:18:35
41368,AuthorizeNet,SUCCESS,00,1065,ATM,New York,2024-10-27 20:08:26
41369,PayPal,SUCCESS,00,226,Mobile,Chicago,2024-10-27 20:46:50
41370,Square,SUCCESS,00,462,Mobile,Dallas,2024-10-27 21:43:46
41371,Stripe,SUCCESS,00,1476,POS,Chicago,2024-10-27 22:59:54
41372,Square,PENDING,99,745,POS,Los Angeles,2024-10-27 23:38:36
41373,Square,SUCCESS,00,1107,Desktop,Chicago,2024-10-28 00:47:22
41374,AuthorizeNet,SUCCESS,00,263,ATM,Dallas,2024-10-28 01:43:05
41375,Stripe,SUCCESS,00,708,POS,New York,2024-10-28 01:45:21
41376,AuthorizeNet,SUCCESS,00,636,Desktop,New York,2024-10-28 01:49:11
41377,PayPal,SUCCESS,00,849,ATM,Dallas,2024-10-28 02:42:05
41378,Stripe,SUCCESS,00,628,Desktop,Dallas,2024-10-28 02:46:42
41379,Stripe,SUCCESS,00,488,Desktop,Los Angeles,2024-10-28 03:27:15
41380,AuthorizeNet,SUCCESS,00,1348,Mobile,Dallas,2024-10-28 05:41:55
41381,AuthorizeNet,SUCCESS,00,310,Desktop,New York,2024-10-28 05:55:04
41382,Square,FAILED,12,1487,ATM,Los Angeles,2024-10-28 05:55:18
41383,Stripe,SUCCESS,00,1146,POS,Dallas,2024-10-28 07:15:36
41384,Square,SUCCESS,00,1385,Mobile,Los Angeles,2024-10-28 07:59:13
41385,AuthorizeNet,FAILED,05,416,POS,Los Angeles,2024-10-28 08:21:26
41386,Square,SUCCESS,00,309,POS,Chicago,2024-10-28 08:48:52
41387,Stripe,SUCCESS,00,215,POS,Dallas,2024-10-28 09:06:32
41388,PayPal,SUCCESS,00,423,POS,Dallas,2024-10-28 10:07:16
41389,Square,SUCCESS,00,583,POS,New York,2024-10-28 10:59:54
41390,Square,SUCCESS,00,960,Mobile,New York,2024-10-28 11:06:04
41391,PayPal,SUCCESS,00,700,POS,Los Angeles,2024-10-28 11:23:08
41392,AuthorizeNet,SUCCESS,00,533,ATM,Chicago,2024-10-28 12:59:47
41393,AuthorizeNet,SUCCESS,00,1480,POS,New York,2024-10-28 13:04:36
41394,Stripe,SUCCESS,00,618,Desktop,Dallas,2024-10-28 13:29:16
41395,PayPal,SUCCESS,00,283,ATM,Chicago,2024-10-28 13:52:56
41396,PayPal,SUCCESS,00,1023,POS,Dallas,2024-10-28 14:11:19
41397,AuthorizeNet,SUCCESS,00,749,ATM,New York,2024-10-28 16:32:40
41398,Stripe,SUCCESS,00,895,ATM,Los Angeles,2024-10-28 17:22:23
41399,AuthorizeNet,SUCCESS,00,701,ATM,Los Angeles,2024-10-28 17:58:56
41400,Square,SUCCESS,00,162,POS,Chicago,2024-10-28 18:15:03
41401,Square,SUCCESS,00,418,POS,New York,2024-10-28 18:28:53
41402,Stripe,SUCCESS,00,462,Mobile,New York,2024-10-28 21:15:43
41403,Square,SUCCESS,00,1260,Mobile,Chicago,2024-10-28 21:40:46
41404,AuthorizeNet,SUCCESS,00,997,Desktop,New York,2024-10-28 21:57:00
41405,PayPal,SUCCESS,00,1111,Desktop,Dallas,2024-10-28 22:38:13
41406,AuthorizeNet,SUCCESS,00,760,Mobile,Dallas,2024-10-29 00:33:32
41407,Stripe,SUCCESS,00,333,Mobile,Los Angeles,2024-10-29 00:50:29
41408,Stripe,SUCCESS,00,108,ATM,Dallas,2024-10-29 01:25:55
41409,PayPal,SUCCESS,00,534,POS,Los Angeles,2024-10-29 02:13:31
41410,AuthorizeNet,SUCCESS,00,613,POS,Dallas,2024-10-29 05:16:02
41411,PayPal,SUCCESS,00,679,POS,Chicago,2024-10-29 05:18:32
41412,PayPal,SUCCESS,00,663,Desktop,Dallas,2024-10-29 06:14:22
41413,PayPal,FAILED,05,438,Desktop,Los Angeles,2024-10-29 07:13:36
41414,Square,SUCCESS,00,850,POS,New York,2024-10-29 07:25:22
41415,Square,FAILED,05,1259,POS,Chicago,2024-10-29 07:36:52
41416,AuthorizeNet,SUCCESS,00,1021,POS,Los Angeles,2024-10-29 07:47:37
41417,PayPal,SUCCESS,00,841,ATM,New York,2024-10-29 09:02:50
41418,Square,SUCCESS,00,1219,POS,Chicago,2024-10-29 10:22:41
41419,Stripe,SUCCESS,00,269,ATM,Dallas,2024-10-29 10:50:04
41420,Stripe,SUCCESS,00,1162,Mobile,New York,2024-10-29 12:21:39
41421,PayPal,SUCCESS,00,851,ATM,Chicago,2024-10-29 12:55:34
41422,Square,SUCCESS,00,669,ATM,Los Angeles,2024-10-29 13:32:23
41423,AuthorizeNet,SUCCESS,00,1119,POS,Chicago,2024-10-29 13:59:38
41424,Square,FAILED,12,839,Mobile,New York,2024-10-29 14:20:07
41425,AuthorizeNet,SUCCESS,00,1295,ATM,Chicago,2024-10-29 15:11:33
41426,Square,SUCCESS,00,1173,Mobile,Los Angeles,2024-10-29 15:16:55
41427,AuthorizeNet,FAILED,05,1100,POS,Chicago,2024-10-29 17:12:43
41428,AuthorizeNet,SUCCESS,00,1318,ATM,Los Angeles,2024-10-29 17:42:35
41429,Square,SUCCESS,00,923,POS,Los Angeles,2024-10-29 17:55:18
41430,AuthorizeNet,PENDING,99,1169,POS,New York,2024-10-29 18:00:37
41431,AuthorizeNet,SUCCESS,00,1195,Mobile,Chicago,2024-10-29 18:11:01
41432,Stripe,SUCCESS,00,1007,POS,Dallas,2024-10-29 18:20:52
41433,Square,SUCCESS,00,1429,ATM,Dallas,2024-10-29 18:52:09
41434,AuthorizeNet,SUCCESS,00,1443,Mobile,Dallas,2024-10-29 19:36:49
41435,Square,SUCCESS,00,1001,ATM,New York,2024-10-29 19:51:39
41436,AuthorizeNet,SUCCESS,00,591,POS,Los Angeles,2024-10-29 21:09:42
41437,Square,SUCCESS,00,795,POS,Chicago,2024-10-29 21:49:39
41438,Square,SUCCESS,00,561,Mobile,New York,2024-10-29 22:32:32
41439,AuthorizeNet,SUCCESS,00,1421,Desktop,Los Angeles,2024-10-29 22:33:45
41440,Stripe,FAILED,12,762,Desktop,New York,2024-10-29 22:51:16
41441,Square,SUCCESS,00,1163,Desktop,Dallas,2024-10-29 22:54:11
41442,Stripe,FAILED,12,760,POS,Los Angeles,2024-10-29 23:55:44
41443,AuthorizeNet,SUCCESS,00,375,Mobile,Chicago,2024-10-30 01:24:03
41444,Stripe,SUCCESS,00,507,Mobile,Chicago,2024-10-30 02:55:19
41445,AuthorizeNet,SUCCESS,00,579,Mobile,Chicago,2024-10-30 03:38:51
41446,Square,SUCCESS,00,911,POS,Chicago,2024-10-30 04:03:28
41447,PayPal,SUCCESS,00,399,POS,New York,2024-10-30 04:04:40
41448,AuthorizeNet,SUCCESS,00,706,ATM,Los Angeles,2024-10-30 04:25:32
41449,Square,SUCCESS,00,944,ATM,Los Angeles,2024-10-30 06:38:53
41450,AuthorizeNet,SUCCESS,00,682,ATM,Dallas,2024-10-30 07:47:53
41451,PayPal,SUCCESS,00,1020,Desktop,Los Angeles,2024-10-30 07:58:00
41452,Stripe,SUCCESS,00,1367,Desktop,Los Angeles,2024-10-30 07:59:56
41453,Square,SUCCESS,00,479,ATM,Chicago,2024-10-30 08:06:29
41454,Square,SUCCESS,00,346,POS,Los Angeles,2024-10-30 08:18:43
41455,Stripe,SUCCESS,00,596,ATM,Los Angeles,2024-10-30 08:41:37
41456,Stripe,SUCCESS,00,1421,POS,Chicago,2024-10-30 09:28:29
41457,Stripe,SUCCESS,00,1140,ATM,Dallas,2024-10-30 09:43:11
41458,Stripe,SUCCESS,00,896,Desktop,New York,2024-10-30 09:48:15
41459,Square,SUCCESS,00,465,Mobile,Chicago,2024-10-30 10:59:16
41460,PayPal,SUCCESS,00,314,Desktop,Chicago,2024-10-30 11:06:27
41461,Square,SUCCESS,00,220,Mobile,Dallas,2024-10-30 12:11:08
41462,PayPal,FAILED,12,930,Mobile,Chicago,2024-10-30 12:48:47
41463,Square,SUCCESS,00,1055,Mobile,New York,2024-10-30 13:00:56
41464,AuthorizeNet,SUCCESS,00,919,Mobile,New York,2024-10-30 14:08:15
41465,AuthorizeNet,SUCCESS,00,1096,POS,New York,2024-10-30 14:33:39
41466,PayPal,SUCCESS,00,1309,Desktop,Los Angeles,2024-10-30 14:52:33
41467,Stripe,SUCCESS,00,650,Mobile,Dallas,2024-10-30 14:59:05
41468,PayPal,SUCCESS,00,1055,ATM,Chicago,2024-10-30 16:10:00
41469,Stripe,SUCCESS,00,768,POS,New York,2024-10-30 16:11:40
41470,PayPal,SUCCESS,00,255,ATM,Los Angeles,2024-10-30 16:38:51
41471,Square,SUCCESS,00,732,ATM,Dallas,2024-10-30 16:47:44
41472,AuthorizeNet,SUCCESS,00,312,Desktop,Chicago,2024-10-30 16:52:57
41473,PayPal,SUCCESS,00,1397,ATM,New York,2024-10-30 16:54:07
41474,PayPal,SUCCESS,00,1029,ATM,Dallas,2024-10-30 17:20:02
41475,PayPal,SUCCESS,00,1075,POS,Dallas,2024-10-30 20:37:15
41476,Stripe,SUCCESS,00,1298,Mobile,Chicago,2024-10-30 20:45:54
41477,Square,PENDING,99,357,Desktop,Chicago,2024-10-30 20:58:36
41478,PayPal,SUCCESS,00,324,Mobile,Los Angeles,2024-10-30 22:01:05
41479,Stripe,SUCCESS,00,763,POS,Los Angeles,2024-10-30 22:36:50
41480,AuthorizeNet,SUCCESS,00,1289,POS,Chicago,2024-10-30 22:44:33
41481,AuthorizeNet,SUCCESS,00,1049,Desktop,Los Angeles,2024-10-30 22:53:38
41482,Stripe,SUCCESS,00,815,Desktop,New York,2024-10-30 22:54:31
41483,Stripe,SUCCESS,00,831,Mobile,Chicago,2024-10-30 23:56:50
41484,Stripe,PENDING,99,1111,Mobile,Dallas,2024-10-31 00:07:47
41485,AuthorizeNet,SUCCESS,00,1197,ATM,Chicago,2024-10-31 00:24:12
41486,PayPal,SUCCESS,00,311,POS,New York,2024-10-31 00:38:54
41487,AuthorizeNet,SUCCESS,00,1232,Mobile,Dallas,2024-10-31 01:16:17
41488,PayPal,SUCCESS,00,1161,Desktop,Dallas,2024-10-31 01:19:28
41489,PayPal,SUCCESS,00,1327,POS,Dallas,2024-10-31 02:20:52
41490,Stripe,SUCCESS,00,999,Desktop,Dallas,2024-10-31 02:52:22
41491,Square,SUCCESS,00,1300,POS,Chicago,2024-10-31 04:15:04
41492,Stripe,SUCCESS,00,115,ATM,Dallas,2024-10-31 04:22:47
41493,AuthorizeNet,SUCCESS,00,1386,POS,Dallas,2024-10-31 04:33:26
41494,Square,SUCCESS,00,481,POS,Dallas,2024-10-31 05:46:57
41495,AuthorizeNet,SUCCESS,00,424,Mobile,Dallas,2024-10-31 06:18:45
41496,Stripe,SUCCESS,00,161,Mobile,Dallas,2024-10-31 06:39:30
41497,Square,SUCCESS,00,1452,POS,New York,2024-10-31 06:45:16
41498,Square,SUCCESS,00,950,Desktop,Dallas,2024-10-31 06:47:55
41499,PayPal,SUCCESS,00,826,POS,Chicago,2024-10-31 07:14:56
41500,Square,SUCCESS,00,172,Desktop,New York,2024-10-31 08:03:01
41501,AuthorizeNet,SUCCESS,00,1476,ATM,Los Angeles,2024-10-31 08:19:07
41502,Stripe,SUCCESS,00,798,Mobile,Chicago,2024-10-31 09:14:10
41503,PayPal,SUCCESS,00,473,POS,Dallas,2024-10-31 09:24:59
41504,PayPal,SUCCESS,00,1047,Desktop,Dallas,2024-10-31 09:40:56
41505,AuthorizeNet,SUCCESS,00,377,POS,Los Angeles,2024-10-31 10:23:05
41506,AuthorizeNet,SUCCESS,00,1273,Mobile,Los Angeles,2024-10-31 10:39:21
41507,Square,SUCCESS,00,581,POS,Dallas,2024-10-31 11:39:08
41508,AuthorizeNet,SUCCESS,00,645,Mobile,Chicago,2024-10-31 12:43:37
41509,Stripe,SUCCESS,00,1215,Mobile,New York,2024-10-31 12:48:21
41510,PayPal,FAILED,12,277,Desktop,New York,2024-10-31 12:49:04
41511,Stripe,SUCCESS,00,1159,ATM,New York,2024-10-31 13:15:27
41512,PayPal,SUCCESS,00,790,Mobile,Chicago,2024-10-31 13:19:51
41513,Square,SUCCESS,00,1051,ATM,New York,2024-10-31 13:20:20
41514,PayPal,SUCCESS,00,615,POS,Chicago,2024-10-31 13:24:02
41515,Square,SUCCESS,00,843,Mobile,New York,2024-10-31 14:43:22
41516,Stripe,SUCCESS,00,944,Mobile,Dallas,2024-10-31 14:54:08
41517,Square,SUCCESS,00,1139,POS,Dallas,2024-10-31 15:19:59
41518,Stripe,SUCCESS,00,1018,Desktop,Los Angeles,2024-10-31 15:22:55
41519,AuthorizeNet,SUCCESS,00,776,Desktop,Chicago,2024-10-31 15:34:08
41520,AuthorizeNet,SUCCESS,00,276,Desktop,New York,2024-10-31 15:46:02
41521,PayPal,SUCCESS,00,301,Desktop,Chicago,2024-10-31 16:27:16
41522,PayPal,SUCCESS,00,1396,ATM,New York,2024-10-31 17:31:27
41523,PayPal,SUCCESS,00,235,Mobile,New York,2024-10-31 18:42:07
41524,PayPal,SUCCESS,00,1106,Desktop,Dallas,2024-10-31 19:00:40
41525,AuthorizeNet,SUCCESS,00,449,Mobile,New York,2024-10-31 19:42:19
41526,PayPal,SUCCESS,00,519,Desktop,Los Angeles,2024-10-31 19:57:17
41527,Stripe,SUCCESS,00,328,Mobile,Chicago,2024-10-31 21:21:06
41528,Square,SUCCESS,00,1141,POS,New York,2024-10-31 21:28:27
41529,AuthorizeNet,SUCCESS,00,1242,Desktop,Dallas,2024-10-31 21:54:09
41530,Stripe,SUCCESS,00,244,POS,New York,2024-10-31 22:00:22
41531,AuthorizeNet,SUCCESS,00,1362,Desktop,New York,2024-10-31 22:17:49
41532,AuthorizeNet,SUCCESS,00,1239,Desktop,Los Angeles,2024-10-31 23:09:27
41533,PayPal,SUCCESS,00,1184,ATM,Los Angeles,2024-10-31 23:12:18
41534,AuthorizeNet,SUCCESS,00,1498,Desktop,New York,2024-11-01 00:14:43
41535,AuthorizeNet,SUCCESS,00,272,ATM,Dallas,2024-11-01 00:23:22
41536,Stripe,SUCCESS,00,751,POS,New York,2024-11-01 02:38:06
41537,AuthorizeNet,SUCCESS,00,1137,POS,Los Angeles,2024-11-01 02:49:08
41538,Stripe,SUCCESS,00,156,POS,Chicago,2024-11-01 02:55:18
41539,AuthorizeNet,SUCCESS,00,1115,Mobile,Dallas,2024-11-01 03:10:37
41540,AuthorizeNet,SUCCESS,00,777,Desktop,Dallas,2024-11-01 03:17:52
41541,PayPal,SUCCESS,00,1236,Desktop,Los Angeles,2024-11-01 03:48:26
41542,Stripe,SUCCESS,00,463,POS,Los Angeles,2024-11-01 03:58:44
41543,Stripe,SUCCESS,00,1307,Desktop,New York,2024-11-01 05:14:38
41544,PayPal,SUCCESS,00,879,Desktop,Dallas,2024-11-01 07:06:20
41545,Square,SUCCESS,00,1058,Mobile,New York,2024-11-01 07:45:16
41546,AuthorizeNet,FAILED,12,1008,POS,Chicago,2024-11-01 08:11:35
41547,AuthorizeNet,SUCCESS,00,666,Desktop,Los Angeles,2024-11-01 08:46:55
41548,Square,SUCCESS,00,226,POS,New York,2024-11-01 10:08:51
41549,PayPal,SUCCESS,00,1465,POS,Chicago,2024-11-01 10:10:04
41550,Stripe,SUCCESS,00,670,Desktop,Chicago,2024-11-01 11:00:50
41551,AuthorizeNet,SUCCESS,00,1356,POS,Chicago,2024-11-01 11:14:04
41552,Square,SUCCESS,00,625,Mobile,Chicago,2024-11-01 11:14:53
41553,Square,SUCCESS,00,1166,Mobile,Los Angeles,2024-11-01 12:51:32
41554,AuthorizeNet,SUCCESS,00,594,Mobile,Dallas,2024-11-01 13:59:46
41555,AuthorizeNet,SUCCESS,00,112,Mobile,Los Angeles,2024-11-01 14:31:20
41556,Square,SUCCESS,00,673,POS,Los Angeles,2024-11-01 14:34:55
41557,Square,FAILED,05,148,POS,New York,2024-11-01 14:47:55
41558,PayPal,SUCCESS,00,729,Mobile,Los Angeles,2024-11-01 15:03:16
41559,PayPal,SUCCESS,00,1393,POS,Dallas,2024-11-01 15:08:36
41560,Stripe,SUCCESS,00,651,Mobile,New York,2024-11-01 15:34:07
41561,Square,SUCCESS,00,1318,POS,New York,2024-11-01 18:42:54
41562,PayPal,SUCCESS,00,284,ATM,New York,2024-11-01 18:48:35
41563,Stripe,SUCCESS,00,883,POS,Dallas,2024-11-01 19:08:41
41564,Stripe,SUCCESS,00,1444,ATM,New York,2024-11-01 19:09:02
41565,AuthorizeNet,SUCCESS,00,1113,Desktop,Los Angeles,2024-11-01 19:17:06
41566,AuthorizeNet,SUCCESS,00,217,Mobile,Chicago,2024-11-01 20:02:51
41567,PayPal,SUCCESS,00,751,POS,Dallas,2024-11-01 20:57:58
41568,Square,SUCCESS,00,1051,ATM,Chicago,2024-11-01 21:49:07
41569,AuthorizeNet,SUCCESS,00,845,ATM,Dallas,2024-11-01 22:24:46
41570,Stripe,SUCCESS,00,1130,ATM,Dallas,2024-11-01 22:58:56
41571,Square,SUCCESS,00,1377,Mobile,New York,2024-11-01 23:16:00
41572,AuthorizeNet,SUCCESS,00,264,ATM,Chicago,2024-11-02 00:23:28
41573,AuthorizeNet,SUCCESS,00,1323,Mobile,Dallas,2024-11-02 00:50:22
41574,Square,SUCCESS,00,1454,Mobile,Los Angeles,2024-11-02 01:00:18
41575,AuthorizeNet,SUCCESS,00,1091,POS,Los Angeles,2024-11-02 01:16:59
41576,Square,FAILED,12,1215,Desktop,Los Angeles,2024-11-02 01:27:09
41577,Stripe,SUCCESS,00,329,ATM,Los Angeles,2024-11-02 04:17:40
41578,Square,SUCCESS,00,612,Mobile,Dallas,2024-11-02 06:44:45
41579,AuthorizeNet,SUCCESS,00,959,Desktop,New York,2024-11-02 07:29:53
41580,Square,SUCCESS,00,799,Mobile,Los Angeles,2024-11-02 07:49:29
41581,AuthorizeNet,SUCCESS,00,1024,ATM,New York,2024-11-02 07:58:18
41582,Stripe,SUCCESS,00,482,ATM,Chicago,2024-11-02 08:07:17
41583,Stripe,SUCCESS,00,936,ATM,New York,2024-11-02 08:17:49
41584,PayPal,SUCCESS,00,1206,Desktop,Chicago,2024-11-02 08:21:41
41585,Square,SUCCESS,00,1060,ATM,Chicago,2024-11-02 08:35:12
41586,Square,SUCCESS,00,1370,Mobile,Dallas,2024-11-02 09:04:10
41587,AuthorizeNet,SUCCESS,00,1415,POS,Dallas,2024-11-02 09:26:01
41588,Square,SUCCESS,00,501,Mobile,New York,2024-11-02 10:10:18
41589,Square,SUCCESS,00,275,ATM,New York,2024-11-02 10:23:27
41590,PayPal,FAILED,12,262,Mobile,Dallas,2024-11-02 11:28:40
41591,Square,SUCCESS,00,883,ATM,New York,2024-11-02 11:33:10
41592,AuthorizeNet,SUCCESS,00,1465,Mobile,New York,2024-11-02 11:40:49
41593,Square,SUCCESS,00,761,POS,New York,2024-11-02 11:42:59
41594,Square,SUCCESS,00,1120,ATM,Los Angeles,2024-11-02 12:31:10
41595,PayPal,SUCCESS,00,735,Mobile,Los Angeles,2024-11-02 12:45:36
41596,Stripe,PENDING,99,1435,Mobile,Chicago,2024-11-02 12:49:57
41597,Stripe,SUCCESS,00,1340,Mobile,Dallas,2024-11-02 12:56:44
41598,Square,SUCCESS,00,624,ATM,Chicago,2024-11-02 13:48:32
41599,PayPal,SUCCESS,00,1476,Desktop,Dallas,2024-11-02 13:51:28
41600,Stripe,SUCCESS,00,788,ATM,Los Angeles,2024-11-02 13:53:46
41601,PayPal,SUCCESS,00,1475,ATM,Dallas,2024-11-02 13:54:52
41602,Square,SUCCESS,00,701,ATM,Los Angeles,2024-11-02 14:44:59
41603,AuthorizeNet,SUCCESS,00,758,POS,Los Angeles,2024-11-02 16:40:41
41604,Square,SUCCESS,00,968,ATM,Dallas,2024-11-02 17:04:52
41605,AuthorizeNet,SUCCESS,00,627,Desktop,Chicago,2024-11-02 17:16:36
41606,AuthorizeNet,SUCCESS,00,1456,ATM,New York,2024-11-02 17:49:27
41607,Square,SUCCESS,00,319,Mobile,Dallas,2024-11-02 19:15:56
41608,AuthorizeNet,SUCCESS,00,268,POS,Dallas,2024-11-02 19:58:55
41609,Square,PENDING,99,1099,ATM,Dallas,2024-11-02 20:27:07
41610,Square,SUCCESS,00,801,POS,Los Angeles,2024-11-02 20:43:47
41611,Stripe,SUCCESS,00,877,POS,Chicago,2024-11-02 22:04:17
41612,Square,SUCCESS,00,152,Mobile,Los Angeles,2024-11-02 22:16:31
41613,Stripe,SUCCESS,00,821,Mobile,Dallas,2024-11-02 23:02:21
41614,AuthorizeNet,SUCCESS,00,599,Mobile,Los Angeles,2024-11-02 23:16:37
41615,PayPal,SUCCESS,00,540,Desktop,Dallas,2024-11-03 00:46:22
41616,Stripe,PENDING,99,350,Mobile,Dallas,2024-11-03 01:09:18
41617,PayPal,SUCCESS,00,260,Mobile,Dallas,2024-11-03 01:22:45
41618,PayPal,SUCCESS,00,719,Mobile,Los Angeles,2024-11-03 01:28:48
41619,Stripe,SUCCESS,00,905,Desktop,Chicago,2024-11-03 01:44:21
41620,Stripe,SUCCESS,00,1243,ATM,New York,2024-11-03 01:51:13
41621,Stripe,SUCCESS,00,353,ATM,Dallas,2024-11-03 02:19:45
41622,PayPal,SUCCESS,00,1342,ATM,New York,2024-11-03 02:26:14
41623,Square,SUCCESS,00,1375,ATM,Dallas,2024-11-03 03:02:46
41624,Square,SUCCESS,00,545,POS,New York,2024-11-03 04:20:42
41625,PayPal,SUCCESS,00,731,Desktop,Dallas,2024-11-03 04:25:40
41626,PayPal,SUCCESS,00,875,Mobile,Dallas,2024-11-03 05:24:49
41627,Stripe,SUCCESS,00,1341,Desktop,Los Angeles,2024-11-03 06:21:33
41628,Stripe,SUCCESS,00,1039,Desktop,Dallas,2024-11-03 07:19:04
41629,Stripe,SUCCESS,00,969,Desktop,Los Angeles,2024-11-03 07:47:22
41630,Square,SUCCESS,00,1144,POS,New York,2024-11-03 07:54:13
41631,AuthorizeNet,SUCCESS,00,260,ATM,Los Angeles,2024-11-03 08:08:42
41632,PayPal,SUCCESS,00,639,Desktop,New York,2024-11-03 08:43:53
41633,Stripe,SUCCESS,00,214,Mobile,Chicago,2024-11-03 08:44:27
41634,PayPal,SUCCESS,00,1026,Mobile,New York,2024-11-03 09:02:11
41635,PayPal,SUCCESS,00,541,Mobile,Los Angeles,2024-11-03 10:17:48
41636,Square,SUCCESS,00,857,POS,Dallas,2024-11-03 10:18:31
41637,PayPal,SUCCESS,00,1498,Mobile,Los Angeles,2024-11-03 10:26:25
41638,Stripe,SUCCESS,00,409,ATM,Chicago,2024-11-03 10:33:29
41639,PayPal,SUCCESS,00,1490,Desktop,Chicago,2024-11-03 11:52:29
41640,Stripe,SUCCESS,00,335,Mobile,Los Angeles,2024-11-03 12:14:14
41641,Stripe,SUCCESS,00,1390,POS,Los Angeles,2024-11-03 13:37:01
41642,PayPal,SUCCESS,00,1057,ATM,Los Angeles,2024-11-03 14:13:36
41643,AuthorizeNet,SUCCESS,00,504,POS,Chicago,2024-11-03 14:54:26
41644,Stripe,SUCCESS,00,1275,Desktop,New York,2024-11-03 15:44:09
41645,PayPal,SUCCESS,00,154,ATM,Chicago,2024-11-03 15:49:23
41646,Square,SUCCESS,00,1483,Mobile,Dallas,2024-11-03 16:01:29
41647,Square,SUCCESS,00,1265,Mobile,Dallas,2024-11-03 16:09:31
41648,PayPal,SUCCESS,00,719,Desktop,New York,2024-11-03 18:06:40
41649,Square,SUCCESS,00,1204,POS,Los Angeles,2024-11-03 18:08:14
41650,AuthorizeNet,SUCCESS,00,1141,ATM,Los Angeles,2024-11-03 19:02:54
41651,Stripe,SUCCESS,00,456,ATM,Los Angeles,2024-11-03 20:16:11
41652,Square,FAILED,12,384,Mobile,Chicago,2024-11-03 20:40:30
41653,Square,SUCCESS,00,845,ATM,Dallas,2024-11-03 20:46:37
41654,PayPal,SUCCESS,00,499,Mobile,New York,2024-11-03 21:24:32
41655,AuthorizeNet,SUCCESS,00,1165,Mobile,Chicago,2024-11-03 21:25:38
41656,Stripe,SUCCESS,00,438,Mobile,Chicago,2024-11-03 22:48:35
41657,PayPal,SUCCESS,00,1042,POS,New York,2024-11-04 00:18:13
41658,AuthorizeNet,FAILED,12,833,POS,Dallas,2024-11-04 00:45:06
41659,PayPal,FAILED,05,1129,Desktop,Los Angeles,2024-11-04 02:58:02
41660,Stripe,SUCCESS,00,566,Desktop,Dallas,2024-11-04 07:19:59
41661,AuthorizeNet,SUCCESS,00,977,ATM,New York,2024-11-04 08:04:37
41662,PayPal,SUCCESS,00,813,Mobile,New York,2024-11-04 08:30:12
41663,Stripe,SUCCESS,00,400,Mobile,New York,2024-11-04 08:55:55
41664,Stripe,SUCCESS,00,503,Mobile,Chicago,2024-11-04 10:49:53
41665,AuthorizeNet,SUCCESS,00,428,POS,Chicago,2024-11-04 11:22:43
41666,Square,SUCCESS,00,1054,Mobile,Dallas,2024-11-04 11:29:05
41667,Stripe,SUCCESS,00,186,Mobile,Dallas,2024-11-04 11:31:07
41668,Square,SUCCESS,00,1254,Mobile,Chicago,2024-11-04 11:32:09
41669,AuthorizeNet,SUCCESS,00,1022,Desktop,Dallas,2024-11-04 11:37:37
41670,PayPal,SUCCESS,00,120,Desktop,New York,2024-11-04 11:48:11
41671,Square,SUCCESS,00,864,Desktop,Dallas,2024-11-04 12:29:04
41672,Square,SUCCESS,00,324,Mobile,Chicago,2024-11-04 12:58:26
41673,Square,SUCCESS,00,283,Mobile,New York,2024-11-04 13:05:18
41674,AuthorizeNet,SUCCESS,00,1495,Desktop,Chicago,2024-11-04 14:39:18
41675,Stripe,FAILED,05,198,Mobile,Los Angeles,2024-11-04 15:45:54
41676,PayPal,SUCCESS,00,655,ATM,Chicago,2024-11-04 16:25:05
41677,PayPal,SUCCESS,00,791,ATM,Los Angeles,2024-11-04 16:52:23
41678,Stripe,SUCCESS,00,894,Mobile,Los Angeles,2024-11-04 18:37:02
41679,Stripe,SUCCESS,00,634,Mobile,Dallas,2024-11-04 18:42:57
41680,PayPal,SUCCESS,00,962,POS,Chicago,2024-11-04 19:05:46
41681,Stripe,SUCCESS,00,976,ATM,Los Angeles,2024-11-04 20:53:39
41682,AuthorizeNet,SUCCESS,00,402,Desktop,New York,2024-11-04 20:53:41
41683,PayPal,SUCCESS,00,301,Mobile,Los Angeles,2024-11-04 21:06:09
41684,Stripe,SUCCESS,00,1365,Mobile,New York,2024-11-04 21:36:48
41685,PayPal,SUCCESS,00,598,ATM,Los Angeles,2024-11-04 21:44:27
41686,AuthorizeNet,SUCCESS,00,1125,ATM,Dallas,2024-11-04 23:21:42
41687,PayPal,SUCCESS,00,698,Mobile,Chicago,2024-11-04 23:35:15
41688,Square,SUCCESS,00,835,ATM,Dallas,2024-11-04 23:37:50
41689,PayPal,SUCCESS,00,1351,ATM,Dallas,2024-11-05 03:22:14
41690,Square,SUCCESS,00,740,Mobile,Los Angeles,2024-11-05 04:36:41
41691,Square,SUCCESS,00,1349,POS,Chicago,2024-11-05 04:39:20
41692,PayPal,SUCCESS,00,713,POS,Los Angeles,2024-11-05 05:43:49
41693,Stripe,SUCCESS,00,870,Mobile,Chicago,2024-11-05 06:04:12
41694,PayPal,SUCCESS,00,1113,ATM,Dallas,2024-11-05 06:23:53
41695,PayPal,SUCCESS,00,431,POS,Dallas,2024-11-05 06:43:06
41696,Square,SUCCESS,00,334,Desktop,Los Angeles,2024-11-05 07:16:51
41697,Stripe,SUCCESS,00,919,ATM,Los Angeles,2024-11-05 07:44:03
41698,Square,SUCCESS,00,474,Desktop,Dallas,2024-11-05 08:16:41
41699,Square,FAILED,05,430,POS,Los Angeles,2024-11-05 10:14:47
41700,Square,SUCCESS,00,945,Mobile,Dallas,2024-11-05 10:19:31
41701,Square,SUCCESS,00,1428,ATM,Los Angeles,2024-11-05 10:22:34
41702,PayPal,SUCCESS,00,418,Mobile,Chicago,2024-11-05 10:28:39
41703,Square,SUCCESS,00,1037,Mobile,Dallas,2024-11-05 10:44:41
41704,AuthorizeNet,SUCCESS,00,514,POS,Dallas,2024-11-05 10:54:57
41705,Stripe,FAILED,05,1227,ATM,Chicago,2024-11-05 11:20:24
41706,Square,SUCCESS,00,815,ATM,Dallas,2024-11-05 11:55:40
41707,Square,SUCCESS,00,188,Mobile,Los Angeles,2024-11-05 12:22:44
41708,Stripe,FAILED,12,1497,Desktop,Dallas,2024-11-05 12:28:16
41709,Stripe,SUCCESS,00,1265,POS,Dallas,2024-11-05 12:39:31
41710,AuthorizeNet,SUCCESS,00,1410,Mobile,Dallas,2024-11-05 13:18:24
41711,Stripe,SUCCESS,00,402,Desktop,Los Angeles,2024-11-05 15:45:50
41712,PayPal,SUCCESS,00,1063,Desktop,New York,2024-11-05 15:50:14
41713,Square,SUCCESS,00,1497,POS,Dallas,2024-11-05 18:38:45
41714,AuthorizeNet,SUCCESS,00,658,Mobile,New York,2024-11-05 18:48:00
41715,PayPal,SUCCESS,00,1120,POS,Dallas,2024-11-05 18:50:21
41716,PayPal,SUCCESS,00,1327,POS,New York,2024-11-05 18:51:49
41717,Square,SUCCESS,00,638,Desktop,New York,2024-11-05 20:23:15
41718,PayPal,SUCCESS,00,629,Desktop,Dallas,2024-11-05 20:57:27
41719,Stripe,SUCCESS,00,556,Desktop,Dallas,2024-11-05 21:01:04
41720,Stripe,SUCCESS,00,1400,ATM,New York,2024-11-05 21:23:41
41721,AuthorizeNet,SUCCESS,00,1499,POS,Dallas,2024-11-05 21:27:51
41722,Square,FAILED,12,719,POS,Dallas,2024-11-05 22:05:27
41723,Square,SUCCESS,00,501,POS,Chicago,2024-11-06 00:21:45
41724,AuthorizeNet,SUCCESS,00,1349,Desktop,New York,2024-11-06 00:28:08
41725,Square,SUCCESS,00,103,ATM,Chicago,2024-11-06 03:09:39
41726,PayPal,SUCCESS,00,863,Desktop,Dallas,2024-11-06 03:21:51
41727,PayPal,SUCCESS,00,948,Desktop,Chicago,2024-11-06 03:53:24
41728,Stripe,SUCCESS,00,613,ATM,Los Angeles,2024-11-06 04:50:48
41729,AuthorizeNet,SUCCESS,00,670,Desktop,Dallas,2024-11-06 04:53:35
41730,Stripe,SUCCESS,00,629,ATM,Chicago,2024-11-06 05:25:31
41731,AuthorizeNet,SUCCESS,00,351,Desktop,Los Angeles,2024-11-06 05:31:44
41732,AuthorizeNet,SUCCESS,00,663,Mobile,New York,2024-11-06 06:21:33
41733,Stripe,SUCCESS,00,304,Desktop,Los Angeles,2024-11-06 06:21:37
41734,AuthorizeNet,SUCCESS,00,178,ATM,Los Angeles,2024-11-06 06:24:03
41735,AuthorizeNet,SUCCESS,00,870,Mobile,Chicago,2024-11-06 08:00:18
41736,Square,SUCCESS,00,1287,POS,New York,2024-11-06 08:39:13
41737,AuthorizeNet,SUCCESS,00,495,Desktop,New York,2024-11-06 08:40:38
41738,Square,SUCCESS,00,433,POS,Dallas,2024-11-06 09:17:00
41739,Square,SUCCESS,00,352,ATM,Dallas,2024-11-06 09:27:17
41740,AuthorizeNet,SUCCESS,00,518,POS,Chicago,2024-11-06 09:57:06
41741,Stripe,SUCCESS,00,1254,ATM,Chicago,2024-11-06 10:17:44
41742,AuthorizeNet,SUCCESS,00,339,ATM,Los Angeles,2024-11-06 10:45:28
41743,AuthorizeNet,SUCCESS,00,610,POS,New York,2024-11-06 11:17:04
41744,PayPal,SUCCESS,00,1445,Desktop,Los Angeles,2024-11-06 12:04:25
41745,AuthorizeNet,SUCCESS,00,982,ATM,New York,2024-11-06 12:07:58
41746,AuthorizeNet,SUCCESS,00,1458,Mobile,Chicago,2024-11-06 13:29:22
41747,Square,SUCCESS,00,1054,Desktop,Los Angeles,2024-11-06 13:55:06
41748,PayPal,SUCCESS,00,1307,ATM,Los Angeles,2024-11-06 13:56:00
41749,AuthorizeNet,SUCCESS,00,495,Mobile,New York,2024-11-06 15:45:43
41750,PayPal,SUCCESS,00,212,Desktop,Los Angeles,2024-11-06 17:18:02
41751,AuthorizeNet,SUCCESS,00,1309,ATM,Chicago,2024-11-06 17:52:58
41752,PayPal,SUCCESS,00,897,Mobile,Dallas,2024-11-06 17:58:57
41753,PayPal,SUCCESS,00,234,ATM,Chicago,2024-11-06 18:22:48
41754,AuthorizeNet,SUCCESS,00,100,ATM,New York,2024-11-06 22:00:48
41755,Square,SUCCESS,00,1484,Desktop,New York,2024-11-06 22:19:28
41756,Stripe,SUCCESS,00,1225,POS,Los Angeles,2024-11-07 00:28:24
41757,Stripe,SUCCESS,00,649,Mobile,Dallas,2024-11-07 00:41:15
41758,AuthorizeNet,SUCCESS,00,655,POS,New York,2024-11-07 00:56:27
41759,Square,SUCCESS,00,715,ATM,Chicago,2024-11-07 01:38:42
41760,Stripe,SUCCESS,00,352,ATM,Dallas,2024-11-07 01:49:48
41761,Square,SUCCESS,00,160,POS,Dallas,2024-11-07 02:01:33
41762,AuthorizeNet,SUCCESS,00,1370,Desktop,Los Angeles,2024-11-07 03:18:43
41763,AuthorizeNet,SUCCESS,00,178,Mobile,Dallas,2024-11-07 03:30:57
41764,Stripe,SUCCESS,00,1281,ATM,New York,2024-11-07 03:38:06
41765,Square,SUCCESS,00,728,Desktop,New York,2024-11-07 04:02:57
41766,AuthorizeNet,SUCCESS,00,1002,ATM,Chicago,2024-11-07 04:12:54
41767,Stripe,SUCCESS,00,221,POS,Chicago,2024-11-07 04:16:53
41768,PayPal,SUCCESS,00,1308,Mobile,Los Angeles,2024-11-07 04:27:03
41769,PayPal,SUCCESS,00,1042,ATM,Los Angeles,2024-11-07 05:16:48
41770,Stripe,SUCCESS,00,366,POS,New York,2024-11-07 05:55:35
41771,PayPal,SUCCESS,00,218,POS,Chicago,2024-11-07 06:16:34
41772,PayPal,SUCCESS,00,538,Mobile,New York,2024-11-07 06:51:01
41773,AuthorizeNet,SUCCESS,00,976,ATM,New York,2024-11-07 07:01:45
41774,Square,SUCCESS,00,496,Desktop,New York,2024-11-07 07:29:17
41775,Stripe,SUCCESS,00,171,ATM,New York,2024-11-07 07:48:25
41776,AuthorizeNet,SUCCESS,00,295,POS,New York,2024-11-07 07:52:51
41777,PayPal,SUCCESS,00,789,Desktop,Los Angeles,2024-11-07 08:01:21
41778,PayPal,SUCCESS,00,157,Desktop,New York,2024-11-07 08:16:42
41779,AuthorizeNet,SUCCESS,00,1305,ATM,Los Angeles,2024-11-07 09:04:24
41780,PayPal,SUCCESS,00,998,ATM,Dallas,2024-11-07 09:28:27
41781,PayPal,SUCCESS,00,404,POS,Chicago,2024-11-07 11:02:42
41782,AuthorizeNet,SUCCESS,00,258,Mobile,Chicago,2024-11-07 12:09:51
41783,Square,SUCCESS,00,573,Desktop,New York,2024-11-07 13:18:48
41784,Square,SUCCESS,00,956,ATM,Chicago,2024-11-07 15:07:34
41785,Stripe,SUCCESS,00,676,Desktop,Los Angeles,2024-11-07 15:48:29
41786,AuthorizeNet,FAILED,12,929,ATM,New York,2024-11-07 17:41:09
41787,AuthorizeNet,SUCCESS,00,220,Desktop,Dallas,2024-11-07 18:14:11
41788,PayPal,SUCCESS,00,868,Mobile,Dallas,2024-11-07 18:28:18
41789,PayPal,FAILED,05,223,Desktop,Los Angeles,2024-11-07 18:47:29
41790,PayPal,SUCCESS,00,1244,Desktop,Chicago,2024-11-07 19:01:26
41791,Square,SUCCESS,00,531,POS,Chicago,2024-11-07 19:36:12
41792,PayPal,SUCCESS,00,699,POS,Dallas,2024-11-07 20:30:25
41793,AuthorizeNet,SUCCESS,00,1093,Mobile,Chicago,2024-11-07 20:31:53
41794,AuthorizeNet,SUCCESS,00,1449,ATM,Los Angeles,2024-11-07 20:45:35
41795,Square,FAILED,05,255,ATM,Dallas,2024-11-07 20:56:02
41796,PayPal,SUCCESS,00,1099,POS,Chicago,2024-11-07 21:05:42
41797,PayPal,FAILED,05,1341,Mobile,Chicago,2024-11-07 21:13:10
41798,AuthorizeNet,SUCCESS,00,920,ATM,New York,2024-11-07 21:54:52
41799,AuthorizeNet,SUCCESS,00,300,Desktop,Chicago,2024-11-07 22:44:10
41800,AuthorizeNet,SUCCESS,00,765,POS,Los Angeles,2024-11-08 00:02:27
41801,AuthorizeNet,SUCCESS,00,994,Mobile,Dallas,2024-11-08 00:29:28
41802,Stripe,SUCCESS,00,673,POS,New York,2024-11-08 02:02:50
41803,Stripe,SUCCESS,00,1309,Mobile,New York,2024-11-08 03:36:07
41804,AuthorizeNet,SUCCESS,00,446,ATM,Los Angeles,2024-11-08 05:12:44
41805,Stripe,SUCCESS,00,1477,POS,Dallas,2024-11-08 05:19:51
41806,PayPal,SUCCESS,00,1129,Mobile,Los Angeles,2024-11-08 06:01:30
41807,Square,SUCCESS,00,259,Mobile,Chicago,2024-11-08 06:02:59
41808,Stripe,SUCCESS,00,1363,Mobile,Chicago,2024-11-08 06:15:58
41809,Stripe,SUCCESS,00,140,Mobile,New York,2024-11-08 06:24:13
41810,PayPal,FAILED,12,933,Mobile,Los Angeles,2024-11-08 06:46:51
41811,Stripe,SUCCESS,00,220,Desktop,Chicago,2024-11-08 07:48:58
41812,Stripe,SUCCESS,00,921,Mobile,Chicago,2024-11-08 07:51:49
41813,AuthorizeNet,SUCCESS,00,1093,Mobile,Dallas,2024-11-08 08:55:19
41814,Square,SUCCESS,00,324,Mobile,Dallas,2024-11-08 10:55:36
41815,Square,SUCCESS,00,1017,Mobile,Dallas,2024-11-08 11:56:20
41816,PayPal,SUCCESS,00,954,ATM,Chicago,2024-11-08 12:02:12
41817,PayPal,SUCCESS,00,657,POS,Dallas,2024-11-08 12:09:30
41818,AuthorizeNet,SUCCESS,00,1104,Desktop,Los Angeles,2024-11-08 12:21:21
41819,Stripe,SUCCESS,00,890,Desktop,Los Angeles,2024-11-08 12:32:15
41820,Stripe,SUCCESS,00,454,Mobile,New York,2024-11-08 12:48:26
41821,PayPal,SUCCESS,00,731,Desktop,Dallas,2024-11-08 12:51:25
41822,PayPal,SUCCESS,00,1180,POS,Chicago,2024-11-08 15:26:25
41823,PayPal,SUCCESS,00,1385,Mobile,Chicago,2024-11-08 16:08:41
41824,PayPal,SUCCESS,00,1109,Mobile,Los Angeles,2024-11-08 16:15:09
41825,AuthorizeNet,SUCCESS,00,279,Mobile,New York,2024-11-08 16:16:09
41826,Square,FAILED,12,976,POS,Los Angeles,2024-11-08 16:17:45
41827,PayPal,SUCCESS,00,438,Desktop,Chicago,2024-11-08 16:19:01
41828,Square,SUCCESS,00,398,Desktop,Los Angeles,2024-11-08 16:27:58
41829,AuthorizeNet,FAILED,05,753,Mobile,Los Angeles,2024-11-08 16:33:04
41830,Stripe,SUCCESS,00,316,POS,Los Angeles,2024-11-08 16:56:54
41831,Stripe,SUCCESS,00,511,ATM,Los Angeles,2024-11-08 17:10:02
41832,Stripe,SUCCESS,00,1251,POS,Los Angeles,2024-11-08 17:52:01
41833,Square,SUCCESS,00,1192,Mobile,Los Angeles,2024-11-08 18:16:25
41834,AuthorizeNet,SUCCESS,00,773,POS,Chicago,2024-11-08 18:47:45
41835,Stripe,SUCCESS,00,857,ATM,Chicago,2024-11-08 19:14:49
41836,AuthorizeNet,SUCCESS,00,277,POS,Chicago,2024-11-08 19:18:04
41837,AuthorizeNet,SUCCESS,00,1081,Mobile,New York,2024-11-08 19:37:32
41838,Square,PENDING,99,1449,POS,Los Angeles,2024-11-08 19:55:05
41839,Square,SUCCESS,00,422,Desktop,New York,2024-11-08 20:43:11
41840,Square,SUCCESS,00,930,ATM,New York,2024-11-08 21:46:26
41841,AuthorizeNet,SUCCESS,00,769,Mobile,Los Angeles,2024-11-08 21:58:49
41842,PayPal,SUCCESS,00,108,Mobile,Dallas,2024-11-09 00:02:39
41843,Square,SUCCESS,00,1214,Mobile,Dallas,2024-11-09 00:04:04
41844,AuthorizeNet,SUCCESS,00,1294,POS,Los Angeles,2024-11-09 00:32:46
41845,Square,SUCCESS,00,396,POS,Chicago,2024-11-09 00:42:33
41846,Stripe,SUCCESS,00,1114,ATM,New York,2024-11-09 01:58:39
41847,Stripe,SUCCESS,00,1321,POS,New York,2024-11-09 02:13:45
41848,PayPal,SUCCESS,00,322,Desktop,New York,2024-11-09 02:52:51
41849,PayPal,SUCCESS,00,1152,Desktop,Chicago,2024-11-09 03:08:12
41850,Stripe,SUCCESS,00,1470,ATM,Dallas,2024-11-09 03:30:31
41851,Stripe,SUCCESS,00,1166,Desktop,New York,2024-11-09 04:33:03
41852,AuthorizeNet,FAILED,12,954,Desktop,Los Angeles,2024-11-09 04:41:53
41853,Square,SUCCESS,00,415,Mobile,Dallas,2024-11-09 06:37:39
41854,AuthorizeNet,FAILED,12,194,Desktop,New York,2024-11-09 06:39:57
41855,Stripe,SUCCESS,00,1055,Desktop,Chicago,2024-11-09 06:54:43
41856,PayPal,SUCCESS,00,1118,Desktop,New York,2024-11-09 09:01:16
41857,Square,SUCCESS,00,1308,POS,New York,2024-11-09 10:29:09
41858,PayPal,SUCCESS,00,1166,POS,Los Angeles,2024-11-09 10:50:45
41859,Stripe,PENDING,99,475,ATM,Dallas,2024-11-09 10:58:20
41860,Square,SUCCESS,00,1246,Desktop,Dallas,2024-11-09 11:02:19
41861,AuthorizeNet,SUCCESS,00,149,Desktop,Chicago,2024-11-09 11:14:55
41862,Square,SUCCESS,00,268,Mobile,Los Angeles,2024-11-09 11:24:33
41863,Square,SUCCESS,00,984,Desktop,Chicago,2024-11-09 14:53:54
41864,AuthorizeNet,SUCCESS,00,381,Mobile,New York,2024-11-09 17:12:06
41865,Stripe,SUCCESS,00,1427,Mobile,Los Angeles,2024-11-09 17:44:30
41866,Stripe,SUCCESS,00,701,Mobile,Los Angeles,2024-11-09 17:53:49
41867,PayPal,SUCCESS,00,258,Desktop,Chicago,2024-11-09 19:26:25
41868,Stripe,SUCCESS,00,586,Desktop,Los Angeles,2024-11-09 20:26:23
41869,Square,SUCCESS,00,1194,Mobile,Los Angeles,2024-11-09 21:06:06
41870,Square,SUCCESS,00,366,POS,New York,2024-11-09 21:18:51
41871,Stripe,FAILED,05,1384,Mobile,New York,2024-11-09 21:28:00
41872,AuthorizeNet,SUCCESS,00,883,POS,New York,2024-11-09 21:35:45
41873,Stripe,SUCCESS,00,1048,Mobile,Los Angeles,2024-11-09 21:41:34
41874,Stripe,SUCCESS,00,825,ATM,Chicago,2024-11-09 21:42:46
41875,Stripe,SUCCESS,00,1059,POS,Chicago,2024-11-09 22:10:53
41876,Stripe,SUCCESS,00,1106,Desktop,Los Angeles,2024-11-09 23:31:44
41877,AuthorizeNet,SUCCESS,00,279,Mobile,New York,2024-11-10 00:00:20
41878,AuthorizeNet,SUCCESS,00,1317,Mobile,Chicago,2024-11-10 00:38:22
41879,Stripe,SUCCESS,00,359,POS,Los Angeles,2024-11-10 01:08:38
41880,PayPal,SUCCESS,00,1026,Mobile,New York,2024-11-10 01:10:10
41881,PayPal,SUCCESS,00,1019,POS,New York,2024-11-10 03:21:19
41882,PayPal,SUCCESS,00,398,POS,Chicago,2024-11-10 04:10:31
41883,Stripe,SUCCESS,00,790,ATM,Los Angeles,2024-11-10 05:01:47
41884,AuthorizeNet,SUCCESS,00,273,Mobile,New York,2024-11-10 05:55:20
41885,AuthorizeNet,SUCCESS,00,841,Mobile,Dallas,2024-11-10 06:14:06
41886,AuthorizeNet,SUCCESS,00,1230,ATM,Dallas,2024-11-10 06:19:47
41887,AuthorizeNet,SUCCESS,00,485,ATM,New York,2024-11-10 06:53:21
41888,Stripe,SUCCESS,00,653,Desktop,Dallas,2024-11-10 07:03:24
41889,Stripe,SUCCESS,00,495,Desktop,Chicago,2024-11-10 07:19:57
41890,Square,SUCCESS,00,917,Desktop,New York,2024-11-10 08:04:54
41891,Square,SUCCESS,00,986,POS,Los Angeles,2024-11-10 08:23:52
41892,AuthorizeNet,SUCCESS,00,421,Desktop,Chicago,2024-11-10 08:41:27
41893,Square,SUCCESS,00,1248,POS,Dallas,2024-11-10 10:37:38
41894,AuthorizeNet,SUCCESS,00,1060,ATM,Dallas,2024-11-10 12:25:23
41895,AuthorizeNet,SUCCESS,00,518,Desktop,Los Angeles,2024-11-10 12:28:53
41896,Stripe,SUCCESS,00,530,POS,New York,2024-11-10 12:35:40
41897,Square,SUCCESS,00,915,POS,Chicago,2024-11-10 12:44:38
41898,PayPal,SUCCESS,00,383,Desktop,Chicago,2024-11-10 14:27:05
41899,PayPal,SUCCESS,00,891,Desktop,New York,2024-11-10 14:34:06
41900,AuthorizeNet,SUCCESS,00,407,POS,Dallas,2024-11-10 14:51:28
41901,Stripe,SUCCESS,00,1423,Desktop,Dallas,2024-11-10 17:39:36
41902,Stripe,SUCCESS,00,781,POS,New York,2024-11-10 18:56:14
41903,Stripe,SUCCESS,00,865,ATM,New York,2024-11-10 19:53:38
41904,Square,SUCCESS,00,1110,Desktop,Dallas,2024-11-10 20:31:35
41905,Stripe,SUCCESS,00,153,Mobile,New York,2024-11-10 21:45:08
41906,PayPal,SUCCESS,00,126,Mobile,Chicago,2024-11-10 23:07:43
41907,AuthorizeNet,SUCCESS,00,679,Mobile,Los Angeles,2024-11-11 01:20:40
41908,AuthorizeNet,SUCCESS,00,461,Mobile,Dallas,2024-11-11 02:04:40
41909,PayPal,SUCCESS,00,862,Desktop,Los Angeles,2024-11-11 03:26:01
41910,Square,SUCCESS,00,992,ATM,Los Angeles,2024-11-11 03:31:06
41911,Stripe,SUCCESS,00,387,Mobile,Dallas,2024-11-11 04:42:13
41912,PayPal,PENDING,99,1466,POS,Chicago,2024-11-11 05:09:02
41913,AuthorizeNet,SUCCESS,00,652,ATM,Dallas,2024-11-11 05:54:17
41914,AuthorizeNet,SUCCESS,00,1373,ATM,Los Angeles,2024-11-11 05:56:28
41915,Stripe,SUCCESS,00,1013,Desktop,Los Angeles,2024-11-11 06:18:43
41916,AuthorizeNet,FAILED,12,979,Desktop,Dallas,2024-11-11 06:56:05
41917,AuthorizeNet,SUCCESS,00,634,ATM,Los Angeles,2024-11-11 07:14:24
41918,AuthorizeNet,FAILED,12,1363,POS,New York,2024-11-11 07:20:52
41919,Square,SUCCESS,00,381,ATM,Los Angeles,2024-11-11 07:25:38
41920,Square,SUCCESS,00,1061,POS,Los Angeles,2024-11-11 07:48:00
41921,Stripe,SUCCESS,00,1213,Mobile,Dallas,2024-11-11 08:09:51
41922,Stripe,SUCCESS,00,1014,Mobile,New York,2024-11-11 08:38:04
41923,Square,SUCCESS,00,1100,ATM,Chicago,2024-11-11 08:39:49
41924,Stripe,SUCCESS,00,1377,ATM,Dallas,2024-11-11 08:59:56
41925,PayPal,SUCCESS,00,566,POS,Chicago,2024-11-11 09:10:58
41926,AuthorizeNet,SUCCESS,00,985,ATM,Dallas,2024-11-11 09:20:17
41927,PayPal,SUCCESS,00,1222,ATM,New York,2024-11-11 09:36:55
41928,AuthorizeNet,SUCCESS,00,914,Desktop,Dallas,2024-11-11 11:09:43
41929,AuthorizeNet,SUCCESS,00,206,ATM,Dallas,2024-11-11 11:18:42
41930,PayPal,SUCCESS,00,358,ATM,Dallas,2024-11-11 11:38:10
41931,AuthorizeNet,SUCCESS,00,1406,Mobile,New York,2024-11-11 12:41:46
41932,Stripe,SUCCESS,00,423,ATM,Chicago,2024-11-11 12:47:49
41933,PayPal,SUCCESS,00,838,ATM,Los Angeles,2024-11-11 12:59:52
41934,Square,SUCCESS,00,865,Mobile,New York,2024-11-11 14:03:25
41935,AuthorizeNet,SUCCESS,00,263,ATM,Los Angeles,2024-11-11 14:27:26
41936,Stripe,SUCCESS,00,546,Mobile,Dallas,2024-11-11 16:32:23
41937,AuthorizeNet,FAILED,05,655,Mobile,Dallas,2024-11-11 16:40:40
41938,Square,SUCCESS,00,810,ATM,Los Angeles,2024-11-11 18:25:38
41939,Stripe,FAILED,05,843,Desktop,New York,2024-11-11 18:26:33
41940,Stripe,SUCCESS,00,1038,POS,New York,2024-11-11 18:45:41
41941,Stripe,SUCCESS,00,291,Desktop,New York,2024-11-11 18:46:50
41942,PayPal,SUCCESS,00,534,ATM,Los Angeles,2024-11-11 19:05:32
41943,AuthorizeNet,SUCCESS,00,357,Mobile,Los Angeles,2024-11-11 20:06:09
41944,AuthorizeNet,SUCCESS,00,661,Mobile,Dallas,2024-11-11 20:29:37
41945,PayPal,SUCCESS,00,794,Mobile,New York,2024-11-11 20:51:51
41946,Square,SUCCESS,00,534,ATM,Los Angeles,2024-11-11 20:56:24
41947,Stripe,SUCCESS,00,784,POS,Dallas,2024-11-11 22:23:18
41948,Square,SUCCESS,00,902,POS,Los Angeles,2024-11-12 00:01:35
41949,Square,SUCCESS,00,1294,Mobile,Los Angeles,2024-11-12 00:23:08
41950,AuthorizeNet,SUCCESS,00,293,Mobile,New York,2024-11-12 00:45:39
41951,PayPal,SUCCESS,00,242,Mobile,Chicago,2024-11-12 00:52:02
41952,Stripe,SUCCESS,00,1400,POS,Chicago,2024-11-12 01:16:11
41953,Square,SUCCESS,00,1493,POS,Los Angeles,2024-11-12 01:29:25
41954,PayPal,PENDING,99,951,Mobile,New York,2024-11-12 03:03:06
41955,PayPal,PENDING,99,1300,POS,Los Angeles,2024-11-12 03:12:34
41956,AuthorizeNet,PENDING,99,1010,ATM,New York,2024-11-12 03:59:39
41957,AuthorizeNet,SUCCESS,00,1123,Desktop,New York,2024-11-12 04:01:29
41958,AuthorizeNet,SUCCESS,00,1371,POS,Dallas,2024-11-12 05:02:09
41959,AuthorizeNet,SUCCESS,00,1191,POS,Dallas,2024-11-12 05:09:54
41960,Stripe,SUCCESS,00,1027,ATM,Chicago,2024-11-12 05:34:25
41961,Square,SUCCESS,00,1348,Desktop,Chicago,2024-11-12 05:51:30
41962,AuthorizeNet,SUCCESS,00,416,ATM,Los Angeles,2024-11-12 08:54:32
41963,Square,SUCCESS,00,1137,ATM,Chicago,2024-11-12 08:55:05
41964,PayPal,SUCCESS,00,409,ATM,Chicago,2024-11-12 09:33:21
41965,PayPal,SUCCESS,00,1146,POS,Los Angeles,2024-11-12 10:16:52
41966,Stripe,SUCCESS,00,273,Mobile,Los Angeles,2024-11-12 10:37:38
41967,AuthorizeNet,FAILED,05,785,POS,Chicago,2024-11-12 10:46:54
41968,Stripe,SUCCESS,00,1245,Desktop,Dallas,2024-11-12 11:03:49
41969,AuthorizeNet,SUCCESS,00,617,ATM,Los Angeles,2024-11-12 11:25:36
41970,Square,SUCCESS,00,964,ATM,New York,2024-11-12 11:46:19
41971,PayPal,SUCCESS,00,866,POS,New York,2024-11-12 11:59:35
41972,AuthorizeNet,SUCCESS,00,465,POS,Chicago,2024-11-12 12:03:15
41973,AuthorizeNet,FAILED,05,680,Mobile,New York,2024-11-12 12:12:42
41974,Stripe,SUCCESS,00,581,POS,New York,2024-11-12 13:29:01
41975,Stripe,SUCCESS,00,251,Desktop,Dallas,2024-11-12 16:01:57
41976,AuthorizeNet,SUCCESS,00,1459,Desktop,New York,2024-11-12 16:43:37
41977,AuthorizeNet,SUCCESS,00,137,Desktop,Los Angeles,2024-11-12 16:52:52
41978,Square,SUCCESS,00,1022,Desktop,Chicago,2024-11-12 16:54:41
41979,AuthorizeNet,SUCCESS,00,1362,POS,Chicago,2024-11-12 16:59:11
41980,Square,FAILED,12,408,ATM,Dallas,2024-11-12 17:06:54
41981,Stripe,SUCCESS,00,942,Desktop,Chicago,2024-11-12 18:56:00
41982,Square,SUCCESS,00,897,ATM,New York,2024-11-12 19:36:16
41983,Square,SUCCESS,00,724,ATM,Chicago,2024-11-12 20:08:54
41984,Stripe,SUCCESS,00,458,Mobile,Dallas,2024-11-12 22:49:30
41985,AuthorizeNet,SUCCESS,00,1243,ATM,New York,2024-11-12 23:22:01
41986,AuthorizeNet,SUCCESS,00,411,POS,Dallas,2024-11-12 23:42:47
41987,Stripe,SUCCESS,00,461,Desktop,Los Angeles,2024-11-12 23:58:30
41988,AuthorizeNet,SUCCESS,00,143,ATM,Dallas,2024-11-13 00:22:47
41989,Stripe,FAILED,05,1387,Desktop,Los Angeles,2024-11-13 01:58:59
41990,PayPal,SUCCESS,00,515,Mobile,Dallas,2024-11-13 02:05:39
41991,PayPal,SUCCESS,00,796,Mobile,New York,2024-11-13 02:57:41
41992,Square,SUCCESS,00,1351,ATM,Chicago,2024-11-13 03:02:20
41993,PayPal,SUCCESS,00,1334,POS,Los Angeles,2024-11-13 03:25:54
41994,PayPal,SUCCESS,00,1059,POS,Chicago,2024-11-13 03:40:29
41995,PayPal,SUCCESS,00,599,Desktop,New York,2024-11-13 04:14:38
41996,Stripe,SUCCESS,00,302,Mobile,New York,2024-11-13 04:27:58
41997,Square,SUCCESS,00,338,POS,New York,2024-11-13 04:52:45
41998,AuthorizeNet,SUCCESS,00,1286,Desktop,Los Angeles,2024-11-13 05:39:45
41999,Stripe,SUCCESS,00,293,POS,Chicago,2024-11-13 05:51:36
42000,PayPal,SUCCESS,00,1376,POS,Los Angeles,2024-11-13 06:15:51
42001,PayPal,SUCCESS,00,284,POS,Los Angeles,2024-11-13 07:44:37
42002,Square,SUCCESS,00,325,POS,Los Angeles,2024-11-13 09:50:04
42003,Stripe,SUCCESS,00,1409,Mobile,Dallas,2024-11-13 09:51:41
42004,AuthorizeNet,SUCCESS,00,451,Desktop,Chicago,2024-11-13 09:56:50
42005,Square,SUCCESS,00,1384,POS,Los Angeles,2024-11-13 10:10:07
42006,Square,SUCCESS,00,153,Mobile,Dallas,2024-11-13 10:17:45
42007,AuthorizeNet,SUCCESS,00,445,POS,New York,2024-11-13 10:58:55
42008,Stripe,FAILED,12,848,ATM,Chicago,2024-11-13 12:13:41
42009,Square,SUCCESS,00,864,POS,Chicago,2024-11-13 12:55:27
42010,PayPal,SUCCESS,00,915,Mobile,Dallas,2024-11-13 13:31:27
42011,Stripe,SUCCESS,00,420,Desktop,New York,2024-11-13 14:19:42
42012,Square,SUCCESS,00,232,Mobile,Los Angeles,2024-11-13 14:54:23
42013,Square,SUCCESS,00,193,Desktop,New York,2024-11-13 14:58:30
42014,Square,SUCCESS,00,1072,Desktop,Chicago,2024-11-13 15:08:46
42015,AuthorizeNet,SUCCESS,00,249,Mobile,Dallas,2024-11-13 15:23:37
42016,AuthorizeNet,SUCCESS,00,298,POS,New York,2024-11-13 16:48:00
42017,Stripe,SUCCESS,00,1091,Desktop,Dallas,2024-11-13 17:13:12
42018,Square,SUCCESS,00,1275,ATM,Los Angeles,2024-11-13 19:04:51
42019,Square,SUCCESS,00,1460,ATM,Los Angeles,2024-11-13 20:10:10
42020,PayPal,SUCCESS,00,248,Mobile,Los Angeles,2024-11-13 20:14:38
42021,AuthorizeNet,SUCCESS,00,819,Desktop,Los Angeles,2024-11-13 20:14:46
42022,PayPal,SUCCESS,00,329,POS,Los Angeles,2024-11-13 21:14:58
42023,PayPal,SUCCESS,00,952,Mobile,New York,2024-11-13 23:05:28
42024,AuthorizeNet,SUCCESS,00,796,Desktop,Los Angeles,2024-11-13 23:16:53
42025,PayPal,SUCCESS,00,425,POS,New York,2024-11-13 23:21:00
42026,Square,SUCCESS,00,776,Desktop,Chicago,2024-11-13 23:50:06
42027,AuthorizeNet,SUCCESS,00,1320,POS,Chicago,2024-11-14 01:27:37
42028,Stripe,FAILED,12,1047,POS,Los Angeles,2024-11-14 02:21:14
42029,Square,SUCCESS,00,601,Desktop,Dallas,2024-11-14 03:31:55
42030,PayPal,SUCCESS,00,1117,Mobile,Dallas,2024-11-14 03:38:37
42031,Square,SUCCESS,00,930,ATM,Dallas,2024-11-14 03:47:47
42032,Stripe,SUCCESS,00,684,ATM,Los Angeles,2024-11-14 04:05:02
42033,Stripe,SUCCESS,00,1278,Desktop,Los Angeles,2024-11-14 04:25:32
42034,AuthorizeNet,SUCCESS,00,802,ATM,Dallas,2024-11-14 04:46:48
42035,PayPal,SUCCESS,00,1252,Desktop,Chicago,2024-11-14 05:10:28
42036,PayPal,SUCCESS,00,603,ATM,Los Angeles,2024-11-14 06:36:42
42037,Square,SUCCESS,00,1244,Desktop,New York,2024-11-14 07:23:08
42038,PayPal,SUCCESS,00,212,POS,Chicago,2024-11-14 08:09:10
42039,Square,SUCCESS,00,1163,Mobile,New York,2024-11-14 08:11:26
42040,Square,SUCCESS,00,199,ATM,New York,2024-11-14 09:11:40
42041,Stripe,SUCCESS,00,1176,POS,Los Angeles,2024-11-14 09:27:20
42042,Square,SUCCESS,00,728,POS,Chicago,2024-11-14 10:15:51
42043,Square,SUCCESS,00,1260,POS,Los Angeles,2024-11-14 11:13:39
42044,Stripe,SUCCESS,00,174,Desktop,Dallas,2024-11-14 11:17:15
42045,AuthorizeNet,SUCCESS,00,724,Desktop,Dallas,2024-11-14 12:08:21
42046,Stripe,PENDING,99,413,POS,Chicago,2024-11-14 12:17:46
42047,AuthorizeNet,SUCCESS,00,545,ATM,Chicago,2024-11-14 12:30:54
42048,Square,SUCCESS,00,808,Mobile,New York,2024-11-14 12:32:28
42049,Square,SUCCESS,00,559,Desktop,Dallas,2024-11-14 12:32:51
42050,Square,SUCCESS,00,340,POS,Dallas,2024-11-14 12:55:55
42051,Stripe,SUCCESS,00,1229,Desktop,New York,2024-11-14 13:11:45
42052,Square,FAILED,12,477,Desktop,Chicago,2024-11-14 14:15:56
42053,Square,SUCCESS,00,366,POS,New York,2024-11-14 14:29:02
42054,PayPal,SUCCESS,00,1234,POS,Los Angeles,2024-11-14 15:11:42
42055,PayPal,SUCCESS,00,168,Desktop,New York,2024-11-14 15:14:49
42056,Stripe,SUCCESS,00,600,ATM,Chicago,2024-11-14 15:24:02
42057,AuthorizeNet,PENDING,99,871,ATM,Dallas,2024-11-14 15:40:34
42058,Square,SUCCESS,00,939,ATM,New York,2024-11-14 18:12:59
42059,Stripe,SUCCESS,00,1169,Mobile,Dallas,2024-11-14 18:13:17
42060,Stripe,SUCCESS,00,1112,Mobile,Dallas,2024-11-14 21:31:00
42061,AuthorizeNet,SUCCESS,00,1180,Mobile,New York,2024-11-14 22:05:12
42062,Square,SUCCESS,00,1187,POS,Los Angeles,2024-11-14 23:06:13
42063,PayPal,SUCCESS,00,1123,POS,Los Angeles,2024-11-14 23:19:36
42064,AuthorizeNet,SUCCESS,00,184,POS,Chicago,2024-11-14 23:25:43
42065,Square,FAILED,05,1288,Mobile,Chicago,2024-11-14 23:46:46
42066,PayPal,SUCCESS,00,1352,Desktop,New York,2024-11-14 23:56:50
42067,PayPal,SUCCESS,00,983,Desktop,Los Angeles,2024-11-15 00:15:53
42068,Square,SUCCESS,00,270,Mobile,Dallas,2024-11-15 01:16:58
42069,AuthorizeNet,SUCCESS,00,1046,Mobile,Dallas,2024-11-15 01:25:18
42070,PayPal,SUCCESS,00,622,ATM,Los Angeles,2024-11-15 01:49:48
42071,PayPal,SUCCESS,00,630,Desktop,New York,2024-11-15 02:19:05
42072,Square,SUCCESS,00,131,Desktop,Chicago,2024-11-15 03:43:55
42073,Stripe,SUCCESS,00,299,Desktop,Los Angeles,2024-11-15 04:26:48
42074,AuthorizeNet,FAILED,12,467,ATM,Chicago,2024-11-15 04:31:13
42075,Square,SUCCESS,00,1072,Mobile,Chicago,2024-11-15 04:53:41
42076,Stripe,SUCCESS,00,1221,POS,Chicago,2024-11-15 05:06:36
42077,PayPal,SUCCESS,00,353,POS,Chicago,2024-11-15 06:28:47
42078,Square,SUCCESS,00,508,Desktop,Los Angeles,2024-11-15 06:35:06
42079,Stripe,SUCCESS,00,778,Mobile,Dallas,2024-11-15 06:42:25
42080,PayPal,FAILED,12,367,Desktop,Chicago,2024-11-15 06:58:15
42081,Stripe,SUCCESS,00,920,Mobile,New York,2024-11-15 07:09:25
42082,Square,SUCCESS,00,694,Mobile,Los Angeles,2024-11-15 07:25:34
42083,Square,SUCCESS,00,563,POS,Dallas,2024-11-15 07:34:23
42084,Stripe,SUCCESS,00,545,POS,Chicago,2024-11-15 08:38:43
42085,PayPal,SUCCESS,00,461,POS,Dallas,2024-11-15 09:12:16
42086,AuthorizeNet,SUCCESS,00,705,Mobile,Chicago,2024-11-15 11:03:07
42087,Square,FAILED,05,1482,ATM,Dallas,2024-11-15 12:06:11
42088,Stripe,SUCCESS,00,1197,ATM,Dallas,2024-11-15 12:12:50
42089,PayPal,SUCCESS,00,464,Mobile,Chicago,2024-11-15 12:24:06
42090,Square,SUCCESS,00,1051,Mobile,New York,2024-11-15 12:35:37
42091,PayPal,SUCCESS,00,500,Desktop,Chicago,2024-11-15 13:08:35
42092,AuthorizeNet,SUCCESS,00,668,ATM,Chicago,2024-11-15 13:46:26
42093,Stripe,SUCCESS,00,439,ATM,Chicago,2024-11-15 13:54:43
42094,PayPal,FAILED,12,937,POS,Dallas,2024-11-15 16:03:19
42095,Square,SUCCESS,00,1397,Mobile,Dallas,2024-11-15 16:10:01
42096,PayPal,SUCCESS,00,1016,Mobile,Dallas,2024-11-15 16:51:25
42097,PayPal,SUCCESS,00,207,POS,Chicago,2024-11-15 17:53:16
42098,PayPal,FAILED,12,349,POS,Los Angeles,2024-11-15 18:48:29
42099,PayPal,SUCCESS,00,957,ATM,Dallas,2024-11-15 19:59:05
42100,Stripe,SUCCESS,00,300,POS,New York,2024-11-15 20:04:53
42101,AuthorizeNet,SUCCESS,00,265,POS,Los Angeles,2024-11-15 20:17:42
42102,PayPal,SUCCESS,00,945,Mobile,Los Angeles,2024-11-15 20:23:01
42103,AuthorizeNet,SUCCESS,00,306,POS,Chicago,2024-11-15 20:54:35
42104,AuthorizeNet,SUCCESS,00,799,ATM,Chicago,2024-11-15 21:52:40
42105,AuthorizeNet,SUCCESS,00,1202,Desktop,Los Angeles,2024-11-15 21:56:02
42106,Square,SUCCESS,00,237,Desktop,Chicago,2024-11-15 22:07:54
42107,PayPal,SUCCESS,00,904,Mobile,Dallas,2024-11-15 22:53:24
42108,Stripe,SUCCESS,00,1392,Desktop,Chicago,2024-11-16 00:52:47
42109,Square,SUCCESS,00,1286,Mobile,Dallas,2024-11-16 00:53:05
42110,AuthorizeNet,SUCCESS,00,916,Desktop,Los Angeles,2024-11-16 01:47:51
42111,Stripe,SUCCESS,00,904,POS,Chicago,2024-11-16 02:37:25
42112,Stripe,SUCCESS,00,271,Desktop,Los Angeles,2024-11-16 03:02:09
42113,Square,SUCCESS,00,646,Mobile,Dallas,2024-11-16 05:39:37
42114,Square,SUCCESS,00,1091,ATM,Chicago,2024-11-16 07:14:07
42115,PayPal,SUCCESS,00,521,Desktop,Chicago,2024-11-16 07:52:58
42116,PayPal,FAILED,12,1159,ATM,Chicago,2024-11-16 08:49:22
42117,Square,SUCCESS,00,788,POS,Los Angeles,2024-11-16 09:19:54
42118,PayPal,SUCCESS,00,1324,POS,Los Angeles,2024-11-16 09:35:26
42119,Stripe,SUCCESS,00,1456,Mobile,Dallas,2024-11-16 10:50:50
42120,Square,SUCCESS,00,1476,POS,Los Angeles,2024-11-16 10:59:14
42121,PayPal,SUCCESS,00,649,ATM,Los Angeles,2024-11-16 11:35:42
42122,PayPal,SUCCESS,00,1324,ATM,New York,2024-11-16 12:40:15
42123,Stripe,SUCCESS,00,1072,POS,Dallas,2024-11-16 13:53:21
42124,AuthorizeNet,SUCCESS,00,236,Mobile,Los Angeles,2024-11-16 14:09:47
42125,Square,SUCCESS,00,475,Desktop,Los Angeles,2024-11-16 14:15:37
42126,PayPal,SUCCESS,00,1183,ATM,Dallas,2024-11-16 14:33:27
42127,AuthorizeNet,SUCCESS,00,508,ATM,Chicago,2024-11-16 14:54:50
42128,PayPal,SUCCESS,00,1104,Mobile,New York,2024-11-16 14:55:21
42129,Square,SUCCESS,00,761,Mobile,Chicago,2024-11-16 15:07:42
42130,AuthorizeNet,SUCCESS,00,764,POS,Dallas,2024-11-16 15:36:54
42131,Square,SUCCESS,00,773,Desktop,Chicago,2024-11-16 16:17:57
42132,Stripe,SUCCESS,00,790,ATM,New York,2024-11-16 16:23:46
42133,AuthorizeNet,SUCCESS,00,456,POS,Dallas,2024-11-16 19:01:45
42134,PayPal,SUCCESS,00,1412,Mobile,New York,2024-11-16 19:24:00
42135,Square,SUCCESS,00,1488,Mobile,Los Angeles,2024-11-16 19:49:11
42136,AuthorizeNet,SUCCESS,00,174,Desktop,Chicago,2024-11-16 19:58:11
42137,Stripe,SUCCESS,00,1181,ATM,New York,2024-11-16 23:44:51
42138,Square,SUCCESS,00,549,ATM,Los Angeles,2024-11-17 00:23:21
42139,AuthorizeNet,SUCCESS,00,672,ATM,Los Angeles,2024-11-17 01:11:55
42140,AuthorizeNet,SUCCESS,00,439,Desktop,Los Angeles,2024-11-17 01:21:31
42141,Square,SUCCESS,00,1086,Desktop,Chicago,2024-11-17 02:15:44
42142,Stripe,SUCCESS,00,118,Desktop,Los Angeles,2024-11-17 02:40:58
42143,Square,SUCCESS,00,183,ATM,Los Angeles,2024-11-17 02:59:29
42144,Stripe,SUCCESS,00,690,POS,Los Angeles,2024-11-17 03:12:03
42145,AuthorizeNet,FAILED,05,780,Mobile,Chicago,2024-11-17 03:53:55
42146,Square,SUCCESS,00,1216,ATM,Los Angeles,2024-11-17 04:21:42
42147,Stripe,SUCCESS,00,1428,ATM,New York,2024-11-17 05:00:21
42148,PayPal,SUCCESS,00,1145,Desktop,Los Angeles,2024-11-17 05:19:37
42149,Square,SUCCESS,00,882,POS,Los Angeles,2024-11-17 05:21:58
42150,PayPal,PENDING,99,367,ATM,Chicago,2024-11-17 05:58:18
42151,Square,PENDING,99,595,Mobile,Chicago,2024-11-17 06:27:22
42152,AuthorizeNet,SUCCESS,00,154,POS,Los Angeles,2024-11-17 06:41:32
42153,Stripe,SUCCESS,00,899,POS,Los Angeles,2024-11-17 06:42:43
42154,PayPal,SUCCESS,00,914,Desktop,New York,2024-11-17 07:19:47
42155,Square,SUCCESS,00,1099,POS,Chicago,2024-11-17 09:31:34
42156,Square,SUCCESS,00,1245,ATM,Dallas,2024-11-17 09:51:45
42157,Square,SUCCESS,00,1191,Desktop,Dallas,2024-11-17 10:15:47
42158,AuthorizeNet,SUCCESS,00,810,Mobile,Los Angeles,2024-11-17 10:19:48
42159,AuthorizeNet,SUCCESS,00,1081,Mobile,Dallas,2024-11-17 11:23:24
42160,AuthorizeNet,SUCCESS,00,391,Mobile,New York,2024-11-17 11:27:12
42161,Square,SUCCESS,00,696,ATM,New York,2024-11-17 12:34:46
42162,AuthorizeNet,SUCCESS,00,1086,Desktop,Chicago,2024-11-17 13:11:59
42163,Stripe,SUCCESS,00,1315,Desktop,Los Angeles,2024-11-17 13:56:22
42164,PayPal,SUCCESS,00,781,Mobile,New York,2024-11-17 14:11:25
42165,Square,SUCCESS,00,677,POS,Dallas,2024-11-17 14:48:45
42166,PayPal,FAILED,12,1449,POS,New York,2024-11-17 15:00:42
42167,AuthorizeNet,SUCCESS,00,1192,Desktop,Dallas,2024-11-17 15:55:42
42168,Square,SUCCESS,00,843,Mobile,New York,2024-11-17 15:58:32
42169,Stripe,SUCCESS,00,285,POS,New York,2024-11-17 16:09:37
42170,AuthorizeNet,SUCCESS,00,137,POS,Dallas,2024-11-17 17:37:28
42171,Square,SUCCESS,00,370,Mobile,Chicago,2024-11-17 18:33:37
42172,AuthorizeNet,SUCCESS,00,1414,POS,Los Angeles,2024-11-17 18:34:50
42173,PayPal,SUCCESS,00,1485,ATM,Chicago,2024-11-17 20:18:00
42174,PayPal,SUCCESS,00,948,POS,Los Angeles,2024-11-17 20:34:02
42175,PayPal,FAILED,05,958,ATM,New York,2024-11-17 21:10:18
42176,Stripe,SUCCESS,00,227,Desktop,Chicago,2024-11-17 21:30:02
42177,PayPal,SUCCESS,00,206,Mobile,Dallas,2024-11-17 21:33:11
42178,Square,SUCCESS,00,931,Mobile,New York,2024-11-17 22:58:51
42179,Square,SUCCESS,00,1446,Mobile,Chicago,2024-11-17 23:54:35
42180,Stripe,SUCCESS,00,1263,ATM,New York,2024-11-17 23:58:35
42181,Stripe,SUCCESS,00,1081,Mobile,Los Angeles,2024-11-17 23:59:55
42182,Stripe,SUCCESS,00,1049,POS,New York,2024-11-18 00:48:39
42183,PayPal,SUCCESS,00,177,POS,Dallas,2024-11-18 00:48:50
42184,AuthorizeNet,SUCCESS,00,754,Desktop,Los Angeles,2024-11-18 00:59:16
42185,Stripe,SUCCESS,00,252,POS,New York,2024-11-18 02:01:32
42186,Square,SUCCESS,00,526,Desktop,Chicago,2024-11-18 02:26:44
42187,Square,SUCCESS,00,1406,Desktop,Chicago,2024-11-18 03:03:14
42188,Square,SUCCESS,00,907,Desktop,Chicago,2024-11-18 03:22:12
42189,Stripe,SUCCESS,00,591,Desktop,Los Angeles,2024-11-18 04:27:53
42190,AuthorizeNet,SUCCESS,00,1004,Desktop,Chicago,2024-11-18 06:09:59
42191,AuthorizeNet,FAILED,05,485,Mobile,New York,2024-11-18 06:19:56
42192,PayPal,SUCCESS,00,1003,Mobile,Los Angeles,2024-11-18 07:40:46
42193,Square,SUCCESS,00,923,ATM,Dallas,2024-11-18 07:58:49
42194,PayPal,SUCCESS,00,903,POS,Dallas,2024-11-18 08:34:59
42195,Square,SUCCESS,00,833,Desktop,New York,2024-11-18 08:55:50
42196,Square,SUCCESS,00,1333,Mobile,Los Angeles,2024-11-18 09:40:35
42197,AuthorizeNet,SUCCESS,00,1462,Mobile,Chicago,2024-11-18 09:52:23
42198,PayPal,SUCCESS,00,888,POS,Dallas,2024-11-18 10:02:25
42199,AuthorizeNet,FAILED,05,624,POS,Dallas,2024-11-18 12:03:53
42200,Square,SUCCESS,00,347,POS,Dallas,2024-11-18 12:29:35
42201,PayPal,SUCCESS,00,237,ATM,Los Angeles,2024-11-18 13:59:15
42202,Stripe,SUCCESS,00,623,ATM,Chicago,2024-11-18 15:08:44
42203,PayPal,SUCCESS,00,750,POS,New York,2024-11-18 15:43:02
42204,AuthorizeNet,SUCCESS,00,1064,Mobile,Chicago,2024-11-18 17:41:19
42205,AuthorizeNet,SUCCESS,00,1095,Mobile,New York,2024-11-18 17:49:28
42206,AuthorizeNet,FAILED,12,1422,Mobile,New York,2024-11-18 19:00:24
42207,PayPal,SUCCESS,00,679,Mobile,New York,2024-11-18 19:20:17
42208,Stripe,SUCCESS,00,607,ATM,Los Angeles,2024-11-18 19:36:20
42209,AuthorizeNet,SUCCESS,00,306,Desktop,Chicago,2024-11-18 20:02:36
42210,Square,SUCCESS,00,1224,Mobile,Chicago,2024-11-18 20:50:16
42211,Square,SUCCESS,00,650,POS,Chicago,2024-11-18 21:19:33
42212,PayPal,SUCCESS,00,1280,Desktop,Los Angeles,2024-11-18 21:25:37
42213,PayPal,SUCCESS,00,908,Desktop,Chicago,2024-11-18 22:20:33
42214,Stripe,SUCCESS,00,620,Desktop,Dallas,2024-11-18 22:45:30
42215,PayPal,SUCCESS,00,617,Mobile,Los Angeles,2024-11-18 22:58:31
42216,AuthorizeNet,SUCCESS,00,406,ATM,Dallas,2024-11-18 23:41:14
42217,AuthorizeNet,FAILED,05,404,Desktop,Los Angeles,2024-11-19 01:02:18
42218,PayPal,SUCCESS,00,1067,ATM,New York,2024-11-19 01:57:04
42219,AuthorizeNet,SUCCESS,00,423,Desktop,New York,2024-11-19 02:18:50
42220,AuthorizeNet,SUCCESS,00,1176,Mobile,Chicago,2024-11-19 03:44:24
42221,PayPal,SUCCESS,00,598,ATM,New York,2024-11-19 03:46:48
42222,Square,SUCCESS,00,469,Desktop,Dallas,2024-11-19 04:14:27
42223,Stripe,SUCCESS,00,188,POS,New York,2024-11-19 04:24:16
42224,Stripe,FAILED,12,198,Desktop,Los Angeles,2024-11-19 04:46:50
42225,Stripe,SUCCESS,00,1464,Desktop,Los Angeles,2024-11-19 05:16:13
42226,AuthorizeNet,SUCCESS,00,149,ATM,Los Angeles,2024-11-19 05:34:29
42227,Stripe,FAILED,05,542,POS,Dallas,2024-11-19 06:42:03
42228,PayPal,SUCCESS,00,1023,POS,Chicago,2024-11-19 07:26:05
42229,PayPal,SUCCESS,00,222,Mobile,Dallas,2024-11-19 07:42:33
42230,Stripe,SUCCESS,00,1245,Mobile,Chicago,2024-11-19 08:44:57
42231,Stripe,SUCCESS,00,751,POS,Los Angeles,2024-11-19 08:48:11
42232,AuthorizeNet,SUCCESS,00,328,POS,Chicago,2024-11-19 09:15:12
42233,Square,SUCCESS,00,273,Desktop,New York,2024-11-19 09:54:01
42234,Square,SUCCESS,00,1498,ATM,Chicago,2024-11-19 10:56:02
42235,AuthorizeNet,SUCCESS,00,870,ATM,Dallas,2024-11-19 11:11:02
42236,PayPal,SUCCESS,00,375,Mobile,Chicago,2024-11-19 11:44:42
42237,Square,SUCCESS,00,1231,ATM,Los Angeles,2024-11-19 13:34:19
42238,PayPal,SUCCESS,00,1127,Desktop,Dallas,2024-11-19 14:02:12
42239,PayPal,SUCCESS,00,252,Mobile,New York,2024-11-19 15:16:21
42240,Square,SUCCESS,00,489,POS,Dallas,2024-11-19 16:11:43
42241,Square,SUCCESS,00,596,POS,Dallas,2024-11-19 16:12:54
42242,PayPal,SUCCESS,00,155,Desktop,Chicago,2024-11-19 16:52:30
42243,AuthorizeNet,SUCCESS,00,888,Desktop,Dallas,2024-11-19 16:52:47
42244,AuthorizeNet,SUCCESS,00,1087,Mobile,Dallas,2024-11-19 17:03:01
42245,PayPal,SUCCESS,00,508,Mobile,Los Angeles,2024-11-19 17:15:54
42246,Square,SUCCESS,00,1317,Mobile,New York,2024-11-19 17:24:54
42247,AuthorizeNet,SUCCESS,00,1378,ATM,Dallas,2024-11-19 18:01:02
42248,PayPal,SUCCESS,00,844,Desktop,Dallas,2024-11-19 19:03:25
42249,AuthorizeNet,SUCCESS,00,607,Desktop,Dallas,2024-11-19 19:27:34
42250,Square,FAILED,12,727,ATM,Chicago,2024-11-19 19:47:09
42251,AuthorizeNet,SUCCESS,00,783,ATM,New York,2024-11-19 19:59:37
42252,Stripe,SUCCESS,00,253,Desktop,New York,2024-11-19 20:58:15
42253,Stripe,SUCCESS,00,150,POS,Los Angeles,2024-11-19 21:00:32
42254,Stripe,SUCCESS,00,1489,Desktop,Los Angeles,2024-11-19 21:20:59
42255,Square,SUCCESS,00,1394,Desktop,Los Angeles,2024-11-19 21:30:28
42256,Stripe,SUCCESS,00,682,Mobile,Dallas,2024-11-19 21:35:06
42257,PayPal,SUCCESS,00,291,Mobile,Chicago,2024-11-19 21:55:42
42258,Square,SUCCESS,00,160,ATM,Dallas,2024-11-19 22:51:51
42259,Square,SUCCESS,00,1477,Desktop,Los Angeles,2024-11-19 23:26:52
42260,Stripe,SUCCESS,00,569,Desktop,Dallas,2024-11-19 23:56:20
42261,Stripe,SUCCESS,00,298,POS,New York,2024-11-20 00:59:00
42262,Square,SUCCESS,00,1199,Desktop,Dallas,2024-11-20 01:27:39
42263,PayPal,SUCCESS,00,1313,Mobile,Chicago,2024-11-20 01:30:26
42264,AuthorizeNet,SUCCESS,00,872,POS,Dallas,2024-11-20 02:01:24
42265,PayPal,SUCCESS,00,1289,POS,Los Angeles,2024-11-20 02:27:41
42266,AuthorizeNet,SUCCESS,00,970,POS,Chicago,2024-11-20 02:54:43
42267,Square,SUCCESS,00,622,Desktop,Dallas,2024-11-20 02:57:25
42268,Square,FAILED,12,1476,Desktop,Chicago,2024-11-20 03:48:01
42269,AuthorizeNet,SUCCESS,00,1057,Desktop,New York,2024-11-20 06:02:28
42270,Stripe,SUCCESS,00,484,Desktop,Los Angeles,2024-11-20 09:20:06
42271,Stripe,SUCCESS,00,1338,Mobile,Chicago,2024-11-20 09:25:17
42272,AuthorizeNet,FAILED,12,434,POS,Chicago,2024-11-20 09:35:58
42273,PayPal,SUCCESS,00,265,ATM,Chicago,2024-11-20 10:48:42
42274,PayPal,SUCCESS,00,1402,POS,Los Angeles,2024-11-20 10:49:49
42275,Stripe,SUCCESS,00,118,Mobile,New York,2024-11-20 11:54:09
42276,Square,SUCCESS,00,1445,Mobile,Chicago,2024-11-20 13:03:08
42277,Stripe,SUCCESS,00,1048,Mobile,Chicago,2024-11-20 14:06:31
42278,PayPal,SUCCESS,00,1375,Mobile,Los Angeles,2024-11-20 15:44:26
42279,Stripe,SUCCESS,00,211,ATM,Los Angeles,2024-11-20 16:13:58
42280,Square,SUCCESS,00,1178,Mobile,Los Angeles,2024-11-20 16:34:48
42281,AuthorizeNet,SUCCESS,00,1209,ATM,New York,2024-11-20 16:41:56
42282,Stripe,SUCCESS,00,950,POS,New York,2024-11-20 16:54:09
42283,PayPal,SUCCESS,00,1277,ATM,Dallas,2024-11-20 17:12:32
42284,Square,SUCCESS,00,1473,ATM,Chicago,2024-11-20 17:25:59
42285,AuthorizeNet,SUCCESS,00,575,Mobile,Chicago,2024-11-20 18:11:51
42286,Stripe,SUCCESS,00,792,ATM,Dallas,2024-11-20 18:22:01
42287,PayPal,SUCCESS,00,550,Desktop,Los Angeles,2024-11-20 20:52:46
42288,AuthorizeNet,SUCCESS,00,1338,ATM,Dallas,2024-11-20 21:01:32
42289,Stripe,SUCCESS,00,1421,POS,Chicago,2024-11-20 21:34:31
42290,Square,SUCCESS,00,758,Desktop,New York,2024-11-20 22:12:19
42291,Stripe,SUCCESS,00,811,Mobile,Dallas,2024-11-20 22:29:03
42292,PayPal,SUCCESS,00,499,POS,Dallas,2024-11-20 23:10:28
42293,PayPal,SUCCESS,00,600,Desktop,New York,2024-11-20 23:32:30
42294,PayPal,SUCCESS,00,773,Mobile,Los Angeles,2024-11-21 00:40:09
42295,Square,SUCCESS,00,702,Mobile,Los Angeles,2024-11-21 00:56:42
42296,PayPal,FAILED,12,648,Desktop,Chicago,2024-11-21 01:24:20
42297,PayPal,FAILED,05,510,POS,New York,2024-11-21 01:29:16
42298,AuthorizeNet,SUCCESS,00,345,Desktop,Dallas,2024-11-21 01:56:54
42299,PayPal,SUCCESS,00,437,POS,Los Angeles,2024-11-21 01:56:55
42300,Square,SUCCESS,00,761,ATM,Los Angeles,2024-11-21 02:37:19
42301,AuthorizeNet,SUCCESS,00,759,ATM,Dallas,2024-11-21 02:39:36
42302,AuthorizeNet,SUCCESS,00,1289,Mobile,Chicago,2024-11-21 02:55:36
42303,AuthorizeNet,SUCCESS,00,445,POS,Los Angeles,2024-11-21 03:04:47
42304,AuthorizeNet,FAILED,12,1497,ATM,Chicago,2024-11-21 04:24:55
42305,PayPal,SUCCESS,00,478,POS,New York,2024-11-21 04:45:57
42306,Square,SUCCESS,00,838,POS,New York,2024-11-21 04:59:23
42307,AuthorizeNet,SUCCESS,00,404,Desktop,New York,2024-11-21 05:16:13
42308,Square,SUCCESS,00,1481,ATM,Dallas,2024-11-21 05:47:10
42309,Stripe,SUCCESS,00,1128,Mobile,New York,2024-11-21 05:55:44
42310,Square,PENDING,99,384,Desktop,Chicago,2024-11-21 05:56:58
42311,PayPal,SUCCESS,00,1221,Mobile,New York,2024-11-21 07:27:45
42312,PayPal,SUCCESS,00,351,Mobile,Chicago,2024-11-21 07:47:21
42313,PayPal,SUCCESS,00,193,ATM,Chicago,2024-11-21 08:06:30
42314,Stripe,SUCCESS,00,1187,ATM,New York,2024-11-21 08:21:56
42315,PayPal,SUCCESS,00,842,ATM,Los Angeles,2024-11-21 09:03:52
42316,PayPal,SUCCESS,00,692,Mobile,Dallas,2024-11-21 09:40:36
42317,AuthorizeNet,SUCCESS,00,1331,ATM,Dallas,2024-11-21 12:03:15
42318,Stripe,SUCCESS,00,450,POS,Los Angeles,2024-11-21 12:50:33
42319,PayPal,SUCCESS,00,1339,ATM,Chicago,2024-11-21 13:23:32
42320,PayPal,SUCCESS,00,847,Desktop,Dallas,2024-11-21 13:28:33
42321,Square,SUCCESS,00,1101,Desktop,Chicago,2024-11-21 13:44:20
42322,Stripe,SUCCESS,00,1006,Mobile,New York,2024-11-21 15:12:01
42323,AuthorizeNet,SUCCESS,00,129,POS,Los Angeles,2024-11-21 15:38:36
42324,AuthorizeNet,SUCCESS,00,1341,Mobile,Los Angeles,2024-11-21 16:15:19
42325,Stripe,SUCCESS,00,698,ATM,Los Angeles,2024-11-21 16:18:17
42326,Stripe,SUCCESS,00,1087,Mobile,Chicago,2024-11-21 16:23:59
42327,Square,SUCCESS,00,486,Mobile,Dallas,2024-11-21 16:33:59
42328,AuthorizeNet,SUCCESS,00,1122,ATM,Chicago,2024-11-21 16:35:29
42329,Square,SUCCESS,00,579,Mobile,Dallas,2024-11-21 17:18:31
42330,Square,SUCCESS,00,172,POS,Los Angeles,2024-11-21 17:28:50
42331,Stripe,SUCCESS,00,1393,POS,Los Angeles,2024-11-21 18:30:02
42332,Square,SUCCESS,00,656,Mobile,Los Angeles,2024-11-21 19:14:06
42333,PayPal,FAILED,05,640,Mobile,Los Angeles,2024-11-21 19:15:47
42334,AuthorizeNet,SUCCESS,00,1499,Desktop,Chicago,2024-11-21 20:09:45
42335,PayPal,SUCCESS,00,266,POS,Dallas,2024-11-21 21:00:35
42336,Square,SUCCESS,00,685,POS,New York,2024-11-22 00:00:08
42337,PayPal,SUCCESS,00,141,Desktop,Dallas,2024-11-22 00:13:53
42338,AuthorizeNet,SUCCESS,00,1190,Mobile,Dallas,2024-11-22 00:25:07
42339,AuthorizeNet,SUCCESS,00,1330,Mobile,Dallas,2024-11-22 01:58:03
42340,PayPal,SUCCESS,00,420,Desktop,Los Angeles,2024-11-22 02:18:25
42341,PayPal,SUCCESS,00,1003,Desktop,Chicago,2024-11-22 03:14:21
42342,Stripe,SUCCESS,00,153,POS,Dallas,2024-11-22 04:41:48
42343,Square,SUCCESS,00,819,Mobile,New York,2024-11-22 05:16:05
42344,AuthorizeNet,SUCCESS,00,625,Desktop,Los Angeles,2024-11-22 05:44:13
42345,AuthorizeNet,SUCCESS,00,1021,POS,Dallas,2024-11-22 06:58:03
42346,Stripe,SUCCESS,00,1434,Desktop,Los Angeles,2024-11-22 07:46:45
42347,PayPal,SUCCESS,00,1335,Desktop,Chicago,2024-11-22 09:13:44
42348,PayPal,SUCCESS,00,1329,POS,Dallas,2024-11-22 09:20:38
42349,Square,SUCCESS,00,456,Desktop,New York,2024-11-22 09:24:13
42350,Stripe,SUCCESS,00,601,POS,New York,2024-11-22 10:29:03
42351,Stripe,PENDING,99,862,ATM,Chicago,2024-11-22 10:44:04
42352,Stripe,SUCCESS,00,793,ATM,New York,2024-11-22 11:21:58
42353,Stripe,SUCCESS,00,989,Desktop,New York,2024-11-22 12:06:58
42354,Stripe,SUCCESS,00,1153,Desktop,Dallas,2024-11-22 12:52:33
42355,PayPal,SUCCESS,00,142,POS,Los Angeles,2024-11-22 13:04:14
42356,Stripe,SUCCESS,00,1107,ATM,Chicago,2024-11-22 13:28:08
42357,AuthorizeNet,SUCCESS,00,1154,ATM,Chicago,2024-11-22 13:49:05
42358,PayPal,SUCCESS,00,1171,POS,Dallas,2024-11-22 14:39:46
42359,PayPal,SUCCESS,00,250,ATM,Chicago,2024-11-22 16:14:28
42360,Stripe,SUCCESS,00,1219,Desktop,Los Angeles,2024-11-22 16:55:20
42361,Square,SUCCESS,00,954,ATM,Dallas,2024-11-22 17:44:20
42362,AuthorizeNet,PENDING,99,1109,ATM,Dallas,2024-11-22 18:09:35
42363,Square,SUCCESS,00,1092,Mobile,New York,2024-11-22 19:17:20
42364,AuthorizeNet,SUCCESS,00,1187,Desktop,New York,2024-11-22 19:30:01
42365,PayPal,SUCCESS,00,1113,ATM,Chicago,2024-11-22 20:42:13
42366,Stripe,SUCCESS,00,476,Desktop,Los Angeles,2024-11-22 20:46:39
42367,Square,SUCCESS,00,1478,Desktop,Los Angeles,2024-11-22 20:52:56
42368,Square,SUCCESS,00,1296,Mobile,Chicago,2024-11-22 21:20:36
42369,Square,SUCCESS,00,1380,POS,New York,2024-11-22 21:41:44
42370,AuthorizeNet,SUCCESS,00,917,POS,New York,2024-11-22 22:18:48
42371,Stripe,SUCCESS,00,879,ATM,Los Angeles,2024-11-22 23:39:21
42372,PayPal,SUCCESS,00,757,Mobile,Dallas,2024-11-23 01:14:29
42373,AuthorizeNet,SUCCESS,00,392,ATM,Chicago,2024-11-23 01:26:11
42374,Square,FAILED,12,1370,ATM,Chicago,2024-11-23 01:46:33
42375,Square,SUCCESS,00,506,ATM,Los Angeles,2024-11-23 01:59:04
42376,AuthorizeNet,SUCCESS,00,224,POS,Chicago,2024-11-23 02:59:55
42377,PayPal,SUCCESS,00,943,ATM,New York,2024-11-23 03:08:39
42378,AuthorizeNet,PENDING,99,1229,POS,Los Angeles,2024-11-23 04:34:46
42379,AuthorizeNet,FAILED,05,679,POS,Dallas,2024-11-23 06:59:23
42380,PayPal,SUCCESS,00,457,Desktop,Dallas,2024-11-23 07:38:22
42381,Stripe,SUCCESS,00,1126,ATM,Los Angeles,2024-11-23 08:14:41
42382,Square,SUCCESS,00,1439,ATM,New York,2024-11-23 08:25:42
42383,Stripe,SUCCESS,00,416,ATM,Los Angeles,2024-11-23 08:27:31
42384,PayPal,SUCCESS,00,1049,ATM,Chicago,2024-11-23 08:35:11
42385,Stripe,SUCCESS,00,1265,Desktop,New York,2024-11-23 08:37:20
42386,PayPal,SUCCESS,00,933,Desktop,Los Angeles,2024-11-23 09:00:49
42387,Stripe,SUCCESS,00,1337,Desktop,New York,2024-11-23 09:07:20
42388,AuthorizeNet,SUCCESS,00,1188,Mobile,New York,2024-11-23 09:10:40
42389,Stripe,SUCCESS,00,1483,ATM,Dallas,2024-11-23 09:12:00
42390,PayPal,SUCCESS,00,452,ATM,New York,2024-11-23 09:21:57
42391,AuthorizeNet,SUCCESS,00,1352,Mobile,Dallas,2024-11-23 09:33:50
42392,AuthorizeNet,FAILED,12,736,Mobile,Dallas,2024-11-23 10:17:30
42393,Stripe,SUCCESS,00,687,Mobile,Dallas,2024-11-23 10:20:08
42394,AuthorizeNet,SUCCESS,00,1170,Mobile,Chicago,2024-11-23 10:57:18
42395,Stripe,SUCCESS,00,470,ATM,Dallas,2024-11-23 11:20:10
42396,AuthorizeNet,SUCCESS,00,642,Desktop,New York,2024-11-23 11:30:24
42397,Square,SUCCESS,00,893,Mobile,Los Angeles,2024-11-23 13:59:32
42398,Stripe,SUCCESS,00,503,Mobile,Dallas,2024-11-23 14:13:46
42399,AuthorizeNet,SUCCESS,00,1251,ATM,Chicago,2024-11-23 14:24:14
42400,Square,SUCCESS,00,708,Mobile,Chicago,2024-11-23 15:14:46
42401,Stripe,SUCCESS,00,1224,Mobile,Chicago,2024-11-23 15:23:57
42402,Stripe,SUCCESS,00,686,ATM,Dallas,2024-11-23 16:08:18
42403,PayPal,FAILED,05,835,Desktop,Los Angeles,2024-11-23 16:12:52
42404,PayPal,SUCCESS,00,836,POS,Dallas,2024-11-23 17:19:18
42405,Stripe,SUCCESS,00,1460,ATM,Los Angeles,2024-11-23 17:25:40
42406,Stripe,SUCCESS,00,1210,Mobile,New York,2024-11-23 17:47:44
42407,Stripe,SUCCESS,00,1137,ATM,Dallas,2024-11-23 18:10:30
42408,Square,SUCCESS,00,1021,ATM,New York,2024-11-23 19:09:40
42409,AuthorizeNet,SUCCESS,00,1049,ATM,Dallas,2024-11-23 19:24:03
42410,Stripe,SUCCESS,00,556,ATM,Los Angeles,2024-11-23 19:41:20
42411,Stripe,FAILED,05,933,POS,Chicago,2024-11-23 22:00:38
42412,Stripe,SUCCESS,00,1074,Desktop,Los Angeles,2024-11-23 22:45:38
42413,AuthorizeNet,SUCCESS,00,963,ATM,Dallas,2024-11-24 00:14:12
42414,Stripe,SUCCESS,00,558,Mobile,Los Angeles,2024-11-24 01:08:43
42415,PayPal,SUCCESS,00,1437,Mobile,Dallas,2024-11-24 01:12:27
42416,Stripe,SUCCESS,00,812,Mobile,Dallas,2024-11-24 01:31:21
42417,Square,SUCCESS,00,226,Desktop,Los Angeles,2024-11-24 01:38:38
42418,Stripe,SUCCESS,00,1154,ATM,New York,2024-11-24 01:47:54
42419,PayPal,SUCCESS,00,948,Mobile,Chicago,2024-11-24 02:11:04
42420,Stripe,SUCCESS,00,1069,POS,Chicago,2024-11-24 02:31:52
42421,Square,SUCCESS,00,1087,ATM,New York,2024-11-24 02:50:45
42422,PayPal,SUCCESS,00,1246,Desktop,Dallas,2024-11-24 03:47:43
42423,PayPal,SUCCESS,00,587,Desktop,Los Angeles,2024-11-24 03:58:45
42424,Stripe,SUCCESS,00,1346,ATM,Chicago,2024-11-24 05:42:51
42425,PayPal,SUCCESS,00,487,Mobile,Chicago,2024-11-24 06:28:04
42426,Stripe,SUCCESS,00,867,Mobile,Los Angeles,2024-11-24 07:09:08
42427,AuthorizeNet,FAILED,05,421,Desktop,Dallas,2024-11-24 08:55:54
42428,Square,SUCCESS,00,1358,POS,New York,2024-11-24 08:59:02
42429,AuthorizeNet,SUCCESS,00,672,POS,Los Angeles,2024-11-24 09:10:58
42430,AuthorizeNet,SUCCESS,00,1106,Mobile,New York,2024-11-24 10:14:08
42431,Stripe,SUCCESS,00,106,ATM,Dallas,2024-11-24 11:02:03
42432,AuthorizeNet,SUCCESS,00,1238,POS,New York,2024-11-24 12:14:15
42433,Square,SUCCESS,00,373,Mobile,Chicago,2024-11-24 13:21:33
42434,Square,SUCCESS,00,843,POS,Chicago,2024-11-24 13:39:49
42435,Square,SUCCESS,00,435,POS,Los Angeles,2024-11-24 14:40:14
42436,Square,SUCCESS,00,484,Desktop,Los Angeles,2024-11-24 14:51:23
42437,Square,SUCCESS,00,215,POS,Dallas,2024-11-24 15:18:39
42438,Stripe,SUCCESS,00,347,POS,Chicago,2024-11-24 15:28:42
42439,AuthorizeNet,SUCCESS,00,666,Mobile,Dallas,2024-11-24 15:38:11
42440,Stripe,SUCCESS,00,503,ATM,New York,2024-11-24 15:39:15
42441,AuthorizeNet,SUCCESS,00,124,Mobile,Dallas,2024-11-24 16:35:51
42442,AuthorizeNet,SUCCESS,00,483,Desktop,Los Angeles,2024-11-24 16:37:23
42443,AuthorizeNet,FAILED,05,1467,POS,Dallas,2024-11-24 16:52:27
42444,Stripe,SUCCESS,00,830,Desktop,Chicago,2024-11-24 17:56:45
42445,Stripe,SUCCESS,00,562,POS,Dallas,2024-11-24 18:07:57
42446,AuthorizeNet,SUCCESS,00,709,POS,Dallas,2024-11-24 18:17:39
42447,PayPal,SUCCESS,00,1474,ATM,Chicago,2024-11-24 18:39:30
42448,Square,SUCCESS,00,425,Desktop,Dallas,2024-11-24 19:53:12
42449,AuthorizeNet,SUCCESS,00,538,POS,Chicago,2024-11-24 19:54:02
42450,PayPal,SUCCESS,00,1332,Desktop,Chicago,2024-11-24 20:01:19
42451,Square,SUCCESS,00,557,Mobile,Dallas,2024-11-24 20:20:43
42452,PayPal,SUCCESS,00,1358,Mobile,New York,2024-11-24 20:56:55
42453,Square,FAILED,05,1331,Mobile,Los Angeles,2024-11-24 21:04:18
42454,Stripe,SUCCESS,00,595,Desktop,Dallas,2024-11-24 22:00:01
42455,Square,FAILED,05,283,Mobile,New York,2024-11-24 22:52:03
42456,PayPal,SUCCESS,00,399,Mobile,Los Angeles,2024-11-24 23:17:13
42457,PayPal,SUCCESS,00,936,Mobile,Chicago,2024-11-24 23:52:44
42458,PayPal,SUCCESS,00,761,POS,New York,2024-11-25 00:50:53
42459,Stripe,SUCCESS,00,1356,Desktop,Chicago,2024-11-25 02:32:52
42460,Stripe,SUCCESS,00,414,POS,Los Angeles,2024-11-25 02:59:57
42461,Square,SUCCESS,00,589,Mobile,Dallas,2024-11-25 03:34:33
42462,Square,SUCCESS,00,1450,POS,Los Angeles,2024-11-25 03:37:18
42463,PayPal,SUCCESS,00,410,POS,Los Angeles,2024-11-25 03:44:10
42464,PayPal,SUCCESS,00,1142,POS,Dallas,2024-11-25 04:03:54
42465,AuthorizeNet,SUCCESS,00,688,Desktop,New York,2024-11-25 05:59:01
42466,AuthorizeNet,FAILED,12,262,POS,Dallas,2024-11-25 06:14:54
42467,PayPal,SUCCESS,00,836,POS,Chicago,2024-11-25 06:25:31
42468,Stripe,SUCCESS,00,618,Mobile,New York,2024-11-25 07:09:29
42469,Stripe,SUCCESS,00,933,Desktop,Dallas,2024-11-25 07:21:49
42470,Square,SUCCESS,00,1090,POS,Chicago,2024-11-25 08:39:00
42471,PayPal,SUCCESS,00,228,ATM,Chicago,2024-11-25 08:54:41
42472,PayPal,SUCCESS,00,863,Mobile,Los Angeles,2024-11-25 09:50:48
42473,Stripe,SUCCESS,00,1027,Desktop,Los Angeles,2024-11-25 09:57:48
42474,AuthorizeNet,SUCCESS,00,1480,Desktop,Los Angeles,2024-11-25 09:59:26
42475,Stripe,SUCCESS,00,294,ATM,New York,2024-11-25 10:06:14
42476,AuthorizeNet,SUCCESS,00,261,POS,Dallas,2024-11-25 10:19:23
42477,Stripe,SUCCESS,00,1465,Desktop,Los Angeles,2024-11-25 12:03:04
42478,PayPal,SUCCESS,00,331,ATM,New York,2024-11-25 12:29:34
42479,Stripe,SUCCESS,00,1128,Desktop,Chicago,2024-11-25 13:11:17
42480,Stripe,SUCCESS,00,213,Desktop,Dallas,2024-11-25 13:26:49
42481,PayPal,SUCCESS,00,919,POS,Chicago,2024-11-25 15:39:18
42482,AuthorizeNet,SUCCESS,00,265,POS,New York,2024-11-25 15:42:04
42483,PayPal,SUCCESS,00,237,Mobile,Los Angeles,2024-11-25 15:42:11
42484,Square,SUCCESS,00,1156,POS,Chicago,2024-11-25 16:37:34
42485,AuthorizeNet,SUCCESS,00,1158,Mobile,Los Angeles,2024-11-25 16:57:50
42486,Square,SUCCESS,00,168,ATM,Dallas,2024-11-25 17:07:51
42487,PayPal,SUCCESS,00,489,Mobile,New York,2024-11-25 18:12:04
42488,AuthorizeNet,SUCCESS,00,1221,POS,Dallas,2024-11-25 18:22:17
42489,AuthorizeNet,SUCCESS,00,227,Desktop,Chicago,2024-11-25 18:36:18
42490,AuthorizeNet,PENDING,99,1061,Desktop,Los Angeles,2024-11-25 18:55:04
42491,AuthorizeNet,SUCCESS,00,1484,Desktop,Chicago,2024-11-25 19:16:40
42492,Stripe,SUCCESS,00,1185,Desktop,Chicago,2024-11-25 19:36:02
42493,Stripe,SUCCESS,00,982,Desktop,Los Angeles,2024-11-25 19:41:05
42494,AuthorizeNet,SUCCESS,00,435,ATM,Los Angeles,2024-11-25 20:31:45
42495,Stripe,SUCCESS,00,865,ATM,New York,2024-11-25 20:49:43
42496,Square,SUCCESS,00,299,ATM,New York,2024-11-25 21:14:50
42497,AuthorizeNet,SUCCESS,00,1459,Mobile,Chicago,2024-11-25 21:28:41
42498,Stripe,SUCCESS,00,698,ATM,Chicago,2024-11-25 21:50:24
42499,Square,SUCCESS,00,589,POS,Los Angeles,2024-11-25 21:58:43
42500,PayPal,SUCCESS,00,283,POS,Chicago,2024-11-25 23:29:35
42501,Square,SUCCESS,00,381,ATM,Chicago,2024-11-25 23:31:10
42502,Square,FAILED,12,1272,Mobile,Los Angeles,2024-11-25 23:49:14
42503,AuthorizeNet,SUCCESS,00,151,Mobile,Chicago,2024-11-26 01:35:54
42504,PayPal,SUCCESS,00,1310,ATM,New York,2024-11-26 02:21:00
42505,Square,SUCCESS,00,968,POS,Los Angeles,2024-11-26 03:14:38
42506,PayPal,SUCCESS,00,897,ATM,New York,2024-11-26 04:43:55
42507,AuthorizeNet,SUCCESS,00,1015,POS,Los Angeles,2024-11-26 05:56:09
42508,PayPal,SUCCESS,00,1167,POS,Los Angeles,2024-11-26 05:56:28
42509,PayPal,SUCCESS,00,425,POS,Chicago,2024-11-26 06:52:23
42510,AuthorizeNet,SUCCESS,00,1487,Mobile,Los Angeles,2024-11-26 07:15:29
42511,Square,SUCCESS,00,1262,ATM,Dallas,2024-11-26 07:29:50
42512,Stripe,SUCCESS,00,1479,ATM,New York,2024-11-26 07:41:52
42513,Stripe,SUCCESS,00,1098,ATM,Dallas,2024-11-26 09:26:38
42514,Stripe,SUCCESS,00,183,ATM,Dallas,2024-11-26 10:09:20
42515,AuthorizeNet,SUCCESS,00,1462,POS,Dallas,2024-11-26 10:28:54
42516,Stripe,SUCCESS,00,404,ATM,Los Angeles,2024-11-26 10:36:24
42517,PayPal,SUCCESS,00,793,Mobile,Dallas,2024-11-26 10:58:00
42518,PayPal,SUCCESS,00,636,Desktop,Dallas,2024-11-26 12:00:26
42519,Square,SUCCESS,00,1010,ATM,Dallas,2024-11-26 12:37:58
42520,PayPal,FAILED,12,822,POS,New York,2024-11-26 12:52:44
42521,Square,SUCCESS,00,571,Desktop,Chicago,2024-11-26 13:54:55
42522,PayPal,SUCCESS,00,1475,Desktop,Los Angeles,2024-11-26 13:59:41
42523,Stripe,SUCCESS,00,896,POS,New York,2024-11-26 14:12:02
42524,PayPal,SUCCESS,00,774,Mobile,Dallas,2024-11-26 14:38:43
42525,Square,SUCCESS,00,930,POS,Los Angeles,2024-11-26 14:40:51
42526,Square,SUCCESS,00,718,ATM,New York,2024-11-26 16:05:34
42527,PayPal,SUCCESS,00,156,Desktop,Dallas,2024-11-26 16:08:58
42528,PayPal,SUCCESS,00,1108,POS,Los Angeles,2024-11-26 16:29:48
42529,Square,SUCCESS,00,1306,POS,Dallas,2024-11-26 16:52:19
42530,Square,SUCCESS,00,1302,POS,New York,2024-11-26 19:22:59
42531,Stripe,SUCCESS,00,875,Mobile,Los Angeles,2024-11-26 20:34:50
42532,AuthorizeNet,SUCCESS,00,711,Desktop,Los Angeles,2024-11-26 21:13:55
42533,PayPal,SUCCESS,00,1391,Desktop,Chicago,2024-11-26 21:24:19
42534,AuthorizeNet,SUCCESS,00,422,Mobile,New York,2024-11-26 22:34:26
42535,Stripe,SUCCESS,00,998,ATM,Dallas,2024-11-26 23:57:29
42536,PayPal,SUCCESS,00,1454,POS,New York,2024-11-27 00:04:16
42537,AuthorizeNet,SUCCESS,00,1398,POS,New York,2024-11-27 00:07:20
42538,Square,SUCCESS,00,537,Mobile,Chicago,2024-11-27 00:19:40
42539,PayPal,SUCCESS,00,111,Desktop,Chicago,2024-11-27 01:13:31
42540,PayPal,SUCCESS,00,519,POS,Chicago,2024-11-27 01:31:49
42541,Stripe,FAILED,05,166,ATM,Chicago,2024-11-27 01:34:06
42542,AuthorizeNet,SUCCESS,00,1238,Desktop,New York,2024-11-27 03:34:09
42543,Square,SUCCESS,00,921,ATM,New York,2024-11-27 04:26:54
42544,Square,SUCCESS,00,1416,Desktop,Chicago,2024-11-27 04:47:14
42545,Stripe,FAILED,05,665,Desktop,Los Angeles,2024-11-27 06:24:08
42546,PayPal,FAILED,12,331,ATM,Los Angeles,2024-11-27 06:34:32
42547,Stripe,SUCCESS,00,888,Desktop,Dallas,2024-11-27 07:48:28
42548,Square,SUCCESS,00,329,Desktop,New York,2024-11-27 08:13:33
42549,Stripe,SUCCESS,00,1322,Desktop,Dallas,2024-11-27 08:18:50
42550,Square,SUCCESS,00,406,POS,Chicago,2024-11-27 08:27:41
42551,AuthorizeNet,SUCCESS,00,288,Mobile,Los Angeles,2024-11-27 08:29:43
42552,Stripe,SUCCESS,00,1389,Mobile,Dallas,2024-11-27 10:09:52
42553,PayPal,SUCCESS,00,1265,POS,Chicago,2024-11-27 10:31:53
42554,AuthorizeNet,SUCCESS,00,1481,Desktop,New York,2024-11-27 10:50:38
42555,Stripe,SUCCESS,00,739,POS,Los Angeles,2024-11-27 10:57:41
42556,Square,SUCCESS,00,1256,POS,Los Angeles,2024-11-27 11:12:45
42557,PayPal,SUCCESS,00,1007,Desktop,Dallas,2024-11-27 11:45:47
42558,Stripe,SUCCESS,00,648,Mobile,New York,2024-11-27 11:57:41
42559,PayPal,SUCCESS,00,574,Mobile,New York,2024-11-27 12:24:28
42560,AuthorizeNet,SUCCESS,00,127,ATM,New York,2024-11-27 12:51:14
42561,Stripe,PENDING,99,1161,ATM,New York,2024-11-27 14:32:36
42562,AuthorizeNet,SUCCESS,00,755,Desktop,Chicago,2024-11-27 15:33:29
42563,PayPal,SUCCESS,00,991,Desktop,New York,2024-11-27 16:26:09
42564,Stripe,SUCCESS,00,114,POS,Los Angeles,2024-11-27 16:30:57
42565,PayPal,SUCCESS,00,865,POS,Chicago,2024-11-27 18:49:44
42566,PayPal,SUCCESS,00,442,POS,Chicago,2024-11-27 18:50:27
42567,AuthorizeNet,SUCCESS,00,140,Mobile,New York,2024-11-27 18:59:56
42568,AuthorizeNet,SUCCESS,00,1475,Desktop,New York,2024-11-27 19:30:44
42569,Square,SUCCESS,00,1354,Desktop,New York,2024-11-27 19:50:33
42570,PayPal,SUCCESS,00,1316,Desktop,Los Angeles,2024-11-27 20:48:31
42571,Stripe,SUCCESS,00,1227,POS,Los Angeles,2024-11-27 21:11:34
42572,AuthorizeNet,FAILED,12,293,ATM,Dallas,2024-11-27 21:30:22
42573,Square,SUCCESS,00,1001,ATM,New York,2024-11-27 21:41:32
42574,PayPal,PENDING,99,478,Mobile,Chicago,2024-11-27 21:46:47
42575,Stripe,SUCCESS,00,101,POS,Los Angeles,2024-11-27 22:02:36
42576,Square,SUCCESS,00,1000,Mobile,Los Angeles,2024-11-27 22:30:23
42577,Stripe,SUCCESS,00,339,POS,Dallas,2024-11-27 22:40:46
42578,Stripe,SUCCESS,00,209,Desktop,New York,2024-11-27 22:58:37
42579,Square,SUCCESS,00,1167,Desktop,Chicago,2024-11-27 23:32:46
42580,Stripe,SUCCESS,00,241,ATM,Los Angeles,2024-11-27 23:34:51
42581,AuthorizeNet,SUCCESS,00,1366,Desktop,Los Angeles,2024-11-27 23:45:31
42582,Stripe,SUCCESS,00,1110,Mobile,Dallas,2024-11-28 00:16:20
42583,AuthorizeNet,FAILED,05,113,Desktop,Los Angeles,2024-11-28 00:46:27
42584,Square,SUCCESS,00,720,ATM,Los Angeles,2024-11-28 01:46:52
42585,Square,SUCCESS,00,1480,Mobile,New York,2024-11-28 02:09:09
42586,Square,SUCCESS,00,212,Mobile,Chicago,2024-11-28 02:51:27
42587,Square,SUCCESS,00,584,Desktop,New York,2024-11-28 03:03:55
42588,PayPal,SUCCESS,00,270,ATM,Dallas,2024-11-28 03:11:53
42589,PayPal,SUCCESS,00,286,POS,Chicago,2024-11-28 03:19:25
42590,PayPal,SUCCESS,00,287,Mobile,Dallas,2024-11-28 03:20:00
42591,Stripe,SUCCESS,00,1035,POS,New York,2024-11-28 03:42:49
42592,Square,SUCCESS,00,973,Mobile,Los Angeles,2024-11-28 04:48:31
42593,Square,SUCCESS,00,503,POS,New York,2024-11-28 05:05:07
42594,PayPal,SUCCESS,00,1471,Mobile,Dallas,2024-11-28 08:02:06
42595,PayPal,SUCCESS,00,1438,Desktop,Los Angeles,2024-11-28 08:33:17
42596,PayPal,SUCCESS,00,1009,ATM,Dallas,2024-11-28 09:14:02
42597,Stripe,SUCCESS,00,937,Desktop,Los Angeles,2024-11-28 09:38:55
42598,Square,SUCCESS,00,1439,Mobile,Chicago,2024-11-28 10:16:20
42599,Square,SUCCESS,00,1368,POS,New York,2024-11-28 10:26:37
42600,AuthorizeNet,SUCCESS,00,144,Desktop,New York,2024-11-28 10:31:18
42601,PayPal,SUCCESS,00,1346,POS,Dallas,2024-11-28 12:33:57
42602,Stripe,FAILED,12,619,ATM,Dallas,2024-11-28 12:41:22
42603,Square,SUCCESS,00,617,POS,Dallas,2024-11-28 12:56:19
42604,Square,SUCCESS,00,1284,Mobile,New York,2024-11-28 13:14:36
42605,Stripe,SUCCESS,00,1356,POS,Dallas,2024-11-28 13:57:36
42606,Square,SUCCESS,00,715,POS,New York,2024-11-28 14:12:25
42607,PayPal,SUCCESS,00,1403,ATM,Los Angeles,2024-11-28 14:35:18
42608,Stripe,PENDING,99,1486,Mobile,Los Angeles,2024-11-28 15:11:14
42609,Square,SUCCESS,00,287,ATM,Chicago,2024-11-28 15:49:09
42610,Stripe,SUCCESS,00,1031,Desktop,New York,2024-11-28 16:38:01
42611,AuthorizeNet,SUCCESS,00,672,Mobile,Los Angeles,2024-11-28 17:14:20
42612,Stripe,SUCCESS,00,468,Desktop,New York,2024-11-28 17:46:58
42613,Stripe,SUCCESS,00,1209,Desktop,New York,2024-11-28 18:00:01
42614,AuthorizeNet,SUCCESS,00,1042,Desktop,New York,2024-11-28 18:21:50
42615,Stripe,SUCCESS,00,434,POS,Chicago,2024-11-28 18:30:13
42616,PayPal,SUCCESS,00,616,POS,Chicago,2024-11-28 18:44:26
42617,AuthorizeNet,PENDING,99,1161,POS,Dallas,2024-11-28 18:54:43
42618,Square,SUCCESS,00,1490,Mobile,New York,2024-11-28 20:44:18
42619,Square,SUCCESS,00,353,Mobile,Los Angeles,2024-11-28 21:41:18
42620,Square,SUCCESS,00,124,POS,Los Angeles,2024-11-28 22:22:30
42621,Stripe,SUCCESS,00,736,Mobile,Dallas,2024-11-28 22:42:13
42622,PayPal,SUCCESS,00,364,ATM,Chicago,2024-11-28 22:57:56
42623,PayPal,SUCCESS,00,1446,ATM,New York,2024-11-28 23:07:15
42624,PayPal,SUCCESS,00,678,POS,New York,2024-11-28 23:12:33
42625,Stripe,SUCCESS,00,1359,ATM,Los Angeles,2024-11-28 23:29:08
42626,Stripe,SUCCESS,00,161,ATM,Los Angeles,2024-11-28 23:38:43
42627,AuthorizeNet,SUCCESS,00,379,POS,Dallas,2024-11-29 00:26:33
42628,Square,SUCCESS,00,597,ATM,Chicago,2024-11-29 00:49:48
42629,PayPal,SUCCESS,00,261,Desktop,New York,2024-11-29 01:03:26
42630,Stripe,SUCCESS,00,1251,POS,Chicago,2024-11-29 01:19:20
42631,Stripe,SUCCESS,00,627,Mobile,Los Angeles,2024-11-29 01:42:26
42632,Square,SUCCESS,00,1094,POS,Chicago,2024-11-29 02:36:11
42633,PayPal,SUCCESS,00,1231,POS,Dallas,2024-11-29 02:49:13
42634,AuthorizeNet,SUCCESS,00,972,POS,New York,2024-11-29 02:53:12
42635,Stripe,SUCCESS,00,668,POS,New York,2024-11-29 02:55:28
42636,PayPal,SUCCESS,00,795,Mobile,Dallas,2024-11-29 04:15:10
42637,Stripe,PENDING,99,364,Desktop,Chicago,2024-11-29 04:16:18
42638,PayPal,SUCCESS,00,325,ATM,New York,2024-11-29 04:19:02
42639,PayPal,SUCCESS,00,1399,Mobile,Chicago,2024-11-29 04:33:42
42640,Stripe,SUCCESS,00,996,Desktop,New York,2024-11-29 04:34:39
42641,PayPal,FAILED,05,147,POS,New York,2024-11-29 05:12:12
42642,Square,SUCCESS,00,291,Mobile,Los Angeles,2024-11-29 05:19:06
42643,PayPal,SUCCESS,00,1357,ATM,Dallas,2024-11-29 05:26:54
42644,Stripe,SUCCESS,00,711,ATM,Chicago,2024-11-29 07:54:01
42645,Stripe,SUCCESS,00,709,Desktop,Los Angeles,2024-11-29 07:55:38
42646,Stripe,SUCCESS,00,928,Mobile,Los Angeles,2024-11-29 07:59:07
42647,AuthorizeNet,SUCCESS,00,888,ATM,Dallas,2024-11-29 08:19:50
42648,AuthorizeNet,SUCCESS,00,1196,Mobile,Chicago,2024-11-29 09:05:25
42649,Stripe,SUCCESS,00,1230,Desktop,New York,2024-11-29 09:10:30
42650,AuthorizeNet,SUCCESS,00,1198,Mobile,Dallas,2024-11-29 09:42:17
42651,PayPal,FAILED,05,1174,ATM,New York,2024-11-29 10:27:31
42652,Stripe,SUCCESS,00,904,Mobile,New York,2024-11-29 10:47:03
42653,Square,SUCCESS,00,175,Desktop,New York,2024-11-29 10:53:52
42654,Stripe,SUCCESS,00,515,POS,Chicago,2024-11-29 12:28:12
42655,Stripe,SUCCESS,00,1174,Desktop,New York,2024-11-29 13:37:41
42656,PayPal,SUCCESS,00,1433,Desktop,Los Angeles,2024-11-29 14:55:54
42657,AuthorizeNet,SUCCESS,00,267,Mobile,Dallas,2024-11-29 15:39:59
42658,Square,SUCCESS,00,862,Mobile,Dallas,2024-11-29 16:09:39
42659,PayPal,FAILED,05,768,Mobile,New York,2024-11-29 16:13:19
42660,PayPal,SUCCESS,00,900,Desktop,Chicago,2024-11-29 16:42:25
42661,Stripe,SUCCESS,00,1059,POS,Los Angeles,2024-11-29 17:11:13
42662,Stripe,SUCCESS,00,1268,ATM,Chicago,2024-11-29 17:16:04
42663,Square,SUCCESS,00,889,Desktop,Los Angeles,2024-11-29 18:02:50
42664,PayPal,SUCCESS,00,1178,Mobile,Chicago,2024-11-29 19:28:59
42665,Stripe,SUCCESS,00,1012,ATM,Los Angeles,2024-11-29 19:33:33
42666,Stripe,SUCCESS,00,482,Mobile,Los Angeles,2024-11-29 20:02:26
42667,Stripe,SUCCESS,00,1271,POS,Los Angeles,2024-11-29 20:06:18
42668,AuthorizeNet,SUCCESS,00,437,Desktop,Dallas,2024-11-29 21:33:08
42669,Square,SUCCESS,00,235,ATM,Chicago,2024-11-29 22:30:10
42670,AuthorizeNet,SUCCESS,00,661,ATM,Dallas,2024-11-29 23:05:48
42671,AuthorizeNet,FAILED,05,722,ATM,Dallas,2024-11-30 01:04:46
42672,PayPal,SUCCESS,00,522,Desktop,Dallas,2024-11-30 01:27:31
42673,PayPal,SUCCESS,00,868,ATM,New York,2024-11-30 02:09:11
42674,PayPal,SUCCESS,00,727,POS,Dallas,2024-11-30 02:26:05
42675,AuthorizeNet,SUCCESS,00,1465,POS,Dallas,2024-11-30 03:21:30
42676,Stripe,SUCCESS,00,1159,POS,Chicago,2024-11-30 03:23:04
42677,PayPal,FAILED,05,882,ATM,New York,2024-11-30 03:37:28
42678,Square,SUCCESS,00,1461,ATM,Chicago,2024-11-30 04:09:40
42679,AuthorizeNet,FAILED,05,1041,ATM,New York,2024-11-30 06:47:20
42680,PayPal,SUCCESS,00,1304,POS,New York,2024-11-30 07:02:15
42681,PayPal,SUCCESS,00,906,POS,Los Angeles,2024-11-30 08:35:48
42682,Square,SUCCESS,00,594,Mobile,Los Angeles,2024-11-30 09:21:40
42683,AuthorizeNet,SUCCESS,00,390,ATM,New York,2024-11-30 09:41:07
42684,Square,SUCCESS,00,981,POS,Dallas,2024-11-30 09:50:31
42685,PayPal,SUCCESS,00,648,POS,New York,2024-11-30 11:49:54
42686,PayPal,SUCCESS,00,185,POS,New York,2024-11-30 12:18:02
42687,Square,SUCCESS,00,978,ATM,Chicago,2024-11-30 12:19:01
42688,Stripe,SUCCESS,00,601,Mobile,Chicago,2024-11-30 12:32:49
42689,PayPal,FAILED,05,936,POS,New York,2024-11-30 13:13:23
42690,AuthorizeNet,SUCCESS,00,103,Mobile,Los Angeles,2024-11-30 13:51:24
42691,AuthorizeNet,SUCCESS,00,677,Mobile,Dallas,2024-11-30 13:58:13
42692,AuthorizeNet,SUCCESS,00,1388,Mobile,New York,2024-11-30 13:59:13
42693,AuthorizeNet,SUCCESS,00,1023,Mobile,Dallas,2024-11-30 14:22:29
42694,AuthorizeNet,SUCCESS,00,1464,ATM,Chicago,2024-11-30 14:35:38
42695,PayPal,FAILED,05,124,POS,Los Angeles,2024-11-30 14:43:51
42696,Stripe,SUCCESS,00,846,POS,Los Angeles,2024-11-30 14:48:20
42697,Square,SUCCESS,00,656,Mobile,New York,2024-11-30 15:03:11
42698,AuthorizeNet,SUCCESS,00,1022,POS,Dallas,2024-11-30 15:13:54
42699,Square,SUCCESS,00,1020,POS,New York,2024-11-30 16:58:59
42700,AuthorizeNet,SUCCESS,00,521,POS,Los Angeles,2024-11-30 18:35:35
42701,PayPal,SUCCESS,00,709,Desktop,New York,2024-11-30 18:43:07
42702,Stripe,SUCCESS,00,1412,Desktop,Los Angeles,2024-11-30 18:59:05
42703,Square,SUCCESS,00,496,Desktop,Dallas,2024-11-30 19:05:00
42704,AuthorizeNet,SUCCESS,00,1200,Desktop,New York,2024-11-30 21:26:18
42705,Stripe,SUCCESS,00,736,POS,Los Angeles,2024-11-30 22:50:37
42706,PayPal,SUCCESS,00,1212,Desktop,Chicago,2024-12-01 01:04:29
42707,Stripe,SUCCESS,00,1196,Mobile,Dallas,2024-12-01 01:31:37
42708,Square,SUCCESS,00,483,POS,New York,2024-12-01 02:15:16
42709,Stripe,SUCCESS,00,1481,Desktop,New York,2024-12-01 02:26:26
42710,Stripe,SUCCESS,00,630,ATM,New York,2024-12-01 03:12:40
42711,AuthorizeNet,SUCCESS,00,143,Desktop,Los Angeles,2024-12-01 04:17:29
42712,Square,SUCCESS,00,738,Desktop,Chicago,2024-12-01 04:20:05
42713,Square,SUCCESS,00,827,Desktop,Dallas,2024-12-01 04:39:32
42714,Square,SUCCESS,00,828,POS,Los Angeles,2024-12-01 04:44:14
42715,Stripe,SUCCESS,00,918,ATM,Dallas,2024-12-01 04:46:19
42716,Square,SUCCESS,00,224,Desktop,New York,2024-12-01 05:10:50
42717,PayPal,SUCCESS,00,1321,Mobile,Los Angeles,2024-12-01 05:31:44
42718,Stripe,SUCCESS,00,678,ATM,Dallas,2024-12-01 05:31:50
42719,AuthorizeNet,SUCCESS,00,143,ATM,New York,2024-12-01 05:32:08
42720,AuthorizeNet,SUCCESS,00,1426,POS,Dallas,2024-12-01 06:29:32
42721,PayPal,SUCCESS,00,1219,POS,Dallas,2024-12-01 06:39:35
42722,PayPal,SUCCESS,00,362,Desktop,Los Angeles,2024-12-01 06:42:11
42723,PayPal,SUCCESS,00,961,Mobile,Dallas,2024-12-01 07:12:26
42724,PayPal,SUCCESS,00,1291,POS,Los Angeles,2024-12-01 07:38:09
42725,PayPal,SUCCESS,00,689,ATM,Chicago,2024-12-01 08:02:53
42726,Square,SUCCESS,00,1341,POS,Los Angeles,2024-12-01 08:23:49
42727,PayPal,SUCCESS,00,1002,Mobile,Chicago,2024-12-01 08:26:46
42728,PayPal,SUCCESS,00,754,POS,Los Angeles,2024-12-01 08:38:16
42729,AuthorizeNet,SUCCESS,00,600,Mobile,Dallas,2024-12-01 09:55:58
42730,Square,SUCCESS,00,653,Mobile,Dallas,2024-12-01 10:15:20
42731,PayPal,SUCCESS,00,747,Desktop,Chicago,2024-12-01 10:51:39
42732,AuthorizeNet,SUCCESS,00,498,Desktop,Los Angeles,2024-12-01 11:13:57
42733,AuthorizeNet,FAILED,05,655,Desktop,Chicago,2024-12-01 12:18:35
42734,Square,SUCCESS,00,755,Desktop,New York,2024-12-01 12:33:22
42735,Stripe,SUCCESS,00,297,Desktop,New York,2024-12-01 13:03:59
42736,AuthorizeNet,SUCCESS,00,588,ATM,Dallas,2024-12-01 13:28:43
42737,Square,SUCCESS,00,436,ATM,Dallas,2024-12-01 13:42:31
42738,PayPal,SUCCESS,00,590,POS,New York,2024-12-01 14:26:49
42739,Square,SUCCESS,00,454,Desktop,New York,2024-12-01 15:05:42
42740,AuthorizeNet,SUCCESS,00,376,Mobile,New York,2024-12-01 15:59:06
42741,PayPal,FAILED,05,1293,Mobile,Dallas,2024-12-01 16:01:31
42742,Stripe,SUCCESS,00,1018,ATM,New York,2024-12-01 17:12:00
42743,AuthorizeNet,PENDING,99,1174,Desktop,Los Angeles,2024-12-01 17:13:54
42744,PayPal,SUCCESS,00,895,Desktop,Chicago,2024-12-01 17:51:42
42745,AuthorizeNet,FAILED,05,1498,Desktop,New York,2024-12-01 18:20:52
42746,Stripe,SUCCESS,00,705,POS,Chicago,2024-12-01 18:43:27
42747,AuthorizeNet,SUCCESS,00,819,ATM,Chicago,2024-12-01 19:07:21
42748,Square,SUCCESS,00,758,POS,Dallas,2024-12-01 19:27:48
42749,AuthorizeNet,SUCCESS,00,342,Mobile,Chicago,2024-12-01 21:01:58
42750,PayPal,SUCCESS,00,1124,Desktop,Dallas,2024-12-01 21:32:02
42751,Square,SUCCESS,00,382,Desktop,Dallas,2024-12-01 22:53:31
42752,AuthorizeNet,SUCCESS,00,707,Mobile,Dallas,2024-12-01 23:24:30
42753,PayPal,SUCCESS,00,1135,Desktop,Chicago,2024-12-01 23:40:03
42754,PayPal,SUCCESS,00,1144,Mobile,New York,2024-12-02 00:16:28
42755,AuthorizeNet,SUCCESS,00,1196,POS,Chicago,2024-12-02 00:47:05
42756,PayPal,SUCCESS,00,811,POS,Los Angeles,2024-12-02 00:48:31
42757,Stripe,SUCCESS,00,574,Desktop,Los Angeles,2024-12-02 00:58:25
42758,AuthorizeNet,FAILED,12,726,POS,Chicago,2024-12-02 02:18:21
42759,Stripe,FAILED,05,541,Mobile,Chicago,2024-12-02 02:47:29
42760,Stripe,FAILED,12,916,Desktop,Dallas,2024-12-02 03:43:12
42761,Square,SUCCESS,00,581,Mobile,Chicago,2024-12-02 03:53:39
42762,AuthorizeNet,SUCCESS,00,924,ATM,Chicago,2024-12-02 04:01:51
42763,PayPal,FAILED,05,1214,Mobile,New York,2024-12-02 04:11:42
42764,PayPal,SUCCESS,00,284,Desktop,Dallas,2024-12-02 04:30:22
42765,Stripe,SUCCESS,00,1077,ATM,Chicago,2024-12-02 04:37:22
42766,Square,SUCCESS,00,910,ATM,Chicago,2024-12-02 04:45:52
42767,PayPal,FAILED,05,671,Desktop,Los Angeles,2024-12-02 05:11:52
42768,PayPal,SUCCESS,00,1355,ATM,Dallas,2024-12-02 06:03:08
42769,Stripe,SUCCESS,00,368,ATM,Los Angeles,2024-12-02 06:30:36
42770,Square,SUCCESS,00,947,Mobile,Los Angeles,2024-12-02 07:35:12
42771,Stripe,PENDING,99,578,Mobile,Chicago,2024-12-02 07:53:43
42772,Stripe,SUCCESS,00,383,POS,Chicago,2024-12-02 08:21:07
42773,Stripe,SUCCESS,00,649,Desktop,Los Angeles,2024-12-02 08:57:32
42774,Stripe,SUCCESS,00,686,POS,Chicago,2024-12-02 10:39:22
42775,AuthorizeNet,SUCCESS,00,346,ATM,Dallas,2024-12-02 11:59:19
42776,AuthorizeNet,SUCCESS,00,371,POS,Chicago,2024-12-02 12:18:26
42777,Square,SUCCESS,00,579,Desktop,New York,2024-12-02 12:38:39
42778,AuthorizeNet,SUCCESS,00,1272,Desktop,Dallas,2024-12-02 14:21:14
42779,AuthorizeNet,SUCCESS,00,1298,Desktop,Dallas,2024-12-02 14:23:10
42780,Square,SUCCESS,00,1271,Mobile,Los Angeles,2024-12-02 14:23:52
42781,Stripe,SUCCESS,00,752,Mobile,New York,2024-12-02 14:30:40
42782,AuthorizeNet,SUCCESS,00,716,POS,New York,2024-12-02 14:48:55
42783,Square,SUCCESS,00,549,ATM,Los Angeles,2024-12-02 15:24:00
42784,AuthorizeNet,SUCCESS,00,864,ATM,Los Angeles,2024-12-02 15:27:30
42785,Square,SUCCESS,00,1329,Desktop,New York,2024-12-02 15:58:24
42786,AuthorizeNet,SUCCESS,00,1478,Desktop,Los Angeles,2024-12-02 16:07:39
42787,Square,SUCCESS,00,1301,ATM,New York,2024-12-02 17:01:59
42788,PayPal,SUCCESS,00,1003,Mobile,Los Angeles,2024-12-02 17:33:54
42789,PayPal,SUCCESS,00,1006,Mobile,Chicago,2024-12-02 19:45:52
42790,PayPal,FAILED,12,809,Desktop,Dallas,2024-12-02 20:49:40
42791,PayPal,SUCCESS,00,341,ATM,Chicago,2024-12-02 22:12:17
42792,AuthorizeNet,SUCCESS,00,369,Mobile,Los Angeles,2024-12-02 23:05:39
42793,Square,SUCCESS,00,1492,POS,Los Angeles,2024-12-02 23:22:32
42794,Square,SUCCESS,00,1416,Desktop,Chicago,2024-12-02 23:43:29
42795,PayPal,SUCCESS,00,1022,ATM,Chicago,2024-12-03 00:09:39
42796,Stripe,SUCCESS,00,649,Mobile,Los Angeles,2024-12-03 01:43:28
42797,Stripe,SUCCESS,00,920,Mobile,New York,2024-12-03 02:14:54
42798,Square,SUCCESS,00,1483,Desktop,Los Angeles,2024-12-03 02:18:33
42799,Square,SUCCESS,00,533,Mobile,Dallas,2024-12-03 02:43:12
42800,Square,SUCCESS,00,1168,ATM,Chicago,2024-12-03 03:02:13
42801,AuthorizeNet,SUCCESS,00,677,POS,Chicago,2024-12-03 03:28:30
42802,Square,SUCCESS,00,1175,Mobile,Los Angeles,2024-12-03 03:35:11
42803,PayPal,SUCCESS,00,992,POS,Los Angeles,2024-12-03 03:50:40
42804,Stripe,SUCCESS,00,1368,ATM,New York,2024-12-03 04:37:59
42805,AuthorizeNet,SUCCESS,00,211,POS,Chicago,2024-12-03 04:43:06
42806,AuthorizeNet,SUCCESS,00,280,POS,Dallas,2024-12-03 05:18:53
42807,Square,SUCCESS,00,870,ATM,Los Angeles,2024-12-03 07:35:51
42808,PayPal,SUCCESS,00,1202,Desktop,New York,2024-12-03 07:50:43
42809,AuthorizeNet,SUCCESS,00,1328,ATM,New York,2024-12-03 08:02:11
42810,PayPal,SUCCESS,00,1157,POS,Los Angeles,2024-12-03 08:02:14
42811,Square,SUCCESS,00,280,Mobile,Los Angeles,2024-12-03 08:22:20
42812,Stripe,SUCCESS,00,1253,Mobile,Chicago,2024-12-03 08:43:42
42813,Stripe,SUCCESS,00,910,POS,Los Angeles,2024-12-03 08:54:19
42814,Stripe,SUCCESS,00,723,POS,Dallas,2024-12-03 09:36:20
42815,Square,SUCCESS,00,875,Desktop,Chicago,2024-12-03 09:42:03
42816,AuthorizeNet,SUCCESS,00,726,POS,Dallas,2024-12-03 09:56:27
42817,Square,SUCCESS,00,1200,POS,Chicago,2024-12-03 10:05:09
42818,Square,FAILED,12,902,POS,New York,2024-12-03 11:20:15
42819,PayPal,SUCCESS,00,1342,Mobile,Los Angeles,2024-12-03 11:20:22
42820,PayPal,SUCCESS,00,967,ATM,Los Angeles,2024-12-03 11:41:44
42821,Square,SUCCESS,00,820,Mobile,New York,2024-12-03 12:09:47
42822,Square,SUCCESS,00,1341,Desktop,Los Angeles,2024-12-03 12:27:39
42823,AuthorizeNet,SUCCESS,00,577,ATM,Dallas,2024-12-03 13:06:18
42824,Square,SUCCESS,00,1217,Desktop,Chicago,2024-12-03 13:35:52
42825,AuthorizeNet,SUCCESS,00,1088,Desktop,Chicago,2024-12-03 13:47:55
42826,AuthorizeNet,SUCCESS,00,1283,Mobile,Chicago,2024-12-03 16:23:00
42827,Stripe,SUCCESS,00,1298,POS,Dallas,2024-12-03 16:29:23
42828,Stripe,SUCCESS,00,834,ATM,Chicago,2024-12-03 17:03:27
42829,Stripe,SUCCESS,00,111,Mobile,Dallas,2024-12-03 18:05:25
42830,AuthorizeNet,SUCCESS,00,955,POS,Chicago,2024-12-03 19:15:34
42831,Square,SUCCESS,00,398,POS,Dallas,2024-12-03 19:43:16
42832,Stripe,SUCCESS,00,848,ATM,Dallas,2024-12-03 19:58:11
42833,Stripe,SUCCESS,00,1375,POS,Los Angeles,2024-12-03 20:03:10
42834,PayPal,SUCCESS,00,612,POS,New York,2024-12-03 20:09:48
42835,Square,FAILED,05,650,Desktop,Chicago,2024-12-03 20:31:12
42836,Stripe,SUCCESS,00,1499,Desktop,New York,2024-12-03 20:43:48
42837,Square,SUCCESS,00,1427,POS,Dallas,2024-12-03 21:02:59
42838,Square,FAILED,12,123,Mobile,Dallas,2024-12-03 21:47:58
42839,AuthorizeNet,SUCCESS,00,940,Desktop,Los Angeles,2024-12-03 21:56:35
42840,PayPal,SUCCESS,00,1056,Desktop,New York,2024-12-03 22:24:24
42841,Stripe,SUCCESS,00,1119,ATM,Los Angeles,2024-12-04 00:04:32
42842,Square,SUCCESS,00,1191,POS,New York,2024-12-04 00:25:06
42843,PayPal,SUCCESS,00,1327,Mobile,Chicago,2024-12-04 00:54:38
42844,PayPal,SUCCESS,00,624,Desktop,Los Angeles,2024-12-04 01:23:27
42845,Stripe,SUCCESS,00,955,POS,Chicago,2024-12-04 03:08:52
42846,Square,SUCCESS,00,1478,Desktop,New York,2024-12-04 03:27:00
42847,AuthorizeNet,SUCCESS,00,729,Mobile,Los Angeles,2024-12-04 05:03:20
42848,AuthorizeNet,FAILED,12,354,Desktop,Chicago,2024-12-04 05:38:10
42849,PayPal,SUCCESS,00,324,Mobile,Dallas,2024-12-04 06:14:08
42850,PayPal,SUCCESS,00,1238,Desktop,New York,2024-12-04 06:28:33
42851,Square,SUCCESS,00,1406,ATM,Dallas,2024-12-04 06:59:03
42852,PayPal,SUCCESS,00,144,POS,New York,2024-12-04 07:14:26
42853,Square,SUCCESS,00,917,Desktop,Los Angeles,2024-12-04 07:18:48
42854,Stripe,SUCCESS,00,1035,Desktop,Chicago,2024-12-04 07:31:14
42855,Stripe,SUCCESS,00,1130,POS,Dallas,2024-12-04 10:06:52
42856,PayPal,SUCCESS,00,366,Mobile,Chicago,2024-12-04 10:10:38
42857,Square,SUCCESS,00,1472,POS,Los Angeles,2024-12-04 11:08:54
42858,Square,SUCCESS,00,1420,POS,Dallas,2024-12-04 12:20:09
42859,Stripe,SUCCESS,00,659,POS,Dallas,2024-12-04 12:41:40
42860,AuthorizeNet,SUCCESS,00,678,Desktop,Chicago,2024-12-04 12:45:51
42861,Stripe,FAILED,05,831,Desktop,New York,2024-12-04 12:46:59
42862,Stripe,SUCCESS,00,1479,Mobile,Dallas,2024-12-04 13:23:06
42863,Stripe,FAILED,05,644,Mobile,Chicago,2024-12-04 15:32:08
42864,PayPal,FAILED,12,1186,ATM,Chicago,2024-12-04 16:08:27
42865,PayPal,SUCCESS,00,843,Mobile,Chicago,2024-12-04 16:10:30
42866,PayPal,SUCCESS,00,777,Mobile,Chicago,2024-12-04 17:54:19
42867,PayPal,SUCCESS,00,429,Desktop,Dallas,2024-12-04 17:55:00
42868,PayPal,SUCCESS,00,1449,POS,Los Angeles,2024-12-04 18:36:27
42869,Square,SUCCESS,00,1352,Desktop,Chicago,2024-12-04 19:58:54
42870,Square,SUCCESS,00,1177,ATM,Dallas,2024-12-04 20:29:00
42871,Square,SUCCESS,00,1390,POS,Chicago,2024-12-04 20:43:50
42872,Stripe,SUCCESS,00,715,Desktop,Dallas,2024-12-04 20:44:42
42873,AuthorizeNet,SUCCESS,00,1133,POS,Chicago,2024-12-04 21:02:07
42874,AuthorizeNet,SUCCESS,00,219,ATM,Chicago,2024-12-04 21:40:02
42875,Stripe,SUCCESS,00,724,POS,Dallas,2024-12-04 23:36:28
42876,Stripe,SUCCESS,00,1318,Desktop,Dallas,2024-12-05 00:13:14
42877,Stripe,SUCCESS,00,1134,Mobile,New York,2024-12-05 01:11:34
42878,Square,SUCCESS,00,133,ATM,Dallas,2024-12-05 01:39:18
42879,Square,SUCCESS,00,1323,Desktop,New York,2024-12-05 01:54:05
42880,Stripe,SUCCESS,00,921,POS,Los Angeles,2024-12-05 02:27:45
42881,Stripe,SUCCESS,00,1373,Mobile,Dallas,2024-12-05 03:23:28
42882,Stripe,SUCCESS,00,1394,POS,Los Angeles,2024-12-05 05:25:14
42883,Square,SUCCESS,00,1287,Desktop,Dallas,2024-12-05 05:32:24
42884,Square,SUCCESS,00,896,Desktop,Chicago,2024-12-05 05:53:43
42885,PayPal,SUCCESS,00,695,Desktop,Los Angeles,2024-12-05 06:33:05
42886,Stripe,SUCCESS,00,962,ATM,New York,2024-12-05 07:19:25
42887,PayPal,SUCCESS,00,543,Mobile,Chicago,2024-12-05 07:21:10
42888,PayPal,SUCCESS,00,733,Desktop,Los Angeles,2024-12-05 07:26:48
42889,PayPal,SUCCESS,00,692,POS,Dallas,2024-12-05 08:12:45
42890,AuthorizeNet,SUCCESS,00,200,ATM,Los Angeles,2024-12-05 08:19:43
42891,PayPal,SUCCESS,00,997,Desktop,New York,2024-12-05 08:31:15
42892,Square,SUCCESS,00,1009,POS,Chicago,2024-12-05 08:56:40
42893,Stripe,SUCCESS,00,1361,Mobile,New York,2024-12-05 09:17:58
42894,AuthorizeNet,SUCCESS,00,274,Mobile,New York,2024-12-05 09:42:24
42895,AuthorizeNet,SUCCESS,00,112,POS,New York,2024-12-05 10:32:15
42896,Square,SUCCESS,00,1276,Mobile,Los Angeles,2024-12-05 11:05:31
42897,AuthorizeNet,SUCCESS,00,1224,POS,Dallas,2024-12-05 11:11:56
42898,Stripe,SUCCESS,00,1061,Mobile,Chicago,2024-12-05 14:02:27
42899,Square,SUCCESS,00,349,ATM,Chicago,2024-12-05 14:38:38
42900,Stripe,SUCCESS,00,146,POS,Dallas,2024-12-05 14:46:15
42901,Stripe,FAILED,05,1374,Mobile,Los Angeles,2024-12-05 16:10:48
42902,Stripe,SUCCESS,00,671,Desktop,New York,2024-12-05 16:50:14
42903,Square,FAILED,05,1404,ATM,New York,2024-12-05 17:19:29
42904,Square,SUCCESS,00,1380,POS,Los Angeles,2024-12-05 17:26:38
42905,PayPal,SUCCESS,00,199,Mobile,Los Angeles,2024-12-05 17:44:07
42906,AuthorizeNet,SUCCESS,00,1128,ATM,Dallas,2024-12-05 18:55:40
42907,PayPal,SUCCESS,00,432,ATM,Los Angeles,2024-12-05 19:49:36
42908,AuthorizeNet,SUCCESS,00,1481,ATM,Chicago,2024-12-05 20:43:11
42909,Square,SUCCESS,00,235,POS,New York,2024-12-05 21:29:12
42910,Square,SUCCESS,00,630,POS,Chicago,2024-12-05 21:43:20
42911,Square,SUCCESS,00,1105,ATM,Los Angeles,2024-12-05 22:09:35
42912,PayPal,SUCCESS,00,1159,POS,New York,2024-12-05 22:47:07
42913,AuthorizeNet,SUCCESS,00,667,Desktop,New York,2024-12-05 23:06:25
42914,PayPal,SUCCESS,00,671,Desktop,Chicago,2024-12-05 23:21:57
42915,Stripe,SUCCESS,00,1367,ATM,Chicago,2024-12-06 02:31:31
42916,Square,SUCCESS,00,766,ATM,Los Angeles,2024-12-06 02:46:02
42917,Square,SUCCESS,00,546,Desktop,New York,2024-12-06 03:23:07
42918,PayPal,SUCCESS,00,1467,Mobile,Dallas,2024-12-06 03:58:57
42919,AuthorizeNet,SUCCESS,00,851,Desktop,Dallas,2024-12-06 05:38:13
42920,PayPal,SUCCESS,00,217,POS,New York,2024-12-06 06:41:53
42921,AuthorizeNet,SUCCESS,00,390,Desktop,Los Angeles,2024-12-06 07:28:54
42922,Square,SUCCESS,00,1040,Desktop,New York,2024-12-06 07:40:03
42923,Square,SUCCESS,00,998,Mobile,Chicago,2024-12-06 08:36:53
42924,AuthorizeNet,SUCCESS,00,924,ATM,Dallas,2024-12-06 09:15:06
42925,Stripe,SUCCESS,00,749,Mobile,Dallas,2024-12-06 10:37:37
42926,PayPal,SUCCESS,00,498,Desktop,Chicago,2024-12-06 11:42:53
42927,Stripe,FAILED,05,277,ATM,Dallas,2024-12-06 12:24:01
42928,Stripe,SUCCESS,00,244,Desktop,Dallas,2024-12-06 12:36:41
42929,Square,SUCCESS,00,997,ATM,Los Angeles,2024-12-06 13:06:47
42930,Square,SUCCESS,00,978,Desktop,New York,2024-12-06 15:08:45
42931,Stripe,SUCCESS,00,1391,Mobile,Dallas,2024-12-06 15:10:48
42932,Square,SUCCESS,00,107,Desktop,New York,2024-12-06 16:02:22
42933,Square,SUCCESS,00,1126,POS,Los Angeles,2024-12-06 16:19:58
42934,Square,FAILED,12,1342,ATM,Los Angeles,2024-12-06 16:35:27
42935,PayPal,SUCCESS,00,301,Desktop,Los Angeles,2024-12-06 16:36:31
42936,Square,SUCCESS,00,613,Mobile,Dallas,2024-12-06 17:44:12
42937,Stripe,SUCCESS,00,946,Mobile,Dallas,2024-12-06 17:46:53
42938,PayPal,SUCCESS,00,169,ATM,Chicago,2024-12-06 18:09:30
42939,AuthorizeNet,SUCCESS,00,1451,ATM,New York,2024-12-06 18:44:44
42940,PayPal,SUCCESS,00,630,Mobile,Chicago,2024-12-06 18:58:48
42941,PayPal,SUCCESS,00,418,Mobile,Los Angeles,2024-12-06 19:15:25
42942,AuthorizeNet,SUCCESS,00,1057,Mobile,Los Angeles,2024-12-06 19:18:01
42943,AuthorizeNet,SUCCESS,00,1488,Mobile,Los Angeles,2024-12-06 21:11:14
42944,Square,SUCCESS,00,561,POS,Los Angeles,2024-12-06 21:14:12
42945,Square,SUCCESS,00,1265,ATM,Chicago,2024-12-06 21:16:29
42946,PayPal,SUCCESS,00,757,ATM,Los Angeles,2024-12-06 23:14:38
42947,PayPal,SUCCESS,00,1088,Mobile,New York,2024-12-06 23:47:11
42948,AuthorizeNet,SUCCESS,00,538,Desktop,Los Angeles,2024-12-07 00:06:19
42949,AuthorizeNet,SUCCESS,00,1022,POS,Chicago,2024-12-07 01:18:48
42950,PayPal,SUCCESS,00,284,Desktop,New York,2024-12-07 02:03:47
42951,PayPal,SUCCESS,00,793,ATM,Dallas,2024-12-07 02:49:42
42952,AuthorizeNet,SUCCESS,00,1489,Desktop,Los Angeles,2024-12-07 02:58:55
42953,Stripe,PENDING,99,290,ATM,Los Angeles,2024-12-07 04:54:18
42954,Square,SUCCESS,00,1337,Mobile,Chicago,2024-12-07 05:05:18
42955,AuthorizeNet,SUCCESS,00,1010,Desktop,Los Angeles,2024-12-07 05:14:30
42956,PayPal,SUCCESS,00,971,Mobile,New York,2024-12-07 06:08:32
42957,AuthorizeNet,SUCCESS,00,474,ATM,Dallas,2024-12-07 06:08:44
42958,Square,SUCCESS,00,804,Mobile,Dallas,2024-12-07 06:58:03
42959,AuthorizeNet,SUCCESS,00,344,Desktop,Chicago,2024-12-07 09:14:02
42960,AuthorizeNet,SUCCESS,00,190,Desktop,Chicago,2024-12-07 09:42:42
42961,Stripe,SUCCESS,00,971,Mobile,Los Angeles,2024-12-07 10:00:38
42962,AuthorizeNet,SUCCESS,00,1240,POS,New York,2024-12-07 11:02:42
42963,Stripe,SUCCESS,00,962,Mobile,Chicago,2024-12-07 12:38:40
42964,PayPal,SUCCESS,00,427,Desktop,New York,2024-12-07 13:02:45
42965,PayPal,SUCCESS,00,936,Mobile,Dallas,2024-12-07 13:13:37
42966,Stripe,SUCCESS,00,292,POS,New York,2024-12-07 13:20:00
42967,Stripe,SUCCESS,00,1353,ATM,Dallas,2024-12-07 13:36:19
42968,Square,SUCCESS,00,155,POS,New York,2024-12-07 13:59:29
42969,Stripe,SUCCESS,00,470,Mobile,New York,2024-12-07 14:06:29
42970,AuthorizeNet,SUCCESS,00,1204,ATM,Dallas,2024-12-07 14:47:51
42971,Square,SUCCESS,00,1184,ATM,New York,2024-12-07 14:53:36
42972,Square,FAILED,12,780,Desktop,Los Angeles,2024-12-07 14:58:19
42973,Square,SUCCESS,00,738,Desktop,Los Angeles,2024-12-07 16:37:43
42974,PayPal,PENDING,99,1231,POS,Dallas,2024-12-07 17:00:28
42975,PayPal,SUCCESS,00,926,POS,Chicago,2024-12-07 17:22:47
42976,PayPal,SUCCESS,00,474,Desktop,Los Angeles,2024-12-07 17:47:24
42977,Stripe,SUCCESS,00,793,POS,Dallas,2024-12-07 18:32:20
42978,Square,SUCCESS,00,226,POS,Los Angeles,2024-12-07 19:08:28
42979,PayPal,SUCCESS,00,626,Mobile,Los Angeles,2024-12-07 20:22:05
42980,PayPal,SUCCESS,00,768,Desktop,Chicago,2024-12-07 20:30:24
42981,PayPal,SUCCESS,00,850,Desktop,Los Angeles,2024-12-07 21:47:57
42982,PayPal,SUCCESS,00,198,Mobile,Los Angeles,2024-12-07 22:28:40
42983,Stripe,SUCCESS,00,1240,POS,Dallas,2024-12-07 23:43:40
42984,AuthorizeNet,SUCCESS,00,914,ATM,Chicago,2024-12-08 00:59:43
42985,AuthorizeNet,FAILED,05,593,Mobile,Los Angeles,2024-12-08 02:24:32
42986,Stripe,FAILED,12,1494,ATM,Chicago,2024-12-08 04:05:14
42987,Square,SUCCESS,00,1030,POS,Chicago,2024-12-08 04:06:07
42988,PayPal,SUCCESS,00,698,ATM,Los Angeles,2024-12-08 04:36:32
42989,Stripe,PENDING,99,840,Desktop,New York,2024-12-08 04:56:04
42990,AuthorizeNet,SUCCESS,00,368,Mobile,New York,2024-12-08 05:07:25
42991,PayPal,SUCCESS,00,1338,Desktop,New York,2024-12-08 05:12:13
42992,AuthorizeNet,SUCCESS,00,542,ATM,Dallas,2024-12-08 05:53:52
42993,AuthorizeNet,SUCCESS,00,946,POS,Dallas,2024-12-08 06:12:47
42994,Square,SUCCESS,00,952,Desktop,Dallas,2024-12-08 06:16:36
42995,AuthorizeNet,SUCCESS,00,806,ATM,Los Angeles,2024-12-08 06:17:44
42996,Square,SUCCESS,00,1064,ATM,Los Angeles,2024-12-08 06:36:51
42997,Square,SUCCESS,00,1202,ATM,Chicago,2024-12-08 06:48:21
42998,AuthorizeNet,SUCCESS,00,655,Mobile,Los Angeles,2024-12-08 06:51:14
42999,Square,SUCCESS,00,835,ATM,Dallas,2024-12-08 07:40:19
43000,Square,SUCCESS,00,324,ATM,Los Angeles,2024-12-08 07:41:48
43001,Stripe,SUCCESS,00,805,Desktop,Chicago,2024-12-08 08:39:55
43002,PayPal,PENDING,99,820,Desktop,Chicago,2024-12-08 09:20:23
43003,AuthorizeNet,SUCCESS,00,1073,Mobile,Los Angeles,2024-12-08 10:24:08
43004,PayPal,SUCCESS,00,354,ATM,Dallas,2024-12-08 10:48:32
43005,AuthorizeNet,SUCCESS,00,1482,Desktop,Dallas,2024-12-08 12:25:15
43006,PayPal,SUCCESS,00,115,Desktop,Los Angeles,2024-12-08 12:46:28
43007,PayPal,SUCCESS,00,719,ATM,New York,2024-12-08 12:50:27
43008,AuthorizeNet,SUCCESS,00,245,ATM,Chicago,2024-12-08 13:35:17
43009,Square,SUCCESS,00,1239,POS,New York,2024-12-08 13:56:32
43010,AuthorizeNet,SUCCESS,00,536,Mobile,Chicago,2024-12-08 14:04:55
43011,Stripe,SUCCESS,00,550,ATM,Los Angeles,2024-12-08 14:16:12
43012,AuthorizeNet,SUCCESS,00,1423,Desktop,Los Angeles,2024-12-08 14:44:38
43013,PayPal,SUCCESS,00,973,Mobile,Los Angeles,2024-12-08 15:40:11
43014,AuthorizeNet,FAILED,12,1178,POS,Los Angeles,2024-12-08 15:57:21
43015,Square,SUCCESS,00,705,POS,Los Angeles,2024-12-08 16:26:58
43016,PayPal,FAILED,12,108,Desktop,Chicago,2024-12-08 16:47:20
43017,Stripe,SUCCESS,00,178,Mobile,Dallas,2024-12-08 17:23:59
43018,Stripe,SUCCESS,00,1043,Desktop,Los Angeles,2024-12-08 18:13:10
43019,PayPal,SUCCESS,00,366,ATM,Los Angeles,2024-12-08 18:46:49
43020,Stripe,SUCCESS,00,846,Mobile,Dallas,2024-12-08 18:55:43
43021,AuthorizeNet,SUCCESS,00,259,Mobile,Los Angeles,2024-12-08 19:09:27
43022,Stripe,SUCCESS,00,332,Desktop,Chicago,2024-12-08 19:32:39
43023,Stripe,FAILED,05,1427,POS,Chicago,2024-12-08 19:35:33
43024,Square,SUCCESS,00,935,Mobile,New York,2024-12-08 19:39:34
43025,Square,SUCCESS,00,1120,Mobile,Chicago,2024-12-08 20:02:50
43026,Square,FAILED,12,1240,POS,Los Angeles,2024-12-08 21:37:28
43027,Square,SUCCESS,00,355,Desktop,Dallas,2024-12-08 23:53:30
43028,Stripe,SUCCESS,00,858,POS,Los Angeles,2024-12-09 00:29:26
43029,AuthorizeNet,SUCCESS,00,1161,Mobile,Dallas,2024-12-09 01:19:10
43030,AuthorizeNet,SUCCESS,00,313,ATM,Chicago,2024-12-09 02:03:35
43031,PayPal,SUCCESS,00,1489,Mobile,New York,2024-12-09 03:08:06
43032,Square,SUCCESS,00,795,ATM,Dallas,2024-12-09 05:48:57
43033,PayPal,SUCCESS,00,1166,POS,New York,2024-12-09 05:59:52
43034,Stripe,SUCCESS,00,110,Mobile,Dallas,2024-12-09 06:02:21
43035,AuthorizeNet,SUCCESS,00,690,POS,Los Angeles,2024-12-09 06:43:46
43036,Square,SUCCESS,00,367,Desktop,Dallas,2024-12-09 08:40:25
43037,Square,SUCCESS,00,1415,Mobile,Los Angeles,2024-12-09 10:19:57
43038,AuthorizeNet,FAILED,12,683,Mobile,Dallas,2024-12-09 10:31:09
43039,Square,SUCCESS,00,504,Mobile,Los Angeles,2024-12-09 10:33:59
43040,AuthorizeNet,SUCCESS,00,655,POS,Chicago,2024-12-09 10:36:04
43041,Stripe,SUCCESS,00,678,Desktop,Los Angeles,2024-12-09 11:19:18
43042,Square,SUCCESS,00,1334,ATM,Chicago,2024-12-09 11:57:00
43043,PayPal,SUCCESS,00,420,Desktop,Los Angeles,2024-12-09 12:48:53
43044,AuthorizeNet,SUCCESS,00,599,Desktop,Chicago,2024-12-09 13:12:41
43045,Square,SUCCESS,00,630,Desktop,Los Angeles,2024-12-09 13:39:51
43046,Stripe,FAILED,12,510,Mobile,Chicago,2024-12-09 13:54:44
43047,PayPal,SUCCESS,00,847,Mobile,Dallas,2024-12-09 15:20:52
43048,PayPal,SUCCESS,00,115,Mobile,Dallas,2024-12-09 15:27:47
43049,PayPal,SUCCESS,00,871,Desktop,Dallas,2024-12-09 15:53:22
43050,Square,SUCCESS,00,687,ATM,Dallas,2024-12-09 15:57:23
43051,Stripe,SUCCESS,00,881,Mobile,Chicago,2024-12-09 16:17:01
43052,Stripe,SUCCESS,00,1063,POS,Los Angeles,2024-12-09 16:29:20
43053,PayPal,SUCCESS,00,233,ATM,Chicago,2024-12-09 16:30:53
43054,PayPal,SUCCESS,00,962,POS,Dallas,2024-12-09 17:17:14
43055,PayPal,SUCCESS,00,393,ATM,Los Angeles,2024-12-09 17:34:26
43056,Square,SUCCESS,00,772,Desktop,Los Angeles,2024-12-09 17:37:30
43057,Square,SUCCESS,00,1037,Desktop,Los Angeles,2024-12-09 17:48:21
43058,Square,SUCCESS,00,771,Desktop,New York,2024-12-09 17:50:30
43059,Stripe,SUCCESS,00,570,Mobile,Dallas,2024-12-09 18:03:19
43060,AuthorizeNet,SUCCESS,00,192,ATM,Los Angeles,2024-12-09 18:16:43
43061,Square,SUCCESS,00,809,POS,New York,2024-12-09 19:28:19
43062,AuthorizeNet,SUCCESS,00,1418,Desktop,Los Angeles,2024-12-09 20:46:51
43063,AuthorizeNet,SUCCESS,00,1483,ATM,Dallas,2024-12-09 21:02:57
43064,Stripe,SUCCESS,00,1377,Desktop,Chicago,2024-12-09 21:05:14
43065,Square,SUCCESS,00,733,Mobile,New York,2024-12-09 21:32:50
43066,AuthorizeNet,SUCCESS,00,745,Desktop,New York,2024-12-09 21:50:53
43067,Square,SUCCESS,00,809,ATM,Chicago,2024-12-09 21:54:39
43068,Square,SUCCESS,00,950,ATM,Los Angeles,2024-12-09 23:08:38
43069,PayPal,SUCCESS,00,471,POS,Dallas,2024-12-09 23:20:40
43070,AuthorizeNet,SUCCESS,00,191,Mobile,Los Angeles,2024-12-09 23:53:01
43071,AuthorizeNet,SUCCESS,00,198,Desktop,Chicago,2024-12-10 00:25:13
43072,PayPal,SUCCESS,00,187,ATM,Dallas,2024-12-10 00:38:47
43073,PayPal,SUCCESS,00,943,ATM,New York,2024-12-10 00:42:06
43074,Square,SUCCESS,00,1213,Desktop,Dallas,2024-12-10 00:57:17
43075,Square,SUCCESS,00,559,POS,New York,2024-12-10 03:13:56
43076,PayPal,SUCCESS,00,899,Mobile,Los Angeles,2024-12-10 04:12:01
43077,AuthorizeNet,FAILED,05,1362,ATM,Los Angeles,2024-12-10 04:25:09
43078,Square,SUCCESS,00,1314,Desktop,Los Angeles,2024-12-10 05:32:34
43079,AuthorizeNet,SUCCESS,00,901,ATM,Dallas,2024-12-10 05:40:47
43080,Stripe,SUCCESS,00,492,Mobile,Los Angeles,2024-12-10 05:43:27
43081,PayPal,SUCCESS,00,1416,Mobile,Chicago,2024-12-10 07:25:10
43082,Square,SUCCESS,00,488,ATM,New York,2024-12-10 07:42:14
43083,PayPal,SUCCESS,00,505,ATM,Los Angeles,2024-12-10 08:11:23
43084,Square,SUCCESS,00,1332,Desktop,Los Angeles,2024-12-10 08:16:20
43085,Square,SUCCESS,00,384,ATM,Chicago,2024-12-10 09:33:57
43086,Square,FAILED,12,1358,Desktop,New York,2024-12-10 10:23:13
43087,Stripe,SUCCESS,00,868,Desktop,Chicago,2024-12-10 11:53:49
43088,PayPal,SUCCESS,00,1021,ATM,Dallas,2024-12-10 11:55:12
43089,Square,SUCCESS,00,202,ATM,New York,2024-12-10 13:01:41
43090,Stripe,SUCCESS,00,916,Mobile,Chicago,2024-12-10 14:09:55
43091,Stripe,SUCCESS,00,937,Desktop,Los Angeles,2024-12-10 14:17:03
43092,Square,SUCCESS,00,1464,Mobile,Los Angeles,2024-12-10 14:24:18
43093,AuthorizeNet,FAILED,05,227,ATM,Chicago,2024-12-10 14:32:59
43094,AuthorizeNet,SUCCESS,00,723,Desktop,New York,2024-12-10 15:03:42
43095,PayPal,SUCCESS,00,435,Desktop,Dallas,2024-12-10 15:30:05
43096,PayPal,SUCCESS,00,625,POS,Dallas,2024-12-10 16:29:28
43097,PayPal,SUCCESS,00,1336,Mobile,Chicago,2024-12-10 17:17:33
43098,PayPal,SUCCESS,00,731,ATM,New York,2024-12-10 18:38:44
43099,Stripe,SUCCESS,00,334,Mobile,Los Angeles,2024-12-10 19:12:11
43100,Stripe,SUCCESS,00,375,ATM,Chicago,2024-12-10 19:32:12
43101,Stripe,SUCCESS,00,317,Desktop,Dallas,2024-12-10 19:36:19
43102,Square,SUCCESS,00,699,ATM,Chicago,2024-12-10 19:40:31
43103,PayPal,SUCCESS,00,1412,ATM,Chicago,2024-12-10 20:02:22
43104,AuthorizeNet,SUCCESS,00,231,POS,Los Angeles,2024-12-10 20:23:47
43105,PayPal,SUCCESS,00,1362,Mobile,New York,2024-12-10 20:39:27
43106,AuthorizeNet,SUCCESS,00,1327,ATM,Los Angeles,2024-12-10 21:10:46
43107,Stripe,SUCCESS,00,392,ATM,Los Angeles,2024-12-10 21:25:14
43108,Stripe,SUCCESS,00,968,Desktop,Chicago,2024-12-10 21:43:20
43109,PayPal,SUCCESS,00,209,POS,New York,2024-12-10 23:01:33
43110,Stripe,FAILED,12,944,Mobile,Chicago,2024-12-11 00:02:01
43111,Stripe,SUCCESS,00,119,ATM,Chicago,2024-12-11 00:07:25
43112,Square,SUCCESS,00,597,POS,Los Angeles,2024-12-11 00:36:23
43113,Stripe,SUCCESS,00,1269,POS,Dallas,2024-12-11 01:16:04
43114,Square,SUCCESS,00,923,Desktop,Dallas,2024-12-11 01:25:37
43115,AuthorizeNet,SUCCESS,00,652,Mobile,Dallas,2024-12-11 02:05:15
43116,Stripe,SUCCESS,00,1080,ATM,Dallas,2024-12-11 02:38:14
43117,Stripe,SUCCESS,00,312,Desktop,Los Angeles,2024-12-11 03:06:41
43118,AuthorizeNet,SUCCESS,00,621,Desktop,Dallas,2024-12-11 03:36:47
43119,AuthorizeNet,SUCCESS,00,595,Mobile,Dallas,2024-12-11 03:48:59
43120,PayPal,SUCCESS,00,1335,Desktop,Dallas,2024-12-11 05:07:09
43121,Stripe,SUCCESS,00,717,Mobile,Chicago,2024-12-11 05:31:26
43122,PayPal,SUCCESS,00,1070,POS,New York,2024-12-11 06:02:05
43123,AuthorizeNet,PENDING,99,788,Desktop,Chicago,2024-12-11 06:08:11
43124,Stripe,SUCCESS,00,320,ATM,Los Angeles,2024-12-11 06:51:01
43125,AuthorizeNet,SUCCESS,00,844,Mobile,Chicago,2024-12-11 07:14:14
43126,AuthorizeNet,SUCCESS,00,883,POS,Los Angeles,2024-12-11 08:38:26
43127,Stripe,SUCCESS,00,1321,Mobile,Chicago,2024-12-11 09:51:28
43128,AuthorizeNet,SUCCESS,00,609,Mobile,Dallas,2024-12-11 10:52:43
43129,PayPal,SUCCESS,00,1420,POS,New York,2024-12-11 13:01:19
43130,AuthorizeNet,SUCCESS,00,958,ATM,Los Angeles,2024-12-11 13:25:12
43131,PayPal,SUCCESS,00,1405,ATM,Los Angeles,2024-12-11 14:06:33
43132,Stripe,SUCCESS,00,995,Mobile,Los Angeles,2024-12-11 15:12:00
43133,Square,SUCCESS,00,1223,ATM,Dallas,2024-12-11 15:22:02
43134,Square,FAILED,12,1218,POS,Chicago,2024-12-11 15:38:24
43135,AuthorizeNet,SUCCESS,00,623,ATM,New York,2024-12-11 16:13:16
43136,AuthorizeNet,SUCCESS,00,1140,Desktop,New York,2024-12-11 16:50:25
43137,Square,SUCCESS,00,1371,Desktop,Dallas,2024-12-11 16:59:08
43138,AuthorizeNet,SUCCESS,00,262,Desktop,Dallas,2024-12-11 17:10:53
43139,Stripe,SUCCESS,00,1182,Mobile,Chicago,2024-12-11 18:54:11
43140,PayPal,SUCCESS,00,965,Mobile,New York,2024-12-11 20:39:11
43141,PayPal,FAILED,05,973,POS,New York,2024-12-11 20:48:59
43142,Square,SUCCESS,00,1263,Mobile,New York,2024-12-11 21:20:53
43143,AuthorizeNet,SUCCESS,00,1226,POS,Los Angeles,2024-12-11 22:15:52
43144,Square,FAILED,12,970,Desktop,Chicago,2024-12-11 22:28:33
43145,AuthorizeNet,SUCCESS,00,351,Desktop,Los Angeles,2024-12-11 23:01:58
43146,AuthorizeNet,SUCCESS,00,1370,Desktop,Dallas,2024-12-11 23:12:43
43147,AuthorizeNet,SUCCESS,00,820,Mobile,Los Angeles,2024-12-11 23:50:01
43148,Square,SUCCESS,00,390,Desktop,Chicago,2024-12-11 23:58:07
43149,PayPal,SUCCESS,00,1326,Desktop,Los Angeles,2024-12-12 00:46:46
43150,AuthorizeNet,SUCCESS,00,635,ATM,Chicago,2024-12-12 01:01:09
43151,Square,SUCCESS,00,700,POS,Chicago,2024-12-12 03:07:01
43152,Square,SUCCESS,00,323,Desktop,Chicago,2024-12-12 03:19:00
43153,PayPal,SUCCESS,00,114,POS,Dallas,2024-12-12 03:23:45
43154,Square,FAILED,12,1394,Desktop,Dallas,2024-12-12 04:17:08
43155,Stripe,SUCCESS,00,769,Desktop,Los Angeles,2024-12-12 05:57:21
43156,Stripe,SUCCESS,00,866,Desktop,Los Angeles,2024-12-12 08:30:27
43157,Stripe,SUCCESS,00,1147,Mobile,New York,2024-12-12 09:21:55
43158,PayPal,SUCCESS,00,849,POS,New York,2024-12-12 09:57:09
43159,Square,SUCCESS,00,1080,Mobile,Dallas,2024-12-12 11:14:41
43160,AuthorizeNet,SUCCESS,00,1187,ATM,Los Angeles,2024-12-12 13:12:05
43161,PayPal,SUCCESS,00,1302,Mobile,Dallas,2024-12-12 14:08:35
43162,Square,SUCCESS,00,1184,POS,Chicago,2024-12-12 14:10:20
43163,Stripe,SUCCESS,00,110,Mobile,Chicago,2024-12-12 14:24:48
43164,Square,SUCCESS,00,1178,POS,New York,2024-12-12 15:22:01
43165,Stripe,SUCCESS,00,1435,ATM,Chicago,2024-12-12 15:37:01
43166,Square,SUCCESS,00,224,Mobile,Los Angeles,2024-12-12 15:57:16
43167,Stripe,SUCCESS,00,1343,ATM,Dallas,2024-12-12 16:38:43
43168,PayPal,SUCCESS,00,323,Mobile,Los Angeles,2024-12-12 16:47:43
43169,Stripe,SUCCESS,00,325,ATM,Los Angeles,2024-12-12 17:06:18
43170,Square,SUCCESS,00,314,Desktop,Chicago,2024-12-12 17:58:12
43171,PayPal,SUCCESS,00,261,Desktop,Chicago,2024-12-12 18:36:29
43172,AuthorizeNet,SUCCESS,00,1235,Mobile,Los Angeles,2024-12-12 19:19:45
43173,Square,SUCCESS,00,966,Desktop,Chicago,2024-12-12 19:29:00
43174,PayPal,SUCCESS,00,171,POS,Chicago,2024-12-12 19:54:32
43175,PayPal,SUCCESS,00,672,ATM,Los Angeles,2024-12-12 20:01:31
43176,Stripe,SUCCESS,00,1106,Desktop,New York,2024-12-12 20:32:49
43177,Square,SUCCESS,00,360,ATM,New York,2024-12-12 20:57:52
43178,PayPal,SUCCESS,00,463,Desktop,Dallas,2024-12-12 22:08:21
43179,Square,SUCCESS,00,439,POS,Chicago,2024-12-12 22:30:59
43180,AuthorizeNet,SUCCESS,00,229,Mobile,Dallas,2024-12-12 23:01:31
43181,Stripe,SUCCESS,00,514,ATM,Dallas,2024-12-12 23:05:19
43182,AuthorizeNet,SUCCESS,00,1498,Desktop,Dallas,2024-12-12 23:07:02
43183,PayPal,FAILED,05,1155,POS,Los Angeles,2024-12-12 23:07:45
43184,Square,SUCCESS,00,966,POS,New York,2024-12-13 00:58:23
43185,AuthorizeNet,SUCCESS,00,1480,Desktop,Los Angeles,2024-12-13 01:01:25
43186,Square,SUCCESS,00,268,ATM,Dallas,2024-12-13 02:09:11
43187,Square,SUCCESS,00,667,POS,New York,2024-12-13 04:36:35
43188,AuthorizeNet,SUCCESS,00,1386,Mobile,Dallas,2024-12-13 04:49:48
43189,PayPal,SUCCESS,00,876,ATM,Dallas,2024-12-13 04:55:39
43190,AuthorizeNet,SUCCESS,00,876,ATM,Chicago,2024-12-13 05:21:17
43191,Square,SUCCESS,00,1039,ATM,Los Angeles,2024-12-13 07:51:35
43192,Square,SUCCESS,00,1066,ATM,Los Angeles,2024-12-13 09:26:08
43193,PayPal,SUCCESS,00,202,ATM,Los Angeles,2024-12-13 09:43:56
43194,PayPal,FAILED,12,1487,POS,Dallas,2024-12-13 10:03:47
43195,AuthorizeNet,SUCCESS,00,453,POS,New York,2024-12-13 10:04:22
43196,Square,SUCCESS,00,525,Mobile,Chicago,2024-12-13 10:56:31
43197,Stripe,SUCCESS,00,1283,Mobile,Los Angeles,2024-12-13 11:53:18
43198,Square,SUCCESS,00,1324,ATM,Dallas,2024-12-13 12:05:40
43199,Square,SUCCESS,00,1046,Mobile,Dallas,2024-12-13 13:02:16
43200,PayPal,SUCCESS,00,1384,Desktop,Dallas,2024-12-13 13:49:48
43201,Square,FAILED,05,537,Mobile,Dallas,2024-12-13 14:41:24
43202,Stripe,SUCCESS,00,654,ATM,Los Angeles,2024-12-13 15:11:24
43203,Stripe,SUCCESS,00,780,Mobile,Chicago,2024-12-13 15:40:45
43204,Stripe,SUCCESS,00,497,Desktop,Dallas,2024-12-13 15:48:59
43205,AuthorizeNet,SUCCESS,00,774,Mobile,Dallas,2024-12-13 16:28:25
43206,Square,SUCCESS,00,1106,Mobile,Chicago,2024-12-13 16:35:02
43207,Square,SUCCESS,00,756,POS,Chicago,2024-12-13 17:24:56
43208,Square,SUCCESS,00,1085,Mobile,Chicago,2024-12-13 18:00:32
43209,AuthorizeNet,SUCCESS,00,474,Mobile,Chicago,2024-12-13 18:34:21
43210,Square,SUCCESS,00,402,POS,Los Angeles,2024-12-13 19:24:49
43211,Square,SUCCESS,00,765,Mobile,New York,2024-12-13 20:38:31
43212,PayPal,SUCCESS,00,1134,Desktop,Chicago,2024-12-13 21:09:27
43213,AuthorizeNet,SUCCESS,00,702,Desktop,Dallas,2024-12-13 22:01:56
43214,PayPal,SUCCESS,00,113,Mobile,New York,2024-12-13 22:19:39
43215,Stripe,SUCCESS,00,323,Mobile,Dallas,2024-12-13 23:30:33
43216,Square,SUCCESS,00,559,POS,Chicago,2024-12-14 00:18:53
43217,Stripe,SUCCESS,00,394,POS,Chicago,2024-12-14 00:31:09
43218,AuthorizeNet,SUCCESS,00,1106,Mobile,New York,2024-12-14 01:03:32
43219,Square,SUCCESS,00,204,Mobile,Dallas,2024-12-14 01:14:19
43220,PayPal,SUCCESS,00,1480,ATM,Dallas,2024-12-14 01:23:14
43221,Square,SUCCESS,00,262,ATM,Chicago,2024-12-14 02:45:22
43222,Square,SUCCESS,00,240,Mobile,Los Angeles,2024-12-14 02:48:40
43223,Square,SUCCESS,00,1475,Mobile,New York,2024-12-14 03:09:59
43224,PayPal,SUCCESS,00,1202,Desktop,New York,2024-12-14 04:23:57
43225,Stripe,SUCCESS,00,389,Mobile,Chicago,2024-12-14 05:13:38
43226,AuthorizeNet,SUCCESS,00,321,Mobile,Chicago,2024-12-14 05:25:34
43227,AuthorizeNet,SUCCESS,00,1231,ATM,Los Angeles,2024-12-14 06:06:17
43228,PayPal,SUCCESS,00,921,Desktop,Dallas,2024-12-14 06:55:35
43229,PayPal,SUCCESS,00,957,Mobile,New York,2024-12-14 07:29:16
43230,AuthorizeNet,PENDING,99,449,POS,Los Angeles,2024-12-14 08:31:19
43231,AuthorizeNet,SUCCESS,00,1468,Mobile,Los Angeles,2024-12-14 09:03:09
43232,PayPal,SUCCESS,00,702,POS,Los Angeles,2024-12-14 09:16:41
43233,Stripe,SUCCESS,00,809,ATM,Dallas,2024-12-14 10:06:01
43234,Stripe,SUCCESS,00,255,POS,New York,2024-12-14 10:07:58
43235,Square,FAILED,05,854,Mobile,New York,2024-12-14 11:25:57
43236,PayPal,SUCCESS,00,519,Mobile,Chicago,2024-12-14 11:55:25
43237,PayPal,SUCCESS,00,770,POS,Dallas,2024-12-14 12:53:07
43238,AuthorizeNet,SUCCESS,00,1203,Mobile,Los Angeles,2024-12-14 13:32:58
43239,AuthorizeNet,SUCCESS,00,782,ATM,New York,2024-12-14 14:09:49
43240,Stripe,SUCCESS,00,448,Mobile,Los Angeles,2024-12-14 14:35:21
43241,AuthorizeNet,SUCCESS,00,1481,ATM,Chicago,2024-12-14 14:57:57
43242,Square,SUCCESS,00,621,Desktop,Chicago,2024-12-14 15:24:18
43243,PayPal,SUCCESS,00,1162,Desktop,Dallas,2024-12-14 15:25:04
43244,AuthorizeNet,SUCCESS,00,313,Mobile,Dallas,2024-12-14 15:45:42
43245,Square,SUCCESS,00,153,ATM,Chicago,2024-12-14 16:58:24
43246,Square,SUCCESS,00,1318,ATM,Chicago,2024-12-14 17:07:41
43247,Stripe,SUCCESS,00,605,POS,Chicago,2024-12-14 17:42:28
43248,AuthorizeNet,FAILED,12,197,ATM,Dallas,2024-12-14 19:22:35
43249,AuthorizeNet,SUCCESS,00,595,Mobile,Chicago,2024-12-14 19:34:23
43250,Square,SUCCESS,00,843,Mobile,Chicago,2024-12-14 20:38:36
43251,PayPal,SUCCESS,00,324,ATM,Dallas,2024-12-14 21:04:50
43252,PayPal,SUCCESS,00,204,ATM,Chicago,2024-12-14 21:05:09
43253,Square,SUCCESS,00,835,Mobile,New York,2024-12-14 21:06:41
43254,AuthorizeNet,SUCCESS,00,852,POS,Dallas,2024-12-14 22:18:45
43255,AuthorizeNet,SUCCESS,00,881,POS,Dallas,2024-12-14 22:28:13
43256,Stripe,SUCCESS,00,514,Desktop,Los Angeles,2024-12-14 22:33:41
43257,Square,SUCCESS,00,1098,Desktop,Chicago,2024-12-14 22:42:09
43258,AuthorizeNet,SUCCESS,00,795,POS,New York,2024-12-14 22:57:49
43259,AuthorizeNet,SUCCESS,00,771,Desktop,Los Angeles,2024-12-14 23:23:41
43260,Stripe,SUCCESS,00,1400,POS,Los Angeles,2024-12-15 00:06:10
43261,Square,PENDING,99,634,POS,Chicago,2024-12-15 00:17:39
43262,Stripe,SUCCESS,00,287,Desktop,Los Angeles,2024-12-15 02:10:19
43263,Stripe,SUCCESS,00,255,Mobile,Dallas,2024-12-15 03:14:47
43264,AuthorizeNet,SUCCESS,00,1059,ATM,Dallas,2024-12-15 03:16:56
43265,AuthorizeNet,SUCCESS,00,969,Mobile,Chicago,2024-12-15 03:33:35
43266,AuthorizeNet,SUCCESS,00,182,POS,Dallas,2024-12-15 04:35:53
43267,PayPal,SUCCESS,00,905,Desktop,Los Angeles,2024-12-15 06:06:18
43268,AuthorizeNet,SUCCESS,00,687,ATM,New York,2024-12-15 06:18:05
43269,Square,SUCCESS,00,344,Mobile,Dallas,2024-12-15 09:07:43
43270,Square,SUCCESS,00,169,Mobile,New York,2024-12-15 10:06:34
43271,Square,SUCCESS,00,151,Desktop,Los Angeles,2024-12-15 11:03:43
43272,Square,FAILED,12,1487,POS,New York,2024-12-15 11:05:33
43273,PayPal,SUCCESS,00,1352,Desktop,Los Angeles,2024-12-15 11:35:08
43274,AuthorizeNet,FAILED,12,1252,POS,Los Angeles,2024-12-15 12:00:22
43275,AuthorizeNet,FAILED,05,1477,Desktop,Chicago,2024-12-15 13:16:43
43276,Square,SUCCESS,00,207,POS,New York,2024-12-15 14:12:48
43277,Stripe,SUCCESS,00,289,Mobile,Los Angeles,2024-12-15 15:54:41
43278,Square,SUCCESS,00,1100,Mobile,Dallas,2024-12-15 16:03:24
43279,PayPal,FAILED,05,622,POS,New York,2024-12-15 16:11:02
43280,PayPal,SUCCESS,00,1006,POS,Dallas,2024-12-15 16:12:16
43281,Stripe,SUCCESS,00,1129,Mobile,Dallas,2024-12-15 16:14:02
43282,Square,SUCCESS,00,1492,POS,Los Angeles,2024-12-15 16:22:34
43283,Square,SUCCESS,00,1051,ATM,Chicago,2024-12-15 17:41:43
43284,Stripe,SUCCESS,00,504,POS,Chicago,2024-12-15 18:35:12
43285,Square,SUCCESS,00,611,Desktop,Los Angeles,2024-12-15 19:09:21
43286,PayPal,FAILED,12,1041,ATM,Chicago,2024-12-15 19:42:39
43287,Stripe,SUCCESS,00,1193,Desktop,Chicago,2024-12-15 19:59:37
43288,Stripe,SUCCESS,00,829,Desktop,Dallas,2024-12-15 20:28:47
43289,Square,FAILED,05,1214,Mobile,Dallas,2024-12-15 21:02:53
43290,Square,SUCCESS,00,151,Desktop,Chicago,2024-12-15 21:09:11
43291,PayPal,SUCCESS,00,1246,Desktop,New York,2024-12-15 21:16:57
43292,AuthorizeNet,SUCCESS,00,1489,Mobile,Chicago,2024-12-15 21:42:11
43293,AuthorizeNet,SUCCESS,00,1147,POS,Los Angeles,2024-12-15 21:52:55
43294,PayPal,SUCCESS,00,892,ATM,New York,2024-12-15 22:10:31
43295,Stripe,SUCCESS,00,261,POS,Los Angeles,2024-12-15 23:34:44
43296,AuthorizeNet,SUCCESS,00,872,Mobile,New York,2024-12-15 23:35:47
43297,AuthorizeNet,SUCCESS,00,700,Desktop,New York,2024-12-15 23:45:28
43298,Square,SUCCESS,00,340,Desktop,Dallas,2024-12-16 00:59:38
43299,Stripe,SUCCESS,00,440,Mobile,Los Angeles,2024-12-16 01:23:07
43300,Square,SUCCESS,00,292,Desktop,Los Angeles,2024-12-16 02:09:32
43301,AuthorizeNet,SUCCESS,00,1136,Mobile,Los Angeles,2024-12-16 02:29:11
43302,PayPal,SUCCESS,00,447,ATM,Dallas,2024-12-16 02:31:13
43303,Square,SUCCESS,00,1261,Desktop,Los Angeles,2024-12-16 02:57:52
43304,PayPal,SUCCESS,00,1248,ATM,Los Angeles,2024-12-16 03:04:47
43305,Square,SUCCESS,00,737,Mobile,Chicago,2024-12-16 03:35:41
43306,Square,SUCCESS,00,452,POS,New York,2024-12-16 04:02:26
43307,Square,SUCCESS,00,562,POS,Los Angeles,2024-12-16 04:04:04
43308,Stripe,SUCCESS,00,975,Mobile,New York,2024-12-16 04:22:24
43309,AuthorizeNet,SUCCESS,00,900,ATM,Chicago,2024-12-16 04:24:50
43310,Square,SUCCESS,00,707,POS,New York,2024-12-16 05:28:19
43311,PayPal,SUCCESS,00,801,ATM,Los Angeles,2024-12-16 05:45:48
43312,AuthorizeNet,SUCCESS,00,1074,ATM,Chicago,2024-12-16 06:05:37
43313,PayPal,SUCCESS,00,429,ATM,New York,2024-12-16 07:02:40
43314,Square,SUCCESS,00,948,ATM,Chicago,2024-12-16 07:29:40
43315,PayPal,SUCCESS,00,256,POS,Dallas,2024-12-16 08:03:10
43316,Square,SUCCESS,00,1343,Desktop,New York,2024-12-16 08:15:33
43317,Square,SUCCESS,00,966,Mobile,Dallas,2024-12-16 10:22:21
43318,Square,SUCCESS,00,1372,Desktop,Dallas,2024-12-16 11:40:05
43319,Stripe,SUCCESS,00,559,Desktop,Chicago,2024-12-16 11:52:57
43320,PayPal,PENDING,99,1323,POS,Dallas,2024-12-16 12:33:12
43321,AuthorizeNet,SUCCESS,00,975,ATM,New York,2024-12-16 12:50:23
43322,Square,SUCCESS,00,1312,POS,New York,2024-12-16 13:08:16
43323,PayPal,SUCCESS,00,308,Mobile,Dallas,2024-12-16 13:11:25
43324,PayPal,SUCCESS,00,651,Mobile,Chicago,2024-12-16 14:21:49
43325,AuthorizeNet,SUCCESS,00,1026,ATM,Chicago,2024-12-16 14:24:21
43326,Stripe,SUCCESS,00,839,Desktop,Dallas,2024-12-16 14:36:07
43327,Square,SUCCESS,00,784,POS,Chicago,2024-12-16 14:36:54
43328,Square,SUCCESS,00,505,POS,New York,2024-12-16 16:31:18
43329,AuthorizeNet,SUCCESS,00,1378,ATM,Chicago,2024-12-16 16:35:48
43330,AuthorizeNet,FAILED,12,467,Mobile,Los Angeles,2024-12-16 17:18:04
43331,AuthorizeNet,SUCCESS,00,541,Desktop,Los Angeles,2024-12-16 17:47:13
43332,AuthorizeNet,SUCCESS,00,720,POS,Los Angeles,2024-12-16 19:54:59
43333,PayPal,SUCCESS,00,565,Desktop,Dallas,2024-12-16 20:30:11
43334,PayPal,SUCCESS,00,1459,ATM,Chicago,2024-12-16 22:55:21
43335,Square,SUCCESS,00,690,ATM,New York,2024-12-16 23:30:42
43336,AuthorizeNet,FAILED,12,297,Desktop,Los Angeles,2024-12-16 23:56:35
43337,Stripe,FAILED,05,845,Desktop,Chicago,2024-12-17 00:25:19
43338,Stripe,SUCCESS,00,392,Mobile,Los Angeles,2024-12-17 01:07:30
43339,Stripe,SUCCESS,00,1075,Desktop,Chicago,2024-12-17 01:34:11
43340,Stripe,SUCCESS,00,251,Desktop,Dallas,2024-12-17 01:55:10
43341,Stripe,SUCCESS,00,511,POS,Los Angeles,2024-12-17 02:11:59
43342,Square,SUCCESS,00,778,ATM,Los Angeles,2024-12-17 02:16:59
43343,AuthorizeNet,SUCCESS,00,1238,POS,New York,2024-12-17 02:24:29
43344,PayPal,FAILED,12,1410,Desktop,New York,2024-12-17 02:27:56
43345,Square,PENDING,99,1310,Mobile,Dallas,2024-12-17 03:30:11
43346,AuthorizeNet,SUCCESS,00,730,Desktop,Dallas,2024-12-17 04:08:36
43347,Stripe,SUCCESS,00,1291,ATM,Dallas,2024-12-17 04:30:44
43348,AuthorizeNet,SUCCESS,00,373,Desktop,New York,2024-12-17 04:54:12
43349,Square,PENDING,99,501,ATM,Dallas,2024-12-17 05:05:58
43350,PayPal,SUCCESS,00,997,Mobile,Chicago,2024-12-17 05:14:17
43351,Stripe,SUCCESS,00,1414,POS,Los Angeles,2024-12-17 05:57:10
43352,PayPal,SUCCESS,00,286,POS,Dallas,2024-12-17 07:21:37
43353,Square,SUCCESS,00,1032,ATM,New York,2024-12-17 07:28:32
43354,Stripe,SUCCESS,00,382,Desktop,New York,2024-12-17 08:33:46
43355,PayPal,SUCCESS,00,1459,ATM,Los Angeles,2024-12-17 08:49:01
43356,Square,SUCCESS,00,439,ATM,Los Angeles,2024-12-17 10:13:23
43357,Square,SUCCESS,00,455,Desktop,Los Angeles,2024-12-17 10:28:15
43358,Square,SUCCESS,00,1113,POS,Chicago,2024-12-17 10:39:37
43359,Stripe,SUCCESS,00,304,POS,Dallas,2024-12-17 11:12:56
43360,Stripe,SUCCESS,00,1023,POS,Chicago,2024-12-17 11:28:56
43361,AuthorizeNet,SUCCESS,00,506,ATM,Chicago,2024-12-17 11:53:56
43362,Stripe,SUCCESS,00,280,Mobile,New York,2024-12-17 13:36:56
43363,AuthorizeNet,SUCCESS,00,718,Mobile,Los Angeles,2024-12-17 14:19:34
43364,AuthorizeNet,SUCCESS,00,1318,Desktop,Los Angeles,2024-12-17 14:36:13
43365,AuthorizeNet,SUCCESS,00,839,POS,Dallas,2024-12-17 14:39:27
43366,Stripe,SUCCESS,00,738,Desktop,New York,2024-12-17 14:52:39
43367,Stripe,SUCCESS,00,131,Desktop,Dallas,2024-12-17 15:44:45
43368,PayPal,SUCCESS,00,512,Desktop,New York,2024-12-17 16:57:41
43369,AuthorizeNet,SUCCESS,00,1257,ATM,Los Angeles,2024-12-17 17:30:34
43370,Stripe,SUCCESS,00,260,Mobile,Dallas,2024-12-17 17:50:09
43371,PayPal,SUCCESS,00,908,Desktop,Dallas,2024-12-17 18:24:32
43372,Square,SUCCESS,00,885,POS,Los Angeles,2024-12-17 18:55:59
43373,PayPal,SUCCESS,00,402,Mobile,Los Angeles,2024-12-17 19:14:47
43374,PayPal,FAILED,12,1469,POS,Chicago,2024-12-17 19:15:12
43375,Square,SUCCESS,00,465,Desktop,Los Angeles,2024-12-17 19:15:14
43376,PayPal,SUCCESS,00,1355,POS,Dallas,2024-12-17 19:50:08
43377,PayPal,SUCCESS,00,823,Desktop,New York,2024-12-17 20:09:42
43378,AuthorizeNet,SUCCESS,00,1164,Desktop,Dallas,2024-12-17 20:30:43
43379,Square,SUCCESS,00,685,ATM,Los Angeles,2024-12-17 20:43:09
43380,PayPal,SUCCESS,00,429,Desktop,New York,2024-12-17 21:40:43
43381,Square,SUCCESS,00,1207,Desktop,Chicago,2024-12-17 21:50:54
43382,AuthorizeNet,SUCCESS,00,1009,POS,Dallas,2024-12-17 22:17:42
43383,AuthorizeNet,SUCCESS,00,1028,Mobile,Chicago,2024-12-17 22:20:51
43384,Stripe,SUCCESS,00,1106,Desktop,Los Angeles,2024-12-17 22:55:03
43385,AuthorizeNet,SUCCESS,00,1381,Mobile,Los Angeles,2024-12-18 00:43:43
43386,AuthorizeNet,SUCCESS,00,1399,Desktop,Los Angeles,2024-12-18 00:49:30
43387,AuthorizeNet,SUCCESS,00,1225,Desktop,Chicago,2024-12-18 01:02:12
43388,AuthorizeNet,SUCCESS,00,1369,ATM,Chicago,2024-12-18 01:11:43
43389,Stripe,FAILED,05,841,POS,New York,2024-12-18 01:21:06
43390,PayPal,SUCCESS,00,1463,Mobile,Los Angeles,2024-12-18 01:21:40
43391,Square,SUCCESS,00,1239,Desktop,Dallas,2024-12-18 01:32:04
43392,AuthorizeNet,SUCCESS,00,756,POS,Chicago,2024-12-18 02:01:50
43393,Square,SUCCESS,00,891,POS,Chicago,2024-12-18 02:03:35
43394,AuthorizeNet,FAILED,12,970,ATM,New York,2024-12-18 02:17:54
43395,Square,SUCCESS,00,723,ATM,Chicago,2024-12-18 02:23:41
43396,PayPal,SUCCESS,00,724,ATM,Los Angeles,2024-12-18 03:37:21
43397,AuthorizeNet,SUCCESS,00,276,Mobile,New York,2024-12-18 05:31:05
43398,PayPal,SUCCESS,00,456,POS,Chicago,2024-12-18 06:34:36
43399,PayPal,SUCCESS,00,1435,Desktop,Chicago,2024-12-18 06:36:32
43400,Stripe,SUCCESS,00,931,POS,Los Angeles,2024-12-18 06:52:27
43401,AuthorizeNet,SUCCESS,00,266,Mobile,New York,2024-12-18 06:55:48
43402,Square,SUCCESS,00,790,ATM,Chicago,2024-12-18 07:15:27
43403,AuthorizeNet,SUCCESS,00,898,ATM,Chicago,2024-12-18 10:00:33
43404,Square,SUCCESS,00,720,Desktop,New York,2024-12-18 11:55:39
43405,Square,SUCCESS,00,906,Desktop,New York,2024-12-18 12:27:34
43406,Stripe,SUCCESS,00,342,POS,New York,2024-12-18 13:02:18
43407,AuthorizeNet,SUCCESS,00,922,Desktop,New York,2024-12-18 13:44:24
43408,Square,SUCCESS,00,775,POS,New York,2024-12-18 14:06:41
43409,Square,SUCCESS,00,849,ATM,Chicago,2024-12-18 14:12:56
43410,PayPal,SUCCESS,00,631,Desktop,Los Angeles,2024-12-18 14:20:19
43411,AuthorizeNet,SUCCESS,00,674,Desktop,Chicago,2024-12-18 14:59:50
43412,AuthorizeNet,SUCCESS,00,189,Mobile,Los Angeles,2024-12-18 15:01:36
43413,PayPal,SUCCESS,00,968,Desktop,Chicago,2024-12-18 15:06:52
43414,Square,SUCCESS,00,1394,Mobile,Dallas,2024-12-18 16:34:46
43415,Stripe,SUCCESS,00,861,Desktop,Los Angeles,2024-12-18 17:30:52
43416,PayPal,FAILED,12,1277,POS,Dallas,2024-12-18 19:55:22
43417,PayPal,SUCCESS,00,1482,ATM,Los Angeles,2024-12-18 20:34:05
43418,PayPal,SUCCESS,00,1403,Mobile,New York,2024-12-18 21:53:33
43419,Stripe,SUCCESS,00,426,POS,Los Angeles,2024-12-18 22:16:13
43420,PayPal,SUCCESS,00,262,POS,Los Angeles,2024-12-18 22:41:43
43421,Stripe,SUCCESS,00,647,Desktop,Dallas,2024-12-18 22:43:54
43422,Stripe,SUCCESS,00,870,ATM,New York,2024-12-18 23:05:53
43423,Stripe,SUCCESS,00,1445,POS,Dallas,2024-12-19 00:56:57
43424,Stripe,FAILED,12,859,Desktop,Los Angeles,2024-12-19 01:00:45
43425,Stripe,SUCCESS,00,623,POS,Chicago,2024-12-19 02:10:13
43426,Stripe,FAILED,12,1174,POS,New York,2024-12-19 02:32:26
43427,Square,SUCCESS,00,878,Mobile,Los Angeles,2024-12-19 03:44:30
43428,PayPal,SUCCESS,00,1142,ATM,New York,2024-12-19 03:44:50
43429,Square,SUCCESS,00,463,Desktop,Los Angeles,2024-12-19 04:32:51
43430,AuthorizeNet,SUCCESS,00,832,Desktop,New York,2024-12-19 05:54:29
43431,Square,SUCCESS,00,776,Desktop,Chicago,2024-12-19 06:24:47
43432,Stripe,SUCCESS,00,400,Mobile,Chicago,2024-12-19 06:27:07
43433,Stripe,SUCCESS,00,992,ATM,Chicago,2024-12-19 07:16:10
43434,Stripe,SUCCESS,00,970,ATM,New York,2024-12-19 07:24:27
43435,PayPal,PENDING,99,1233,POS,Los Angeles,2024-12-19 07:43:14
43436,Square,SUCCESS,00,1158,ATM,New York,2024-12-19 09:18:48
43437,PayPal,SUCCESS,00,1007,Mobile,Dallas,2024-12-19 11:10:00
43438,Stripe,SUCCESS,00,1034,Desktop,Chicago,2024-12-19 11:16:23
43439,PayPal,SUCCESS,00,261,POS,Los Angeles,2024-12-19 11:39:54
43440,PayPal,SUCCESS,00,115,ATM,New York,2024-12-19 13:25:33
43441,Stripe,SUCCESS,00,188,Desktop,New York,2024-12-19 14:29:48
43442,AuthorizeNet,SUCCESS,00,1421,Desktop,Los Angeles,2024-12-19 14:30:54
43443,PayPal,SUCCESS,00,344,ATM,New York,2024-12-19 14:31:33
43444,Stripe,SUCCESS,00,1355,Desktop,Los Angeles,2024-12-19 15:01:44
43445,Stripe,SUCCESS,00,627,POS,Dallas,2024-12-19 15:30:21
43446,Square,SUCCESS,00,969,Mobile,New York,2024-12-19 15:52:03
43447,Stripe,SUCCESS,00,1186,Desktop,Chicago,2024-12-19 15:59:31
43448,Square,SUCCESS,00,617,Mobile,Los Angeles,2024-12-19 16:26:44
43449,Square,SUCCESS,00,558,Mobile,Dallas,2024-12-19 18:40:31
43450,PayPal,SUCCESS,00,1189,Desktop,New York,2024-12-19 19:33:29
43451,Stripe,SUCCESS,00,806,POS,Los Angeles,2024-12-19 20:08:18
43452,Square,SUCCESS,00,686,Mobile,Los Angeles,2024-12-19 20:45:53
43453,Stripe,SUCCESS,00,1214,Mobile,Chicago,2024-12-19 21:34:05
43454,AuthorizeNet,SUCCESS,00,708,ATM,New York,2024-12-19 22:55:54
43455,Square,SUCCESS,00,1077,POS,Dallas,2024-12-19 22:57:22
43456,Square,SUCCESS,00,1354,POS,Los Angeles,2024-12-19 23:25:11
43457,Square,SUCCESS,00,591,Desktop,New York,2024-12-20 00:13:21
43458,AuthorizeNet,SUCCESS,00,700,ATM,New York,2024-12-20 01:02:28
43459,Square,SUCCESS,00,1290,ATM,Dallas,2024-12-20 01:09:40
43460,PayPal,SUCCESS,00,284,ATM,Chicago,2024-12-20 01:24:39
43461,Stripe,SUCCESS,00,1309,Desktop,New York,2024-12-20 01:26:23
43462,PayPal,SUCCESS,00,499,POS,Chicago,2024-12-20 05:39:36
43463,PayPal,SUCCESS,00,967,Desktop,Dallas,2024-12-20 06:13:38
43464,PayPal,SUCCESS,00,856,Desktop,New York,2024-12-20 07:00:00
43465,PayPal,SUCCESS,00,1104,POS,Dallas,2024-12-20 07:06:32
43466,PayPal,SUCCESS,00,1113,ATM,Dallas,2024-12-20 07:10:46
43467,AuthorizeNet,SUCCESS,00,292,Mobile,New York,2024-12-20 08:23:43
43468,PayPal,SUCCESS,00,206,Desktop,New York,2024-12-20 08:26:03
43469,Stripe,SUCCESS,00,679,POS,Chicago,2024-12-20 08:49:03
43470,PayPal,SUCCESS,00,1102,Mobile,Los Angeles,2024-12-20 10:46:43
43471,Stripe,SUCCESS,00,769,Mobile,Chicago,2024-12-20 10:50:51
43472,Stripe,SUCCESS,00,917,Desktop,New York,2024-12-20 11:50:52
43473,Stripe,SUCCESS,00,139,Desktop,Dallas,2024-12-20 12:58:11
43474,AuthorizeNet,SUCCESS,00,875,Desktop,Chicago,2024-12-20 13:06:28
43475,AuthorizeNet,PENDING,99,690,Desktop,New York,2024-12-20 13:08:55
43476,AuthorizeNet,SUCCESS,00,1112,Desktop,New York,2024-12-20 14:34:30
43477,Stripe,SUCCESS,00,747,Desktop,Dallas,2024-12-20 14:39:22
43478,Square,SUCCESS,00,884,POS,New York,2024-12-20 15:10:40
43479,AuthorizeNet,SUCCESS,00,836,Desktop,Dallas,2024-12-20 15:20:32
43480,Stripe,SUCCESS,00,941,POS,Los Angeles,2024-12-20 16:07:26
43481,Square,SUCCESS,00,1007,POS,Chicago,2024-12-20 16:50:13
43482,Stripe,SUCCESS,00,1089,ATM,Los Angeles,2024-12-20 17:21:29
43483,PayPal,SUCCESS,00,1440,Mobile,Dallas,2024-12-20 18:09:47
43484,AuthorizeNet,SUCCESS,00,144,ATM,Chicago,2024-12-20 18:14:41
43485,AuthorizeNet,SUCCESS,00,1098,ATM,Dallas,2024-12-20 19:11:35
43486,Stripe,SUCCESS,00,327,Mobile,Chicago,2024-12-20 19:41:34
43487,Square,SUCCESS,00,629,POS,New York,2024-12-20 20:32:16
43488,Square,SUCCESS,00,931,Desktop,New York,2024-12-20 21:30:37
43489,Stripe,SUCCESS,00,476,Desktop,Chicago,2024-12-20 22:29:14
43490,AuthorizeNet,SUCCESS,00,885,ATM,New York,2024-12-20 23:24:16
43491,Square,SUCCESS,00,378,Mobile,Chicago,2024-12-21 00:10:43
43492,AuthorizeNet,SUCCESS,00,717,POS,Chicago,2024-12-21 01:40:42
43493,AuthorizeNet,SUCCESS,00,863,Mobile,Los Angeles,2024-12-21 02:48:14
43494,PayPal,SUCCESS,00,614,Mobile,Chicago,2024-12-21 03:26:16
43495,PayPal,SUCCESS,00,1436,POS,New York,2024-12-21 04:10:39
43496,AuthorizeNet,SUCCESS,00,258,ATM,Chicago,2024-12-21 05:21:01
43497,AuthorizeNet,SUCCESS,00,843,ATM,Chicago,2024-12-21 06:46:46
43498,Stripe,SUCCESS,00,909,Mobile,Chicago,2024-12-21 06:55:19
43499,Stripe,SUCCESS,00,729,Desktop,Dallas,2024-12-21 06:57:46
43500,PayPal,SUCCESS,00,832,ATM,Los Angeles,2024-12-21 07:04:56
43501,PayPal,SUCCESS,00,202,Mobile,Los Angeles,2024-12-21 07:38:55
43502,PayPal,SUCCESS,00,814,Desktop,Chicago,2024-12-21 07:48:53
43503,Square,SUCCESS,00,1058,Desktop,Los Angeles,2024-12-21 07:50:29
43504,Stripe,SUCCESS,00,916,POS,Los Angeles,2024-12-21 10:55:56
43505,PayPal,SUCCESS,00,731,Mobile,Dallas,2024-12-21 11:02:12
43506,Square,SUCCESS,00,649,Desktop,Dallas,2024-12-21 11:37:26
43507,PayPal,SUCCESS,00,260,Desktop,Dallas,2024-12-21 11:37:47
43508,PayPal,SUCCESS,00,655,POS,Los Angeles,2024-12-21 11:42:19
43509,AuthorizeNet,SUCCESS,00,702,POS,Los Angeles,2024-12-21 12:06:08
43510,Square,SUCCESS,00,748,POS,Chicago,2024-12-21 12:20:07
43511,PayPal,FAILED,05,788,POS,Dallas,2024-12-21 12:25:55
43512,PayPal,SUCCESS,00,623,POS,Los Angeles,2024-12-21 12:55:28
43513,Square,SUCCESS,00,525,Mobile,New York,2024-12-21 13:01:16
43514,AuthorizeNet,SUCCESS,00,115,Mobile,Dallas,2024-12-21 13:01:26
43515,AuthorizeNet,FAILED,05,818,POS,Dallas,2024-12-21 13:26:50
43516,Stripe,FAILED,12,643,ATM,Dallas,2024-12-21 13:30:34
43517,AuthorizeNet,SUCCESS,00,1063,Mobile,Los Angeles,2024-12-21 13:46:47
43518,Stripe,SUCCESS,00,246,POS,Chicago,2024-12-21 14:02:47
43519,PayPal,SUCCESS,00,417,ATM,New York,2024-12-21 14:52:43
43520,PayPal,SUCCESS,00,1164,Desktop,Los Angeles,2024-12-21 15:03:38
43521,Stripe,SUCCESS,00,928,Mobile,Chicago,2024-12-21 15:43:10
43522,PayPal,SUCCESS,00,672,ATM,New York,2024-12-21 17:46:51
43523,Square,SUCCESS,00,1469,ATM,Los Angeles,2024-12-21 17:55:21
43524,Stripe,SUCCESS,00,919,ATM,Chicago,2024-12-21 18:14:43
43525,AuthorizeNet,SUCCESS,00,261,ATM,Dallas,2024-12-21 18:15:34
43526,PayPal,FAILED,12,105,Desktop,New York,2024-12-21 18:33:35
43527,Square,SUCCESS,00,561,Mobile,Dallas,2024-12-21 18:38:58
43528,Square,SUCCESS,00,191,Desktop,Los Angeles,2024-12-21 20:20:43
43529,Stripe,SUCCESS,00,1081,Mobile,Chicago,2024-12-21 20:26:45
43530,Stripe,SUCCESS,00,913,ATM,Los Angeles,2024-12-21 20:43:57
43531,PayPal,SUCCESS,00,1129,POS,New York,2024-12-21 20:50:37
43532,Stripe,PENDING,99,264,Mobile,New York,2024-12-21 20:54:06
43533,Square,SUCCESS,00,418,POS,Los Angeles,2024-12-21 21:48:47
43534,Stripe,SUCCESS,00,363,ATM,Dallas,2024-12-21 22:36:11
43535,PayPal,SUCCESS,00,267,Mobile,Dallas,2024-12-21 22:37:41
43536,PayPal,SUCCESS,00,737,ATM,Dallas,2024-12-21 22:39:43
43537,Stripe,SUCCESS,00,263,POS,Dallas,2024-12-21 22:59:42
43538,Stripe,SUCCESS,00,231,POS,New York,2024-12-21 23:05:54
43539,PayPal,FAILED,05,604,Mobile,Los Angeles,2024-12-21 23:29:02
43540,PayPal,SUCCESS,00,493,ATM,Los Angeles,2024-12-22 00:02:10
43541,AuthorizeNet,SUCCESS,00,1454,Desktop,Los Angeles,2024-12-22 00:11:23
43542,PayPal,SUCCESS,00,1330,ATM,Dallas,2024-12-22 00:40:15
43543,AuthorizeNet,FAILED,05,801,ATM,Dallas,2024-12-22 02:30:53
43544,Stripe,FAILED,12,707,POS,Los Angeles,2024-12-22 02:51:13
43545,AuthorizeNet,SUCCESS,00,298,Desktop,Dallas,2024-12-22 03:34:33
43546,Square,SUCCESS,00,1134,ATM,Dallas,2024-12-22 06:03:49
43547,Stripe,SUCCESS,00,1031,POS,New York,2024-12-22 06:51:50
43548,AuthorizeNet,FAILED,12,922,Mobile,Chicago,2024-12-22 07:04:09
43549,Square,SUCCESS,00,900,Desktop,Los Angeles,2024-12-22 07:17:26
43550,AuthorizeNet,SUCCESS,00,1483,Mobile,Los Angeles,2024-12-22 07:57:35
43551,Square,SUCCESS,00,902,Mobile,Dallas,2024-12-22 08:58:17
43552,Stripe,SUCCESS,00,1218,Desktop,Dallas,2024-12-22 09:28:50
43553,PayPal,SUCCESS,00,650,POS,Los Angeles,2024-12-22 09:31:15
43554,AuthorizeNet,FAILED,12,1416,ATM,New York,2024-12-22 09:54:30
43555,Stripe,SUCCESS,00,594,POS,New York,2024-12-22 10:14:17
43556,Square,SUCCESS,00,909,Mobile,Dallas,2024-12-22 10:14:40
43557,Square,SUCCESS,00,1387,Desktop,Dallas,2024-12-22 10:45:23
43558,Square,SUCCESS,00,410,POS,Los Angeles,2024-12-22 11:39:01
43559,AuthorizeNet,SUCCESS,00,879,Mobile,Dallas,2024-12-22 13:50:17
43560,Square,SUCCESS,00,672,POS,Chicago,2024-12-22 13:51:50
43561,Square,SUCCESS,00,1261,Mobile,New York,2024-12-22 14:53:42
43562,AuthorizeNet,SUCCESS,00,753,Desktop,New York,2024-12-22 15:42:45
43563,PayPal,SUCCESS,00,433,Desktop,Los Angeles,2024-12-22 15:53:24
43564,Square,SUCCESS,00,800,Mobile,Los Angeles,2024-12-22 15:56:55
43565,Stripe,SUCCESS,00,704,ATM,New York,2024-12-22 16:01:50
43566,Stripe,SUCCESS,00,828,Desktop,Los Angeles,2024-12-22 16:09:15
43567,Stripe,SUCCESS,00,1204,Desktop,Chicago,2024-12-22 16:59:00
43568,Stripe,PENDING,99,1453,Mobile,Los Angeles,2024-12-22 16:59:14
43569,AuthorizeNet,SUCCESS,00,386,Desktop,New York,2024-12-22 17:26:42
43570,Square,SUCCESS,00,1431,Mobile,Chicago,2024-12-22 17:28:25
43571,AuthorizeNet,SUCCESS,00,674,ATM,Los Angeles,2024-12-22 19:52:44
43572,AuthorizeNet,SUCCESS,00,1206,Desktop,Los Angeles,2024-12-22 21:07:53
43573,Square,SUCCESS,00,1413,ATM,Los Angeles,2024-12-22 21:31:21
43574,Square,SUCCESS,00,855,POS,New York,2024-12-22 23:27:21
43575,Stripe,SUCCESS,00,979,Mobile,Chicago,2024-12-23 00:14:23
43576,PayPal,SUCCESS,00,121,POS,Los Angeles,2024-12-23 00:36:34
43577,Stripe,SUCCESS,00,1335,Desktop,Dallas,2024-12-23 01:36:30
43578,PayPal,SUCCESS,00,1180,POS,New York,2024-12-23 03:25:06
43579,AuthorizeNet,SUCCESS,00,199,Mobile,New York,2024-12-23 03:27:05
43580,Square,SUCCESS,00,1480,ATM,New York,2024-12-23 03:43:13
43581,Square,SUCCESS,00,1021,POS,Dallas,2024-12-23 03:43:23
43582,AuthorizeNet,SUCCESS,00,128,Mobile,Chicago,2024-12-23 03:54:42
43583,PayPal,SUCCESS,00,1293,ATM,New York,2024-12-23 04:39:37
43584,Stripe,SUCCESS,00,676,POS,Chicago,2024-12-23 05:27:50
43585,Square,SUCCESS,00,1167,Mobile,Chicago,2024-12-23 05:40:40
43586,PayPal,PENDING,99,455,POS,Chicago,2024-12-23 06:09:50
43587,Square,SUCCESS,00,1428,ATM,Dallas,2024-12-23 07:15:08
43588,AuthorizeNet,SUCCESS,00,734,Mobile,Dallas,2024-12-23 07:18:25
43589,PayPal,SUCCESS,00,122,ATM,New York,2024-12-23 07:28:28
43590,Square,SUCCESS,00,1377,Mobile,Dallas,2024-12-23 07:35:19
43591,PayPal,SUCCESS,00,522,Desktop,Chicago,2024-12-23 07:42:00
43592,Stripe,SUCCESS,00,176,ATM,Los Angeles,2024-12-23 07:45:48
43593,AuthorizeNet,FAILED,05,454,Desktop,Chicago,2024-12-23 08:19:52
43594,Stripe,SUCCESS,00,1342,Desktop,Dallas,2024-12-23 09:01:57
43595,Stripe,SUCCESS,00,1347,Mobile,Chicago,2024-12-23 10:16:56
43596,Stripe,SUCCESS,00,362,Desktop,Dallas,2024-12-23 10:42:43
43597,Square,SUCCESS,00,1110,Mobile,Los Angeles,2024-12-23 10:47:58
43598,PayPal,SUCCESS,00,1465,ATM,Dallas,2024-12-23 11:56:05
43599,PayPal,SUCCESS,00,1433,Mobile,New York,2024-12-23 12:55:00
43600,Square,FAILED,12,838,Mobile,New York,2024-12-23 13:01:11
43601,AuthorizeNet,SUCCESS,00,336,POS,Los Angeles,2024-12-23 13:27:15
43602,Square,SUCCESS,00,867,ATM,Los Angeles,2024-12-23 13:58:09
43603,Stripe,FAILED,05,882,ATM,Chicago,2024-12-23 14:05:02
43604,PayPal,SUCCESS,00,146,Desktop,Dallas,2024-12-23 18:46:05
43605,Square,SUCCESS,00,495,ATM,Chicago,2024-12-23 20:52:38
43606,Stripe,SUCCESS,00,1102,ATM,Los Angeles,2024-12-23 22:36:05
43607,Stripe,SUCCESS,00,443,ATM,Chicago,2024-12-24 00:54:53
43608,Square,FAILED,12,616,ATM,Chicago,2024-12-24 01:29:57
43609,Stripe,SUCCESS,00,1432,Mobile,Dallas,2024-12-24 02:45:47
43610,Square,SUCCESS,00,1453,Desktop,Chicago,2024-12-24 02:53:58
43611,Stripe,SUCCESS,00,959,Desktop,Los Angeles,2024-12-24 03:06:35
43612,Stripe,SUCCESS,00,573,Mobile,Chicago,2024-12-24 04:09:55
43613,AuthorizeNet,FAILED,05,1404,Mobile,Chicago,2024-12-24 04:28:13
43614,PayPal,SUCCESS,00,332,POS,Chicago,2024-12-24 05:54:32
43615,AuthorizeNet,SUCCESS,00,1142,Desktop,Dallas,2024-12-24 05:57:02
43616,Square,SUCCESS,00,1292,POS,Dallas,2024-12-24 06:57:30
43617,Square,SUCCESS,00,581,Desktop,New York,2024-12-24 08:49:30
43618,Square,FAILED,12,989,Mobile,Dallas,2024-12-24 09:07:43
43619,AuthorizeNet,FAILED,05,1358,POS,New York,2024-12-24 09:08:56
43620,Stripe,FAILED,12,784,POS,Chicago,2024-12-24 09:47:54
43621,Square,SUCCESS,00,971,Mobile,Dallas,2024-12-24 10:19:00
43622,AuthorizeNet,SUCCESS,00,993,Mobile,Los Angeles,2024-12-24 10:54:24
43623,Square,FAILED,05,907,Desktop,Chicago,2024-12-24 11:05:11
43624,Stripe,SUCCESS,00,1359,ATM,Dallas,2024-12-24 11:14:23
43625,Square,SUCCESS,00,578,POS,New York,2024-12-24 12:01:41
43626,AuthorizeNet,SUCCESS,00,114,POS,Chicago,2024-12-24 13:11:08
43627,Square,SUCCESS,00,1304,ATM,Los Angeles,2024-12-24 13:22:33
43628,Stripe,SUCCESS,00,883,ATM,Chicago,2024-12-24 14:19:32
43629,PayPal,SUCCESS,00,266,ATM,New York,2024-12-24 15:13:47
43630,Stripe,SUCCESS,00,117,POS,Dallas,2024-12-24 16:04:49
43631,PayPal,FAILED,05,1159,ATM,New York,2024-12-24 16:42:00
43632,AuthorizeNet,SUCCESS,00,463,Desktop,Dallas,2024-12-24 17:22:09
43633,Square,SUCCESS,00,677,POS,New York,2024-12-24 17:23:01
43634,AuthorizeNet,FAILED,12,104,Desktop,New York,2024-12-24 17:36:06
43635,Square,SUCCESS,00,1341,ATM,Dallas,2024-12-24 17:37:21
43636,PayPal,SUCCESS,00,802,Desktop,New York,2024-12-24 18:06:14
43637,Square,SUCCESS,00,162,POS,Dallas,2024-12-24 18:11:23
43638,AuthorizeNet,FAILED,12,250,POS,Dallas,2024-12-24 18:21:18
43639,Square,SUCCESS,00,510,POS,New York,2024-12-24 18:31:51
43640,AuthorizeNet,SUCCESS,00,253,Desktop,Los Angeles,2024-12-24 19:21:17
43641,PayPal,SUCCESS,00,853,Mobile,Dallas,2024-12-24 20:40:49
43642,AuthorizeNet,SUCCESS,00,797,Desktop,Los Angeles,2024-12-24 23:02:48
43643,Stripe,SUCCESS,00,1017,Desktop,Los Angeles,2024-12-24 23:45:22
43644,Square,PENDING,99,920,POS,Dallas,2024-12-25 00:15:22
43645,AuthorizeNet,SUCCESS,00,1406,Desktop,Los Angeles,2024-12-25 00:20:35
43646,PayPal,SUCCESS,00,275,Desktop,Los Angeles,2024-12-25 00:57:53
43647,Square,SUCCESS,00,670,Desktop,New York,2024-12-25 01:10:11
43648,PayPal,SUCCESS,00,1296,Mobile,Los Angeles,2024-12-25 01:40:21
43649,PayPal,SUCCESS,00,462,Mobile,New York,2024-12-25 01:56:41
43650,PayPal,FAILED,12,425,Mobile,Chicago,2024-12-25 02:10:13
43651,Square,SUCCESS,00,604,Mobile,Chicago,2024-12-25 03:29:55
43652,PayPal,SUCCESS,00,420,Desktop,Los Angeles,2024-12-25 03:38:31
43653,Stripe,SUCCESS,00,192,ATM,Los Angeles,2024-12-25 04:15:39
43654,Stripe,SUCCESS,00,1095,POS,New York,2024-12-25 04:40:18
43655,PayPal,SUCCESS,00,1134,Mobile,New York,2024-12-25 04:47:51
43656,Square,SUCCESS,00,448,Mobile,Chicago,2024-12-25 06:46:43
43657,AuthorizeNet,SUCCESS,00,787,Mobile,New York,2024-12-25 07:32:28
43658,Stripe,SUCCESS,00,1483,Mobile,Chicago,2024-12-25 07:35:39
43659,Square,PENDING,99,1470,POS,Chicago,2024-12-25 09:14:34
43660,AuthorizeNet,SUCCESS,00,248,Desktop,New York,2024-12-25 09:15:48
43661,Square,SUCCESS,00,1044,POS,Dallas,2024-12-25 12:40:04
43662,AuthorizeNet,SUCCESS,00,1196,POS,Dallas,2024-12-25 14:39:25
43663,AuthorizeNet,SUCCESS,00,266,ATM,Los Angeles,2024-12-25 15:13:24
43664,Square,SUCCESS,00,207,Mobile,Dallas,2024-12-25 15:15:35
43665,Stripe,SUCCESS,00,847,POS,Chicago,2024-12-25 15:39:21
43666,AuthorizeNet,SUCCESS,00,333,Desktop,Chicago,2024-12-25 15:50:39
43667,Square,FAILED,05,217,Mobile,Dallas,2024-12-25 16:04:56
43668,PayPal,SUCCESS,00,802,POS,Chicago,2024-12-25 17:56:42
43669,Stripe,SUCCESS,00,517,Desktop,Chicago,2024-12-25 18:39:11
43670,Square,SUCCESS,00,346,POS,Dallas,2024-12-25 20:38:51
43671,Stripe,SUCCESS,00,847,ATM,New York,2024-12-25 21:23:43
43672,Square,SUCCESS,00,737,POS,New York,2024-12-25 21:48:34
43673,Square,SUCCESS,00,412,Desktop,Dallas,2024-12-25 22:21:38
43674,Square,SUCCESS,00,545,ATM,Dallas,2024-12-25 23:38:40
43675,Square,SUCCESS,00,1370,Desktop,Los Angeles,2024-12-26 01:36:53
43676,Square,SUCCESS,00,841,ATM,New York,2024-12-26 01:45:06
43677,Stripe,FAILED,05,429,Desktop,Dallas,2024-12-26 02:41:00
43678,Square,SUCCESS,00,358,POS,New York,2024-12-26 03:00:09
43679,Square,SUCCESS,00,571,Mobile,Dallas,2024-12-26 03:59:29
43680,Square,SUCCESS,00,307,POS,Los Angeles,2024-12-26 04:04:16
43681,Square,SUCCESS,00,134,ATM,New York,2024-12-26 04:40:32
43682,PayPal,FAILED,12,574,POS,New York,2024-12-26 04:43:13
43683,Stripe,FAILED,05,326,ATM,Los Angeles,2024-12-26 04:56:39
43684,Stripe,SUCCESS,00,655,Mobile,Los Angeles,2024-12-26 05:07:17
43685,Square,SUCCESS,00,760,POS,Chicago,2024-12-26 06:09:28
43686,Square,SUCCESS,00,261,Desktop,Los Angeles,2024-12-26 08:12:11
43687,Square,SUCCESS,00,808,Desktop,Los Angeles,2024-12-26 08:38:16
43688,Stripe,SUCCESS,00,626,Mobile,Chicago,2024-12-26 10:14:45
43689,AuthorizeNet,SUCCESS,00,164,Desktop,New York,2024-12-26 10:17:54
43690,Square,SUCCESS,00,483,Desktop,Los Angeles,2024-12-26 11:00:09
43691,Square,SUCCESS,00,1004,Mobile,New York,2024-12-26 11:16:12
43692,AuthorizeNet,SUCCESS,00,507,Mobile,New York,2024-12-26 12:59:40
43693,PayPal,SUCCESS,00,656,Desktop,Dallas,2024-12-26 13:06:51
43694,PayPal,SUCCESS,00,855,ATM,Los Angeles,2024-12-26 13:26:17
43695,Square,SUCCESS,00,1100,POS,Chicago,2024-12-26 13:37:22
43696,PayPal,FAILED,12,316,Desktop,Chicago,2024-12-26 13:57:24
43697,Square,SUCCESS,00,497,POS,Dallas,2024-12-26 14:12:42
43698,PayPal,SUCCESS,00,1032,POS,Los Angeles,2024-12-26 14:36:52
43699,Square,SUCCESS,00,406,ATM,Los Angeles,2024-12-26 15:38:34
43700,AuthorizeNet,FAILED,12,154,ATM,New York,2024-12-26 16:23:07
43701,AuthorizeNet,SUCCESS,00,363,ATM,Chicago,2024-12-26 16:25:02
43702,PayPal,FAILED,12,636,Mobile,New York,2024-12-26 16:40:46
43703,AuthorizeNet,SUCCESS,00,1369,Desktop,New York,2024-12-26 16:42:10
43704,PayPal,SUCCESS,00,1379,POS,Chicago,2024-12-26 16:42:29
43705,AuthorizeNet,SUCCESS,00,656,POS,Dallas,2024-12-26 17:06:23
43706,Square,PENDING,99,980,Mobile,New York,2024-12-26 17:12:01
43707,Stripe,SUCCESS,00,1404,Desktop,Dallas,2024-12-26 18:10:13
43708,AuthorizeNet,SUCCESS,00,1442,ATM,Dallas,2024-12-26 18:47:47
43709,Stripe,SUCCESS,00,1126,POS,Dallas,2024-12-26 19:19:08
43710,AuthorizeNet,SUCCESS,00,1019,Desktop,Chicago,2024-12-26 19:27:59
43711,Square,SUCCESS,00,1261,Desktop,Chicago,2024-12-26 20:58:20
43712,PayPal,PENDING,99,363,Desktop,New York,2024-12-26 22:08:11
43713,AuthorizeNet,SUCCESS,00,1078,Desktop,Chicago,2024-12-27 01:06:15
43714,PayPal,SUCCESS,00,1210,ATM,Los Angeles,2024-12-27 02:24:33
43715,Stripe,SUCCESS,00,1381,ATM,Los Angeles,2024-12-27 03:26:00
43716,AuthorizeNet,FAILED,12,877,ATM,New York,2024-12-27 03:27:54
43717,PayPal,SUCCESS,00,147,Mobile,Los Angeles,2024-12-27 04:30:04
43718,AuthorizeNet,SUCCESS,00,1324,Mobile,Chicago,2024-12-27 04:53:31
43719,AuthorizeNet,SUCCESS,00,597,Mobile,New York,2024-12-27 05:06:18
43720,PayPal,SUCCESS,00,944,Mobile,Chicago,2024-12-27 05:07:58
43721,PayPal,SUCCESS,00,649,POS,Dallas,2024-12-27 05:44:42
43722,AuthorizeNet,SUCCESS,00,1158,Desktop,Los Angeles,2024-12-27 07:53:22
43723,AuthorizeNet,SUCCESS,00,1242,Desktop,Los Angeles,2024-12-27 08:13:37
43724,PayPal,SUCCESS,00,1161,Mobile,New York,2024-12-27 09:40:50
43725,Stripe,SUCCESS,00,248,Desktop,New York,2024-12-27 09:45:02
43726,Stripe,SUCCESS,00,488,ATM,Dallas,2024-12-27 11:10:54
43727,Square,SUCCESS,00,1099,Mobile,Los Angeles,2024-12-27 12:16:03
43728,Stripe,SUCCESS,00,1079,POS,Chicago,2024-12-27 12:16:29
43729,Stripe,SUCCESS,00,652,Desktop,Dallas,2024-12-27 13:25:53
43730,PayPal,SUCCESS,00,1480,ATM,Dallas,2024-12-27 13:51:24
43731,PayPal,SUCCESS,00,229,Mobile,Los Angeles,2024-12-27 14:29:04
43732,Stripe,SUCCESS,00,934,Mobile,Chicago,2024-12-27 14:56:10
43733,AuthorizeNet,SUCCESS,00,1440,ATM,Dallas,2024-12-27 15:02:32
43734,Stripe,SUCCESS,00,767,Mobile,Dallas,2024-12-27 15:05:00
43735,AuthorizeNet,FAILED,05,118,Desktop,New York,2024-12-27 16:36:55
43736,Stripe,SUCCESS,00,320,Mobile,Los Angeles,2024-12-27 16:50:23
43737,Square,SUCCESS,00,1384,Desktop,New York,2024-12-27 16:53:56
43738,PayPal,SUCCESS,00,1404,ATM,Dallas,2024-12-27 19:43:52
43739,AuthorizeNet,SUCCESS,00,1109,POS,Los Angeles,2024-12-27 21:42:43
43740,PayPal,SUCCESS,00,1062,Desktop,Chicago,2024-12-27 22:49:01
43741,Stripe,SUCCESS,00,867,Mobile,New York,2024-12-27 23:49:33
43742,PayPal,SUCCESS,00,1192,ATM,New York,2024-12-27 23:50:51
43743,PayPal,SUCCESS,00,410,Desktop,Los Angeles,2024-12-27 23:53:01
43744,Square,SUCCESS,00,939,POS,New York,2024-12-28 00:09:40
43745,Square,SUCCESS,00,806,POS,Dallas,2024-12-28 00:37:29
43746,Square,SUCCESS,00,313,POS,New York,2024-12-28 00:40:09
43747,Square,SUCCESS,00,1142,Desktop,Chicago,2024-12-28 01:35:20
43748,AuthorizeNet,SUCCESS,00,334,ATM,Dallas,2024-12-28 01:48:34
43749,Stripe,SUCCESS,00,1044,ATM,Los Angeles,2024-12-28 02:06:59
43750,PayPal,SUCCESS,00,503,Desktop,Los Angeles,2024-12-28 02:34:45
43751,PayPal,SUCCESS,00,1400,ATM,Dallas,2024-12-28 03:23:57
43752,Square,SUCCESS,00,255,Mobile,Los Angeles,2024-12-28 03:35:41
43753,AuthorizeNet,SUCCESS,00,566,Desktop,Dallas,2024-12-28 04:37:52
43754,AuthorizeNet,SUCCESS,00,726,Desktop,Los Angeles,2024-12-28 04:58:12
43755,AuthorizeNet,SUCCESS,00,1116,Mobile,New York,2024-12-28 05:21:38
43756,PayPal,SUCCESS,00,1226,Desktop,Chicago,2024-12-28 06:27:50
43757,PayPal,SUCCESS,00,121,Mobile,New York,2024-12-28 07:35:41
43758,PayPal,SUCCESS,00,1057,Desktop,New York,2024-12-28 07:46:13
43759,AuthorizeNet,SUCCESS,00,1149,Mobile,Los Angeles,2024-12-28 08:10:13
43760,Stripe,SUCCESS,00,559,Mobile,Chicago,2024-12-28 08:35:20
43761,Stripe,SUCCESS,00,312,Desktop,New York,2024-12-28 11:08:07
43762,Stripe,SUCCESS,00,1040,Desktop,Los Angeles,2024-12-28 11:45:07
43763,Square,SUCCESS,00,677,Desktop,Dallas,2024-12-28 11:50:16
43764,Square,SUCCESS,00,909,ATM,Los Angeles,2024-12-28 12:12:19
43765,Stripe,SUCCESS,00,769,ATM,Chicago,2024-12-28 12:12:38
43766,Stripe,SUCCESS,00,168,ATM,Los Angeles,2024-12-28 12:40:39
43767,AuthorizeNet,SUCCESS,00,602,Mobile,Chicago,2024-12-28 13:51:10
43768,Square,SUCCESS,00,747,ATM,Chicago,2024-12-28 13:54:22
43769,Stripe,FAILED,05,1099,Desktop,New York,2024-12-28 14:01:45
43770,PayPal,SUCCESS,00,335,Desktop,Chicago,2024-12-28 14:27:09
43771,PayPal,SUCCESS,00,134,Mobile,Chicago,2024-12-28 14:52:58
43772,Stripe,SUCCESS,00,417,Mobile,Dallas,2024-12-28 15:28:12
43773,AuthorizeNet,SUCCESS,00,967,Desktop,Dallas,2024-12-28 15:42:37
43774,Square,SUCCESS,00,1080,Desktop,Chicago,2024-12-28 16:08:23
43775,Square,SUCCESS,00,1087,ATM,Dallas,2024-12-28 16:29:04
43776,PayPal,SUCCESS,00,875,Mobile,Chicago,2024-12-28 16:44:31
43777,Stripe,SUCCESS,00,963,POS,New York,2024-12-28 17:48:59
43778,PayPal,SUCCESS,00,549,Desktop,New York,2024-12-28 18:24:00
43779,Stripe,SUCCESS,00,1068,POS,Dallas,2024-12-28 19:37:38
43780,PayPal,SUCCESS,00,901,Desktop,Los Angeles,2024-12-28 19:40:09
43781,Square,SUCCESS,00,1004,Desktop,Los Angeles,2024-12-28 19:52:30
43782,Square,SUCCESS,00,876,ATM,New York,2024-12-28 20:20:27
43783,Stripe,SUCCESS,00,823,ATM,Chicago,2024-12-28 20:24:31
43784,AuthorizeNet,SUCCESS,00,239,Mobile,Dallas,2024-12-28 20:41:56
43785,Square,SUCCESS,00,784,POS,Dallas,2024-12-28 20:55:55
43786,Stripe,FAILED,12,229,ATM,New York,2024-12-28 21:30:29
43787,AuthorizeNet,FAILED,05,163,ATM,Los Angeles,2024-12-28 21:51:32
43788,AuthorizeNet,SUCCESS,00,720,Mobile,Los Angeles,2024-12-28 23:20:59
43789,Square,SUCCESS,00,231,POS,Chicago,2024-12-28 23:29:15
43790,Square,SUCCESS,00,1407,Desktop,Chicago,2024-12-28 23:56:08
43791,Stripe,SUCCESS,00,1079,Desktop,Los Angeles,2024-12-29 00:07:27
43792,Stripe,SUCCESS,00,574,ATM,Chicago,2024-12-29 00:26:45
43793,PayPal,SUCCESS,00,869,POS,New York,2024-12-29 00:30:10
43794,Stripe,PENDING,99,404,ATM,Dallas,2024-12-29 00:36:17
43795,Square,SUCCESS,00,380,ATM,New York,2024-12-29 01:52:07
43796,PayPal,SUCCESS,00,1449,Mobile,Chicago,2024-12-29 01:53:43
43797,PayPal,SUCCESS,00,410,Desktop,Los Angeles,2024-12-29 02:07:49
43798,AuthorizeNet,SUCCESS,00,281,POS,Chicago,2024-12-29 03:06:21
43799,PayPal,SUCCESS,00,925,ATM,Los Angeles,2024-12-29 03:47:49
43800,AuthorizeNet,SUCCESS,00,614,Mobile,New York,2024-12-29 03:59:06
43801,Square,SUCCESS,00,923,POS,Los Angeles,2024-12-29 04:12:21
43802,Stripe,SUCCESS,00,259,ATM,New York,2024-12-29 04:22:35
43803,Stripe,SUCCESS,00,1420,Desktop,Los Angeles,2024-12-29 04:23:58
43804,AuthorizeNet,SUCCESS,00,1451,ATM,New York,2024-12-29 05:18:15
43805,AuthorizeNet,SUCCESS,00,412,ATM,Chicago,2024-12-29 05:35:27
43806,PayPal,FAILED,12,156,Desktop,Dallas,2024-12-29 07:12:17
43807,Square,PENDING,99,1069,Mobile,Dallas,2024-12-29 07:13:54
43808,AuthorizeNet,SUCCESS,00,1020,ATM,Los Angeles,2024-12-29 08:52:11
43809,Stripe,SUCCESS,00,212,POS,Chicago,2024-12-29 10:57:23
43810,PayPal,SUCCESS,00,521,Desktop,Dallas,2024-12-29 11:52:30
43811,Square,SUCCESS,00,232,POS,Los Angeles,2024-12-29 12:07:29
43812,AuthorizeNet,FAILED,12,1343,Desktop,New York,2024-12-29 12:55:26
43813,Square,SUCCESS,00,668,POS,Los Angeles,2024-12-29 13:36:29
43814,Stripe,SUCCESS,00,419,ATM,Chicago,2024-12-29 13:38:37
43815,Square,FAILED,05,294,Desktop,Los Angeles,2024-12-29 13:53:26
43816,PayPal,SUCCESS,00,1470,POS,New York,2024-12-29 16:58:04
43817,Stripe,FAILED,05,1413,ATM,Los Angeles,2024-12-29 18:54:30
43818,Square,SUCCESS,00,733,Desktop,New York,2024-12-29 19:28:39
43819,Stripe,SUCCESS,00,1178,Mobile,New York,2024-12-29 20:25:14
43820,Square,SUCCESS,00,595,POS,Chicago,2024-12-29 21:13:23
43821,AuthorizeNet,SUCCESS,00,154,Mobile,Los Angeles,2024-12-29 21:15:34
43822,PayPal,SUCCESS,00,743,ATM,Los Angeles,2024-12-29 21:58:51
43823,PayPal,SUCCESS,00,976,ATM,Chicago,2024-12-29 22:26:43
43824,Square,SUCCESS,00,202,Mobile,Los Angeles,2024-12-29 22:58:10
43825,PayPal,FAILED,05,899,ATM,Dallas,2024-12-29 23:26:32
43826,Square,FAILED,12,1293,ATM,New York,2024-12-29 23:50:05
43827,PayPal,SUCCESS,00,830,Desktop,Los Angeles,2024-12-29 23:59:06
43828,Stripe,SUCCESS,00,643,Mobile,Chicago,2024-12-30 00:02:07
43829,Square,SUCCESS,00,1026,Mobile,Dallas,2024-12-30 00:04:31
43830,Stripe,FAILED,12,942,POS,Chicago,2024-12-30 01:25:30
43831,PayPal,FAILED,05,900,POS,Los Angeles,2024-12-30 02:05:59
43832,Square,FAILED,12,616,ATM,New York,2024-12-30 03:31:10
43833,Square,SUCCESS,00,337,POS,Chicago,2024-12-30 03:34:43
43834,AuthorizeNet,SUCCESS,00,109,Desktop,Dallas,2024-12-30 04:52:49
43835,Square,SUCCESS,00,1102,Mobile,New York,2024-12-30 05:33:36
43836,Stripe,SUCCESS,00,1039,Mobile,Chicago,2024-12-30 05:39:58
43837,Square,SUCCESS,00,823,Mobile,New York,2024-12-30 06:17:29
43838,AuthorizeNet,SUCCESS,00,596,POS,Los Angeles,2024-12-30 06:22:30
43839,Stripe,SUCCESS,00,1083,POS,New York,2024-12-30 07:36:02
43840,Stripe,SUCCESS,00,105,ATM,Los Angeles,2024-12-30 09:05:00
43841,PayPal,SUCCESS,00,444,Mobile,Dallas,2024-12-30 10:28:29
43842,PayPal,FAILED,12,1322,Desktop,Dallas,2024-12-30 11:02:58
43843,PayPal,SUCCESS,00,608,ATM,Los Angeles,2024-12-30 11:38:14
43844,Stripe,SUCCESS,00,759,Mobile,Los Angeles,2024-12-30 11:51:42
43845,Square,SUCCESS,00,297,POS,New York,2024-12-30 11:54:26
43846,Stripe,SUCCESS,00,886,POS,Chicago,2024-12-30 11:58:15
43847,Square,SUCCESS,00,1482,Mobile,Dallas,2024-12-30 12:03:06
43848,AuthorizeNet,SUCCESS,00,1107,Desktop,Dallas,2024-12-30 12:14:59
43849,AuthorizeNet,SUCCESS,00,980,ATM,New York,2024-12-30 12:40:17
43850,Stripe,SUCCESS,00,1486,Desktop,Chicago,2024-12-30 14:04:00
43851,AuthorizeNet,SUCCESS,00,420,ATM,Los Angeles,2024-12-30 14:41:55
43852,Square,SUCCESS,00,1477,ATM,New York,2024-12-30 15:04:28
43853,AuthorizeNet,SUCCESS,00,1067,POS,New York,2024-12-30 15:23:30
43854,Stripe,SUCCESS,00,279,Desktop,New York,2024-12-30 15:56:50
43855,Stripe,SUCCESS,00,1434,ATM,New York,2024-12-30 16:28:20
43856,PayPal,SUCCESS,00,1480,POS,Dallas,2024-12-30 16:34:06
43857,Stripe,SUCCESS,00,1485,Mobile,Chicago,2024-12-30 17:51:53
43858,Square,SUCCESS,00,1197,Mobile,Chicago,2024-12-30 18:34:01
43859,PayPal,SUCCESS,00,332,Mobile,Dallas,2024-12-30 18:36:08
43860,Stripe,SUCCESS,00,1272,ATM,Los Angeles,2024-12-30 19:12:16
43861,AuthorizeNet,SUCCESS,00,1147,ATM,Dallas,2024-12-30 20:08:38
43862,PayPal,SUCCESS,00,539,Mobile,New York,2024-12-30 21:15:11
43863,Stripe,SUCCESS,00,1265,ATM,Chicago,2024-12-30 21:46:55
43864,PayPal,SUCCESS,00,334,Desktop,New York,2024-12-30 21:47:58
43865,AuthorizeNet,SUCCESS,00,244,Mobile,Chicago,2024-12-30 22:01:07
43866,Square,FAILED,12,149,Mobile,Los Angeles,2024-12-30 23:35:27
43867,Stripe,SUCCESS,00,330,ATM,New York,2024-12-31 00:12:12
43868,PayPal,SUCCESS,00,795,POS,Dallas,2024-12-31 02:08:29
43869,PayPal,SUCCESS,00,1221,Desktop,Chicago,2024-12-31 04:19:54
43870,AuthorizeNet,PENDING,99,749,Mobile,Los Angeles,2024-12-31 05:40:54
43871,AuthorizeNet,FAILED,05,1351,ATM,Dallas,2024-12-31 07:11:09
43872,AuthorizeNet,SUCCESS,00,1286,Mobile,Dallas,2024-12-31 09:00:30
43873,AuthorizeNet,SUCCESS,00,597,POS,New York,2024-12-31 09:29:47
43874,Stripe,SUCCESS,00,1482,Desktop,Los Angeles,2024-12-31 09:45:02
43875,Stripe,SUCCESS,00,581,Mobile,Dallas,2024-12-31 09:47:09
43876,PayPal,SUCCESS,00,1472,POS,Dallas,2024-12-31 12:03:36
43877,Stripe,SUCCESS,00,375,POS,Dallas,2024-12-31 13:36:49
43878,Stripe,SUCCESS,00,508,POS,New York,2024-12-31 13:50:58
43879,PayPal,SUCCESS,00,1158,Mobile,Los Angeles,2024-12-31 15:08:59
43880,PayPal,SUCCESS,00,777,POS,Chicago,2024-12-31 15:13:02
43881,Square,SUCCESS,00,1075,Mobile,Los Angeles,2024-12-31 15:40:46
43882,Stripe,SUCCESS,00,399,POS,Dallas,2024-12-31 16:29:24
43883,Stripe,SUCCESS,00,943,POS,New York,2024-12-31 16:32:16
43884,Stripe,SUCCESS,00,251,Desktop,Chicago,2024-12-31 17:30:43
43885,Square,SUCCESS,00,707,POS,Los Angeles,2024-12-31 19:26:49
43886,Stripe,SUCCESS,00,1456,Desktop,Chicago,2024-12-31 20:16:52
43887,Stripe,SUCCESS,00,980,Mobile,Los Angeles,2024-12-31 21:37:37
43888,Stripe,SUCCESS,00,1064,Desktop,New York,2024-12-31 22:07:52
43889,Stripe,SUCCESS,00,180,Desktop,Dallas,2024-12-31 22:08:38
43890,PayPal,FAILED,12,414,Mobile,Los Angeles,2024-12-31 22:43:56
43891,Stripe,SUCCESS,00,334,ATM,Los Angeles,2024-12-31 23:02:34
43892,AuthorizeNet,SUCCESS,00,119,POS,New York,2025-01-01 00:03:35
43893,Stripe,SUCCESS,00,965,POS,New York,2025-01-01 00:11:53
43894,Stripe,SUCCESS,00,511,Mobile,Dallas,2025-01-01 00:17:34
43895,AuthorizeNet,SUCCESS,00,778,ATM,New York,2025-01-01 01:05:54
43896,Stripe,SUCCESS,00,1210,ATM,New York,2025-01-01 01:33:26
43897,Square,SUCCESS,00,1276,POS,Dallas,2025-01-01 02:01:58
43898,AuthorizeNet,SUCCESS,00,746,Mobile,Chicago,2025-01-01 02:04:33
43899,Square,SUCCESS,00,1421,Desktop,Dallas,2025-01-01 02:06:18
43900,Square,PENDING,99,339,Mobile,Dallas,2025-01-01 02:37:15
43901,PayPal,FAILED,05,1190,POS,Chicago,2025-01-01 02:40:13
43902,AuthorizeNet,SUCCESS,00,573,Mobile,Chicago,2025-01-01 02:43:00
43903,Stripe,SUCCESS,00,928,POS,Dallas,2025-01-01 02:47:35
43904,AuthorizeNet,SUCCESS,00,913,POS,New York,2025-01-01 03:10:56
43905,Square,SUCCESS,00,357,POS,New York,2025-01-01 04:01:01
43906,Stripe,SUCCESS,00,1493,Mobile,Chicago,2025-01-01 04:12:21
43907,PayPal,FAILED,05,1488,ATM,New York,2025-01-01 04:16:07
43908,Square,FAILED,12,456,POS,Dallas,2025-01-01 06:13:24
43909,AuthorizeNet,SUCCESS,00,596,POS,New York,2025-01-01 06:23:33
43910,Square,SUCCESS,00,1466,Mobile,Chicago,2025-01-01 07:16:28
43911,AuthorizeNet,SUCCESS,00,786,Mobile,Chicago,2025-01-01 07:39:23
43912,PayPal,SUCCESS,00,1391,Desktop,New York,2025-01-01 07:50:09
43913,AuthorizeNet,SUCCESS,00,1326,ATM,New York,2025-01-01 07:53:15
43914,PayPal,SUCCESS,00,904,Desktop,Chicago,2025-01-01 08:01:46
43915,PayPal,SUCCESS,00,458,POS,Dallas,2025-01-01 09:45:30
43916,PayPal,SUCCESS,00,107,POS,Dallas,2025-01-01 10:08:34
43917,Stripe,SUCCESS,00,353,ATM,Los Angeles,2025-01-01 10:17:17
43918,Square,SUCCESS,00,1348,POS,Los Angeles,2025-01-01 10:45:35
43919,Stripe,SUCCESS,00,765,Desktop,Dallas,2025-01-01 11:17:04
43920,Stripe,SUCCESS,00,764,POS,Los Angeles,2025-01-01 14:49:23
43921,PayPal,SUCCESS,00,119,Desktop,New York,2025-01-01 15:26:44
43922,PayPal,SUCCESS,00,801,Desktop,Dallas,2025-01-01 15:30:44
43923,Square,SUCCESS,00,523,ATM,Dallas,2025-01-01 16:19:14
43924,PayPal,SUCCESS,00,393,Desktop,Chicago,2025-01-01 17:13:20
43925,PayPal,SUCCESS,00,980,Desktop,Los Angeles,2025-01-01 17:40:47
43926,AuthorizeNet,SUCCESS,00,362,Mobile,Chicago,2025-01-01 18:29:34
43927,AuthorizeNet,SUCCESS,00,1438,ATM,Dallas,2025-01-01 18:31:47
43928,AuthorizeNet,SUCCESS,00,1178,Mobile,New York,2025-01-01 19:26:08
43929,AuthorizeNet,SUCCESS,00,844,ATM,Los Angeles,2025-01-01 20:08:18
43930,Square,SUCCESS,00,796,POS,Chicago,2025-01-01 20:13:55
43931,AuthorizeNet,SUCCESS,00,1312,POS,Chicago,2025-01-01 20:58:20
43932,PayPal,SUCCESS,00,747,Mobile,Los Angeles,2025-01-01 21:13:39
43933,Square,SUCCESS,00,160,POS,Los Angeles,2025-01-01 23:01:36
43934,Square,SUCCESS,00,1313,ATM,Dallas,2025-01-01 23:56:09
43935,PayPal,SUCCESS,00,1231,ATM,Dallas,2025-01-02 00:09:22
43936,AuthorizeNet,SUCCESS,00,980,Mobile,Chicago,2025-01-02 00:11:27
43937,PayPal,SUCCESS,00,1056,Mobile,New York,2025-01-02 00:27:52
43938,Stripe,SUCCESS,00,447,POS,Los Angeles,2025-01-02 00:37:14
43939,PayPal,SUCCESS,00,1448,Desktop,Dallas,2025-01-02 00:42:13
43940,AuthorizeNet,SUCCESS,00,1363,ATM,Dallas,2025-01-02 01:59:07
43941,PayPal,SUCCESS,00,971,Desktop,Los Angeles,2025-01-02 02:46:20
43942,PayPal,SUCCESS,00,748,Desktop,New York,2025-01-02 03:05:06
43943,Stripe,SUCCESS,00,150,Mobile,Dallas,2025-01-02 04:00:57
43944,PayPal,FAILED,12,998,ATM,Chicago,2025-01-02 04:49:54
43945,PayPal,SUCCESS,00,1044,POS,Los Angeles,2025-01-02 05:53:43
43946,AuthorizeNet,SUCCESS,00,992,POS,Dallas,2025-01-02 07:52:15
43947,Square,FAILED,05,338,ATM,Chicago,2025-01-02 09:24:13
43948,Stripe,SUCCESS,00,689,Desktop,New York,2025-01-02 09:34:33
43949,Square,SUCCESS,00,1385,POS,Dallas,2025-01-02 09:44:26
43950,PayPal,SUCCESS,00,1309,ATM,New York,2025-01-02 10:03:30
43951,Stripe,SUCCESS,00,1490,Mobile,New York,2025-01-02 10:07:38
43952,Square,SUCCESS,00,727,POS,Chicago,2025-01-02 10:17:40
43953,PayPal,SUCCESS,00,527,POS,Chicago,2025-01-02 10:53:14
43954,AuthorizeNet,SUCCESS,00,379,POS,Los Angeles,2025-01-02 11:00:12
43955,Square,FAILED,05,1330,ATM,Los Angeles,2025-01-02 12:17:04
43956,PayPal,SUCCESS,00,1401,Desktop,New York,2025-01-02 14:06:39
43957,Stripe,SUCCESS,00,734,Mobile,Chicago,2025-01-02 14:51:39
43958,PayPal,SUCCESS,00,797,POS,New York,2025-01-02 15:34:09
43959,PayPal,SUCCESS,00,152,POS,Los Angeles,2025-01-02 17:07:53
43960,Square,SUCCESS,00,496,ATM,Chicago,2025-01-02 17:55:33
43961,AuthorizeNet,SUCCESS,00,601,Desktop,Los Angeles,2025-01-02 17:56:16
43962,Square,SUCCESS,00,720,ATM,New York,2025-01-02 19:16:22
43963,Square,SUCCESS,00,763,ATM,Chicago,2025-01-02 19:22:39
43964,Square,SUCCESS,00,1286,Desktop,Dallas,2025-01-02 19:45:49
43965,Stripe,SUCCESS,00,1027,Mobile,New York,2025-01-02 20:12:40
43966,Square,PENDING,99,1203,Desktop,Dallas,2025-01-02 20:56:16
43967,Square,SUCCESS,00,1051,ATM,Los Angeles,2025-01-02 22:45:17
43968,Square,FAILED,12,582,Mobile,Los Angeles,2025-01-02 22:56:56
43969,AuthorizeNet,SUCCESS,00,451,Desktop,New York,2025-01-03 01:47:06
43970,Stripe,SUCCESS,00,1372,ATM,Dallas,2025-01-03 01:57:08
43971,Square,SUCCESS,00,1440,POS,Los Angeles,2025-01-03 02:33:16
43972,Stripe,SUCCESS,00,1446,Desktop,Los Angeles,2025-01-03 03:15:21
43973,Stripe,SUCCESS,00,217,POS,Chicago,2025-01-03 03:30:09
43974,Square,SUCCESS,00,773,POS,Dallas,2025-01-03 04:06:41
43975,Square,SUCCESS,00,610,POS,Chicago,2025-01-03 04:13:34
43976,PayPal,SUCCESS,00,321,POS,Dallas,2025-01-03 04:23:38
43977,Square,SUCCESS,00,1437,Desktop,Los Angeles,2025-01-03 05:28:40
43978,Stripe,SUCCESS,00,489,Mobile,New York,2025-01-03 05:36:10
43979,Stripe,SUCCESS,00,949,Desktop,Dallas,2025-01-03 06:34:37
43980,Square,SUCCESS,00,397,Desktop,Chicago,2025-01-03 06:53:48
43981,AuthorizeNet,SUCCESS,00,689,Desktop,Chicago,2025-01-03 07:04:13
43982,PayPal,SUCCESS,00,1212,ATM,Dallas,2025-01-03 08:24:39
43983,Square,SUCCESS,00,778,POS,Los Angeles,2025-01-03 09:13:08
43984,Square,SUCCESS,00,583,ATM,Dallas,2025-01-03 10:14:06
43985,PayPal,FAILED,05,1073,Mobile,Chicago,2025-01-03 10:41:51
43986,AuthorizeNet,SUCCESS,00,387,POS,Dallas,2025-01-03 10:49:15
43987,AuthorizeNet,SUCCESS,00,845,ATM,Chicago,2025-01-03 11:14:03
43988,Stripe,SUCCESS,00,214,Mobile,Chicago,2025-01-03 12:01:42
43989,Stripe,FAILED,05,1133,Desktop,Los Angeles,2025-01-03 12:11:50
43990,Square,FAILED,12,163,Desktop,Chicago,2025-01-03 14:01:52
43991,PayPal,SUCCESS,00,1284,Desktop,Dallas,2025-01-03 14:35:05
43992,PayPal,SUCCESS,00,1047,POS,Dallas,2025-01-03 14:37:11
43993,Square,SUCCESS,00,443,Mobile,Dallas,2025-01-03 15:02:28
43994,Square,SUCCESS,00,1050,ATM,Dallas,2025-01-03 15:11:43
43995,Stripe,SUCCESS,00,575,ATM,Dallas,2025-01-03 16:27:59
43996,Stripe,SUCCESS,00,547,Mobile,Chicago,2025-01-03 16:41:56
43997,Stripe,SUCCESS,00,718,Desktop,New York,2025-01-03 16:54:03
43998,AuthorizeNet,SUCCESS,00,549,Desktop,Chicago,2025-01-03 17:07:24
43999,Square,SUCCESS,00,1158,POS,Los Angeles,2025-01-03 18:06:32
44000,AuthorizeNet,SUCCESS,00,1467,Desktop,Dallas,2025-01-03 18:33:36
44001,AuthorizeNet,SUCCESS,00,1350,Desktop,Chicago,2025-01-03 19:36:32
44002,PayPal,SUCCESS,00,777,Mobile,Chicago,2025-01-03 19:38:33
44003,AuthorizeNet,SUCCESS,00,1279,POS,Dallas,2025-01-03 21:22:54
44004,Square,SUCCESS,00,170,Desktop,New York,2025-01-03 22:08:43
44005,AuthorizeNet,SUCCESS,00,556,POS,New York,2025-01-03 22:26:05
44006,PayPal,SUCCESS,00,1202,POS,New York,2025-01-03 23:02:46
44007,Square,SUCCESS,00,162,Mobile,Chicago,2025-01-04 00:54:25
44008,Stripe,SUCCESS,00,883,POS,New York,2025-01-04 01:02:17
44009,AuthorizeNet,SUCCESS,00,1398,POS,New York,2025-01-04 01:35:13
44010,Square,SUCCESS,00,1276,Mobile,Chicago,2025-01-04 01:41:06
44011,AuthorizeNet,SUCCESS,00,108,ATM,Los Angeles,2025-01-04 01:44:44
44012,Stripe,SUCCESS,00,1312,ATM,Los Angeles,2025-01-04 02:19:27
44013,Stripe,SUCCESS,00,1036,POS,Dallas,2025-01-04 02:34:13
44014,AuthorizeNet,FAILED,12,315,Desktop,New York,2025-01-04 03:26:21
44015,Square,SUCCESS,00,1286,Desktop,Dallas,2025-01-04 03:43:05
44016,Stripe,SUCCESS,00,1358,Desktop,Dallas,2025-01-04 04:52:06
44017,PayPal,SUCCESS,00,157,Desktop,Dallas,2025-01-04 05:13:20
44018,Stripe,SUCCESS,00,1290,Desktop,Chicago,2025-01-04 05:18:44
44019,Square,SUCCESS,00,715,Desktop,Chicago,2025-01-04 06:25:50
44020,Stripe,SUCCESS,00,1341,POS,Los Angeles,2025-01-04 06:40:19
44021,PayPal,SUCCESS,00,736,Mobile,Los Angeles,2025-01-04 07:01:21
44022,AuthorizeNet,SUCCESS,00,921,POS,New York,2025-01-04 07:32:28
44023,PayPal,SUCCESS,00,532,Desktop,Chicago,2025-01-04 07:53:04
44024,Stripe,SUCCESS,00,1391,POS,Los Angeles,2025-01-04 08:11:39
44025,Square,SUCCESS,00,949,ATM,Los Angeles,2025-01-04 09:17:07
44026,PayPal,FAILED,12,818,POS,New York,2025-01-04 09:18:14
44027,Stripe,SUCCESS,00,214,POS,Dallas,2025-01-04 09:58:36
44028,AuthorizeNet,SUCCESS,00,1452,ATM,Dallas,2025-01-04 10:23:47
44029,AuthorizeNet,FAILED,05,100,POS,Chicago,2025-01-04 10:24:02
44030,Stripe,SUCCESS,00,1311,Mobile,Los Angeles,2025-01-04 10:52:52
44031,Square,SUCCESS,00,611,Desktop,Chicago,2025-01-04 11:15:46
44032,PayPal,SUCCESS,00,895,ATM,New York,2025-01-04 11:43:49
44033,AuthorizeNet,SUCCESS,00,539,POS,Dallas,2025-01-04 12:35:37
44034,AuthorizeNet,SUCCESS,00,232,Mobile,Chicago,2025-01-04 12:44:20
44035,AuthorizeNet,FAILED,05,522,Desktop,Dallas,2025-01-04 13:01:32
44036,PayPal,SUCCESS,00,144,Mobile,Los Angeles,2025-01-04 13:28:54
44037,Stripe,SUCCESS,00,140,Desktop,Dallas,2025-01-04 14:17:48
44038,Square,SUCCESS,00,954,ATM,New York,2025-01-04 14:37:09
44039,Square,SUCCESS,00,1048,Desktop,Los Angeles,2025-01-04 15:39:30
44040,Square,SUCCESS,00,209,ATM,Dallas,2025-01-04 16:10:27
44041,Square,SUCCESS,00,607,POS,Dallas,2025-01-04 17:47:39
44042,Stripe,SUCCESS,00,1472,Mobile,New York,2025-01-04 18:26:47
44043,Square,SUCCESS,00,824,Desktop,New York,2025-01-04 18:29:10
44044,Square,SUCCESS,00,898,Desktop,Chicago,2025-01-04 19:00:05
44045,PayPal,SUCCESS,00,669,Mobile,Chicago,2025-01-04 19:12:03
44046,PayPal,SUCCESS,00,1012,ATM,Los Angeles,2025-01-04 20:13:12
44047,AuthorizeNet,SUCCESS,00,487,POS,Chicago,2025-01-04 21:47:01
44048,Square,SUCCESS,00,230,POS,Los Angeles,2025-01-05 00:09:18
44049,Stripe,SUCCESS,00,1019,ATM,New York,2025-01-05 00:23:31
44050,Stripe,SUCCESS,00,1355,Desktop,New York,2025-01-05 00:50:26
44051,Stripe,SUCCESS,00,1300,POS,Los Angeles,2025-01-05 01:57:48
44052,PayPal,SUCCESS,00,1263,Mobile,Los Angeles,2025-01-05 03:08:48
44053,Stripe,SUCCESS,00,798,ATM,Dallas,2025-01-05 04:00:44
44054,PayPal,SUCCESS,00,905,Desktop,Dallas,2025-01-05 04:04:45
44055,Stripe,SUCCESS,00,663,Desktop,Dallas,2025-01-05 04:05:58
44056,Square,SUCCESS,00,1202,ATM,Los Angeles,2025-01-05 04:28:05
44057,PayPal,PENDING,99,1434,POS,New York,2025-01-05 04:37:56
44058,Stripe,SUCCESS,00,894,POS,Dallas,2025-01-05 04:52:28
44059,AuthorizeNet,SUCCESS,00,1415,Mobile,Los Angeles,2025-01-05 05:05:59
44060,Square,SUCCESS,00,1162,POS,Dallas,2025-01-05 06:10:47
44061,PayPal,SUCCESS,00,769,Mobile,New York,2025-01-05 06:37:15
44062,AuthorizeNet,SUCCESS,00,503,Desktop,New York,2025-01-05 07:02:05
44063,AuthorizeNet,SUCCESS,00,264,Mobile,New York,2025-01-05 08:19:43
44064,Stripe,SUCCESS,00,1212,Mobile,Dallas,2025-01-05 08:19:53
44065,Stripe,FAILED,05,614,POS,Chicago,2025-01-05 08:30:08
44066,AuthorizeNet,SUCCESS,00,484,POS,Los Angeles,2025-01-05 08:34:23
44067,Stripe,FAILED,05,494,POS,New York,2025-01-05 09:11:38
44068,Stripe,SUCCESS,00,1272,Desktop,New York,2025-01-05 09:54:37
44069,Square,SUCCESS,00,323,ATM,Chicago,2025-01-05 09:59:27
44070,Square,SUCCESS,00,1009,POS,New York,2025-01-05 10:52:58
44071,Square,SUCCESS,00,1333,Mobile,Chicago,2025-01-05 11:27:57
44072,Square,SUCCESS,00,1418,Mobile,Dallas,2025-01-05 12:26:25
44073,PayPal,SUCCESS,00,393,Mobile,Chicago,2025-01-05 13:19:13
44074,Stripe,SUCCESS,00,421,Desktop,New York,2025-01-05 13:31:45
44075,Square,SUCCESS,00,849,POS,New York,2025-01-05 14:10:11
44076,AuthorizeNet,SUCCESS,00,875,Desktop,Los Angeles,2025-01-05 14:13:05
44077,Square,SUCCESS,00,1012,Desktop,Dallas,2025-01-05 14:26:30
44078,PayPal,SUCCESS,00,200,ATM,New York,2025-01-05 14:30:58
44079,Square,SUCCESS,00,1139,ATM,Dallas,2025-01-05 15:18:48
44080,Square,SUCCESS,00,697,Mobile,Dallas,2025-01-05 15:28:57
44081,Stripe,SUCCESS,00,397,POS,New York,2025-01-05 15:31:06
44082,Stripe,SUCCESS,00,1474,Mobile,New York,2025-01-05 17:26:42
44083,Square,FAILED,05,610,Desktop,New York,2025-01-05 19:14:36
44084,Stripe,FAILED,12,543,Mobile,New York,2025-01-05 20:06:45
44085,PayPal,SUCCESS,00,221,Mobile,Los Angeles,2025-01-05 20:19:00
44086,AuthorizeNet,SUCCESS,00,1296,POS,Chicago,2025-01-05 20:34:11
44087,Square,SUCCESS,00,597,Desktop,Los Angeles,2025-01-05 22:18:17
44088,PayPal,SUCCESS,00,1298,Desktop,Dallas,2025-01-05 22:49:08
44089,AuthorizeNet,SUCCESS,00,635,Mobile,Dallas,2025-01-05 23:30:45
44090,Square,SUCCESS,00,726,ATM,Los Angeles,2025-01-05 23:58:42
44091,Stripe,SUCCESS,00,637,Desktop,Dallas,2025-01-06 00:29:02
44092,Stripe,SUCCESS,00,1059,Mobile,Chicago,2025-01-06 02:14:00
44093,Square,SUCCESS,00,1187,POS,Dallas,2025-01-06 02:23:35
44094,Stripe,SUCCESS,00,1293,Mobile,Chicago,2025-01-06 02:59:50
44095,Stripe,SUCCESS,00,1424,Desktop,New York,2025-01-06 03:59:07
44096,PayPal,SUCCESS,00,810,POS,Los Angeles,2025-01-06 06:00:55
44097,AuthorizeNet,SUCCESS,00,303,POS,Dallas,2025-01-06 06:13:41
44098,Stripe,SUCCESS,00,217,Desktop,Dallas,2025-01-06 06:28:43
44099,PayPal,SUCCESS,00,440,Desktop,Los Angeles,2025-01-06 06:56:33
44100,AuthorizeNet,FAILED,12,440,POS,Dallas,2025-01-06 07:08:46
44101,PayPal,SUCCESS,00,329,ATM,New York,2025-01-06 07:16:59
44102,Stripe,FAILED,12,856,Desktop,Chicago,2025-01-06 07:36:27
44103,PayPal,SUCCESS,00,714,POS,Los Angeles,2025-01-06 08:12:31
44104,Square,SUCCESS,00,1011,Desktop,Los Angeles,2025-01-06 08:36:01
44105,Stripe,FAILED,05,335,Mobile,Dallas,2025-01-06 08:42:00
44106,Stripe,PENDING,99,1289,POS,Dallas,2025-01-06 09:59:41
44107,Square,FAILED,05,154,Desktop,Dallas,2025-01-06 11:14:44
44108,Stripe,SUCCESS,00,134,Desktop,Los Angeles,2025-01-06 11:54:27
44109,PayPal,SUCCESS,00,701,ATM,Chicago,2025-01-06 12:10:20
44110,AuthorizeNet,SUCCESS,00,497,POS,Dallas,2025-01-06 14:45:23
44111,AuthorizeNet,SUCCESS,00,338,POS,Dallas,2025-01-06 15:31:00
44112,Square,SUCCESS,00,801,Mobile,Chicago,2025-01-06 17:36:12
44113,Square,SUCCESS,00,528,Desktop,New York,2025-01-06 18:18:36
44114,Square,SUCCESS,00,219,Desktop,Los Angeles,2025-01-06 18:52:08
44115,AuthorizeNet,SUCCESS,00,1269,Mobile,Dallas,2025-01-06 18:54:58
44116,Square,SUCCESS,00,667,Mobile,Los Angeles,2025-01-06 19:28:26
44117,AuthorizeNet,SUCCESS,00,955,Mobile,New York,2025-01-06 19:37:41
44118,Square,SUCCESS,00,1057,Mobile,Dallas,2025-01-06 19:43:02
44119,AuthorizeNet,SUCCESS,00,1266,POS,Chicago,2025-01-06 20:16:16
44120,Square,SUCCESS,00,862,ATM,Dallas,2025-01-06 20:28:38
44121,Stripe,SUCCESS,00,469,Mobile,Chicago,2025-01-06 21:12:25
44122,Square,SUCCESS,00,673,POS,Los Angeles,2025-01-06 21:25:50
44123,AuthorizeNet,SUCCESS,00,996,ATM,Chicago,2025-01-06 22:02:19
44124,AuthorizeNet,SUCCESS,00,579,POS,Chicago,2025-01-06 22:38:05
44125,Square,SUCCESS,00,761,ATM,Chicago,2025-01-06 23:47:20
44126,PayPal,SUCCESS,00,934,Mobile,New York,2025-01-07 00:05:14
44127,Stripe,SUCCESS,00,337,POS,Dallas,2025-01-07 00:14:47
44128,AuthorizeNet,SUCCESS,00,1460,POS,New York,2025-01-07 00:34:15
44129,Stripe,SUCCESS,00,907,ATM,Los Angeles,2025-01-07 01:04:33
44130,PayPal,SUCCESS,00,450,Mobile,Chicago,2025-01-07 01:16:08
44131,PayPal,SUCCESS,00,1343,Desktop,Dallas,2025-01-07 04:16:23
44132,Square,SUCCESS,00,802,Desktop,Dallas,2025-01-07 04:43:44
44133,PayPal,SUCCESS,00,253,Desktop,Chicago,2025-01-07 05:51:39
44134,PayPal,SUCCESS,00,399,ATM,Chicago,2025-01-07 06:08:33
44135,AuthorizeNet,SUCCESS,00,872,POS,Chicago,2025-01-07 06:10:27
44136,Stripe,SUCCESS,00,903,Desktop,Dallas,2025-01-07 07:14:38
44137,Square,SUCCESS,00,1269,ATM,Dallas,2025-01-07 07:46:54
44138,PayPal,SUCCESS,00,393,POS,Dallas,2025-01-07 08:27:28
44139,Square,SUCCESS,00,526,Desktop,Los Angeles,2025-01-07 09:52:18
44140,PayPal,SUCCESS,00,444,POS,Chicago,2025-01-07 10:05:28
44141,PayPal,SUCCESS,00,1290,Mobile,Chicago,2025-01-07 10:10:23
44142,AuthorizeNet,SUCCESS,00,899,POS,New York,2025-01-07 11:14:29
44143,PayPal,FAILED,05,603,Desktop,Los Angeles,2025-01-07 11:30:52
44144,AuthorizeNet,SUCCESS,00,1068,Mobile,Dallas,2025-01-07 13:03:43
44145,Square,SUCCESS,00,780,Desktop,Dallas,2025-01-07 13:24:16
44146,Square,SUCCESS,00,1349,ATM,Los Angeles,2025-01-07 15:47:54
44147,AuthorizeNet,PENDING,99,239,POS,New York,2025-01-07 16:14:09
44148,AuthorizeNet,SUCCESS,00,200,Mobile,Dallas,2025-01-07 16:21:44
44149,Stripe,SUCCESS,00,1485,Mobile,New York,2025-01-07 17:37:14
44150,PayPal,SUCCESS,00,1187,ATM,Los Angeles,2025-01-07 17:52:28
44151,AuthorizeNet,SUCCESS,00,1027,Desktop,Dallas,2025-01-07 17:57:24
44152,AuthorizeNet,SUCCESS,00,329,ATM,Dallas,2025-01-07 17:58:14
44153,PayPal,SUCCESS,00,472,ATM,New York,2025-01-07 18:24:27
44154,Square,SUCCESS,00,1103,Mobile,Dallas,2025-01-07 18:44:25
44155,Square,SUCCESS,00,182,Desktop,New York,2025-01-07 18:52:07
44156,AuthorizeNet,SUCCESS,00,292,POS,Chicago,2025-01-07 18:59:56
44157,PayPal,FAILED,05,350,POS,Chicago,2025-01-07 19:27:56
44158,AuthorizeNet,SUCCESS,00,409,ATM,New York,2025-01-07 19:30:29
44159,Stripe,SUCCESS,00,581,ATM,Dallas,2025-01-07 19:40:58
44160,PayPal,SUCCESS,00,1388,Mobile,Dallas,2025-01-07 21:53:15
44161,PayPal,FAILED,05,343,Desktop,Chicago,2025-01-07 23:35:52
44162,AuthorizeNet,SUCCESS,00,245,POS,Chicago,2025-01-08 00:05:22
44163,Stripe,SUCCESS,00,758,Desktop,New York,2025-01-08 00:20:24
44164,AuthorizeNet,SUCCESS,00,798,Mobile,Dallas,2025-01-08 00:22:51
44165,PayPal,SUCCESS,00,482,ATM,Chicago,2025-01-08 00:26:54
44166,Stripe,SUCCESS,00,1168,ATM,Chicago,2025-01-08 00:43:05
44167,AuthorizeNet,SUCCESS,00,323,Mobile,Los Angeles,2025-01-08 01:03:53
44168,PayPal,SUCCESS,00,1460,Mobile,Dallas,2025-01-08 01:04:08
44169,Square,FAILED,05,375,Desktop,New York,2025-01-08 02:51:00
44170,Square,SUCCESS,00,1004,Desktop,New York,2025-01-08 03:02:32
44171,Stripe,SUCCESS,00,420,ATM,Chicago,2025-01-08 04:18:51
44172,Square,SUCCESS,00,1438,Mobile,Dallas,2025-01-08 04:42:16
44173,PayPal,SUCCESS,00,1261,Desktop,Chicago,2025-01-08 05:46:36
44174,Stripe,SUCCESS,00,284,ATM,Los Angeles,2025-01-08 05:51:34
44175,PayPal,SUCCESS,00,1233,Desktop,Los Angeles,2025-01-08 05:53:30
44176,Square,SUCCESS,00,932,Desktop,Los Angeles,2025-01-08 07:35:10
44177,Square,SUCCESS,00,1214,Mobile,Dallas,2025-01-08 07:46:20
44178,AuthorizeNet,SUCCESS,00,1142,POS,New York,2025-01-08 09:01:50
44179,AuthorizeNet,SUCCESS,00,810,ATM,Chicago,2025-01-08 09:24:37
44180,PayPal,SUCCESS,00,1446,Desktop,New York,2025-01-08 10:30:59
44181,AuthorizeNet,SUCCESS,00,1484,POS,Chicago,2025-01-08 11:54:56
44182,AuthorizeNet,SUCCESS,00,367,POS,Chicago,2025-01-08 12:40:17
44183,Stripe,SUCCESS,00,236,Desktop,New York,2025-01-08 13:12:58
44184,PayPal,SUCCESS,00,310,Desktop,Chicago,2025-01-08 14:54:13
44185,AuthorizeNet,SUCCESS,00,849,ATM,Chicago,2025-01-08 15:58:45
44186,Stripe,SUCCESS,00,673,POS,Chicago,2025-01-08 16:47:39
44187,AuthorizeNet,SUCCESS,00,113,POS,New York,2025-01-08 16:58:58
44188,PayPal,SUCCESS,00,608,Mobile,Los Angeles,2025-01-08 17:02:07
44189,PayPal,SUCCESS,00,625,ATM,Chicago,2025-01-08 17:25:10
44190,Square,SUCCESS,00,1038,ATM,Chicago,2025-01-08 18:21:22
44191,Stripe,SUCCESS,00,1392,ATM,Chicago,2025-01-08 19:13:35
44192,Square,SUCCESS,00,655,Desktop,Los Angeles,2025-01-08 21:15:31
44193,PayPal,SUCCESS,00,1230,POS,Chicago,2025-01-08 22:14:20
44194,Stripe,SUCCESS,00,142,Desktop,New York,2025-01-08 22:59:28
44195,Square,SUCCESS,00,1300,Desktop,Dallas,2025-01-08 23:16:35
44196,AuthorizeNet,PENDING,99,404,Mobile,Los Angeles,2025-01-09 00:45:20
44197,Stripe,SUCCESS,00,1202,ATM,New York,2025-01-09 02:16:07
44198,PayPal,SUCCESS,00,686,ATM,Los Angeles,2025-01-09 02:29:00
44199,Stripe,SUCCESS,00,526,Mobile,Chicago,2025-01-09 02:29:16
44200,Stripe,SUCCESS,00,857,ATM,Chicago,2025-01-09 03:07:02
44201,Square,SUCCESS,00,213,Mobile,Los Angeles,2025-01-09 06:05:09
44202,PayPal,SUCCESS,00,1330,POS,Los Angeles,2025-01-09 07:16:05
44203,PayPal,SUCCESS,00,1042,POS,Chicago,2025-01-09 08:22:52
44204,PayPal,SUCCESS,00,588,POS,Dallas,2025-01-09 09:00:45
44205,Stripe,SUCCESS,00,481,POS,Chicago,2025-01-09 09:06:55
44206,Stripe,SUCCESS,00,1145,ATM,Los Angeles,2025-01-09 09:42:08
44207,PayPal,SUCCESS,00,287,ATM,Dallas,2025-01-09 12:25:04
44208,Stripe,SUCCESS,00,1301,POS,Dallas,2025-01-09 12:26:24
44209,Stripe,SUCCESS,00,855,POS,New York,2025-01-09 12:51:06
44210,PayPal,SUCCESS,00,299,Desktop,Dallas,2025-01-09 13:46:24
44211,Stripe,SUCCESS,00,626,ATM,Los Angeles,2025-01-09 14:00:03
44212,Square,SUCCESS,00,292,Desktop,New York,2025-01-09 14:04:39
44213,Square,SUCCESS,00,272,Desktop,Los Angeles,2025-01-09 15:11:33
44214,PayPal,SUCCESS,00,472,Desktop,Chicago,2025-01-09 17:27:43
44215,Square,SUCCESS,00,704,POS,Chicago,2025-01-09 18:56:43
44216,Square,SUCCESS,00,731,ATM,Chicago,2025-01-09 19:11:24
44217,AuthorizeNet,SUCCESS,00,243,POS,Los Angeles,2025-01-09 19:18:15
44218,Stripe,SUCCESS,00,1015,POS,Chicago,2025-01-09 19:20:11
44219,Stripe,SUCCESS,00,943,POS,New York,2025-01-09 19:24:45
44220,Stripe,FAILED,12,1029,Mobile,Dallas,2025-01-09 19:46:33
44221,Stripe,SUCCESS,00,344,Mobile,New York,2025-01-09 23:10:13
44222,Square,FAILED,12,1050,Mobile,Los Angeles,2025-01-09 23:19:28
44223,Stripe,FAILED,05,129,ATM,New York,2025-01-09 23:58:26
44224,PayPal,SUCCESS,00,640,Mobile,Chicago,2025-01-10 00:10:47
44225,AuthorizeNet,SUCCESS,00,325,Desktop,Los Angeles,2025-01-10 00:40:03
44226,AuthorizeNet,SUCCESS,00,1152,ATM,New York,2025-01-10 00:50:40
44227,Square,SUCCESS,00,1348,ATM,New York,2025-01-10 01:58:17
44228,AuthorizeNet,FAILED,12,1209,ATM,Los Angeles,2025-01-10 02:14:37
44229,Square,SUCCESS,00,1268,Mobile,Dallas,2025-01-10 04:01:12
44230,Square,SUCCESS,00,220,Mobile,Los Angeles,2025-01-10 04:06:31
44231,AuthorizeNet,SUCCESS,00,657,Mobile,New York,2025-01-10 04:22:22
44232,Stripe,SUCCESS,00,535,ATM,New York,2025-01-10 05:20:44
44233,AuthorizeNet,SUCCESS,00,792,ATM,Dallas,2025-01-10 05:29:51
44234,Square,SUCCESS,00,500,POS,New York,2025-01-10 05:58:38
44235,Stripe,SUCCESS,00,968,ATM,Los Angeles,2025-01-10 07:38:01
44236,Square,SUCCESS,00,1486,POS,Los Angeles,2025-01-10 07:48:08
44237,Stripe,SUCCESS,00,189,POS,New York,2025-01-10 08:15:48
44238,Stripe,SUCCESS,00,1263,ATM,New York,2025-01-10 08:15:54
44239,AuthorizeNet,SUCCESS,00,359,Mobile,Chicago,2025-01-10 08:49:20
44240,PayPal,SUCCESS,00,506,Desktop,Dallas,2025-01-10 09:28:59
44241,PayPal,SUCCESS,00,1300,ATM,Los Angeles,2025-01-10 09:46:59
44242,PayPal,SUCCESS,00,890,POS,New York,2025-01-10 10:01:18
44243,PayPal,FAILED,05,665,Mobile,Los Angeles,2025-01-10 11:57:52
44244,Square,SUCCESS,00,1053,Desktop,New York,2025-01-10 12:05:52
44245,PayPal,SUCCESS,00,1314,POS,Chicago,2025-01-10 12:21:50
44246,PayPal,SUCCESS,00,783,Mobile,Dallas,2025-01-10 13:03:34
44247,PayPal,SUCCESS,00,1161,ATM,Chicago,2025-01-10 13:05:16
44248,Square,SUCCESS,00,1302,Mobile,Chicago,2025-01-10 13:22:35
44249,Square,SUCCESS,00,474,Mobile,Los Angeles,2025-01-10 13:25:37
44250,AuthorizeNet,SUCCESS,00,503,Mobile,Los Angeles,2025-01-10 15:20:44
44251,Stripe,SUCCESS,00,558,POS,Chicago,2025-01-10 16:15:56
44252,AuthorizeNet,SUCCESS,00,365,Desktop,New York,2025-01-10 16:52:53
44253,PayPal,SUCCESS,00,320,ATM,Dallas,2025-01-10 17:16:10
44254,Stripe,SUCCESS,00,1415,ATM,New York,2025-01-10 17:18:14
44255,Square,SUCCESS,00,1487,Desktop,New York,2025-01-10 17:24:55
44256,Stripe,SUCCESS,00,956,ATM,New York,2025-01-10 17:39:01
44257,Square,FAILED,05,1003,Mobile,New York,2025-01-10 17:51:27
44258,Square,SUCCESS,00,752,ATM,Dallas,2025-01-10 17:53:57
44259,Square,SUCCESS,00,1229,Mobile,Dallas,2025-01-10 18:05:20
44260,Square,SUCCESS,00,1269,POS,Chicago,2025-01-10 18:58:18
44261,Stripe,SUCCESS,00,911,Desktop,Los Angeles,2025-01-10 19:03:58
44262,AuthorizeNet,SUCCESS,00,452,Desktop,Dallas,2025-01-10 19:19:58
44263,Stripe,SUCCESS,00,923,POS,Chicago,2025-01-10 19:23:46
44264,AuthorizeNet,FAILED,12,755,Mobile,Chicago,2025-01-10 19:34:26
44265,PayPal,SUCCESS,00,1323,POS,Los Angeles,2025-01-10 19:45:05
44266,PayPal,FAILED,12,568,Desktop,New York,2025-01-10 21:28:26
44267,Square,SUCCESS,00,1175,POS,Chicago,2025-01-10 22:00:41
44268,AuthorizeNet,SUCCESS,00,1376,Desktop,Los Angeles,2025-01-10 22:01:18
44269,PayPal,SUCCESS,00,671,POS,Los Angeles,2025-01-10 22:08:08
44270,AuthorizeNet,SUCCESS,00,1257,Desktop,Los Angeles,2025-01-10 22:35:05
44271,AuthorizeNet,SUCCESS,00,419,Desktop,Chicago,2025-01-10 22:42:52
44272,PayPal,SUCCESS,00,1122,Mobile,New York,2025-01-10 23:15:13
44273,Stripe,SUCCESS,00,190,Desktop,Los Angeles,2025-01-10 23:33:25
44274,Square,SUCCESS,00,762,ATM,Dallas,2025-01-10 23:59:52
44275,PayPal,SUCCESS,00,743,Mobile,New York,2025-01-11 00:12:46
44276,AuthorizeNet,SUCCESS,00,863,ATM,Dallas,2025-01-11 01:18:35
44277,AuthorizeNet,SUCCESS,00,919,Mobile,New York,2025-01-11 02:05:05
44278,AuthorizeNet,SUCCESS,00,1390,ATM,New York,2025-01-11 03:02:58
44279,Stripe,SUCCESS,00,1149,Mobile,Los Angeles,2025-01-11 04:02:27
44280,Square,SUCCESS,00,247,ATM,Dallas,2025-01-11 04:44:33
44281,PayPal,SUCCESS,00,348,POS,Dallas,2025-01-11 04:52:55
44282,PayPal,SUCCESS,00,873,ATM,Los Angeles,2025-01-11 05:15:54
44283,AuthorizeNet,SUCCESS,00,784,Mobile,New York,2025-01-11 05:30:16
44284,Square,SUCCESS,00,720,Desktop,Dallas,2025-01-11 06:29:10
44285,Square,SUCCESS,00,342,POS,Dallas,2025-01-11 07:17:13
44286,Square,SUCCESS,00,1017,ATM,Dallas,2025-01-11 08:44:10
44287,PayPal,SUCCESS,00,1213,ATM,Chicago,2025-01-11 10:13:50
44288,Square,SUCCESS,00,190,Mobile,Los Angeles,2025-01-11 10:21:13
44289,Square,SUCCESS,00,840,ATM,Dallas,2025-01-11 10:29:33
44290,PayPal,SUCCESS,00,713,Desktop,Los Angeles,2025-01-11 10:37:38
44291,PayPal,SUCCESS,00,1143,Desktop,Chicago,2025-01-11 11:44:36
44292,AuthorizeNet,SUCCESS,00,129,Desktop,New York,2025-01-11 12:24:14
44293,Square,SUCCESS,00,1417,POS,Los Angeles,2025-01-11 12:41:08
44294,AuthorizeNet,SUCCESS,00,552,ATM,Dallas,2025-01-11 12:42:08
44295,Square,SUCCESS,00,498,POS,Dallas,2025-01-11 12:44:03
44296,PayPal,SUCCESS,00,649,POS,Dallas,2025-01-11 13:05:31
44297,PayPal,SUCCESS,00,1410,POS,Dallas,2025-01-11 13:08:47
44298,PayPal,SUCCESS,00,1227,Desktop,Dallas,2025-01-11 13:09:30
44299,PayPal,SUCCESS,00,333,Desktop,Los Angeles,2025-01-11 15:01:39
44300,Stripe,SUCCESS,00,1394,Desktop,New York,2025-01-11 15:04:08
44301,Square,SUCCESS,00,539,Mobile,Los Angeles,2025-01-11 15:11:28
44302,Square,PENDING,99,415,Desktop,Los Angeles,2025-01-11 16:08:58
44303,PayPal,SUCCESS,00,631,POS,Dallas,2025-01-11 16:16:58
44304,Stripe,SUCCESS,00,1497,POS,Dallas,2025-01-11 16:53:23
44305,Square,SUCCESS,00,401,ATM,New York,2025-01-11 17:06:43
44306,Square,SUCCESS,00,112,Desktop,Los Angeles,2025-01-11 17:23:24
44307,Square,SUCCESS,00,1088,Desktop,Los Angeles,2025-01-11 17:29:06
44308,AuthorizeNet,SUCCESS,00,1167,Mobile,Dallas,2025-01-11 17:33:15
44309,Stripe,SUCCESS,00,819,Desktop,New York,2025-01-11 19:33:44
44310,Square,FAILED,12,1009,Desktop,Los Angeles,2025-01-11 19:42:33
44311,PayPal,SUCCESS,00,493,Desktop,New York,2025-01-11 21:52:30
44312,Square,SUCCESS,00,441,ATM,Dallas,2025-01-11 21:54:19
44313,AuthorizeNet,SUCCESS,00,926,ATM,Chicago,2025-01-11 22:29:47
44314,AuthorizeNet,PENDING,99,904,POS,Dallas,2025-01-12 00:22:16
44315,AuthorizeNet,SUCCESS,00,849,Mobile,Dallas,2025-01-12 00:30:09
44316,Stripe,SUCCESS,00,667,ATM,New York,2025-01-12 01:12:31
44317,Stripe,SUCCESS,00,183,POS,Los Angeles,2025-01-12 04:15:02
44318,Stripe,SUCCESS,00,106,ATM,New York,2025-01-12 04:28:39
44319,Square,SUCCESS,00,659,POS,Chicago,2025-01-12 05:06:00
44320,PayPal,FAILED,12,152,Desktop,Los Angeles,2025-01-12 05:24:22
44321,AuthorizeNet,SUCCESS,00,753,POS,Chicago,2025-01-12 05:34:44
44322,Stripe,SUCCESS,00,1284,Desktop,Chicago,2025-01-12 06:30:35
44323,PayPal,SUCCESS,00,535,POS,Los Angeles,2025-01-12 06:33:44
44324,PayPal,SUCCESS,00,196,Mobile,Chicago,2025-01-12 06:39:42
44325,Square,SUCCESS,00,1461,ATM,Los Angeles,2025-01-12 09:29:47
44326,PayPal,SUCCESS,00,1427,Mobile,Los Angeles,2025-01-12 09:47:58
44327,Square,SUCCESS,00,373,Mobile,Chicago,2025-01-12 10:02:16
44328,AuthorizeNet,SUCCESS,00,1224,Mobile,Chicago,2025-01-12 11:09:57
44329,Square,SUCCESS,00,1241,POS,New York,2025-01-12 11:14:05
44330,AuthorizeNet,SUCCESS,00,1044,Mobile,Los Angeles,2025-01-12 11:22:21
44331,AuthorizeNet,SUCCESS,00,764,ATM,Los Angeles,2025-01-12 11:31:16
44332,PayPal,SUCCESS,00,840,Mobile,Chicago,2025-01-12 11:52:04
44333,PayPal,SUCCESS,00,1330,Mobile,Chicago,2025-01-12 11:54:12
44334,Square,SUCCESS,00,462,Mobile,Dallas,2025-01-12 12:11:29
44335,AuthorizeNet,SUCCESS,00,700,POS,New York,2025-01-12 13:06:09
44336,Square,FAILED,12,1023,Desktop,Dallas,2025-01-12 13:58:31
44337,PayPal,SUCCESS,00,222,POS,New York,2025-01-12 14:52:30
44338,Square,SUCCESS,00,251,POS,New York,2025-01-12 14:55:43
44339,Stripe,SUCCESS,00,1150,Desktop,Chicago,2025-01-12 15:14:50
44340,AuthorizeNet,SUCCESS,00,638,Mobile,Los Angeles,2025-01-12 15:46:31
44341,AuthorizeNet,SUCCESS,00,731,Mobile,New York,2025-01-12 17:43:59
44342,Stripe,SUCCESS,00,1336,ATM,New York,2025-01-12 18:49:32
44343,Square,SUCCESS,00,1091,Mobile,New York,2025-01-12 19:17:36
44344,AuthorizeNet,SUCCESS,00,1403,ATM,Dallas,2025-01-12 19:32:59
44345,Square,SUCCESS,00,1444,Mobile,Chicago,2025-01-12 19:39:17
44346,AuthorizeNet,SUCCESS,00,1035,Desktop,Los Angeles,2025-01-12 20:10:16
44347,Square,PENDING,99,525,Desktop,New York,2025-01-12 20:10:38
44348,Square,SUCCESS,00,1329,Desktop,Dallas,2025-01-12 20:20:18
44349,Square,SUCCESS,00,499,POS,Chicago,2025-01-12 20:47:30
44350,PayPal,SUCCESS,00,464,Mobile,New York,2025-01-12 20:57:23
44351,PayPal,SUCCESS,00,951,Mobile,Dallas,2025-01-12 21:09:39
44352,Stripe,SUCCESS,00,835,Desktop,Dallas,2025-01-12 21:33:39
44353,AuthorizeNet,SUCCESS,00,1033,Desktop,Dallas,2025-01-12 21:52:10
44354,AuthorizeNet,SUCCESS,00,1476,ATM,New York,2025-01-12 22:32:02
44355,Square,SUCCESS,00,721,POS,New York,2025-01-12 22:47:49
44356,Stripe,SUCCESS,00,1072,Mobile,Chicago,2025-01-12 23:14:43
44357,PayPal,SUCCESS,00,180,Desktop,Chicago,2025-01-12 23:57:19
44358,Square,PENDING,99,959,Desktop,Los Angeles,2025-01-13 00:34:47
44359,Stripe,SUCCESS,00,1150,Desktop,Chicago,2025-01-13 01:01:24
44360,AuthorizeNet,SUCCESS,00,628,Mobile,New York,2025-01-13 01:02:00
44361,PayPal,SUCCESS,00,1452,Desktop,Dallas,2025-01-13 01:28:20
44362,Stripe,SUCCESS,00,576,Desktop,New York,2025-01-13 01:30:30
44363,PayPal,SUCCESS,00,613,Mobile,Chicago,2025-01-13 01:44:54
44364,Square,SUCCESS,00,898,POS,New York,2025-01-13 01:51:18
44365,Square,SUCCESS,00,1187,Desktop,Los Angeles,2025-01-13 02:04:46
44366,Square,SUCCESS,00,1021,Desktop,New York,2025-01-13 02:38:38
44367,AuthorizeNet,SUCCESS,00,458,Mobile,New York,2025-01-13 02:45:58
44368,PayPal,SUCCESS,00,622,Desktop,New York,2025-01-13 03:35:56
44369,AuthorizeNet,SUCCESS,00,1331,POS,Dallas,2025-01-13 04:32:13
44370,Square,SUCCESS,00,1276,Mobile,Los Angeles,2025-01-13 05:07:56
44371,Stripe,SUCCESS,00,1352,Mobile,Los Angeles,2025-01-13 05:29:03
44372,Square,SUCCESS,00,450,Mobile,New York,2025-01-13 05:33:46
44373,PayPal,SUCCESS,00,1135,Mobile,Chicago,2025-01-13 06:55:35
44374,Square,SUCCESS,00,606,POS,New York,2025-01-13 09:19:37
44375,Square,SUCCESS,00,1329,Desktop,Los Angeles,2025-01-13 10:06:37
44376,Stripe,SUCCESS,00,897,Desktop,Chicago,2025-01-13 10:14:06
44377,Stripe,SUCCESS,00,1348,ATM,Los Angeles,2025-01-13 11:31:45
44378,AuthorizeNet,FAILED,12,1412,POS,Los Angeles,2025-01-13 11:56:58
44379,PayPal,SUCCESS,00,1404,ATM,Chicago,2025-01-13 13:03:41
44380,AuthorizeNet,SUCCESS,00,320,Desktop,New York,2025-01-13 13:39:15
44381,Stripe,SUCCESS,00,442,Desktop,Los Angeles,2025-01-13 15:38:17
44382,PayPal,SUCCESS,00,810,POS,Chicago,2025-01-13 17:15:04
44383,Square,SUCCESS,00,1173,Desktop,Los Angeles,2025-01-13 18:17:39
44384,Square,SUCCESS,00,625,Desktop,New York,2025-01-13 18:29:35
44385,AuthorizeNet,SUCCESS,00,386,Desktop,Los Angeles,2025-01-13 18:37:33
44386,AuthorizeNet,SUCCESS,00,862,Mobile,Chicago,2025-01-13 18:54:19
44387,Square,SUCCESS,00,486,ATM,Dallas,2025-01-13 18:55:10
44388,AuthorizeNet,SUCCESS,00,565,POS,Dallas,2025-01-13 20:26:20
44389,Stripe,SUCCESS,00,755,POS,Los Angeles,2025-01-13 20:40:33
44390,PayPal,SUCCESS,00,1394,Desktop,Chicago,2025-01-13 21:06:56
44391,PayPal,PENDING,99,1038,ATM,New York,2025-01-13 21:43:32
44392,Stripe,SUCCESS,00,254,Mobile,Dallas,2025-01-13 22:14:44
44393,Square,PENDING,99,956,ATM,Los Angeles,2025-01-13 22:51:19
44394,AuthorizeNet,SUCCESS,00,800,Desktop,New York,2025-01-13 23:25:45
44395,Stripe,SUCCESS,00,1303,ATM,Chicago,2025-01-13 23:30:12
44396,Stripe,SUCCESS,00,967,POS,Dallas,2025-01-14 00:05:52
44397,Stripe,SUCCESS,00,650,POS,New York,2025-01-14 00:20:13
44398,AuthorizeNet,SUCCESS,00,270,Desktop,Chicago,2025-01-14 01:01:49
44399,AuthorizeNet,SUCCESS,00,388,Mobile,Los Angeles,2025-01-14 01:16:10
44400,Square,SUCCESS,00,1265,Mobile,Dallas,2025-01-14 01:27:01
44401,Square,SUCCESS,00,1235,POS,New York,2025-01-14 02:13:12
44402,PayPal,FAILED,12,1256,Mobile,Los Angeles,2025-01-14 02:37:17
44403,Square,SUCCESS,00,1413,ATM,Chicago,2025-01-14 04:02:58
44404,PayPal,SUCCESS,00,335,Mobile,Dallas,2025-01-14 04:54:56
44405,Stripe,SUCCESS,00,894,Desktop,Los Angeles,2025-01-14 04:55:54
44406,AuthorizeNet,SUCCESS,00,883,POS,Dallas,2025-01-14 05:07:29
44407,Stripe,SUCCESS,00,291,Mobile,Los Angeles,2025-01-14 05:09:29
44408,Square,SUCCESS,00,588,Mobile,New York,2025-01-14 05:57:45
44409,PayPal,SUCCESS,00,1263,Desktop,Chicago,2025-01-14 06:28:26
44410,Stripe,SUCCESS,00,158,Desktop,Dallas,2025-01-14 07:04:43
44411,AuthorizeNet,SUCCESS,00,127,Desktop,New York,2025-01-14 07:06:08
44412,AuthorizeNet,SUCCESS,00,399,ATM,New York,2025-01-14 07:25:50
44413,AuthorizeNet,SUCCESS,00,879,POS,Los Angeles,2025-01-14 08:14:01
44414,Stripe,FAILED,12,576,Desktop,Chicago,2025-01-14 08:21:46
44415,Square,SUCCESS,00,1351,Desktop,Chicago,2025-01-14 08:54:54
44416,Square,SUCCESS,00,1040,Desktop,Los Angeles,2025-01-14 09:40:03
44417,Stripe,SUCCESS,00,708,Mobile,Los Angeles,2025-01-14 09:59:59
44418,Stripe,SUCCESS,00,1359,Desktop,Los Angeles,2025-01-14 10:54:21
44419,Stripe,FAILED,05,1159,ATM,New York,2025-01-14 11:21:31
44420,Stripe,SUCCESS,00,360,Mobile,Dallas,2025-01-14 12:54:02
44421,AuthorizeNet,SUCCESS,00,358,Desktop,Dallas,2025-01-14 13:07:49
44422,Stripe,SUCCESS,00,998,POS,Los Angeles,2025-01-14 13:43:12
44423,Square,SUCCESS,00,571,ATM,Dallas,2025-01-14 14:15:43
44424,PayPal,SUCCESS,00,1021,Mobile,New York,2025-01-14 16:33:21
44425,Stripe,SUCCESS,00,281,Desktop,Los Angeles,2025-01-14 18:22:24
44426,AuthorizeNet,SUCCESS,00,994,Mobile,Dallas,2025-01-14 19:02:15
44427,Square,SUCCESS,00,1369,Mobile,New York,2025-01-14 19:12:07
44428,Stripe,SUCCESS,00,994,ATM,Chicago,2025-01-14 19:23:30
44429,AuthorizeNet,FAILED,05,993,Mobile,Los Angeles,2025-01-14 19:41:05
44430,Stripe,SUCCESS,00,726,POS,Dallas,2025-01-14 19:46:05
44431,Square,SUCCESS,00,680,POS,Dallas,2025-01-14 20:46:45
44432,PayPal,SUCCESS,00,567,Desktop,New York,2025-01-14 20:53:24
44433,Square,SUCCESS,00,1440,ATM,Chicago,2025-01-14 21:04:35
44434,Square,SUCCESS,00,439,POS,Chicago,2025-01-14 21:31:23
44435,PayPal,SUCCESS,00,1418,Desktop,Dallas,2025-01-14 21:48:00
44436,Stripe,SUCCESS,00,1123,Mobile,Dallas,2025-01-14 21:49:24
44437,Stripe,SUCCESS,00,938,Mobile,New York,2025-01-14 22:11:01
44438,Square,SUCCESS,00,619,Desktop,Dallas,2025-01-14 22:24:55
44439,AuthorizeNet,SUCCESS,00,952,POS,Los Angeles,2025-01-14 22:27:41
44440,PayPal,SUCCESS,00,361,Mobile,New York,2025-01-15 01:42:23
44441,Stripe,SUCCESS,00,108,POS,Chicago,2025-01-15 02:19:43
44442,AuthorizeNet,SUCCESS,00,1389,Mobile,Chicago,2025-01-15 02:36:39
44443,Stripe,SUCCESS,00,323,POS,Los Angeles,2025-01-15 02:56:47
44444,Square,SUCCESS,00,832,Mobile,Dallas,2025-01-15 03:45:40
44445,AuthorizeNet,SUCCESS,00,675,Desktop,Dallas,2025-01-15 04:17:19
44446,Stripe,SUCCESS,00,300,Mobile,Chicago,2025-01-15 06:08:05
44447,Square,SUCCESS,00,673,POS,Dallas,2025-01-15 06:57:34
44448,Square,SUCCESS,00,651,Mobile,Dallas,2025-01-15 07:05:58
44449,PayPal,SUCCESS,00,449,POS,Chicago,2025-01-15 07:51:42
44450,Square,SUCCESS,00,284,Desktop,Chicago,2025-01-15 08:52:57
44451,PayPal,SUCCESS,00,900,POS,Dallas,2025-01-15 08:56:16
44452,PayPal,SUCCESS,00,1130,ATM,Chicago,2025-01-15 09:03:27
44453,Square,SUCCESS,00,493,ATM,New York,2025-01-15 09:36:22
44454,AuthorizeNet,SUCCESS,00,1015,ATM,Dallas,2025-01-15 09:52:29
44455,PayPal,SUCCESS,00,591,Mobile,Chicago,2025-01-15 10:36:43
44456,Stripe,SUCCESS,00,1401,ATM,New York,2025-01-15 11:01:34
44457,Square,SUCCESS,00,916,Mobile,New York,2025-01-15 11:02:48
44458,AuthorizeNet,SUCCESS,00,107,Mobile,Dallas,2025-01-15 11:18:05
44459,PayPal,SUCCESS,00,1152,Desktop,Dallas,2025-01-15 11:18:28
44460,Stripe,SUCCESS,00,163,ATM,Dallas,2025-01-15 13:05:10
44461,PayPal,SUCCESS,00,1034,POS,Los Angeles,2025-01-15 13:09:04
44462,AuthorizeNet,SUCCESS,00,181,POS,Dallas,2025-01-15 13:21:22
44463,PayPal,FAILED,05,989,POS,Dallas,2025-01-15 15:49:31
44464,Stripe,SUCCESS,00,1096,POS,New York,2025-01-15 15:53:38
44465,PayPal,SUCCESS,00,262,Mobile,Dallas,2025-01-15 16:20:45
44466,Square,SUCCESS,00,1340,ATM,Chicago,2025-01-15 16:44:03
44467,Square,SUCCESS,00,1288,ATM,Los Angeles,2025-01-15 18:23:31
44468,PayPal,FAILED,12,624,ATM,Chicago,2025-01-15 19:01:36
44469,Stripe,SUCCESS,00,391,POS,Los Angeles,2025-01-15 19:03:24
44470,AuthorizeNet,SUCCESS,00,1182,POS,New York,2025-01-15 19:32:01
44471,AuthorizeNet,SUCCESS,00,623,POS,Dallas,2025-01-15 20:45:18
44472,Stripe,SUCCESS,00,1327,Mobile,New York,2025-01-15 21:48:42
44473,Square,SUCCESS,00,269,Mobile,Dallas,2025-01-15 22:17:02
44474,PayPal,SUCCESS,00,974,Mobile,New York,2025-01-15 23:06:11
44475,PayPal,FAILED,05,118,Desktop,New York,2025-01-15 23:13:51
44476,Stripe,SUCCESS,00,408,Mobile,Los Angeles,2025-01-15 23:39:23
44477,PayPal,SUCCESS,00,1281,ATM,Dallas,2025-01-16 00:01:37
44478,Stripe,SUCCESS,00,961,ATM,Dallas,2025-01-16 00:08:20
44479,AuthorizeNet,FAILED,05,1494,POS,Dallas,2025-01-16 00:47:30
44480,AuthorizeNet,SUCCESS,00,944,ATM,Chicago,2025-01-16 01:33:23
44481,PayPal,PENDING,99,908,Desktop,Los Angeles,2025-01-16 03:11:51
44482,AuthorizeNet,SUCCESS,00,1482,Mobile,Los Angeles,2025-01-16 03:28:41
44483,AuthorizeNet,SUCCESS,00,240,Desktop,Los Angeles,2025-01-16 04:19:38
44484,PayPal,SUCCESS,00,868,ATM,Dallas,2025-01-16 04:28:55
44485,PayPal,SUCCESS,00,453,ATM,New York,2025-01-16 05:00:01
44486,Stripe,PENDING,99,1485,Mobile,Chicago,2025-01-16 05:24:52
44487,AuthorizeNet,SUCCESS,00,1199,POS,Chicago,2025-01-16 05:42:36
44488,Stripe,SUCCESS,00,1267,ATM,New York,2025-01-16 05:48:43
44489,Square,SUCCESS,00,204,Desktop,Chicago,2025-01-16 06:30:00
44490,Stripe,SUCCESS,00,1259,ATM,New York,2025-01-16 06:49:08
44491,Stripe,SUCCESS,00,845,Desktop,Los Angeles,2025-01-16 07:01:37
44492,Square,SUCCESS,00,982,POS,Los Angeles,2025-01-16 08:08:09
44493,Stripe,SUCCESS,00,1181,ATM,Chicago,2025-01-16 08:43:40
44494,AuthorizeNet,SUCCESS,00,807,POS,Chicago,2025-01-16 09:51:29
44495,Square,FAILED,05,421,POS,Los Angeles,2025-01-16 11:47:04
44496,Square,SUCCESS,00,362,Mobile,Los Angeles,2025-01-16 12:27:51
44497,AuthorizeNet,SUCCESS,00,577,POS,Los Angeles,2025-01-16 13:18:02
44498,Square,SUCCESS,00,1248,Mobile,Chicago,2025-01-16 13:40:12
44499,AuthorizeNet,PENDING,99,1456,POS,New York,2025-01-16 13:49:24
44500,Square,SUCCESS,00,268,POS,Dallas,2025-01-16 14:05:09
44501,Stripe,SUCCESS,00,1044,ATM,New York,2025-01-16 15:05:59
44502,Stripe,FAILED,12,971,Mobile,Chicago,2025-01-16 15:23:29
44503,PayPal,FAILED,05,998,Mobile,Los Angeles,2025-01-16 16:45:22
44504,PayPal,SUCCESS,00,864,ATM,New York,2025-01-16 16:56:17
44505,PayPal,FAILED,05,928,Mobile,New York,2025-01-16 17:02:20
44506,Stripe,SUCCESS,00,949,POS,Los Angeles,2025-01-16 17:40:56
44507,AuthorizeNet,FAILED,05,1450,Desktop,Chicago,2025-01-16 18:06:39
44508,PayPal,SUCCESS,00,434,Mobile,Los Angeles,2025-01-16 20:07:18
44509,PayPal,SUCCESS,00,448,Desktop,New York,2025-01-16 20:10:12
44510,Square,SUCCESS,00,1409,Mobile,Dallas,2025-01-16 20:19:52
44511,Stripe,SUCCESS,00,974,POS,New York,2025-01-16 20:35:41
44512,Square,SUCCESS,00,719,Desktop,Chicago,2025-01-16 20:49:44
44513,Square,SUCCESS,00,756,POS,Dallas,2025-01-16 21:17:34
44514,Square,SUCCESS,00,1333,POS,Los Angeles,2025-01-16 21:31:53
44515,PayPal,SUCCESS,00,456,Mobile,Chicago,2025-01-16 23:05:23
44516,Stripe,SUCCESS,00,476,ATM,Los Angeles,2025-01-16 23:14:17
44517,Square,SUCCESS,00,338,Desktop,Chicago,2025-01-16 23:26:36
44518,PayPal,SUCCESS,00,1076,Mobile,Chicago,2025-01-16 23:35:21
44519,Square,SUCCESS,00,1451,POS,New York,2025-01-17 00:29:52
44520,PayPal,SUCCESS,00,745,Desktop,Dallas,2025-01-17 00:42:37
44521,Square,FAILED,05,378,Desktop,Chicago,2025-01-17 01:38:09
44522,Square,SUCCESS,00,268,Desktop,Los Angeles,2025-01-17 01:54:16
44523,PayPal,SUCCESS,00,1019,POS,New York,2025-01-17 02:15:50
44524,Square,SUCCESS,00,1205,Mobile,Dallas,2025-01-17 02:40:41
44525,Square,SUCCESS,00,762,Mobile,Dallas,2025-01-17 03:47:58
44526,Square,FAILED,12,1028,Desktop,Los Angeles,2025-01-17 03:59:41
44527,AuthorizeNet,SUCCESS,00,770,Desktop,Dallas,2025-01-17 04:14:04
44528,Stripe,SUCCESS,00,738,POS,Los Angeles,2025-01-17 06:14:16
44529,Stripe,SUCCESS,00,243,Desktop,Dallas,2025-01-17 06:41:41
44530,Square,SUCCESS,00,338,Desktop,Los Angeles,2025-01-17 06:47:51
44531,Square,SUCCESS,00,351,Mobile,Chicago,2025-01-17 07:20:06
44532,Stripe,SUCCESS,00,1046,ATM,New York,2025-01-17 08:31:56
44533,Square,SUCCESS,00,516,POS,New York,2025-01-17 08:38:44
44534,AuthorizeNet,SUCCESS,00,323,POS,New York,2025-01-17 10:13:36
44535,PayPal,SUCCESS,00,592,POS,Dallas,2025-01-17 11:13:27
44536,Square,FAILED,12,1309,POS,Dallas,2025-01-17 11:51:27
44537,Square,SUCCESS,00,1099,ATM,Dallas,2025-01-17 11:59:24
44538,PayPal,SUCCESS,00,1345,POS,Dallas,2025-01-17 12:00:32
44539,PayPal,SUCCESS,00,330,Mobile,New York,2025-01-17 12:19:37
44540,PayPal,SUCCESS,00,453,ATM,Chicago,2025-01-17 12:37:57
44541,Stripe,SUCCESS,00,1465,ATM,Los Angeles,2025-01-17 13:30:55
44542,AuthorizeNet,SUCCESS,00,178,Desktop,New York,2025-01-17 13:33:16
44543,Square,SUCCESS,00,1240,ATM,Dallas,2025-01-17 15:19:04
44544,PayPal,FAILED,12,517,Desktop,Los Angeles,2025-01-17 15:47:18
44545,Square,FAILED,05,1033,POS,Los Angeles,2025-01-17 16:43:26
44546,Square,SUCCESS,00,1162,POS,Dallas,2025-01-17 18:12:34
44547,Square,SUCCESS,00,188,ATM,Los Angeles,2025-01-17 18:29:54
44548,AuthorizeNet,SUCCESS,00,405,Desktop,Los Angeles,2025-01-17 18:58:39
44549,Stripe,SUCCESS,00,1327,ATM,Chicago,2025-01-17 19:15:50
44550,PayPal,SUCCESS,00,904,ATM,New York,2025-01-17 19:36:47
44551,Square,SUCCESS,00,801,Desktop,Los Angeles,2025-01-17 20:19:51
44552,Stripe,SUCCESS,00,298,ATM,Chicago,2025-01-17 20:20:43
44553,AuthorizeNet,SUCCESS,00,918,ATM,New York,2025-01-17 20:34:39
44554,Square,SUCCESS,00,326,Mobile,Chicago,2025-01-17 21:20:29
44555,AuthorizeNet,SUCCESS,00,1361,Mobile,Los Angeles,2025-01-17 21:22:35
44556,PayPal,SUCCESS,00,685,POS,Los Angeles,2025-01-17 21:35:10
44557,Square,SUCCESS,00,321,Desktop,Chicago,2025-01-17 22:43:25
44558,PayPal,SUCCESS,00,344,ATM,Chicago,2025-01-17 23:44:14
44559,Square,SUCCESS,00,902,POS,Chicago,2025-01-18 00:29:39
44560,Square,FAILED,12,332,POS,New York,2025-01-18 01:09:03
44561,AuthorizeNet,SUCCESS,00,1433,POS,Los Angeles,2025-01-18 02:06:02
44562,Stripe,SUCCESS,00,510,Desktop,Los Angeles,2025-01-18 03:02:35
44563,Square,SUCCESS,00,590,ATM,New York,2025-01-18 03:53:56
44564,AuthorizeNet,SUCCESS,00,644,Mobile,Chicago,2025-01-18 04:32:49
44565,AuthorizeNet,SUCCESS,00,488,POS,Los Angeles,2025-01-18 05:37:35
44566,PayPal,SUCCESS,00,1258,Mobile,Dallas,2025-01-18 07:37:14
44567,PayPal,SUCCESS,00,496,Desktop,Chicago,2025-01-18 07:47:14
44568,Square,SUCCESS,00,724,ATM,Dallas,2025-01-18 07:56:36
44569,Square,SUCCESS,00,347,Desktop,Dallas,2025-01-18 09:03:49
44570,Square,SUCCESS,00,1213,Desktop,Dallas,2025-01-18 10:04:21
44571,Square,SUCCESS,00,1343,Mobile,Los Angeles,2025-01-18 10:14:08
44572,AuthorizeNet,SUCCESS,00,404,Desktop,New York,2025-01-18 10:24:28
44573,Square,SUCCESS,00,852,Mobile,Dallas,2025-01-18 10:31:24
44574,Stripe,SUCCESS,00,1287,POS,Chicago,2025-01-18 10:53:17
44575,Stripe,SUCCESS,00,459,Mobile,Dallas,2025-01-18 11:02:18
44576,Stripe,FAILED,12,1085,Mobile,Dallas,2025-01-18 12:02:43
44577,AuthorizeNet,SUCCESS,00,1364,Desktop,Chicago,2025-01-18 12:03:46
44578,PayPal,SUCCESS,00,838,POS,Dallas,2025-01-18 12:27:35
44579,AuthorizeNet,SUCCESS,00,1212,Mobile,New York,2025-01-18 12:33:55
44580,AuthorizeNet,SUCCESS,00,517,ATM,New York,2025-01-18 13:25:09
44581,PayPal,SUCCESS,00,1278,Mobile,Chicago,2025-01-18 13:46:20
44582,AuthorizeNet,FAILED,12,1041,POS,Chicago,2025-01-18 15:10:29
44583,PayPal,SUCCESS,00,1454,POS,Chicago,2025-01-18 15:29:25
44584,Square,SUCCESS,00,205,ATM,Chicago,2025-01-18 15:29:48
44585,Square,SUCCESS,00,194,ATM,Chicago,2025-01-18 16:15:21
44586,Stripe,SUCCESS,00,1215,ATM,Los Angeles,2025-01-18 16:38:38
44587,AuthorizeNet,SUCCESS,00,1275,Mobile,Chicago,2025-01-18 17:39:47
44588,Stripe,SUCCESS,00,1385,Mobile,Dallas,2025-01-18 17:39:58
44589,AuthorizeNet,SUCCESS,00,1269,POS,New York,2025-01-18 19:17:32
44590,PayPal,SUCCESS,00,501,Mobile,Chicago,2025-01-18 19:50:43
44591,AuthorizeNet,SUCCESS,00,1488,ATM,New York,2025-01-18 19:54:43
44592,PayPal,SUCCESS,00,683,ATM,Dallas,2025-01-18 20:08:47
44593,Stripe,SUCCESS,00,536,ATM,Los Angeles,2025-01-18 21:09:24
44594,Square,PENDING,99,991,Desktop,New York,2025-01-18 21:32:46
44595,AuthorizeNet,SUCCESS,00,927,ATM,Dallas,2025-01-18 21:54:57
44596,PayPal,SUCCESS,00,658,ATM,New York,2025-01-18 22:07:06
44597,Stripe,SUCCESS,00,149,POS,Chicago,2025-01-18 23:06:37
44598,Stripe,SUCCESS,00,464,ATM,New York,2025-01-18 23:12:49
44599,PayPal,SUCCESS,00,1400,ATM,New York,2025-01-18 23:30:54
44600,Square,SUCCESS,00,679,ATM,Los Angeles,2025-01-18 23:56:23
44601,PayPal,SUCCESS,00,413,Desktop,Los Angeles,2025-01-19 01:34:32
44602,Stripe,SUCCESS,00,1327,Desktop,Dallas,2025-01-19 02:29:14
44603,PayPal,SUCCESS,00,1319,Mobile,Los Angeles,2025-01-19 02:44:10
44604,PayPal,SUCCESS,00,1142,ATM,Dallas,2025-01-19 03:10:41
44605,Square,SUCCESS,00,778,POS,New York,2025-01-19 04:23:21
44606,Square,SUCCESS,00,435,ATM,Dallas,2025-01-19 05:11:02
44607,AuthorizeNet,SUCCESS,00,1111,Mobile,New York,2025-01-19 05:59:23
44608,Stripe,SUCCESS,00,1217,Mobile,Dallas,2025-01-19 06:44:18
44609,PayPal,SUCCESS,00,1336,Desktop,Chicago,2025-01-19 06:52:56
44610,AuthorizeNet,SUCCESS,00,957,POS,New York,2025-01-19 07:13:04
44611,Square,SUCCESS,00,473,ATM,New York,2025-01-19 08:34:10
44612,PayPal,FAILED,12,508,POS,Dallas,2025-01-19 08:38:27
44613,Stripe,SUCCESS,00,985,ATM,Chicago,2025-01-19 08:59:18
44614,Square,SUCCESS,00,834,Desktop,New York,2025-01-19 09:58:55
44615,PayPal,SUCCESS,00,777,POS,Chicago,2025-01-19 10:30:24
44616,AuthorizeNet,SUCCESS,00,546,Desktop,New York,2025-01-19 10:46:39
44617,Stripe,SUCCESS,00,795,Mobile,Chicago,2025-01-19 11:02:20
44618,PayPal,SUCCESS,00,1164,Mobile,Chicago,2025-01-19 11:17:31
44619,PayPal,SUCCESS,00,1179,Mobile,Los Angeles,2025-01-19 13:34:41
44620,Square,SUCCESS,00,843,Mobile,New York,2025-01-19 14:50:42
44621,PayPal,SUCCESS,00,1175,POS,Dallas,2025-01-19 14:56:40
44622,Stripe,SUCCESS,00,1432,Mobile,Chicago,2025-01-19 15:32:12
44623,PayPal,SUCCESS,00,1141,ATM,Los Angeles,2025-01-19 16:13:43
44624,PayPal,SUCCESS,00,693,ATM,Dallas,2025-01-19 16:15:07
44625,AuthorizeNet,FAILED,05,997,ATM,New York,2025-01-19 16:27:27
44626,Square,SUCCESS,00,823,Desktop,Chicago,2025-01-19 16:59:41
44627,Square,SUCCESS,00,1438,Mobile,New York,2025-01-19 17:40:24
44628,Stripe,SUCCESS,00,164,ATM,Chicago,2025-01-19 17:41:18
44629,PayPal,SUCCESS,00,279,Mobile,Dallas,2025-01-19 17:47:35
44630,Stripe,SUCCESS,00,233,Desktop,Los Angeles,2025-01-19 18:06:40
44631,AuthorizeNet,SUCCESS,00,310,ATM,Dallas,2025-01-19 18:25:51
44632,PayPal,SUCCESS,00,794,Mobile,New York,2025-01-19 19:51:32
44633,Square,SUCCESS,00,1137,ATM,New York,2025-01-19 21:05:22
44634,Square,SUCCESS,00,1244,ATM,New York,2025-01-19 21:49:55
44635,PayPal,SUCCESS,00,266,Mobile,Chicago,2025-01-19 22:43:26
44636,PayPal,SUCCESS,00,228,Desktop,Dallas,2025-01-19 22:48:42
44637,Stripe,SUCCESS,00,1185,Desktop,Dallas,2025-01-19 23:48:19
44638,PayPal,SUCCESS,00,795,ATM,Chicago,2025-01-20 00:17:11
44639,Stripe,PENDING,99,1012,ATM,Chicago,2025-01-20 00:28:04
44640,PayPal,SUCCESS,00,1250,Desktop,Chicago,2025-01-20 01:04:08
44641,AuthorizeNet,SUCCESS,00,1266,Mobile,Los Angeles,2025-01-20 02:40:22
44642,Stripe,SUCCESS,00,1380,POS,Los Angeles,2025-01-20 02:44:05
44643,Square,SUCCESS,00,1086,Mobile,Los Angeles,2025-01-20 03:15:46
44644,PayPal,SUCCESS,00,385,Mobile,Los Angeles,2025-01-20 03:33:01
44645,Square,SUCCESS,00,337,Desktop,Dallas,2025-01-20 04:25:44
44646,PayPal,SUCCESS,00,842,ATM,Dallas,2025-01-20 05:30:59
44647,Square,SUCCESS,00,1182,Mobile,Chicago,2025-01-20 06:44:10
44648,PayPal,SUCCESS,00,1433,Desktop,Chicago,2025-01-20 08:14:58
44649,Square,SUCCESS,00,652,ATM,Chicago,2025-01-20 09:34:17
44650,Stripe,SUCCESS,00,698,Desktop,New York,2025-01-20 10:05:47
44651,Square,SUCCESS,00,315,POS,Chicago,2025-01-20 13:55:19
44652,Square,SUCCESS,00,438,ATM,Los Angeles,2025-01-20 14:03:14
44653,AuthorizeNet,SUCCESS,00,822,Mobile,Los Angeles,2025-01-20 14:44:42
44654,Stripe,SUCCESS,00,1261,Mobile,Chicago,2025-01-20 14:51:55
44655,Square,SUCCESS,00,1048,ATM,Los Angeles,2025-01-20 14:52:44
44656,Stripe,SUCCESS,00,593,Desktop,Dallas,2025-01-20 15:01:18
44657,AuthorizeNet,SUCCESS,00,745,Mobile,Chicago,2025-01-20 15:12:39
44658,Square,PENDING,99,924,POS,Chicago,2025-01-20 16:34:18
44659,AuthorizeNet,SUCCESS,00,1381,Desktop,New York,2025-01-20 17:07:20
44660,Square,SUCCESS,00,284,Desktop,New York,2025-01-20 20:36:31
44661,PayPal,SUCCESS,00,418,Mobile,New York,2025-01-20 20:41:52
44662,PayPal,SUCCESS,00,1214,ATM,Dallas,2025-01-20 21:18:36
44663,PayPal,SUCCESS,00,1342,Mobile,Dallas,2025-01-20 22:12:49
44664,Stripe,SUCCESS,00,991,ATM,Dallas,2025-01-20 23:50:28
44665,AuthorizeNet,SUCCESS,00,564,POS,Dallas,2025-01-21 03:02:21
44666,Square,SUCCESS,00,643,Mobile,New York,2025-01-21 04:11:39
44667,PayPal,SUCCESS,00,326,Desktop,New York,2025-01-21 04:28:02
44668,AuthorizeNet,SUCCESS,00,813,Mobile,Chicago,2025-01-21 04:30:03
44669,Stripe,SUCCESS,00,755,ATM,Dallas,2025-01-21 05:53:49
44670,AuthorizeNet,SUCCESS,00,808,Desktop,Chicago,2025-01-21 05:54:35
44671,AuthorizeNet,SUCCESS,00,280,Mobile,Los Angeles,2025-01-21 06:05:28
44672,PayPal,SUCCESS,00,1145,Mobile,New York,2025-01-21 06:18:45
44673,Square,SUCCESS,00,530,ATM,Los Angeles,2025-01-21 06:50:16
44674,AuthorizeNet,SUCCESS,00,1463,ATM,Chicago,2025-01-21 06:58:37
44675,AuthorizeNet,SUCCESS,00,871,ATM,Chicago,2025-01-21 07:45:18
44676,PayPal,PENDING,99,367,POS,New York,2025-01-21 08:45:36
44677,Stripe,SUCCESS,00,287,Mobile,Chicago,2025-01-21 08:51:04
44678,Stripe,SUCCESS,00,462,ATM,Dallas,2025-01-21 09:09:57
44679,Square,SUCCESS,00,789,Desktop,Dallas,2025-01-21 09:40:37
44680,Stripe,SUCCESS,00,203,Mobile,Dallas,2025-01-21 10:27:59
44681,Stripe,SUCCESS,00,184,POS,Chicago,2025-01-21 11:10:20
44682,PayPal,SUCCESS,00,1027,ATM,Chicago,2025-01-21 11:43:13
44683,Square,SUCCESS,00,625,Mobile,Los Angeles,2025-01-21 12:31:47
44684,AuthorizeNet,SUCCESS,00,472,POS,New York,2025-01-21 12:48:35
44685,PayPal,SUCCESS,00,197,ATM,Los Angeles,2025-01-21 14:03:23
44686,AuthorizeNet,SUCCESS,00,234,ATM,Chicago,2025-01-21 14:10:42
44687,Square,SUCCESS,00,613,POS,Los Angeles,2025-01-21 15:59:01
44688,PayPal,SUCCESS,00,1126,Desktop,Chicago,2025-01-21 16:03:42
44689,PayPal,SUCCESS,00,1074,Desktop,Los Angeles,2025-01-21 16:35:32
44690,Stripe,SUCCESS,00,776,POS,Chicago,2025-01-21 18:08:43
44691,Stripe,SUCCESS,00,387,POS,New York,2025-01-21 18:15:13
44692,PayPal,SUCCESS,00,1408,POS,Chicago,2025-01-21 18:35:09
44693,AuthorizeNet,SUCCESS,00,1358,Mobile,New York,2025-01-21 18:59:04
44694,AuthorizeNet,SUCCESS,00,484,ATM,Los Angeles,2025-01-21 21:49:10
44695,Stripe,SUCCESS,00,404,ATM,New York,2025-01-21 22:03:18
44696,AuthorizeNet,SUCCESS,00,1310,POS,Chicago,2025-01-21 22:06:25
44697,Square,SUCCESS,00,204,POS,Los Angeles,2025-01-21 22:12:51
44698,AuthorizeNet,SUCCESS,00,1108,Mobile,New York,2025-01-21 22:13:56
44699,AuthorizeNet,FAILED,05,1321,Desktop,Dallas,2025-01-21 22:22:38
44700,PayPal,SUCCESS,00,1414,Desktop,Dallas,2025-01-21 23:18:23
44701,PayPal,SUCCESS,00,1067,ATM,Dallas,2025-01-22 02:04:36
44702,Stripe,SUCCESS,00,413,Desktop,Los Angeles,2025-01-22 02:18:47
44703,Stripe,SUCCESS,00,675,Mobile,Los Angeles,2025-01-22 02:43:44
44704,Square,SUCCESS,00,123,Mobile,New York,2025-01-22 02:49:06
44705,AuthorizeNet,SUCCESS,00,104,Desktop,Dallas,2025-01-22 03:09:21
44706,AuthorizeNet,SUCCESS,00,845,Mobile,Dallas,2025-01-22 03:43:06
44707,PayPal,SUCCESS,00,1380,ATM,Dallas,2025-01-22 04:20:37
44708,Square,SUCCESS,00,464,Mobile,Dallas,2025-01-22 04:41:42
44709,Stripe,SUCCESS,00,1036,Mobile,Los Angeles,2025-01-22 05:14:43
44710,Square,SUCCESS,00,1312,Desktop,New York,2025-01-22 05:42:57
44711,AuthorizeNet,SUCCESS,00,870,Desktop,Chicago,2025-01-22 06:52:08
44712,AuthorizeNet,SUCCESS,00,886,Mobile,Chicago,2025-01-22 07:52:00
44713,Stripe,PENDING,99,1120,ATM,New York,2025-01-22 08:23:55
44714,Square,SUCCESS,00,662,ATM,Dallas,2025-01-22 09:11:29
44715,AuthorizeNet,SUCCESS,00,784,Desktop,Dallas,2025-01-22 09:22:51
44716,Stripe,SUCCESS,00,294,POS,Dallas,2025-01-22 10:25:49
44717,AuthorizeNet,SUCCESS,00,143,Desktop,Los Angeles,2025-01-22 10:27:23
44718,PayPal,SUCCESS,00,880,ATM,Dallas,2025-01-22 12:11:51
44719,Square,FAILED,05,765,ATM,Chicago,2025-01-22 12:26:53
44720,Stripe,SUCCESS,00,1213,POS,Dallas,2025-01-22 13:18:29
44721,Stripe,SUCCESS,00,1361,ATM,Los Angeles,2025-01-22 13:52:32
44722,AuthorizeNet,SUCCESS,00,623,ATM,Dallas,2025-01-22 14:40:28
44723,Square,SUCCESS,00,1257,Desktop,Chicago,2025-01-22 14:53:43
44724,Stripe,SUCCESS,00,337,Desktop,Dallas,2025-01-22 15:10:16
44725,Stripe,SUCCESS,00,579,Desktop,Los Angeles,2025-01-22 15:10:53
44726,PayPal,SUCCESS,00,1242,Desktop,New York,2025-01-22 15:46:44
44727,PayPal,SUCCESS,00,124,ATM,Los Angeles,2025-01-22 16:25:32
44728,AuthorizeNet,SUCCESS,00,934,POS,Chicago,2025-01-22 16:55:00
44729,Square,SUCCESS,00,572,ATM,New York,2025-01-22 17:05:48
44730,AuthorizeNet,SUCCESS,00,106,POS,Chicago,2025-01-22 17:40:36
44731,Square,SUCCESS,00,146,ATM,Los Angeles,2025-01-22 17:54:06
44732,Square,SUCCESS,00,758,Mobile,Chicago,2025-01-22 18:49:50
44733,Stripe,FAILED,05,1479,ATM,Los Angeles,2025-01-22 19:06:46
44734,PayPal,SUCCESS,00,1232,Mobile,New York,2025-01-22 20:53:40
44735,Stripe,SUCCESS,00,351,Desktop,Los Angeles,2025-01-22 21:03:07
44736,Stripe,SUCCESS,00,397,POS,Dallas,2025-01-22 21:40:33
44737,AuthorizeNet,SUCCESS,00,946,Desktop,Dallas,2025-01-22 22:35:01
44738,PayPal,SUCCESS,00,1491,Mobile,New York,2025-01-22 22:35:45
44739,Stripe,SUCCESS,00,1061,POS,Los Angeles,2025-01-22 22:44:41
44740,AuthorizeNet,SUCCESS,00,1004,ATM,New York,2025-01-22 22:49:05
44741,Stripe,SUCCESS,00,1208,Desktop,Chicago,2025-01-22 23:38:54
44742,Stripe,FAILED,12,898,Mobile,New York,2025-01-22 23:43:42
44743,PayPal,SUCCESS,00,357,Desktop,Chicago,2025-01-22 23:49:44
44744,AuthorizeNet,SUCCESS,00,486,Mobile,Dallas,2025-01-23 00:46:20
44745,Stripe,SUCCESS,00,1305,Desktop,Dallas,2025-01-23 01:11:35
44746,Stripe,SUCCESS,00,1317,POS,Los Angeles,2025-01-23 01:24:26
44747,PayPal,SUCCESS,00,188,Desktop,Dallas,2025-01-23 01:30:12
44748,PayPal,SUCCESS,00,1120,Desktop,Los Angeles,2025-01-23 03:15:12
44749,PayPal,SUCCESS,00,203,POS,Los Angeles,2025-01-23 04:41:11
44750,AuthorizeNet,SUCCESS,00,1002,ATM,Chicago,2025-01-23 05:38:41
44751,Stripe,SUCCESS,00,823,ATM,Chicago,2025-01-23 05:49:31
44752,PayPal,SUCCESS,00,756,POS,New York,2025-01-23 05:51:19
44753,Square,SUCCESS,00,465,ATM,Chicago,2025-01-23 06:51:15
44754,Stripe,SUCCESS,00,1411,Desktop,Chicago,2025-01-23 06:57:32
44755,AuthorizeNet,SUCCESS,00,164,Desktop,Chicago,2025-01-23 07:01:54
44756,AuthorizeNet,SUCCESS,00,1111,Desktop,New York,2025-01-23 07:36:13
44757,Square,SUCCESS,00,295,POS,Dallas,2025-01-23 09:52:02
44758,AuthorizeNet,SUCCESS,00,335,ATM,Los Angeles,2025-01-23 11:49:39
44759,Stripe,SUCCESS,00,1163,Mobile,New York,2025-01-23 13:07:21
44760,AuthorizeNet,SUCCESS,00,597,Mobile,New York,2025-01-23 13:12:42
44761,Stripe,SUCCESS,00,599,Mobile,Chicago,2025-01-23 13:52:46
44762,PayPal,SUCCESS,00,1289,Desktop,New York,2025-01-23 13:59:26
44763,AuthorizeNet,SUCCESS,00,240,Mobile,Chicago,2025-01-23 14:02:00
44764,AuthorizeNet,SUCCESS,00,139,ATM,New York,2025-01-23 14:31:38
44765,Stripe,SUCCESS,00,1406,Mobile,Chicago,2025-01-23 15:29:05
44766,AuthorizeNet,SUCCESS,00,339,POS,Chicago,2025-01-23 15:33:20
44767,AuthorizeNet,SUCCESS,00,359,ATM,New York,2025-01-23 16:10:04
44768,AuthorizeNet,SUCCESS,00,217,Mobile,New York,2025-01-23 16:38:50
44769,Square,SUCCESS,00,1346,Mobile,New York,2025-01-23 17:03:08
44770,Square,SUCCESS,00,583,Mobile,Dallas,2025-01-23 17:09:53
44771,AuthorizeNet,SUCCESS,00,1250,Desktop,Chicago,2025-01-23 19:19:21
44772,Stripe,SUCCESS,00,837,Desktop,New York,2025-01-23 19:20:21
44773,AuthorizeNet,SUCCESS,00,475,Mobile,New York,2025-01-23 19:24:25
44774,PayPal,FAILED,12,429,Mobile,Chicago,2025-01-23 21:31:27
44775,PayPal,SUCCESS,00,602,Desktop,Chicago,2025-01-23 21:46:11
44776,PayPal,FAILED,12,482,POS,Los Angeles,2025-01-23 22:46:19
44777,Stripe,SUCCESS,00,1327,ATM,Dallas,2025-01-24 01:16:45
44778,PayPal,SUCCESS,00,348,ATM,New York,2025-01-24 01:35:09
44779,Stripe,SUCCESS,00,1070,ATM,Dallas,2025-01-24 01:52:48
44780,Square,SUCCESS,00,1448,Desktop,Dallas,2025-01-24 02:07:58
44781,PayPal,FAILED,05,287,POS,Chicago,2025-01-24 02:12:56
44782,AuthorizeNet,SUCCESS,00,993,POS,Dallas,2025-01-24 03:17:29
44783,PayPal,SUCCESS,00,417,ATM,Los Angeles,2025-01-24 03:26:01
44784,Square,SUCCESS,00,392,POS,New York,2025-01-24 03:53:57
44785,AuthorizeNet,SUCCESS,00,1177,Mobile,Los Angeles,2025-01-24 04:07:53
44786,AuthorizeNet,SUCCESS,00,811,Desktop,Dallas,2025-01-24 04:22:53
44787,AuthorizeNet,SUCCESS,00,986,Mobile,New York,2025-01-24 05:55:21
44788,PayPal,SUCCESS,00,1416,Desktop,Dallas,2025-01-24 05:56:07
44789,AuthorizeNet,SUCCESS,00,1183,Mobile,Los Angeles,2025-01-24 06:13:22
44790,PayPal,SUCCESS,00,873,Mobile,Chicago,2025-01-24 06:16:25
44791,Stripe,SUCCESS,00,746,ATM,Los Angeles,2025-01-24 06:21:42
44792,Stripe,SUCCESS,00,711,POS,Los Angeles,2025-01-24 07:01:40
44793,AuthorizeNet,SUCCESS,00,1181,POS,Dallas,2025-01-24 09:12:03
44794,PayPal,SUCCESS,00,874,ATM,New York,2025-01-24 09:14:40
44795,AuthorizeNet,SUCCESS,00,1327,POS,New York,2025-01-24 10:53:37
44796,Stripe,SUCCESS,00,925,Mobile,Chicago,2025-01-24 12:03:40
44797,Square,SUCCESS,00,1453,Mobile,Los Angeles,2025-01-24 13:17:40
44798,Square,FAILED,12,1199,Mobile,Los Angeles,2025-01-24 15:55:52
44799,Square,SUCCESS,00,950,Desktop,Chicago,2025-01-24 16:21:13
44800,AuthorizeNet,SUCCESS,00,949,POS,Chicago,2025-01-24 17:22:12
44801,AuthorizeNet,SUCCESS,00,755,Desktop,Los Angeles,2025-01-24 18:05:44
44802,AuthorizeNet,FAILED,12,896,Mobile,Chicago,2025-01-24 18:15:39
44803,Stripe,SUCCESS,00,978,ATM,Dallas,2025-01-24 18:19:28
44804,PayPal,SUCCESS,00,967,ATM,Dallas,2025-01-24 19:17:10
44805,Square,SUCCESS,00,168,ATM,Los Angeles,2025-01-24 19:38:04
44806,AuthorizeNet,FAILED,12,698,POS,Los Angeles,2025-01-24 19:46:30
44807,Square,FAILED,05,495,Mobile,New York,2025-01-24 19:47:54
44808,Square,SUCCESS,00,370,ATM,Chicago,2025-01-24 19:49:18
44809,Square,FAILED,05,1479,POS,Dallas,2025-01-24 19:59:14
44810,Stripe,SUCCESS,00,1165,Mobile,New York,2025-01-24 20:22:17
44811,PayPal,SUCCESS,00,388,ATM,Los Angeles,2025-01-24 21:06:24
44812,PayPal,SUCCESS,00,1138,ATM,Los Angeles,2025-01-24 22:35:13
44813,Stripe,FAILED,05,495,ATM,Chicago,2025-01-24 23:27:55
44814,AuthorizeNet,SUCCESS,00,616,ATM,Chicago,2025-01-24 23:44:35
44815,Square,SUCCESS,00,765,Mobile,Dallas,2025-01-25 00:59:40
44816,AuthorizeNet,SUCCESS,00,793,POS,Dallas,2025-01-25 01:58:40
44817,Stripe,SUCCESS,00,1111,POS,Los Angeles,2025-01-25 02:39:46
44818,PayPal,SUCCESS,00,1182,Desktop,Chicago,2025-01-25 02:50:58
44819,PayPal,SUCCESS,00,343,ATM,Dallas,2025-01-25 04:15:34
44820,PayPal,FAILED,12,403,ATM,Los Angeles,2025-01-25 04:23:27
44821,AuthorizeNet,SUCCESS,00,1234,ATM,Dallas,2025-01-25 04:26:21
44822,AuthorizeNet,SUCCESS,00,846,Mobile,Dallas,2025-01-25 04:27:10
44823,AuthorizeNet,SUCCESS,00,447,POS,Dallas,2025-01-25 05:04:45
44824,Square,SUCCESS,00,1343,ATM,Chicago,2025-01-25 06:35:51
44825,Stripe,SUCCESS,00,1261,Desktop,Dallas,2025-01-25 07:03:06
44826,PayPal,SUCCESS,00,543,ATM,Chicago,2025-01-25 07:04:41
44827,AuthorizeNet,SUCCESS,00,1442,Desktop,New York,2025-01-25 07:10:33
44828,Stripe,SUCCESS,00,1021,ATM,Chicago,2025-01-25 07:22:07
44829,AuthorizeNet,FAILED,05,498,Desktop,Chicago,2025-01-25 07:41:14
44830,AuthorizeNet,SUCCESS,00,987,ATM,New York,2025-01-25 09:16:48
44831,Stripe,SUCCESS,00,665,Mobile,Dallas,2025-01-25 10:41:35
44832,Stripe,SUCCESS,00,606,Desktop,Los Angeles,2025-01-25 11:06:31
44833,Stripe,SUCCESS,00,991,ATM,Chicago,2025-01-25 11:52:07
44834,PayPal,PENDING,99,114,ATM,Los Angeles,2025-01-25 12:35:27
44835,Square,SUCCESS,00,875,POS,Los Angeles,2025-01-25 13:58:32
44836,Square,SUCCESS,00,585,Desktop,Chicago,2025-01-25 14:54:41
44837,AuthorizeNet,SUCCESS,00,1046,ATM,New York,2025-01-25 15:32:51
44838,AuthorizeNet,SUCCESS,00,1259,ATM,Los Angeles,2025-01-25 15:33:25
44839,AuthorizeNet,SUCCESS,00,411,ATM,Los Angeles,2025-01-25 15:58:06
44840,Square,SUCCESS,00,725,Desktop,Dallas,2025-01-25 16:32:41
44841,Stripe,SUCCESS,00,317,ATM,New York,2025-01-25 16:35:44
44842,Stripe,SUCCESS,00,244,Mobile,New York,2025-01-25 16:40:22
44843,Stripe,SUCCESS,00,547,POS,Chicago,2025-01-25 17:13:51
44844,Square,SUCCESS,00,110,POS,Chicago,2025-01-25 17:49:22
44845,AuthorizeNet,SUCCESS,00,1166,Mobile,Los Angeles,2025-01-25 18:37:02
44846,Square,SUCCESS,00,733,POS,Los Angeles,2025-01-25 20:29:44
44847,PayPal,SUCCESS,00,184,Desktop,Dallas,2025-01-25 21:09:48
44848,Stripe,SUCCESS,00,570,POS,Chicago,2025-01-25 23:20:48
44849,Square,SUCCESS,00,372,Mobile,Los Angeles,2025-01-26 00:37:00
44850,PayPal,SUCCESS,00,391,Mobile,Chicago,2025-01-26 01:22:05
44851,Square,SUCCESS,00,507,Mobile,Dallas,2025-01-26 02:30:57
44852,AuthorizeNet,SUCCESS,00,895,Mobile,Dallas,2025-01-26 02:43:51
44853,Stripe,SUCCESS,00,1196,Mobile,Dallas,2025-01-26 03:35:29
44854,Square,SUCCESS,00,472,POS,Los Angeles,2025-01-26 05:42:22
44855,AuthorizeNet,SUCCESS,00,248,Desktop,Los Angeles,2025-01-26 06:00:34
44856,Square,SUCCESS,00,542,Mobile,Dallas,2025-01-26 07:26:14
44857,AuthorizeNet,SUCCESS,00,767,Mobile,Dallas,2025-01-26 07:41:39
44858,PayPal,SUCCESS,00,1306,POS,Chicago,2025-01-26 07:44:13
44859,PayPal,SUCCESS,00,415,Mobile,Los Angeles,2025-01-26 08:05:12
44860,PayPal,SUCCESS,00,1140,Desktop,Dallas,2025-01-26 08:10:54
44861,Square,SUCCESS,00,1182,Mobile,Chicago,2025-01-26 09:12:00
44862,AuthorizeNet,SUCCESS,00,993,POS,New York,2025-01-26 11:32:25
44863,PayPal,SUCCESS,00,431,POS,New York,2025-01-26 13:35:23
44864,Stripe,SUCCESS,00,315,ATM,Chicago,2025-01-26 13:51:06
44865,Square,SUCCESS,00,643,Mobile,New York,2025-01-26 13:54:08
44866,AuthorizeNet,SUCCESS,00,410,Mobile,Los Angeles,2025-01-26 14:10:33
44867,Stripe,SUCCESS,00,885,Mobile,New York,2025-01-26 14:29:59
44868,Square,SUCCESS,00,116,Mobile,Chicago,2025-01-26 15:26:07
44869,Stripe,SUCCESS,00,654,Mobile,Los Angeles,2025-01-26 15:48:32
44870,Square,SUCCESS,00,980,POS,Dallas,2025-01-26 16:06:45
44871,AuthorizeNet,SUCCESS,00,249,ATM,Chicago,2025-01-26 16:19:47
44872,Stripe,SUCCESS,00,1322,POS,Chicago,2025-01-26 17:00:40
44873,AuthorizeNet,SUCCESS,00,702,Desktop,Los Angeles,2025-01-26 17:16:16
44874,Square,SUCCESS,00,1230,Mobile,Los Angeles,2025-01-26 17:21:32
44875,Stripe,SUCCESS,00,764,Mobile,Dallas,2025-01-26 18:40:58
44876,AuthorizeNet,SUCCESS,00,1338,Desktop,Chicago,2025-01-26 18:45:02
44877,Square,SUCCESS,00,1389,Desktop,New York,2025-01-26 19:18:18
44878,Stripe,SUCCESS,00,587,Desktop,New York,2025-01-26 21:43:15
44879,PayPal,SUCCESS,00,315,Mobile,Dallas,2025-01-26 22:07:49
44880,Stripe,SUCCESS,00,195,ATM,New York,2025-01-26 22:35:23
44881,Stripe,SUCCESS,00,112,POS,Chicago,2025-01-26 23:35:38
44882,Stripe,SUCCESS,00,1482,Mobile,Chicago,2025-01-27 00:15:46
44883,PayPal,SUCCESS,00,484,Desktop,Chicago,2025-01-27 01:24:51
44884,Stripe,SUCCESS,00,1125,Mobile,Los Angeles,2025-01-27 04:13:17
44885,Stripe,SUCCESS,00,538,ATM,Chicago,2025-01-27 05:53:59
44886,Stripe,SUCCESS,00,449,ATM,New York,2025-01-27 06:09:51
44887,PayPal,SUCCESS,00,213,ATM,New York,2025-01-27 07:24:20
44888,AuthorizeNet,SUCCESS,00,1426,Mobile,Los Angeles,2025-01-27 07:47:09
44889,Square,SUCCESS,00,326,Mobile,Chicago,2025-01-27 08:00:11
44890,AuthorizeNet,SUCCESS,00,719,POS,Los Angeles,2025-01-27 08:25:43
44891,AuthorizeNet,SUCCESS,00,873,ATM,Chicago,2025-01-27 08:40:05
44892,Square,SUCCESS,00,868,POS,Dallas,2025-01-27 09:45:00
44893,Stripe,SUCCESS,00,1277,Mobile,New York,2025-01-27 09:56:08
44894,AuthorizeNet,SUCCESS,00,752,ATM,New York,2025-01-27 10:18:39
44895,AuthorizeNet,SUCCESS,00,735,Mobile,Dallas,2025-01-27 10:51:59
44896,Square,SUCCESS,00,581,POS,Los Angeles,2025-01-27 11:54:33
44897,Square,SUCCESS,00,1348,ATM,Los Angeles,2025-01-27 12:17:25
44898,AuthorizeNet,SUCCESS,00,1315,Desktop,Los Angeles,2025-01-27 14:27:44
44899,PayPal,SUCCESS,00,232,POS,Dallas,2025-01-27 17:11:54
44900,PayPal,SUCCESS,00,809,Desktop,Dallas,2025-01-27 17:59:47
44901,PayPal,FAILED,05,420,ATM,Chicago,2025-01-27 18:39:15
44902,AuthorizeNet,SUCCESS,00,1461,POS,Los Angeles,2025-01-27 18:45:10
44903,PayPal,SUCCESS,00,1493,POS,New York,2025-01-27 18:59:10
44904,Stripe,FAILED,12,312,Desktop,Chicago,2025-01-27 19:17:23
44905,Square,SUCCESS,00,188,POS,Dallas,2025-01-27 19:22:07
44906,Square,FAILED,12,866,ATM,Los Angeles,2025-01-27 20:10:09
44907,AuthorizeNet,SUCCESS,00,1261,POS,Dallas,2025-01-27 20:39:35
44908,AuthorizeNet,SUCCESS,00,118,ATM,New York,2025-01-27 21:06:06
44909,Stripe,SUCCESS,00,1217,ATM,Chicago,2025-01-27 21:34:29
44910,Stripe,SUCCESS,00,557,POS,New York,2025-01-27 21:57:55
44911,Square,SUCCESS,00,1146,ATM,Los Angeles,2025-01-27 22:51:33
44912,Square,SUCCESS,00,915,Desktop,Los Angeles,2025-01-27 23:00:26
44913,AuthorizeNet,SUCCESS,00,931,Mobile,Dallas,2025-01-28 00:08:41
44914,AuthorizeNet,SUCCESS,00,1208,ATM,New York,2025-01-28 03:25:27
44915,PayPal,SUCCESS,00,1138,Desktop,Chicago,2025-01-28 03:57:42
44916,Square,SUCCESS,00,489,POS,Dallas,2025-01-28 04:27:05
44917,Stripe,SUCCESS,00,1011,Mobile,New York,2025-01-28 05:06:15
44918,PayPal,SUCCESS,00,1430,POS,Dallas,2025-01-28 06:45:47
44919,AuthorizeNet,SUCCESS,00,256,Desktop,Los Angeles,2025-01-28 06:50:05
44920,Stripe,SUCCESS,00,109,Desktop,Chicago,2025-01-28 08:09:13
44921,AuthorizeNet,SUCCESS,00,844,POS,Los Angeles,2025-01-28 08:28:25
44922,PayPal,SUCCESS,00,155,POS,Chicago,2025-01-28 08:47:13
44923,PayPal,SUCCESS,00,1249,Mobile,New York,2025-01-28 08:51:44
44924,Stripe,SUCCESS,00,887,POS,New York,2025-01-28 08:57:53
44925,AuthorizeNet,SUCCESS,00,1450,ATM,Dallas,2025-01-28 09:15:53
44926,PayPal,SUCCESS,00,1044,Desktop,Los Angeles,2025-01-28 10:21:48
44927,AuthorizeNet,SUCCESS,00,993,POS,Los Angeles,2025-01-28 10:35:45
44928,PayPal,SUCCESS,00,1467,Desktop,Chicago,2025-01-28 11:22:44
44929,Square,SUCCESS,00,1464,Desktop,Dallas,2025-01-28 13:22:54
44930,PayPal,SUCCESS,00,1271,Mobile,Chicago,2025-01-28 14:00:19
44931,AuthorizeNet,SUCCESS,00,1105,ATM,Dallas,2025-01-28 15:17:32
44932,AuthorizeNet,SUCCESS,00,1345,POS,Los Angeles,2025-01-28 15:22:13
44933,PayPal,SUCCESS,00,1281,Mobile,Dallas,2025-01-28 15:45:29
44934,PayPal,SUCCESS,00,875,POS,Dallas,2025-01-28 16:15:22
44935,Stripe,SUCCESS,00,739,Mobile,Dallas,2025-01-28 16:59:47
44936,Square,SUCCESS,00,967,Mobile,Dallas,2025-01-28 17:12:21
44937,Stripe,FAILED,05,1329,POS,Los Angeles,2025-01-28 18:03:07
44938,Square,SUCCESS,00,124,ATM,Dallas,2025-01-28 20:11:34
44939,AuthorizeNet,SUCCESS,00,669,Desktop,Chicago,2025-01-28 20:23:50
44940,Square,SUCCESS,00,1392,Mobile,Chicago,2025-01-28 21:12:34
44941,Square,SUCCESS,00,1126,Desktop,Chicago,2025-01-28 22:59:22
44942,Square,SUCCESS,00,351,ATM,Los Angeles,2025-01-28 23:04:12
44943,PayPal,SUCCESS,00,105,ATM,Dallas,2025-01-28 23:26:37
44944,Square,SUCCESS,00,875,Mobile,New York,2025-01-28 23:33:28
44945,Stripe,FAILED,05,168,ATM,Los Angeles,2025-01-28 23:42:33
44946,AuthorizeNet,PENDING,99,888,Mobile,Dallas,2025-01-29 00:05:48
44947,Square,SUCCESS,00,1341,Mobile,Chicago,2025-01-29 01:03:59
44948,Square,SUCCESS,00,347,Desktop,Chicago,2025-01-29 03:07:40
44949,Square,SUCCESS,00,1487,Desktop,New York,2025-01-29 03:16:03
44950,PayPal,SUCCESS,00,547,Mobile,Los Angeles,2025-01-29 03:54:57
44951,AuthorizeNet,SUCCESS,00,501,Desktop,Dallas,2025-01-29 04:06:13
44952,Stripe,SUCCESS,00,126,Mobile,Chicago,2025-01-29 05:05:26
44953,AuthorizeNet,SUCCESS,00,650,Desktop,Los Angeles,2025-01-29 05:10:32
44954,Square,SUCCESS,00,821,Desktop,Chicago,2025-01-29 06:43:58
44955,Square,SUCCESS,00,1434,ATM,New York,2025-01-29 06:52:56
44956,Square,SUCCESS,00,814,POS,New York,2025-01-29 07:33:38
44957,AuthorizeNet,SUCCESS,00,1289,Mobile,Chicago,2025-01-29 07:38:41
44958,Stripe,SUCCESS,00,272,POS,Los Angeles,2025-01-29 07:39:01
44959,PayPal,SUCCESS,00,771,Desktop,New York,2025-01-29 09:06:21
44960,Stripe,SUCCESS,00,138,Desktop,New York,2025-01-29 10:24:15
44961,Square,SUCCESS,00,175,POS,Los Angeles,2025-01-29 11:41:35
44962,AuthorizeNet,SUCCESS,00,1377,POS,New York,2025-01-29 14:07:10
44963,Square,SUCCESS,00,100,ATM,Chicago,2025-01-29 16:04:29
44964,Square,SUCCESS,00,1299,Desktop,Los Angeles,2025-01-29 17:29:45
44965,Square,SUCCESS,00,768,Desktop,Los Angeles,2025-01-29 19:49:46
44966,PayPal,SUCCESS,00,141,Mobile,New York,2025-01-29 20:17:36
44967,Square,SUCCESS,00,1223,ATM,New York,2025-01-29 21:02:28
44968,Square,SUCCESS,00,166,ATM,Los Angeles,2025-01-29 21:36:01
44969,AuthorizeNet,SUCCESS,00,487,Mobile,Dallas,2025-01-29 22:26:44
44970,Stripe,SUCCESS,00,855,POS,Chicago,2025-01-29 22:57:29
44971,Square,SUCCESS,00,1068,Desktop,Dallas,2025-01-30 02:10:02
44972,Stripe,SUCCESS,00,1023,Desktop,Los Angeles,2025-01-30 02:34:19
44973,Stripe,SUCCESS,00,633,Desktop,New York,2025-01-30 03:31:57
44974,Square,SUCCESS,00,317,Desktop,Chicago,2025-01-30 03:49:08
44975,AuthorizeNet,SUCCESS,00,723,POS,New York,2025-01-30 03:52:25
44976,PayPal,SUCCESS,00,194,Desktop,New York,2025-01-30 05:54:10
44977,PayPal,SUCCESS,00,993,Desktop,Dallas,2025-01-30 06:21:50
44978,Stripe,SUCCESS,00,947,POS,Dallas,2025-01-30 06:22:45
44979,AuthorizeNet,SUCCESS,00,1176,ATM,Dallas,2025-01-30 06:48:57
44980,Square,SUCCESS,00,124,Desktop,Los Angeles,2025-01-30 07:08:10
44981,AuthorizeNet,SUCCESS,00,451,ATM,New York,2025-01-30 07:39:32
44982,Stripe,SUCCESS,00,837,POS,Chicago,2025-01-30 07:48:20
44983,Stripe,SUCCESS,00,297,ATM,Dallas,2025-01-30 09:12:41
44984,Stripe,SUCCESS,00,1292,ATM,Chicago,2025-01-30 09:27:34
44985,AuthorizeNet,SUCCESS,00,1062,Mobile,New York,2025-01-30 09:29:25
44986,Stripe,SUCCESS,00,1306,Desktop,Chicago,2025-01-30 12:57:15
44987,AuthorizeNet,SUCCESS,00,1122,Desktop,Chicago,2025-01-30 14:34:35
44988,Square,SUCCESS,00,1323,Desktop,New York,2025-01-30 15:07:28
44989,Square,SUCCESS,00,413,POS,Dallas,2025-01-30 15:09:50
44990,Square,SUCCESS,00,381,POS,Dallas,2025-01-30 16:09:21
44991,Square,SUCCESS,00,800,ATM,Chicago,2025-01-30 16:13:45
44992,AuthorizeNet,SUCCESS,00,573,ATM,Los Angeles,2025-01-30 16:15:17
44993,Stripe,SUCCESS,00,1462,ATM,Chicago,2025-01-30 18:22:55
44994,AuthorizeNet,SUCCESS,00,1122,Mobile,New York,2025-01-30 19:35:50
44995,AuthorizeNet,SUCCESS,00,1249,POS,Los Angeles,2025-01-30 19:37:38
44996,Square,SUCCESS,00,1085,ATM,New York,2025-01-30 19:55:41
44997,AuthorizeNet,SUCCESS,00,536,Mobile,Chicago,2025-01-30 21:32:13
44998,AuthorizeNet,SUCCESS,00,450,Mobile,Los Angeles,2025-01-30 22:12:33
44999,Stripe,SUCCESS,00,1420,POS,Chicago,2025-01-30 22:24:23
45000,Square,SUCCESS,00,662,Mobile,Los Angeles,2025-01-30 22:26:03
